Gene_set,Term,Overlap,P-value,Adjusted P-value,Old P-value,Old Adjusted P-value,Odds Ratio,Combined Score,Genes
GO_Biological_Process_2023,Negative Regulation Of Mitotic Metaphase/Anaphase Transition (GO:0045841),18/28,2.6297659205067086e-10,5.207220488437449e-07,0,0,12.437465346534651,274.3575019665401,ZWILCH;PLK1;BUB1B;TTK;TEX14;HASPIN;NDC80;ZWINT;CDC20;CENPF;NUF2;KNTC1;FBXO5;TRIP13;BUB1;SPC24;MAD2L1;SPC25
GO_Biological_Process_2023,Mitotic Spindle Assembly Checkpoint Signaling (GO:0007094),17/26,5.644683456300758e-10,5.207220488437449e-07,0,0,13.047242016363157,277.8428037181759,ZWILCH;PLK1;BUB1B;TTK;TEX14;HASPIN;NDC80;ZWINT;CDC20;CENPF;NUF2;KNTC1;TRIP13;BUB1;SPC24;MAD2L1;SPC25
GO_Biological_Process_2023,Mitotic Spindle Checkpoint Signaling (GO:0071174),17/26,5.644683456300758e-10,5.207220488437449e-07,0,0,13.047242016363157,277.8428037181759,ZWILCH;PLK1;BUB1B;TTK;TEX14;HASPIN;NDC80;ZWINT;CDC20;CENPF;NUF2;KNTC1;TRIP13;BUB1;SPC24;MAD2L1;SPC25
GO_Biological_Process_2023,Spindle Assembly Checkpoint Signaling (GO:0071173),17/26,5.644683456300758e-10,5.207220488437449e-07,0,0,13.047242016363157,277.8428037181759,ZWILCH;PLK1;BUB1B;TTK;TEX14;HASPIN;NDC80;ZWINT;CDC20;CENPF;NUF2;KNTC1;TRIP13;BUB1;SPC24;MAD2L1;SPC25
GO_Biological_Process_2023,Mitotic Sister Chromatid Segregation (GO:0000070),39/111,1.0861415527499216e-09,8.015724659294423e-07,0,0,3.7607328274760383,77.62391091934312,CDCA5;NCAPG2;KIF14;CDCA8;NCAPG;KIF11;SMC4;NCAPH;CCNB1;DSN1;NUSAP1;RRS1;KNTC1;SPDL1;MISP;CEP55;DLGAP5;SPAG5;PLK1;KIF23;TEX14;KIF22;KNSTRN;NDC80;ZWINT;SGO1;TPX2;CENPE;KIF18A;KIF18B;PSRC1;ESPL1;KIFC2;KIFC1;CENPI;PRC1;CENPK;CHMP4C;KIF2C
GO_Biological_Process_2023,Sister Chromatid Segregation (GO:0000819),18/34,2.0628076799128657e-08,1.2686267231464123e-05,0,0,7.770742574257426,137.51582202108528,TOP2A;SPAG5;NCAPG2;PLK1;SMC4;KNSTRN;NDC80;ZWINT;SGO1;DSN1;KIF18A;KIF18B;ESPL1;CENPI;KIFC1;CENPK;NUSAP1;KNTC1
GO_Biological_Process_2023,Microtubule Cytoskeleton Organization Involved In Mitosis (GO:1902850),23/59,3.2684351959067015e-07,0.00017229322675565325,0,0,4.416699735449735,65.95804122866275,STIL;PLK1;CDCA8;TTK;KIF11;WDR62;AURKB;NDC80;FAM110A;CENPE;CCNB1;ESPL1;KIF4B;KIF4A;NUF2;STMN1;NUSAP1;CDK1;TACC3;RCC1;BIRC5;DLGAP5;SPC25
GO_Biological_Process_2023,Mitotic Nuclear Division (GO:0140014),19/45,8.060416326015476e-07,0.00037178670303746384,0,0,5.046766426916982,70.81183804850804,SPAG5;UBE2C;NCAPG2;PLK1;SMC4;KNSTRN;NDC80;ZWINT;SGO1;DSN1;KIF18A;KIF18B;ESPL1;CENPI;KIFC1;UBE2S;CENPK;NUSAP1;KNTC1
GO_Biological_Process_2023,"Protein Localization To Chromosome, Centromeric Region (GO:0071459)",11/18,1.8528380753191008e-06,0.0007596636108808313,0,0,10.829948092981269,142.9422322460304,MTBP;H2AC8;H4C9;ZWILCH;H2BC11;CDK1;TTK;KNL1;SPDL1;HASPIN;CENPA
GO_Biological_Process_2023,Mitotic Spindle Organization (GO:0007052),26/85,1.174104747910478e-05,0.0043324465197896,0,0,3.0460529416914137,34.58007088777226,CDCA8;TTK;KIF11;WDR62;AURKB;AURKA;FAM110A;CCNB1;NUF2;STMN1;RCC1;MISP;DLGAP5;STIL;PLK1;KIF23;NDC80;CENPE;TPX2;KIFC2;KIFC1;KIF4B;PRC1;KIF4A;BIRC5;SPC25
GO_Biological_Process_2023,Regulation Of Attachment Of Spindle Microtubules To Kinetochore (GO:0051988),7/9,1.518017736666626e-05,0.0050922594984544,0,0,24.090102523659304,267.292216806442,CCNB1;RACGAP1;SPAG5;RCC2;NEK2;ECT2;KNSTRN
GO_Biological_Process_2023,Mitotic Cytokinesis (GO:0000281),20/59,2.2273078523138467e-05,0.006848971645865,0,0,3.5403518399951217,37.9247157051192,RTKN;PLK1;CKAP2;CDCA8;KIF23;CENPA;AURKB;CIT;ANLN;ESPL1;RACGAP1;KIF4B;KIF4A;STMN1;NUSAP1;BIRC5;TRIM36;KIF20A;ECT2;CEP55
GO_Biological_Process_2023,Cytoskeleton-Dependent Cytokinesis (GO:0061640),24/81,4.4874018406062526e-05,0.0110717135113593,0,0,2.9084223062618837,29.11811079336769,RTKN;PLK1;CKAP2;SEPTIN12;CDCA8;KIF23;SEPTIN3;CENPA;AURKB;CIT;CECR2;ANLN;ESPL1;RACGAP1;KIF4B;KIF4A;STMN1;NUSAP1;SPIRE2;BIRC5;TRIM36;KIF20A;ECT2;CEP55
GO_Biological_Process_2023,Mitotic Spindle Elongation (GO:0000022),7/10,4.500696549333072e-05,0.0110717135113593,0,0,16.059148264984227,160.73108950585646,RACGAP1;KIF4B;PRC1;KIF4A;BIRC5;CDCA8;KIF23
GO_Biological_Process_2023,Mitotic Spindle Midzone Assembly (GO:0051256),7/10,4.500696549333072e-05,0.0110717135113593,0,0,16.059148264984227,160.73108950585646,RACGAP1;KIF4B;PRC1;KIF4A;BIRC5;CDCA8;KIF23
GO_Biological_Process_2023,Regulation Of Cell Cycle Process (GO:0010564),33/130,6.336610801963324e-05,0.0146138086620279,0,0,2.3529798332443423,22.74527112186112,CDCA2;KIF11;MKI67;FBXO43;PKMYT1;AURKB;AURKA;RACGAP1;CHEK1;DPF1;SIX3;RCC1;NEK2;FBXO5;FSD1;ECT2;BUB1;RAB11FIP4;SPAG5;PLK1;ACTL6A;HMGA2;CDC25C;KNSTRN;MYO19;DBF4;PRC1;KIF2C;KIF20A;CEP85;INSM1;KIF20B;MCM2
GO_Biological_Process_2023,Extracellular Structure Organization (GO:0043062),29/109,6.968691248522042e-05,0.015126159239439,0,0,2.505633452665076,23.982665648696084,COL13A1;COL11A1;DMP1;ADAMTS4;ADAMTS14;IBSP;COL10A1;ADAMTS6;POSTN;COL24A1;MMP1;COL22A1;APLP1;MMP3;TEX14;NPNT;MMP9;MMP10;ADAMTS20;COL1A1;MMP12;MMP11;COL3A1;COL1A2;MMP13;SPINT1;COL5A1;COL5A2;MATN3
GO_Biological_Process_2023,DNA Replication Checkpoint Signaling (GO:0000076),9/17,7.951243424895471e-05,0.0163000490210357,0,0,7.746694948697711,73.12567950454287,CDT1;CDC45;ORC1;TIMELESS;HUS1B;CDC6;CLSPN;DNA2;TICRR
GO_Biological_Process_2023,Mitotic Metaphase Plate Congression (GO:0007080),17/50,8.666905969477722e-05,0.0168320436986172,0,0,3.553444180522565,33.236833139634975,CDT1;CDCA5;KIF14;CDCA8;KIF22;NDC80;CENPE;CCNB1;KIF18A;PSRC1;KIFC1;NUF2;CHMP4C;RRS1;KIF2C;SPDL1;CEP55
GO_Biological_Process_2023,Centromere Complex Assembly (GO:0034508),8/14,9.944654459146852e-05,0.0183478874771259,0,0,9.178698224852072,84.58987592283047,CENPE;CENPF;CENPW;MIS18A;CENPI;HJURP;OIP5;DLGAP5
GO_Biological_Process_2023,Protein Localization To Kinetochore (GO:0034501),7/11,0.00011011462888735916,0.0193487133616359,0,0,12.043671135646688,109.76588208239328,MTBP;ZWILCH;CDK1;KNTC1;TTK;KNL1;SPDL1
GO_Biological_Process_2023,CENP-A Containing Chromatin Assembly (GO:0034080),5/6,0.00017769353149402103,0.0285082230962146,0,0,34.3892828999212,296.96694074669966,CENPW;MIS18A;CENPI;HJURP;OIP5
GO_Biological_Process_2023,Chromatin Remodeling At Centromere (GO:0031055),5/6,0.00017769353149402103,0.0285082230962146,0,0,34.3892828999212,296.96694074669966,CENPW;MIS18A;CENPI;HJURP;OIP5
GO_Biological_Process_2023,Regulation Of Cyclin-Dependent Protein Kinase Activity (GO:1904029),17/53,0.00019548379379725968,0.0300556332963286,0,0,3.256762998152547,27.81286373192629,BLM;CDKN2A;CCNF;CDC6;CDC25C;PKMYT1;CDC25A;TTBK1;CCNA2;CCNB2;CCNB1;CCNE2;CCNE1;CCNP;CDK5R2;CDK5R1;CDKN3
GO_Biological_Process_2023,External Encapsulating Structure Organization (GO:0045229),28/110,0.00020933015340021693,0.030897130641872,0,0,2.3590166319158223,19.98464027669278,COL13A1;COL11A1;DMP1;ADAMTS4;ADAMTS14;IBSP;COL10A1;ADAMTS6;POSTN;COL24A1;MMP1;COL22A1;APLP1;MMP3;NPNT;MMP9;MMP10;ADAMTS20;COL1A1;MMP12;MMP11;COL3A1;COL1A2;MMP13;SPINT1;COL5A1;COL5A2;MATN3
GO_Biological_Process_2023,Positive Regulation Of DNA-directed DNA Polymerase Activity (GO:1900264),7/12,0.0002351798117364447,0.0313447206234042,0,0,9.634384858044164,80.49682872547396,GINS1;GINS2;PCNA;RFC4;RFC2;DSCC1;GINS4
GO_Biological_Process_2023,Regulation Of DNA-directed DNA Polymerase Activity (GO:1900262),7/12,0.0002351798117364447,0.0313447206234042,0,0,9.634384858044164,80.49682872547396,GINS1;GINS2;PCNA;RFC4;RFC2;DSCC1;GINS4
GO_Biological_Process_2023,Regulation Of Nuclear Division (GO:0051783),9/19,0.0002378461185515773,0.0313447206234042,0,0,6.196645619573796,51.70410868541702,CDCA2;RCC1;NEK2;FBXO5;CDC25C;FBXO43;MKI67;PKMYT1;KIF20B
GO_Biological_Process_2023,Mitotic Cell Cycle Phase Transition (GO:0044772),28/111,0.00024647446243614065,0.0313617505651503,0,0,2.330460609834966,19.362054419956856,TRIM71;BRSK1;BRSK2;CCNF;CAMK2A;PKMYT1;FOXM1;AURKA;CCNB2;CCNB1;E2F1;RCC1;E2F3;UBE2C;PLK1;CDC7;CDC25C;CDC25A;CCNA2;MELK;DBF4;CCNE2;CCNE1;UBE2S;CDK1;TACC3;CCNP;CDKN3
GO_Biological_Process_2023,Positive Regulation Of Cell Cycle Process (GO:0090068),29/118,0.0003108921725507107,0.0382397372237374,0,0,2.2510882876118457,18.17993402126663,FEN1;NCAPG2;KIF14;CDCA8;NCAPG;SMC4;NCAPH;AURKB;AURKA;RACGAP1;RAD21;NUSAP1;ECT2;E2F7;E2F8;GEN1;PLK4;STIL;SPAG5;CDC7;KIF23;CDC6;NDC80;CIT;DBF4;BIRC5;KIF20B;RHNO1;MAD2L1
GO_Biological_Process_2023,Chromosome Condensation (GO:0030261),12/32,0.0003349544168056104,0.0386273403037562,0,0,4.13362307388384,33.07525159617011,TOP2A;H1-5;H1-4;H1-6;CDCA5;PLK1;NUSAP1;NCAPG;SMC4;NCAPH;H1-3;H1-2
GO_Biological_Process_2023,Extracellular Matrix Organization (GO:0030198),39/176,0.0003349796449106236,0.0386273403037562,0,0,1.9690538933327115,15.75526813872998,PRSS1;COL13A1;COL11A1;COL12A1;SCX;KLK4;NOXO1;DMP1;LOXL1;ADAMTS4;ADAMTS14;IBSP;CREB3L1;COL10A1;ADAMTS6;POSTN;COL24A1;MMP1;COL22A1;APLP1;MMP3;P3H4;NPNT;MMP9;MMP10;ADAMTS20;COL1A1;GREM1;MMP12;MMP11;COL3A1;COL1A2;MMP13;SPINT1;COL5A1;COL5A2;TLL2;ADAM8;MATN3
GO_Biological_Process_2023,DNA Unwinding Involved In DNA Replication (GO:0006268),9/20,0.0003837923872911111,0.0429149669425515,0,0,5.632991318074191,44.30577953803677,GINS1;RECQL4;GINS2;CDC45;RAD51;GINS4;HMGA1;MCM4;MCM2
GO_Biological_Process_2023,Metaphase Plate Congression (GO:0051310),16/51,0.0003966240252076629,0.0430453721475375,0,0,3.151698795861835,24.685749417776023,CDCA5;KIF14;CDCA8;KIF22;NDC80;CENPE;CCNB1;CENPF;KIF18A;PSRC1;KIFC1;CHMP4C;RRS1;KIF2C;SPDL1;CEP55
GO_Biological_Process_2023,Columnar/Cuboidal Epithelial Cell Differentiation (GO:0002065),6/10,0.0005580201758848968,0.0571970680282019,0,0,10.319077650768625,77.30140190319686,PYY;GATA5;GATA4;SOX11;ROS1;SOX4
GO_Biological_Process_2023,Protein Localization To Condensed Chromosome (GO:1903083),6/10,0.0005580201758848968,0.0571970680282019,0,0,10.319077650768625,77.30140190319686,MTBP;ZWILCH;CDK1;TTK;KNL1;SPDL1
GO_Biological_Process_2023,DNA-templated DNA Replication (GO:0006261),19/69,0.0007459744563192632,0.0743958309140022,0,0,2.6207052297939777,18.871224534159108,GINS1;WDHD1;PRIM2;GINS2;BLM;RFC4;RFC2;GINS4;HMGA1;MCM10;RECQL4;CDC45;ORC6;RAD51;ORC1;POLE2;MCM4;DNA2;MCM2
GO_Biological_Process_2023,protein-DNA Complex Assembly (GO:0065004),17/59,0.0007953785481626144,0.0760627137315854,0,0,2.790549711571089,19.915294905632862,H2AX;H2BC9;H2BC8;H4C9;H2BC17;MACROH2A1;H2BC13;CHAF1B;H2BC14;H2BC15;RAD51;H3C14;H2BC21;H2BC11;H3C1;H3-3A;ASF1B
GO_Biological_Process_2023,Nucleosome Assembly (GO:0006334),16/54,0.0008039148605777325,0.0760627137315854,0,0,2.902380605252744,20.682414082621225,H2AX;H2BC9;H2BC8;H4C9;H2BC17;MACROH2A1;H2BC13;CHAF1B;H2BC14;H2BC15;H3C14;H2BC21;H2BC11;H3C1;H3-3A;ASF1B
GO_Biological_Process_2023,Positive Regulation Of Chromosome Segregation (GO:0051984),8/18,0.00090384446136791,0.0831330486108941,0,0,5.505956607495069,38.59044196402439,CCNB1;RCC2;NCAPG2;CDK1;NCAPG;CDC6;SMC4;NCAPH
GO_Biological_Process_2023,Cell Cycle G2/M Phase Transition (GO:0044839),13/40,0.0009408493195834668,0.0831330486108941,0,0,3.3170838823012736,23.11585386666257,BRSK1;BRSK2;PLK1;FOXM1;PKMYT1;CDC25C;AURKB;CDC25A;AURKA;CCNA2;CCNB1;MELK;CDK1
GO_Biological_Process_2023,Positive Regulation Of DNA Biosynthetic Process (GO:2000573),18/65,0.0009462298215874128,0.0831330486108941,0,0,2.640657257215083,18.386962704524365,CCT3;GINS1;GINS2;RFC4;PCNA;NVL;RFC2;DSCC1;GINS4;CHTF18;GRHL2;MAPK15;AURKB;GREM1;PKIB;NEK2;FGFR4;CCT5
GO_Biological_Process_2023,Protein Localization To Chromatin (GO:0071168),11/31,0.0010127316185983,0.0869065040146044,0,0,3.787657977883097,26.11629577254704,H1-5;H2AC8;H4C9;PARP1;RAD21;LEF1;PLK1;H2BC11;TONSL;CENPA;MACROH2A1
GO_Biological_Process_2023,Regulation Of Cell Cycle Checkpoint (GO:1901976),6/11,0.0010955099225764,0.0918734457797088,0,0,8.254789121009066,56.26906177909632,BARD1;DEPDC1B;RAD51;BRCA1;BRCA2;WDR76
GO_Biological_Process_2023,Centromeric Sister Chromatid Cohesion (GO:0070601),4/5,0.0011716826430237,0.0939893250599522,0,0,27.500590783773134,185.6101335751373,SGO1;BUB1B;MEIKIN;BUB1
GO_Biological_Process_2023,Interleukin-27-Mediated Signaling Pathway (GO:0070106),4/5,0.0011716826430237,0.0939893250599522,0,0,27.500590783773134,185.6101335751373,OAS2;STAT1;MX1;OASL
GO_Biological_Process_2023,Positive Regulation Of Mitotic Sister Chromatid Separation (GO:1901970),7/15,0.0013488008956353,0.1058952192530758,0,0,6.020455441640379,39.786416430274464,CDC20;ESPL1;UBE2C;CDCA8;BIRC5;AURKB;DLGAP5
GO_Biological_Process_2023,DNA Integrity Checkpoint Signaling (GO:0031570),13/42,0.0015629245827472,0.1176977900068827,0,0,3.0879651083549136,19.951949289417325,H2AX;CDT1;HUS1B;CDC6;CAMSAP3;CDC45;CHEK1;E2F1;TIMELESS;INTS7;CLSPN;DNA2;RHNO1
GO_Biological_Process_2023,DNA Recombination (GO:0006310),13/42,0.0015629245827472,0.1176977900068827,0,0,3.0879651083549136,19.951949289417325,BARD1;GEN1;BLM;RMI2;RMI1;XRCC2;HMGB3;BRCA1;RAD54B;RAD51;EXO1;RAD21;RHNO1
GO_Biological_Process_2023,Regulation Of Chromosome Segregation (GO:0051983),10/28,0.0016132403485845,0.1190571377255367,0,0,3.824845374391367,24.59188343340093,RMI2;CDCA2;NCAPG2;NCAPG;KIF2C;CDC6;MKI67;SMC4;BUB1;NCAPH
GO_Biological_Process_2023,Tight Junction Assembly (GO:0120192),15/53,0.0019310422489421,0.1361710338296488,0,0,2.719905479680213,16.998580755185298,ILDR1;LSR;GRHL2;CLDN6;CHAF1B;CLDN4;OCLN;CLDN3;MARVELD2;CLDN14;CLDN9;CLDN7;MARVELD3;CLDN34;ECT2
GO_Biological_Process_2023,G2/M Transition Of Mitotic Cell Cycle (GO:0000086),12/38,0.0019361158111291,0.1361710338296488,0,0,3.1786159316779625,19.857040907607637,CCNA2;BRSK1;BRSK2;CCNB1;MELK;PLK1;CDK1;FOXM1;PKMYT1;CDC25C;CDC25A;AURKA
GO_Biological_Process_2023,Histone Monoubiquitination (GO:0010390),6/12,0.0019558441173364,0.1361710338296488,0,0,6.878596767836027,42.90134996193234,BARD1;DEPDC1B;RAD51;UHRF1;BRCA1;BRCA2
GO_Biological_Process_2023,Extracellular Matrix Disassembly (GO:0022617),13/44,0.0024920281886205,0.1671924366547246,0,0,2.8884100471758254,17.31503145511422,PRSS1;MMP1;HPN;MMP3;KLK4;NOXO1;MMP9;MMP10;ADAMTS4;MMP12;MMP11;MMP13;ADAM8
GO_Biological_Process_2023,Mitotic Spindle Assembly (GO:0090307),13/44,0.0024920281886205,0.1671924366547246,0,0,2.8884100471758254,17.31503145511422,CDCA8;KIF23;KIF11;AURKB;TPX2;RACGAP1;KIFC2;KIF4B;KIFC1;PRC1;KIF4A;BIRC5;MISP
GO_Biological_Process_2023,Kinetochore Assembly (GO:0051382),5/9,0.0026747386466115,0.1762461715356522,0,0,8.59584318360914,50.92094642862862,CENPE;CENPF;CENPW;KNTC1;DLGAP5
GO_Biological_Process_2023,Chromosome Organization (GO:0051276),13/45,0.0031030938582873,0.1944741760191889,0,0,2.7979866600790517,16.159368055778785,TOP2A;CENPW;H4C9;CDCA8;H1-3;H1-2;H1-5;H1-4;H1-6;NUF2;H3C1;RAE1;H3-3A
GO_Biological_Process_2023,Norepinephrine Biosynthetic Process (GO:0042421),4/6,0.0031596731182196,0.1944741760191889,0,0,13.749507680189051,79.15985770331133,MOXD1;TH;GATA3;INSM1
GO_Biological_Process_2023,Microtubule Depolymerization (GO:0007019),7/17,0.0032361403476685,0.1944741760191889,0,0,4.815812302839117,27.610852612557768,KIF18A;KIF18B;STMN1;KIF14;KIF24;STMND1;KIF2C
GO_Biological_Process_2023,Regulation Of Mitotic Cell Cycle Spindle Assembly Checkpoint (GO:0090266),7/17,0.0032361403476685,0.1944741760191889,0,0,4.815812302839117,27.610852612557768,GEN1;CCNB1;CDCA8;BIRC5;AURKB;NDC80;MAD2L1
GO_Biological_Process_2023,Positive Regulation Of Chromosome Separation (GO:1905820),6/13,0.0032435079364724,0.1944741760191889,0,0,5.895602229855284,33.78828498696441,NCAPG2;CDCA8;NCAPG;BIRC5;SMC4;NCAPH
GO_Biological_Process_2023,Regulation Of Protein Serine/Threonine Kinase Activity (GO:0071900),25/112,0.0032675877813522,0.1944741760191889,0,0,1.982279313083728,11.34597854241852,BLM;SRC;CCNF;PKMYT1;MACROH2A1;SLC8A2;PYCARD;TCL1B;CCNB2;CCNB1;CDKN2A;HMGA2;CDC6;CDC25C;CDC25A;CCNA2;CCNE2;IFNG;CCNE1;TRIB3;CCNP;CDK5R2;EZH2;CDK5R1;CDKN3
GO_Biological_Process_2023,Cellular Component Disassembly (GO:0022411),13/46,0.0038307194482411,0.2174669963693797,0,0,2.713043478260869,15.09728022744532,PRSS1;MMP1;MMP3;PLAAT1;KLK4;NOXO1;MMP9;MMP10;ADAMTS4;MMP12;MMP11;MMP13;ADAM8
GO_Biological_Process_2023,Mitotic G2/M Transition Checkpoint (GO:0044818),13/46,0.0038307194482411,0.2174669963693797,0,0,2.713043478260869,15.09728022744532,BARD1;BRSK1;BLM;PLK1;HUS1B;BRCA1;CDC6;TICRR;DEPDC1B;ORC1;CHEK1;CDK1;CLSPN
GO_Biological_Process_2023,Replication Fork Processing (GO:0031297),13/46,0.0038307194482411,0.2174669963693797,0,0,2.713043478260869,15.09728022744532,BARD1;GEN1;BLM;PCNA;CENPX;PARP1;TONSL;BRCA1;BRCA2;TRAIP;RAD51;EME1;DNA2
GO_Biological_Process_2023,Bicellular Tight Junction Assembly (GO:0070830),13/47,0.0046903368338542,0.2525786862651146,0,0,2.633096954196698,14.119326458496708,GRHL2;CLDN6;CHAF1B;CLDN4;OCLN;CLDN3;MARVELD2;CLDN14;CLDN9;MARVELD3;CLDN34;CLDN7;ECT2
GO_Biological_Process_2023,Epithelial Cell Development (GO:0002064),7/18,0.0047203332222057,0.2525786862651146,0,0,4.37776025236593,23.446740561368745,CLDN3;RAB25;WNT7B;SIX3;GRHL2;SIPA1L3;ROS1
GO_Biological_Process_2023,Kinetochore Organization (GO:0051383),5/10,0.0047914655931051,0.2525786862651146,0,0,6.876280535855004,36.72565698525717,CENPE;CENPF;CENPW;NUF2;DLGAP5
GO_Biological_Process_2023,Mitotic DNA Replication (GO:1902969),5/10,0.0047914655931051,0.2525786862651146,0,0,6.876280535855004,36.72565698525717,GINS1;LIG1;MCM4;TK1;MCM2
GO_Biological_Process_2023,Positive Regulation Of DNA-templated DNA Replication (GO:2000105),5/10,0.0047914655931051,0.2525786862651146,0,0,6.876280535855004,36.72565698525717,CDT1;DBF4;CDC7;E2F7;E2F8
GO_Biological_Process_2023,Collagen Fibril Organization (GO:0030199),12/42,0.0048761582307927,0.2534228714313394,0,0,2.7541683129197945,14.661533033670189,COL1A1;GREM1;COL3A1;COL1A2;COL5A1;COL11A1;COL12A1;COL5A2;SCX;TLL2;P3H4;LOXL1
GO_Biological_Process_2023,Double-Strand Break Repair Via Homologous Recombination (GO:0000724),24/111,0.0059501092401717,0.3049430985588012,0,0,1.9022326867530903,9.747697888573198,GEN1;GINS2;BLM;FEN1;RMI2;RMI1;XRCC2;GINS4;TONSL;HUS1B;LIG3;CDC7;FANCB;BRCA1;BRCA2;RAD54B;RAD51AP1;RECQL4;PPP4C;CDC45;RAD51;RAD21;MCM4;MCM2
GO_Biological_Process_2023,Kidney Mesenchyme Development (GO:0072074),4/7,0.0066307640017423,0.3136861431593502,0,0,9.165813312327687,45.97604264549172,SIX4;WT1;SIX2;PAX2
GO_Biological_Process_2023,Negative Regulation Of DNA-templated DNA Replication (GO:2000104),4/7,0.0066307640017423,0.3136861431593502,0,0,9.165813312327687,45.97604264549172,CDT1;TIMELESS;LIG3;FBXO5
GO_Biological_Process_2023,Norepinephrine Metabolic Process (GO:0042415),4/7,0.0066307640017423,0.3136861431593502,0,0,9.165813312327687,45.97604264549172,MOXD1;TH;GATA3;INSM1
GO_Biological_Process_2023,Positive Regulation Of Chromosome Condensation (GO:1905821),4/7,0.0066307640017423,0.3136861431593502,0,0,9.165813312327687,45.97604264549172,NCAPG2;NCAPG;SMC4;NCAPH
GO_Biological_Process_2023,Regulation Of Chromosome Condensation (GO:0060623),4/7,0.0066307640017423,0.3136861431593502,0,0,9.165813312327687,45.97604264549172,NCAPG2;NCAPG;SMC4;NCAPH
GO_Biological_Process_2023,Tryptophan Catabolic Process (GO:0006569),4/7,0.0066307640017423,0.3136861431593502,0,0,9.165813312327687,45.97604264549172,IL4I1;TDO2;KMO;IDO1
GO_Biological_Process_2023,Mitotic Chromosome Condensation (GO:0007076),6/15,0.0075514149113167,0.3377396345971326,0,0,4.584942845880962,22.402123946807656,CDCA5;PLK1;NUSAP1;NCAPG;SMC4;NCAPH
GO_Biological_Process_2023,Sympathetic Nervous System Development (GO:0048485),6/15,0.0075514149113167,0.3377396345971326,0,0,4.584942845880962,22.402123946807656,NELL2;GDNF;SOX11;GATA3;INSM1;SOX4
GO_Biological_Process_2023,Catecholamine Biosynthetic Process (GO:0042423),5/11,0.0078714386383071,0.3377396345971326,0,0,5.729905437352246,27.75860959078105,MOXD1;TH;PAH;GATA3;INSM1
GO_Biological_Process_2023,Double-Strand Break Repair Via Break-Induced Replication (GO:0000727),5/11,0.0078714386383071,0.3377396345971326,0,0,5.729905437352246,27.75860959078105,GINS2;GINS4;MCM4;CDC7;MCM2
GO_Biological_Process_2023,Histone H2A Ubiquitination (GO:0033522),5/11,0.0078714386383071,0.3377396345971326,0,0,5.729905437352246,27.75860959078105,BARD1;DEPDC1B;RAD51;BRCA1;BRCA2
GO_Biological_Process_2023,Positive Regulation Of Mitotic Cell Cycle Spindle Assembly Checkpoint (GO:0090267),5/11,0.0078714386383071,0.3377396345971326,0,0,5.729905437352246,27.75860959078105,GEN1;BIRC5;CDCA8;NDC80;MAD2L1
GO_Biological_Process_2023,Positive Regulation Of Spindle Checkpoint (GO:0090232),5/11,0.0078714386383071,0.3377396345971326,0,0,5.729905437352246,27.75860959078105,GEN1;BIRC5;CDCA8;NDC80;MAD2L1
GO_Biological_Process_2023,Tyrosine Metabolic Process (GO:0006570),5/11,0.0078714386383071,0.3377396345971326,0,0,5.729905437352246,27.75860959078105,IL4I1;SLC45A2;TH;IYD;PAH
GO_Biological_Process_2023,Regulation Of Cyclin-Dependent Protein Serine/Threonine Kinase Activity (GO:0000079),18/79,0.0092311998367595,0.3915301999729066,0,0,2.032968673916572,9.52479620973637,BLM;CDKN2A;CCNF;PLK1;CDC6;CDC25C;PKMYT1;CDC25A;CCNA2;CCNB2;CCNB1;PSRC1;CCNE2;CCNE1;CCNP;CDK5R2;CDK5R1;CDKN3
GO_Biological_Process_2023,Mitotic G2 DNA Damage Checkpoint Signaling (GO:0007095),9/30,0.0100241002424092,0.4156059538706742,0,0,2.948923215695118,13.573194847510791,BRSK1;BLM;DEPDC1B;CHEK1;PLK1;CDK1;BRCA1;CLSPN;TICRR
GO_Biological_Process_2023,Positive Regulation Of Interleukin-10 Production (GO:0032733),9/30,0.0100241002424092,0.4156059538706742,0,0,2.948923215695118,13.573194847510791,PYCARD;CLEC7A;TNFSF4;IL12B;ISG15;NOD2;TIGIT;PRKCZ;INAVA
GO_Biological_Process_2023,Regulation Of Cytokinesis (GO:0032465),18/80,0.0105314864535041,0.4317909445936706,0,0,2.000063877355477,9.107062456489912,PLK1;KIF14;KIF23;CDC6;MYO19;AURKB;CIT;AURKA;RACGAP1;PRC1;CHMP4C;KIF20A;FSD1;KIF20B;ECT2;E2F7;RAB11FIP4;E2F8
GO_Biological_Process_2023,Nucleosome Organization (GO:0034728),17/75,0.0118003758393596,0.4561407297753494,0,0,2.0188863406776423,8.963096043852687,H2AX;H2BC9;H2BC8;H4C9;HMGA1;H2BC17;MACROH2A1;H2BC13;CHAF1B;H2BC14;H2BC15;H3C14;H2BC21;H2BC11;H3C1;H3-3A;ASF1B
GO_Biological_Process_2023,Endochondral Ossification (GO:0001958),4/8,0.011933769139494,0.4561407297753494,0,0,6.873966128397007,30.4405558099416,COL13A1;DLX5;SCX;FGFR3
GO_Biological_Process_2023,Intestinal Epithelial Cell Differentiation (GO:0060575),4/8,0.011933769139494,0.4561407297753494,0,0,6.873966128397007,30.4405558099416,PYY;SRC;GATA5;GATA4
GO_Biological_Process_2023,Positive Regulation Of Ubiquitin Protein Ligase Activity (GO:1904668),4/8,0.011933769139494,0.4561407297753494,0,0,6.873966128397007,30.4405558099416,CDC20;UBE2C;UBE2S;PLK1
GO_Biological_Process_2023,Regulation Of Sister Chromatid Cohesion (GO:0007063),4/8,0.011933769139494,0.4561407297753494,0,0,6.873966128397007,30.4405558099416,FEN1;ESPL1;RAD21;BUB1
GO_Biological_Process_2023,Attachment Of Mitotic Spindle Microtubules To Kinetochore (GO:0051315),5/12,0.0120968745360924,0.4561407297753494,0,0,4.911066081278848,21.68141462244066,CDT1;CENPE;NUF2;KIF2C;NDC80
GO_Biological_Process_2023,Endochondral Bone Morphogenesis (GO:0060350),5/12,0.0120968745360924,0.4561407297753494,0,0,4.911066081278848,21.68141462244066,COL13A1;DLX5;SCX;BMPR1B;FGFR3
GO_Biological_Process_2023,Innate Immune Response In Mucosa (GO:0002227),7/21,0.012237922018363,0.4561407297753494,0,0,3.439077287066246,15.142999399863164,H2BC12;H2BC8;H2BC12L;H2BC21;H2BC11;RNASE2;CAMP
GO_Biological_Process_2023,Positive Regulation Of G2/M Transition Of Mitotic Cell Cycle (GO:0010971),7/21,0.012237922018363,0.4561407297753494,0,0,3.439077287066246,15.142999399863164,CCNB1;RCC2;CDK1;CDC7;FBXO5;CDC25C;CDC25A
GO_Biological_Process_2023,Regulation Of DNA-templated DNA Replication (GO:0090329),6/17,0.0149266128868312,0.5453386292317567,0,0,3.750886874260938,15.771014807831218,CDT1;BLM;MCIDAS;MCM4;TICRR;MCM2
GO_Biological_Process_2023,Regulation Of Ubiquitin Protein Ligase Activity (GO:1904666),6/17,0.0149266128868312,0.5453386292317567,0,0,3.750886874260938,15.771014807831218,CDC20;UBE2C;UBE2S;PLK1;FBXO5;MAD2L1
GO_Biological_Process_2023,Apical Junction Assembly (GO:0043297),13/54,0.0158704124127154,0.5492982592481351,0,0,2.182666538127832,9.043439556210268,GRHL2;CLDN6;CHAF1B;CLDN4;OCLN;CLDN3;MARVELD2;CLDN14;CLDN9;CLDN7;MARVELD3;CLDN34;ECT2
GO_Biological_Process_2023,Ear Development (GO:0043583),3/5,0.0168213288062437,0.5492982592481351,0,0,10.308070866141732,42.109578904598514,SHROOM2;GATA3;STRA6
GO_Biological_Process_2023,Mesenchymal Cell Differentiation Involved In Kidney Development (GO:0072161),3/5,0.0168213288062437,0.5492982592481351,0,0,10.308070866141732,42.109578904598514,STAT1;SIX2;PAX2
GO_Biological_Process_2023,Negative Regulation Of Cytokinesis (GO:0032466),3/5,0.0168213288062437,0.5492982592481351,0,0,10.308070866141732,42.109578904598514,CHMP4C;E2F7;E2F8
GO_Biological_Process_2023,Negative Regulation Of Myeloid Cell Apoptotic Process (GO:0033033),3/5,0.0168213288062437,0.5492982592481351,0,0,10.308070866141732,42.109578904598514,EPO;IRF7;NOD2
GO_Biological_Process_2023,Phosphatidylinositol Acyl-Chain Remodeling (GO:0036149),3/5,0.0168213288062437,0.5492982592481351,0,0,10.308070866141732,42.109578904598514,PLA2G4D;MBOAT7;LCLAT1
GO_Biological_Process_2023,Positive Regulation Of T-helper 2 Cell Differentiation (GO:0045630),3/5,0.0168213288062437,0.5492982592481351,0,0,10.308070866141732,42.109578904598514,TNFSF4;IL18;PRKCZ
GO_Biological_Process_2023,Positive Regulation Of Animal Organ Morphogenesis (GO:0110110),3/5,0.0168213288062437,0.5492982592481351,0,0,10.308070866141732,42.109578904598514,GDNF;SIX4;GATA3
GO_Biological_Process_2023,Positive Regulation Of Mitotic Cytokinesis (GO:1903490),3/5,0.0168213288062437,0.5492982592481351,0,0,10.308070866141732,42.109578904598514,BIRC5;CDCA8;KIF20B
GO_Biological_Process_2023,Regulation Of Ribonuclease Activity (GO:0060700),3/5,0.0168213288062437,0.5492982592481351,0,0,10.308070866141732,42.109578904598514,OAS2;OAS3;OASL
GO_Biological_Process_2023,Regulation Of Type 2 Immune Response (GO:0002828),3/5,0.0168213288062437,0.5492982592481351,0,0,10.308070866141732,42.109578904598514,IFNL1;TNFSF4;NOD2
GO_Biological_Process_2023,Resolution Of Recombination Intermediates (GO:0071139),3/5,0.0168213288062437,0.5492982592481351,0,0,10.308070866141732,42.109578904598514,GEN1;RMI2;RMI1
GO_Biological_Process_2023,Regulation Of Short-Term Neuronal Synaptic Plasticity (GO:0048172),5/13,0.0176302408441892,0.5696894246296225,0,0,4.296936564223798,17.351629791591012,RAB3A;SHISA9;SHISA8;PPFIA3;SLC8A2
GO_Biological_Process_2023,IMP Metabolic Process (GO:0046040),4/9,0.0193410119778865,0.5696894246296225,0,0,5.498857818038598,21.695894545471667,PNP;SORD;ADSS2;HPRT1
GO_Biological_Process_2023,Chloride Ion Homeostasis (GO:0055064),4/9,0.0193410119778865,0.5696894246296225,0,0,5.498857818038598,21.695894545471667,SLC12A3;SLC12A5;SLC12A1;SLC12A8
GO_Biological_Process_2023,Lung Epithelium Development (GO:0060428),4/9,0.0193410119778865,0.5696894246296225,0,0,5.498857818038598,21.695894545471667,WNT7B;FOXJ1;GRHL2;STRA6
GO_Biological_Process_2023,Mesenchymal To Epithelial Transition (GO:0060231),4/9,0.0193410119778865,0.5696894246296225,0,0,5.498857818038598,21.695894545471667,WT1;SIX2;GATA3;PAX2
GO_Biological_Process_2023,Mitotic DNA Replication Checkpoint Signaling (GO:0033314),4/9,0.0193410119778865,0.5696894246296225,0,0,5.498857818038598,21.695894545471667,ORC1;HUS1B;CLSPN;TICRR
GO_Biological_Process_2023,Monoatomic Anion Homeostasis (GO:0055081),4/9,0.0193410119778865,0.5696894246296225,0,0,5.498857818038598,21.695894545471667,SLC12A3;SLC12A5;SLC12A1;SLC12A8
GO_Biological_Process_2023,Positive Regulation Of RNA Biosynthetic Process (GO:1902680),4/9,0.0193410119778865,0.5696894246296225,0,0,5.498857818038598,21.695894545471667,TOP2A;GINS2;PRIM2;GINS4
GO_Biological_Process_2023,Response To Interleukin-4 (GO:0070670),4/9,0.0193410119778865,0.5696894246296225,0,0,5.498857818038598,21.695894545471667,DCSTAMP;RUFY4;LEF1;GATA3
GO_Biological_Process_2023,Positive Regulation Of Osteoblast Differentiation (GO:0045669),11/44,0.0193673304289486,0.5696894246296225,0,0,2.293838862559242,9.047284992298414,FBN2;CCNA2;SCUBE3;WNT7B;CCN4;SUCO;SOX11;FBXO5;NPNT;BMPR1B;RUNX2
GO_Biological_Process_2023,Regulation Of DNA Recombination (GO:0000018),11/44,0.0193673304289486,0.5696894246296225,0,0,2.293838862559242,9.047284992298414,RAD51AP1;H1-5;H1-4;BLM;PPP4C;H1-6;RAD51;CHEK1;KPNA2;H1-3;H1-2
GO_Biological_Process_2023,DNA Replication (GO:0006260),16/73,0.0194894893259888,0.5696894246296225,0,0,1.932809863995168,7.61117324470988,WDHD1;FEN1;BLM;RFC4;RNASEH2A;RFC2;TICRR;RECQL4;FAM111B;POLE2;CHEK1;PCLAF;CDK1;MCM4;DNA2;MCM2
GO_Biological_Process_2023,Regulation Of DNA Damage Checkpoint (GO:2000001),6/18,0.0200297620042913,0.5696894246296225,0,0,3.438115884903429,13.444875979066316,BARD1;DEPDC1B;RAD51;BRCA1;BRCA2;WDR76
GO_Biological_Process_2023,Vesicle-Mediated Transport In Synapse (GO:0099003),6/18,0.0200297620042913,0.5696894246296225,0,0,3.438115884903429,13.444875979066316,BRSK1;RAB3A;CDK5;CPLX2;STX1A;CPLX3
GO_Biological_Process_2023,Mucosal Immune Response (GO:0002385),8/28,0.02006710836604,0.5696894246296225,0,0,2.7514003944773178,10.754324995316368,H2BC12;H2BC8;H2BC12L;H2BC21;H2BC11;RAB17;RNASE2;CAMP
GO_Biological_Process_2023,Protein Depolymerization (GO:0051261),8/28,0.02006710836604,0.5696894246296225,0,0,2.7514003944773178,10.754324995316368,KIF18A;KIF18B;STMN1;KIF14;STMND1;KIF24;MICAL2;KIF2C
GO_Biological_Process_2023,DNA Metabolic Process (GO:0006259),49/288,0.0200703591332929,0.5696894246296225,0,0,1.415417084685253,5.532173559725287,TOP2A;FEN1;HMGB3;HUS1B;MCM10;BRCA1;EXO1;CHEK1;PCLAF;KPNA2;GEN1;WDHD1;RMI2;RFC4;PARP1;LIG1;RMI1;RFC2;ACTL6A;LIG3;NEIL3;TIMELESS;MCM4;DNA2;DNASE1L2;DCTPP1;MCM2;PRIM2;BLM;RNASEH2A;TYMS;MACROH2A1;RECQL4;RAD51AP1;ORC6;CDC45;TERT;ORC1;CBS;RAD21;BARD1;POLQ;XRCC2;TICRR;FAM111B;RAD51;UBE2T;POLE2;CDK1
GO_Biological_Process_2023,Regulation Of Mitotic Nuclear Division (GO:0007088),13/56,0.0212911197712285,0.5997269614949102,0,0,2.0809081717069584,8.010383602509604,CDCA2;MKI67;CDC25C;FBXO43;PKMYT1;AURKA;CCNB1;CHEK1;NUSAP1;RCC1;NEK2;FBXO5;KIF20B
GO_Biological_Process_2023,Establishment Of Mitotic Spindle Localization (GO:0040001),9/34,0.0230505884901343,0.6395238460796673,0,0,2.476527229676401,9.336666101219512,ESPL1;SAPCD2;PLK1;NUSAP1;SPDL1;CENPA;MISP;NDC80;MAD2L1
GO_Biological_Process_2023,Negative Regulation Of Cell Cycle Process (GO:0010948),9/34,0.0230505884901343,0.6395238460796673,0,0,2.476527229676401,9.336666101219512,ESPL1;CHEK1;CHMP4C;NEK2;FBXO5;FBXO43;AURKB;E2F7;E2F8
GO_Biological_Process_2023,Histone H2A Monoubiquitination (GO:0035518),5/14,0.0246079624133084,0.662798403686922,0,0,3.8192802731809823,14.149231152652709,BARD1;DEPDC1B;RAD51;BRCA1;BRCA2
GO_Biological_Process_2023,Regulation Of Branching Involved In Ureteric Bud Morphogenesis (GO:0090189),5/14,0.0246079624133084,0.662798403686922,0,0,3.8192802731809823,14.149231152652709,GDNF;SIX4;LHX1;SIX2;PAX2
GO_Biological_Process_2023,Synaptonemal Complex Assembly (GO:0007130),5/14,0.0246079624133084,0.662798403686922,0,0,3.8192802731809823,14.149231152652709,SYCE3;SYCP2;TEX11;P3H4;TRIP13
GO_Biological_Process_2023,Synaptonemal Complex Organization (GO:0070193),5/14,0.0246079624133084,0.662798403686922,0,0,3.8192802731809823,14.149231152652709,SYCE3;SYCP2;TEX11;P3H4;TRIP13
GO_Biological_Process_2023,Positive Regulation Of Mitotic Cell Cycle Phase Transition (GO:1901992),14/63,0.0248045878661812,0.6632531103348476,0,0,1.966672315426764,7.270249956944447,STIL;RRM2;UBE2C;CDCA5;RCC2;CDC7;CDC25C;CDC25A;CDC20;CCNB1;ESPL1;CDK1;FBXO5;DLGAP5
GO_Biological_Process_2023,Positive Regulation Of Cell Cycle G2/M Phase Transition (GO:1902751),7/24,0.0259200268616222,0.6880927994200438,0,0,2.8316941918723324,10.343440861767132,CCNB1;RCC2;CDK1;CDC7;FBXO5;CDC25C;CDC25A
GO_Biological_Process_2023,Mitotic Sister Chromatid Cohesion (GO:0007064),6/19,0.0261985490754754,0.6905189006321754,0,0,3.1734635092932293,11.557916736240363,SGO1;CDCA5;DSCC1;RAD21;ESCO2;HASPIN
GO_Biological_Process_2023,Cell Cycle G1/S Phase Transition (GO:0044843),12/52,0.0274962033960177,0.7180383074212351,0,0,2.064440932437772,7.41899653637205,TRIM71;CCNA2;DBF4;CCNE2;CCNE1;CAMK2A;E2F1;RCC1;E2F3;CDC7;CDC25A;CDKN3
GO_Biological_Process_2023,Regulation Of G2/M Transition Of Mitotic Cell Cycle (GO:0010389),9/35,0.0276318264644486,0.7180383074212351,0,0,2.3811395786533907,8.545402855149746,CCNB1;CENPF;RCC2;KIF14;CDK1;CDC7;FBXO5;CDC25C;CDC25A
GO_Biological_Process_2023,Aromatic Amino Acid Family Catabolic Process (GO:0009074),4/10,0.0290407284742113,0.7191965642271124,0,0,4.582118944466325,16.216375562097443,IL4I1;HGD;KMO;IDO1
GO_Biological_Process_2023,Meiotic Sister Chromatid Cohesion (GO:0051177),4/10,0.0290407284742113,0.7191965642271124,0,0,4.582118944466325,16.216375562097443,SGO2;RAD21;BUB1B;MEIKIN
GO_Biological_Process_2023,Metanephric Mesenchyme Development (GO:0072075),4/10,0.0290407284742113,0.7191965642271124,0,0,4.582118944466325,16.216375562097443,SIX4;STAT1;WT1;PAX2
GO_Biological_Process_2023,Negative Regulation Of Interleukin-17 Production (GO:0032700),4/10,0.0290407284742113,0.7191965642271124,0,0,4.582118944466325,16.216375562097443,IFNG;TNFSF4;IL12B;FOXP3
GO_Biological_Process_2023,Positive Regulation Of Attachment Of Spindle Microtubules To Kinetochore (GO:0051987),4/10,0.0290407284742113,0.7191965642271124,0,0,4.582118944466325,16.216375562097443,CCNB1;RCC2;BIRC5;CDCA8
GO_Biological_Process_2023,Regulation Of Mitotic Sister Chromatid Separation (GO:0010965),4/10,0.0290407284742113,0.7191965642271124,0,0,4.582118944466325,16.216375562097443,CCNB1;BIRC5;CDCA8;AURKB
GO_Biological_Process_2023,Thyroid Hormone Generation (GO:0006590),4/10,0.0290407284742113,0.7191965642271124,0,0,4.582118944466325,16.216375562097443,TG;DIO1;DIO2;SLC5A5
GO_Biological_Process_2023,DNA Duplex Unwinding (GO:0032508),10/41,0.0296087873289827,0.723552485059248,0,0,2.219222393438865,7.8109617558769875,RECQL4;GINS1;GINS2;BLM;CDC45;RAD51;GINS4;HMGA1;MCM4;MCM2
GO_Biological_Process_2023,Negative Regulation Of DNA Recombination (GO:0045910),10/41,0.0296087873289827,0.723552485059248,0,0,2.219222393438865,7.8109617558769875,H1-5;POLQ;H1-4;BLM;RMI2;PARPBP;H1-6;FANCB;H1-3;H1-2
GO_Biological_Process_2023,Negative Regulation Of Meiotic Nuclear Division (GO:0045835),3/6,0.0304830176451674,0.7256924845849548,0,0,6.871653543307087,23.986094555711897,FBXO5;TRIP13;FBXO43
GO_Biological_Process_2023,Noradrenergic Neuron Differentiation (GO:0003357),3/6,0.0304830176451674,0.7256924845849548,0,0,6.871653543307087,23.986094555711897,SOX11;INSM1;SOX4
GO_Biological_Process_2023,Regulation Of Mitotic Cytokinesis (GO:1902412),3/6,0.0304830176451674,0.7256924845849548,0,0,6.871653543307087,23.986094555711897,BIRC5;CDCA8;AURKB
GO_Biological_Process_2023,Regulation Of Nuclease Activity (GO:0032069),3/6,0.0304830176451674,0.7256924845849548,0,0,6.871653543307087,23.986094555711897,OAS2;OAS3;OASL
GO_Biological_Process_2023,Mitotic Cell Cycle Checkpoint Signaling (GO:0007093),7/25,0.0321613580648771,0.7558943392318269,0,0,2.6742245005257623,9.191281815566432,BARD1;DEPDC1B;CHEK1;CHMP4C;BRCA1;AURKB;ZWINT
GO_Biological_Process_2023,Positive Regulation Of Release Of Cytochrome C From Mitochondria (GO:0090200),7/25,0.0321613580648771,0.7558943392318269,0,0,2.6742245005257623,9.191281815566432,PYCARD;MLLT11;BIK;PLAUR;PMAIP1;BAK1;MMP9
GO_Biological_Process_2023,Protein Localization To Cell-Cell Junction (GO:0150105),5/15,0.0331362492108385,0.769011066591159,0,0,3.43715524034673,11.710825981356328,DSP;CHAF1B;ILDR1;LSR;TJP3
GO_Biological_Process_2023,Regulation Of Interleukin-13 Production (GO:0032656),5/15,0.0331362492108385,0.769011066591159,0,0,3.43715524034673,11.710825981356328,IFNL1;TNFSF4;LEF1;IL18;PRKCZ
GO_Biological_Process_2023,Regulation Of Spindle Organization (GO:0090224),6/20,0.0335074907899325,0.7727665063428201,0,0,2.9466186159130583,10.00667633156138,TPX2;STIL;PSRC1;TACC3;FSD1;RAE1
GO_Biological_Process_2023,DNA-templated DNA Replication Maintenance Of Fidelity (GO:0045005),10/43,0.040102262675789,0.9089659674434436,0,0,2.084484800631662,6.704375407768445,GEN1;CAMSAP3;BLM;PCNA;RAD51;EME1;CENPX;TONSL;TIMELESS;TRAIP
GO_Biological_Process_2023,Regulation Of Mitotic Metaphase/Anaphase Transition (GO:0030071),11/49,0.0408105553280909,0.9089659674434436,0,0,1.9914463290928743,6.37026743730498,CDC20;CENPE;CCNB1;ESPL1;UBE2C;DPF1;ACTL6A;PLK1;FBXO5;CDC6;DLGAP5
GO_Biological_Process_2023,Negative Regulation Of Cell Division (GO:0051782),4/11,0.0411374841634295,0.9089659674434436,0,0,3.9273054633432736,12.53138588688632,BLM;CHMP4C;E2F7;E2F8
GO_Biological_Process_2023,Neurotransmitter Biosynthetic Process (GO:0042136),4/11,0.0411374841634295,0.9089659674434436,0,0,3.9273054633432736,12.53138588688632,MOXD1;SLC44A4;GAD1;PAH
GO_Biological_Process_2023,Positive Regulation Of Branching Involved In Ureteric Bud Morphogenesis (GO:0090190),4/11,0.0411374841634295,0.9089659674434436,0,0,3.9273054633432736,12.53138588688632,GDNF;SIX4;LHX1;PAX2
GO_Biological_Process_2023,Positive Regulation Of Metaphase/Anaphase Transition Of Cell Cycle (GO:1902101),4/11,0.0411374841634295,0.9089659674434436,0,0,3.9273054633432736,12.53138588688632,CDC20;ESPL1;UBE2C;DLGAP5
GO_Biological_Process_2023,Positive Regulation Of Mitotic Metaphase/Anaphase Transition (GO:0045842),4/11,0.0411374841634295,0.9089659674434436,0,0,3.9273054633432736,12.53138588688632,CDC20;ESPL1;UBE2C;DLGAP5
GO_Biological_Process_2023,DNA Replication Initiation (GO:0006270),6/21,0.0420153282194618,0.9228366733917504,0,0,2.7500197083169096,8.716794586463193,PRIM2;CDC45;ORC6;ORC1;MCM10;MCM2
GO_Biological_Process_2023,Autonomic Nervous System Development (GO:0048483),5/16,0.0432888490401161,0.9341277950761896,0,0,3.124507486209614,9.81051671642911,GDNF;FN1;SOX11;GATA3;SOX4
GO_Biological_Process_2023,Nuclear Chromosome Segregation (GO:0098813),5/16,0.0432888490401161,0.9341277950761896,0,0,3.124507486209614,9.81051671642911,TOP2A;CENPF;KIF2C;KIF22;NDC80
GO_Biological_Process_2023,Regulation Of Stem Cell Proliferation (GO:0072091),5/16,0.0432888490401161,0.9341277950761896,0,0,3.124507486209614,9.81051671642911,TERT;EPCAM;KDF1;HMGA2;SOX11
GO_Biological_Process_2023,Signal Release From Synapse (GO:0099643),9/38,0.0451200243663183,0.9679819180913648,0,0,2.1344473777318127,6.613433935370487,RAB3A;GRM4;UNC13A;CDK5;STXBP2;CPLX2;PPFIA3;STX1A;CPLX3
GO_Biological_Process_2023,Mitotic DNA Damage Checkpoint Signaling (GO:0044773),12/56,0.0463347970356749,0.9700736944907306,0,0,1.876333465033584,5.763837553725049,BRSK1;DEPDC1B;BLM;EME1;FANCD2;CHEK1;PLK1;CDK1;HUS1B;BRCA1;CLSPN;TICRR
GO_Biological_Process_2023,Microtubule Polymerization Or Depolymerization (GO:0031109),7/27,0.0474681981226584,0.9700736944907306,0,0,2.406526025236593,7.334358069370998,KIF18A;KIF18B;STMN1;KIF14;STMND1;KIF24;KIF2C
GO_Biological_Process_2023,Establishment Of Centrosome Localization (GO:0051660),3/7,0.04837223842447,0.9700736944907306,0,0,5.153444881889763,15.608904421799702,EZR;MISP;MAD2L1
GO_Biological_Process_2023,Histone H2A K63-linked Deubiquitination (GO:0070537),3/7,0.04837223842447,0.9700736944907306,0,0,5.153444881889763,15.608904421799702,BARD1;DEPDC1B;BRCA1
GO_Biological_Process_2023,Kidney Epithelium Development (GO:0072073),3/7,0.04837223842447,0.9700736944907306,0,0,5.153444881889763,15.608904421799702,WT1;WNT7B;PAX2
GO_Biological_Process_2023,Neuron Fate Specification (GO:0048665),3/7,0.04837223842447,0.9700736944907306,0,0,5.153444881889763,15.608904421799702,ISL2;POU4F1;MNX1
GO_Biological_Process_2023,Peptidyl-Proline Hydroxylation To 4-hydroxy-L-proline (GO:0018401),3/7,0.04837223842447,0.9700736944907306,0,0,5.153444881889763,15.608904421799702,EGLN3;P4HA1;P4HA3
GO_Biological_Process_2023,Positive Regulation Of Epithelial Tube Formation (GO:1905278),3/7,0.04837223842447,0.9700736944907306,0,0,5.153444881889763,15.608904421799702,GDNF;SIX4;GATA3
GO_Biological_Process_2023,Purine Ribonucleoside Monophosphate Catabolic Process (GO:0009169),3/7,0.04837223842447,0.9700736944907306,0,0,5.153444881889763,15.608904421799702,PNP;SORD;HPRT1
GO_Biological_Process_2023,Regulation Of T-helper 2 Cell Differentiation (GO:0045628),3/7,0.04837223842447,0.9700736944907306,0,0,5.153444881889763,15.608904421799702,TNFSF4;IL18;PRKCZ
GO_Biological_Process_2023,Regulation Of Protein Localization To Cell Cortex (GO:1904776),3/7,0.04837223842447,0.9700736944907306,0,0,5.153444881889763,15.608904421799702,SAPCD2;PLK1;MISP
GO_Biological_Process_2023,Tryptophan Metabolic Process (GO:0006568),3/7,0.04837223842447,0.9700736944907306,0,0,5.153444881889763,15.608904421799702,IL4I1;KMO;IDO1
GO_Biological_Process_2023,Positive Regulation Of Chromosome Organization (GO:2001252),8/33,0.0506430847992548,0.9999961907768526,0,0,2.2004891518737675,6.563954807685128,FEN1;RAD21;NCAPG2;CDK1;NCAPG;SMC4;AURKB;NCAPH
GO_Biological_Process_2023,G1/S Transition Of Mitotic Cell Cycle (GO:0000082),13/63,0.051203045937409,0.9999961907768526,0,0,1.7888616600790517,5.316418604905198,TRIM71;CAMK2A;CDC7;CDC25A;DBF4;CCNE2;CDK5;CCNE1;E2F1;RCC1;E2F2;E2F3;CDKN3
GO_Biological_Process_2023,Placenta Development (GO:0001890),6/22,0.0517639056104271,0.9999961907768526,0,0,2.57799566417028,7.63360544973681,PLAC1;PHLDA2;ASCL2;E2F7;TEX19;E2F8
GO_Biological_Process_2023,Positive Regulation Of Cytokinesis (GO:0032467),9/39,0.0522895659472369,0.9999961907768526,0,0,2.063180741910024,6.08836060644338,RACGAP1;KIF14;CDCA8;BIRC5;KIF23;CDC6;ECT2;KIF20B;CIT
GO_Biological_Process_2023,Negative Regulation Of Cellular Senescence (GO:2000773),5/17,0.0551064600188459,0.9999961907768526,0,0,2.863967691095351,8.301176924335094,RBL1;TERT;HMGA2;FBXO5;AMH
GO_Biological_Process_2023,Negative Regulation Of Ubiquitin-Protein Transferase Activity (GO:0051444),5/17,0.0551064600188459,0.9999961907768526,0,0,2.863967691095351,8.301176924335094,CDC20;LIMK1;BUB1B;FBXO5;MAD2L1
GO_Biological_Process_2023,DNA Strand Elongation Involved In DNA Replication (GO:0006271),4/12,0.0556578067174032,0.9999961907768526,0,0,3.4361953525009845,9.925563425028589,PCNA;RFC4;MCM4;LIG3
GO_Biological_Process_2023,Epithelial Cell Morphogenesis (GO:0003382),4/12,0.0556578067174032,0.9999961907768526,0,0,3.4361953525009845,9.925563425028589,CLDN3;RAB25;GRHL2;SIPA1L3
GO_Biological_Process_2023,Mitotic DNA Integrity Checkpoint Signaling (GO:0044774),4/12,0.0556578067174032,0.9999961907768526,0,0,3.4361953525009845,9.925563425028589,ORC1;HUS1B;CLSPN;TICRR
GO_Biological_Process_2023,Positive Regulation Of T-helper Cell Differentiation (GO:0045624),4/12,0.0556578067174032,0.9999961907768526,0,0,3.4361953525009845,9.925563425028589,CD80;TNFSF4;IL18;PRKCZ
GO_Biological_Process_2023,Positive Regulation Of Regulated Secretory Pathway (GO:1903307),4/12,0.0556578067174032,0.9999961907768526,0,0,3.4361953525009845,9.925563425028589,SLC4A8;RAB3A;RAB3D;STX1A
GO_Biological_Process_2023,Regulation Of DNA-templated DNA Replication Initiation (GO:0030174),4/12,0.0556578067174032,0.9999961907768526,0,0,3.4361953525009845,9.925563425028589,MCIDAS;MCM4;MCM2;TICRR
GO_Biological_Process_2023,Regulation Of Chromosome Separation (GO:1905818),4/12,0.0556578067174032,0.9999961907768526,0,0,3.4361953525009845,9.925563425028589,NCAPG2;NCAPG;SMC4;NCAPH
GO_Biological_Process_2023,Regulation Of Interleukin-5 Production (GO:0032674),4/12,0.0556578067174032,0.9999961907768526,0,0,3.4361953525009845,9.925563425028589,IFNL1;LEF1;GATA3;PRKCZ
GO_Biological_Process_2023,Renal System Development (GO:0072001),12/58,0.0584737794692065,0.9999961907768526,0,0,1.7945476096404582,5.09503801053477,TFAP2A;HELLS;CENPF;STAT1;WT1;SIX2;LHX1;REN;GATA3;SULF1;PAX2;STRA6
GO_Biological_Process_2023,Regulation Of Immune Response (GO:0050776),15/77,0.059230934123934,0.9999961907768526,0,0,1.6647419865251123,4.7050791508432415,FCGR1BP;LAG3;CXCL13;SLA2;FOXP3;LRP8;FCRLB;IL4I1;FCGR3A;COL3A1;IFNL1;TNFSF4;IRF7;PDCD1;FCGR1A
GO_Biological_Process_2023,Regulation Of Interleukin-10 Production (GO:0032653),10/46,0.0601992616729095,0.9999961907768526,0,0,1.910448743255692,5.368542826671217,PYCARD;CLEC7A;TNFSF4;IL12B;ISG15;NOD2;TIGIT;PRKCZ;FOXP3;INAVA
GO_Biological_Process_2023,Positive Regulation Of Transferase Activity (GO:0051347),25/143,0.0602957603214175,0.9999961907768526,0,0,1.4589026803624077,4.097318676667488,DDR1;RET;PRIM2;PCNA;NVL;DSCC1;CHTF18;AURKB;ERBB3;NEK2;ROS1;DRD4;GINS1;GINS2;RFC4;RFC2;PLK1;GINS4;GRHL2;MAPK15;GREM1;PKIB;TRIB3;FGFR4;FGFR3
GO_Biological_Process_2023,Regulation Of Interleukin-4 Production (GO:0032673),6/23,0.0627776390001065,0.9999961907768526,0,0,2.42620974286443,6.716127871670768,SLC7A5;TNFSF4;LEF1;GATA3;FOXP3;PRKCZ
GO_Biological_Process_2023,Chordate Embryonic Development (GO:0043009),12/59,0.0652703389175776,0.9999961907768526,0,0,1.7562648688181444,4.793228944227712,TRIM71;COL1A1;FOXD3;ARNT2;STIL;SIX4;WNT7B;BRCA1;GATA3;SULF1;GRHL2;MYH6
GO_Biological_Process_2023,Establishment Of Mitotic Spindle Orientation (GO:0000132),7/29,0.0667505405221208,0.9999961907768526,0,0,2.1875,5.921109433804443,SAPCD2;PLK1;SPDL1;CENPA;MISP;NDC80;MAD2L1
GO_Biological_Process_2023,Response To Ionizing Radiation (GO:0010212),14/72,0.0676359382348712,0.9999961907768526,0,0,1.6606400239974912,4.473126217555131,H2AX;BARD1;BRSK1;BLM;BRCA1;BRCA2;TICRR;RAD51AP1;DEPDC1B;RAD51;FANCD2;INTS7;ECT2;RHNO1
GO_Biological_Process_2023,Establishment Of Spindle Orientation (GO:0051294),8/35,0.0684668042882082,0.9999961907768526,0,0,2.037256191102345,5.4627115042617,SAPCD2;PLK1;SPDL1;CENPA;MISP;NDC80;LLGL2;MAD2L1
GO_Biological_Process_2023,Branching Involved In Ureteric Bud Morphogenesis (GO:0001658),5/18,0.0685975096456916,0.9999961907768526,0,0,2.643510941383282,7.083285049360654,FOXD1;GDNF;WT1;NPNT;PAX2
GO_Biological_Process_2023,Positive Regulation Of Epidermal Cell Differentiation (GO:0045606),5/18,0.0685975096456916,0.9999961907768526,0,0,2.643510941383282,7.083285049360654,CYP27B1;IL20;KDF1;ZBED2;MACROH2A1
GO_Biological_Process_2023,Positive Regulation Of Osteoclast Differentiation (GO:0045672),5/18,0.0685975096456916,0.9999961907768526,0,0,2.643510941383282,7.083285049360654,IFNG;IL12B;TNFSF11;POU4F1;EEIG1
GO_Biological_Process_2023,Ureteric Bud Morphogenesis (GO:0060675),5/18,0.0685975096456916,0.9999961907768526,0,0,2.643510941383282,7.083285049360654,GDNF;WT1;GATA3;NPNT;PAX2
GO_Biological_Process_2023,L-fucose Catabolic Process (GO:0042355),3/8,0.0702353468201653,0.9999961907768526,0,0,4.12251968503937,10.94901478482002,FUT5;FUT7;FUT2
GO_Biological_Process_2023,L-fucose Metabolic Process (GO:0042354),3/8,0.0702353468201653,0.9999961907768526,0,0,4.12251968503937,10.94901478482002,FUT5;FUT7;FUT2
GO_Biological_Process_2023,Androgen Biosynthetic Process (GO:0006702),3/8,0.0702353468201653,0.9999961907768526,0,0,4.12251968503937,10.94901478482002,SRD5A2;SRD5A3;HSD17B6
GO_Biological_Process_2023,Bone Resorption (GO:0045453),3/8,0.0702353468201653,0.9999961907768526,0,0,4.12251968503937,10.94901478482002,SRC;RAB3D;ZNF675
GO_Biological_Process_2023,Fucose Catabolic Process (GO:0019317),3/8,0.0702353468201653,0.9999961907768526,0,0,4.12251968503937,10.94901478482002,FUT5;FUT7;FUT2
GO_Biological_Process_2023,Kynurenine Metabolic Process (GO:0070189),3/8,0.0702353468201653,0.9999961907768526,0,0,4.12251968503937,10.94901478482002,TDO2;KMO;IDO1
GO_Biological_Process_2023,Phosphatidylglycerol Acyl-Chain Remodeling (GO:0036148),3/8,0.0702353468201653,0.9999961907768526,0,0,4.12251968503937,10.94901478482002,PLA2G4F;PLA2G4D;MBOAT2
GO_Biological_Process_2023,Positive Regulation Of Smooth Muscle Cell Apoptotic Process (GO:0034393),3/8,0.0702353468201653,0.9999961907768526,0,0,4.12251968503937,10.94901478482002,IFNG;IL12B;E2F3
GO_Biological_Process_2023,Regulation Of Mitotic Centrosome Separation (GO:0046602),3/8,0.0702353468201653,0.9999961907768526,0,0,4.12251968503937,10.94901478482002,CHEK1;NEK2;KIF11
GO_Biological_Process_2023,Regulation Of Mitotic Sister Chromatid Segregation (GO:0033047),3/8,0.0702353468201653,0.9999961907768526,0,0,4.12251968503937,10.94901478482002,CCNB1;CDK1;AURKB
GO_Biological_Process_2023,Regulation Of Nephron Tubule Epithelial Cell Differentiation (GO:0072182),3/8,0.0702353468201653,0.9999961907768526,0,0,4.12251968503937,10.94901478482002,LHX1;GATA3;PAX2
GO_Biological_Process_2023,Cranial Nerve Development (GO:0021545),4/13,0.0725589634499013,0.9999961907768526,0,0,3.0542208218458717,8.012307781323534,TFAP2A;ERBB3;POU4F1;PAX2
GO_Biological_Process_2023,Negative Regulation Of T Cell Differentiation (GO:0045581),4/13,0.0725589634499013,0.9999961907768526,0,0,3.0542208218458717,8.012307781323534,LAG3;IFNL1;TNFSF4;FOXJ1
GO_Biological_Process_2023,Positive Regulation Of Granulocyte Macrophage Colony-Stimulating Factor Production (GO:0032725),4/13,0.0725589634499013,0.9999961907768526,0,0,3.0542208218458717,8.012307781323534,CD80;IL18;IL12B;RASGRP1
GO_Biological_Process_2023,Positive Regulation Of Type 2 Immune Response (GO:0002830),4/13,0.0725589634499013,0.9999961907768526,0,0,3.0542208218458717,8.012307781323534,TNFSF4;IL18;NOD2;PRKCZ
GO_Biological_Process_2023,Fc-gamma Receptor Signaling Pathway (GO:0038094),6/24,0.0750635186826114,0.9999961907768526,0,0,2.291288923925897,5.933110758744405,VAV3;FCGR3A;PLPP4;SRC;LIMK1;VAV2
GO_Biological_Process_2023,Regulation Of Cysteine-Type Endopeptidase Activity (GO:2000116),6/24,0.0750635186826114,0.9999961907768526,0,0,2.291288923925897,5.933110758744405,PYCARD;CST2;CST1;CST5;TTBK1;CST4
GO_Biological_Process_2023,Cellular Response To Radiation (GO:0071478),10/48,0.076690046680445,0.9999961907768526,0,0,1.809691025827498,4.647256420282837,RAD51AP1;BARD1;BLM;DEPDC1B;RAD51;INTS7;BRCA1;BRCA2;ECT2;RHNO1
GO_Biological_Process_2023,Homologous Chromosome Pairing At Meiosis (GO:0007129),7/30,0.077921750098084,0.9999961907768526,0,0,2.0922712933753944,5.33958128841337,SYCE3;SYCP2;FANCD2;TEX11;MND1;P3H4;TRIP13
GO_Biological_Process_2023,Potassium Ion Import Across Plasma Membrane (GO:1990573),9/42,0.0780795246180836,0.9999961907768526,0,0,1.8752959747434883,4.782056166134238,SLC12A3;KCNJ6;KCNJ10;SLC12A5;KCNK9;SLC12A1;ATP1A3;SLC12A8;HCN2
GO_Biological_Process_2023,Calcium-Independent Cell-Cell Adhesion Via Plasma Membrane Cell-Adhesion Molecules (GO:0016338),5/19,0.0837400066022914,0.9999961907768526,0,0,2.4545480130586514,6.087373424102598,CLDN6;CLDN4;CLDN14;CLDN9;CLDN7
GO_Biological_Process_2023,Epithelial Structure Maintenance (GO:0010669),5/19,0.0837400066022914,0.9999961907768526,0,0,2.4545480130586514,6.087373424102598,MUC2;VSIG1;ILDR1;LSR;NOD2
GO_Biological_Process_2023,Establishment Of Skin Barrier (GO:0061436),5/19,0.0837400066022914,0.9999961907768526,0,0,2.4545480130586514,6.087373424102598,CLDN4;KDF1;STMN1;IL18;LSR
GO_Biological_Process_2023,Eye Morphogenesis (GO:0048592),5/19,0.0837400066022914,0.9999961907768526,0,0,2.4545480130586514,6.087373424102598,FBN2;COL5A1;COL5A2;MFAP2;SHROOM2
GO_Biological_Process_2023,Cell-Cell Junction Organization (GO:0045216),13/68,0.0850372603412681,0.9999961907768526,0,0,1.6257707509881425,4.006981506148541,DSP;F2R;PARD6B;OCLN;CDH2;MARVELD2;CDH1;CDH11;MARVELD3;CDH15;PKP3;TJP3;CD177
GO_Biological_Process_2023,Neurogenesis (GO:0022008),10/49,0.0858899207280881,0.9999961907768526,0,0,1.7631874639375626,4.3280765097156895,SIX4;ERBB3;ROGDI;CXCR4;CHAC1;PRDM12;WDR62;ASCL1;WNT2;CIT
GO_Biological_Process_2023,Neurotransmitter Secretion (GO:0007269),9/43,0.0881323342530519,0.9999961907768526,0,0,1.8200357491062724,4.420713579827016,RAB3A;GRM4;UNC13A;CDK5;STXBP2;CPLX2;PPFIA3;STX1A;CPLX3
GO_Biological_Process_2023,Regulation Of Cell-Cell Adhesion (GO:0022407),9/43,0.0881323342530519,0.9999961907768526,0,0,1.8200357491062724,4.420713579827016,FUT7;SRC;CDH1;RNASE10;SIRPG;ADAM8;SPINT2;B4GALNT2;FUT3
GO_Biological_Process_2023,"Chemical Synaptic Transmission, Postsynaptic (GO:0099565)",6/25,0.0886115777596727,0.9999961907768526,0,0,2.170570296454577,5.260361388587215,CHRNA3;FOXM1;MAPK8IP2;INSYN2A;DRD4;GRIN2D
GO_Biological_Process_2023,Metanephros Development (GO:0001656),6/25,0.0886115777596727,0.9999961907768526,0,0,2.170570296454577,5.260361388587215,FOXD1;SIX4;GDNF;WT1;WNT7B;PAX2
GO_Biological_Process_2023,Negative Regulation Of Transposition (GO:0010529),6/25,0.0886115777596727,0.9999961907768526,0,0,2.170570296454577,5.260361388587215,SPOCD1;ZNF93;MYBL1;APOBEC3A;TEX19;APOBEC3B
GO_Biological_Process_2023,Regulation Of B Cell Activation (GO:0050864),6/25,0.0886115777596727,0.9999961907768526,0,0,2.170570296454577,5.260361388587215,IL4I1;TNFSF4;SLAMF8;MZB1;FOXJ1;NOD2
GO_Biological_Process_2023,Regulation Of Monocyte Chemotaxis (GO:0090025),6/25,0.0886115777596727,0.9999961907768526,0,0,2.170570296454577,5.260361388587215,GREM1;CXCL10;SERPINE1;SLAMF8;S100A14;S100A7
GO_Biological_Process_2023,Cell Junction Organization (GO:0034330),12/62,0.088667024443865,0.9999961907768526,0,0,1.650604504148558,3.999195552550772,OCLN;CLDN3;AJM1;MARVELD2;PTK7;WNT7B;MARVELD3;PPFIA4;GRHL2;PPFIA3;TJP3;SLC8A2
GO_Biological_Process_2023,Synaptic Vesicle Cycle (GO:0099504),8/37,0.0896913562348017,0.9999961907768526,0,0,1.8965381214718084,4.573275759768478,BRSK1;RAB3A;CDH2;CDK5;SYNDIG1;CPLX2;STX1A;CPLX3
GO_Biological_Process_2023,Recombinational Repair (GO:0000725),17/95,0.0902901448697722,0.9999961907768526,0,0,1.4994975333455145,3.605882148143273,GEN1;FEN1;RMI2;BLM;RMI1;XRCC2;TONSL;HUS1B;LIG3;BRCA1;BRCA2;RAD54B;RAD51AP1;RECQL4;PPP4C;RAD51;RHNO1
GO_Biological_Process_2023,Bone Morphogenesis (GO:0060349),4/14,0.0917393784291371,0.9999961907768526,0,0,2.7486411973217804,6.565963891587165,TFAP2A;MMP13;BMPR1B;FGFR3
GO_Biological_Process_2023,Establishment Of Chromosome Localization (GO:0051303),4/14,0.0917393784291371,0.9999961907768526,0,0,2.7486411973217804,6.565963891587165,CENPF;KIF2C;KIF22;NDC80
GO_Biological_Process_2023,Establishment Of Protein Localization To Chromosome (GO:0070199),4/14,0.0917393784291371,0.9999961907768526,0,0,2.7486411973217804,6.565963891587165,H1-5;TERT;BRCA2;MACROH2A1
GO_Biological_Process_2023,Regulation Of Transposition (GO:0010528),4/14,0.0917393784291371,0.9999961907768526,0,0,2.7486411973217804,6.565963891587165,MYBL1;APOBEC3A;TEX19;APOBEC3B
GO_Biological_Process_2023,Resolution Of Meiotic Recombination Intermediates (GO:0000712),4/14,0.0917393784291371,0.9999961907768526,0,0,2.7486411973217804,6.565963891587165,TOP2A;CENPX;EME1;RMI1
GO_Biological_Process_2023,T-helper 1 Type Immune Response (GO:0042088),3/9,0.0956825367423106,0.9999961907768526,0,0,3.435236220472441,8.061535744467239,LEF1;IL18;IL12B
GO_Biological_Process_2023,Adrenal Gland Development (GO:0030325),3/9,0.0956825367423106,0.9999961907768526,0,0,3.435236220472441,8.061535744467239,WT1;INSM1;STRA6
GO_Biological_Process_2023,Calcium Ion Transport Into Cytosol (GO:0060402),3/9,0.0956825367423106,0.9999961907768526,0,0,3.435236220472441,8.061535744467239,CACNB3;JPH3;JPH1
GO_Biological_Process_2023,Cell Differentiation Involved In Metanephros Development (GO:0072202),3/9,0.0956825367423106,0.9999961907768526,0,0,3.435236220472441,8.061535744467239,STAT1;SIX2;PAX2
GO_Biological_Process_2023,Embryonic Eye Morphogenesis (GO:0048048),3/9,0.0956825367423106,0.9999961907768526,0,0,3.435236220472441,8.061535744467239,FBN2;TH;MFAP2
GO_Biological_Process_2023,Motor Neuron Axon Guidance (GO:0008045),3/9,0.0956825367423106,0.9999961907768526,0,0,3.435236220472441,8.061535744467239,LHX1;RAC3;PLXNA3
GO_Biological_Process_2023,Nucleobase-Containing Compound Biosynthetic Process (GO:0034654),3/9,0.0956825367423106,0.9999961907768526,0,0,3.435236220472441,8.061535744467239,PNP;TERT;TYMS
GO_Biological_Process_2023,Positive Regulation Of Epidermis Development (GO:0045684),3/9,0.0956825367423106,0.9999961907768526,0,0,3.435236220472441,8.061535744467239,IL20;KRT2;KDF1
GO_Biological_Process_2023,Protein K6-linked Ubiquitination (GO:0085020),3/9,0.0956825367423106,0.9999961907768526,0,0,3.435236220472441,8.061535744467239,UBE2S;UBE2T;BRCA1
GO_Biological_Process_2023,Protein Localization To Nuclear Envelope (GO:0090435),3/9,0.0956825367423106,0.9999961907768526,0,0,3.435236220472441,8.061535744467239,PLK1;LMNB2;LMNB1
GO_Biological_Process_2023,Regulation Of Animal Organ Morphogenesis (GO:2000027),3/9,0.0956825367423106,0.9999961907768526,0,0,3.435236220472441,8.061535744467239,SAPCD2;WT1;SIX2
GO_Biological_Process_2023,Regulation Of Memory T Cell Differentiation (GO:0043380),3/9,0.0956825367423106,0.9999961907768526,0,0,3.435236220472441,8.061535744467239,IFNL1;TNFSF4;IL12B
GO_Biological_Process_2023,Modulation Of Chemical Synaptic Transmission (GO:0050804),21/123,0.0968352394146302,0.9999961907768526,0,0,1.4167677380230443,3.307790411268341,CHRNB4;SLC38A1;UNC13A;FER1L4;CAMK2A;CACNA1B;MAPK8IP2;CPLX2;LRP8;SLC8A2;CPLX3;SLC4A8;RIMS4;GRM4;CDH2;CDK5;SLC6A9;NMU;GRM8;KCTD13;NPTX2
GO_Biological_Process_2023,Inorganic Anion Transmembrane Transport (GO:0098661),12/63,0.0974820815942533,0.9999961907768526,0,0,1.618146745067051,3.7671859099943976,CYP27B1;SLC12A3;SLC4A8;SLC12A5;SLC37A1;SLC20A1;GABRA5;SLC12A1;ANO9;ANO7;SLC12A8;SLC5A5
GO_Biological_Process_2023,Fc-gamma Receptor Signaling Pathway Involved In Phagocytosis (GO:0038096),5/20,0.1004841884875002,0.9999961907768526,0,0,2.2907801418439715,5.263651278204212,VAV3;PLPP4;SRC;LIMK1;VAV2
GO_Biological_Process_2023,Long-Term Synaptic Potentiation (GO:0060291),5/20,0.1004841884875002,0.9999961907768526,0,0,2.2907801418439715,5.263651278204212,SLC24A2;FOXM1;PRKCZ;GRIN2D;SLC8A2
GO_Biological_Process_2023,Response To Peptide (GO:1901652),8/38,0.1015770500803714,0.9999961907768526,0,0,1.833214990138067,4.192448389537723,MMP12;MMP13;STAT1;MMP3;CACNA1B;NOD2;MMP9;INAVA
GO_Biological_Process_2023,Tumor Necrosis Factor-Mediated Signaling Pathway (GO:0033209),8/38,0.1015770500803714,0.9999961907768526,0,0,1.833214990138067,4.192448389537723,PYCARD;AIM2;TRAF4;STAT1;TNFSF11;PYDC1;TRAF2;CARD14
GO_Biological_Process_2023,Regulation Of Ubiquitin-Protein Transferase Activity (GO:0051438),7/32,0.1033092164531578,0.9999961907768526,0,0,1.924668769716088,4.369053319407708,CDC20;LIMK1;PLK1;BUB1B;TRIB3;FBXO5;MAD2L1
GO_Biological_Process_2023,L-amino Acid Transport (GO:0015807),6/26,0.1033957528053596,0.9999961907768526,0,0,2.06192353173039,4.678899131504697,SLC7A5;SLC38A1;SLC6A9;SFXN1;SLC7A11;SLC38A5
GO_Biological_Process_2023,Establishment Or Maintenance Of Apical/Basal Cell Polarity (GO:0035088),6/26,0.1033957528053596,0.9999961907768526,0,0,2.06192353173039,4.678899131504697,PARD6B;DLG3;FOXJ1;PRKCZ;CRB3;LLGL2
GO_Biological_Process_2023,Regulation Of Secretion By Cell (GO:1903530),12/64,0.1068060669886984,0.9999961907768526,0,0,1.5869373613348328,3.549567141740781,VAMP8;CHRNB4;RAB3A;FER1L4;RAB26;RAB3D;RHBDF2;CAMK2A;CPLX2;LLGL2;CPLX3;STXBP5L
GO_Biological_Process_2023,Regulation Of Telomerase Activity (GO:0051972),9/45,0.1104198399296986,0.9999961907768526,0,0,1.7187253354380423,3.787151897731256,GREM1;PIF1;PKIB;NVL;SRC;NEK2;GRHL2;MAPK15;AURKB
GO_Biological_Process_2023,Kidney Development (GO:0001822),13/71,0.1108248535896781,0.9999961907768526,0,0,1.5414133842169824,3.3908076665119933,TFAP2A;HELLS;GATA3;SULF1;PAX2;CENPF;GDNF;WT1;SIX2;LHX1;REN;SOX4;STRA6
GO_Biological_Process_2023,Inorganic Anion Transport (GO:0015698),11/58,0.1120034473376299,0.9999961907768526,0,0,1.6092736378609125,3.523063091049985,SLC34A3;TTYH3;RACGAP1;PACC1;FXYD3;SLC11A1;SLC34A1;ANO9;ANO7;CLCN2;SLC5A5
GO_Biological_Process_2023,Positive Regulation Of Type II Interferon Production (GO:0032729),11/58,0.1120034473376299,0.9999961907768526,0,0,1.6092736378609125,3.523063091049985,PYCARD;SLC7A5;IFNL1;CLEC7A;SLC11A1;TNFSF4;IL18;IL12B;ISG15;CYRIB;RASGRP1
GO_Biological_Process_2023,DNA Alkylation (GO:0006305),4/15,0.1130496197606456,0.9999961907768526,0,0,2.4986215045293423,5.446816087827957,SPOCD1;HELLS;BEND3;DNMT3B
GO_Biological_Process_2023,Negative Regulation Of DNA Replication (GO:0008156),4/15,0.1130496197606456,0.9999961907768526,0,0,2.4986215045293423,5.446816087827957,CDT1;MCIDAS;CDC6;S100A11
GO_Biological_Process_2023,Negative Regulation Of Epithelial Cell Differentiation (GO:0030857),4/15,0.1130496197606456,0.9999961907768526,0,0,2.4986215045293423,5.446816087827957,SPRED3;IFNG;SORD;MMP9
GO_Biological_Process_2023,Positive Regulation Of Collagen Biosynthetic Process (GO:0032967),4/15,0.1130496197606456,0.9999961907768526,0,0,2.4986215045293423,5.446816087827957,CREB3L1;F2R;SCX;SUCO
GO_Biological_Process_2023,Regulation Of Granulocyte Macrophage Colony-Stimulating Factor Production (GO:0032645),4/15,0.1130496197606456,0.9999961907768526,0,0,2.4986215045293423,5.446816087827957,CD80;IL18;IL12B;RASGRP1
GO_Biological_Process_2023,Regulation Of Mitotic Spindle Organization (GO:0060236),8/39,0.1142964057118937,0.9999961907768526,0,0,1.77397722211618,3.847685910232432,TPX2;STIL;PSRC1;PLK1;CHMP4C;TACC3;FSD1;RAE1
GO_Biological_Process_2023,Antimicrobial Humoral Immune Response Mediated By Antimicrobial Peptide (GO:0061844),12/65,0.1166358008947688,0.9999961907768526,0,0,1.556905690196283,3.345321718191511,H2BC12;CXCL10;CXCL9;CXCL11;H2BC8;H2BC12L;H2BC21;H2BC11;CXCL13;GAPDH;CAMP;S100A7
GO_Biological_Process_2023,Cellular Response To Ionizing Radiation (GO:0071479),10/52,0.117309232799897,0.9999961907768526,0,0,1.6369635102363094,3.5079175564081333,RAD51AP1;BARD1;DEPDC1B;BLM;RAD51;INTS7;BRCA1;BRCA2;ECT2;RHNO1
GO_Biological_Process_2023,Positive Regulation Of Cytokine Production Involved In Immune Response (GO:0002720),7/33,0.1174885652315669,0.9999961907768526,0,0,1.8505368842513956,3.96276608612248,SLC7A5;CLEC7A;TNFSF4;TRAF2;NOD2;INAVA;KIR2DL4
GO_Biological_Process_2023,Positive Regulation Of Telomerase Activity (GO:0051973),7/33,0.1174885652315669,0.9999961907768526,0,0,1.8505368842513956,3.96276608612248,GREM1;PKIB;NVL;NEK2;GRHL2;MAPK15;AURKB
GO_Biological_Process_2023,Regulation Of Dendritic Spine Development (GO:0060998),5/21,0.1187557160366176,0.9999961907768526,0,0,2.1474832545311267,4.575614013585073,NEURL1;FOXO6;KIF1A;TANC2;SHANK1
GO_Biological_Process_2023,Skin Epidermis Development (GO:0098773),5/21,0.1187557160366176,0.9999961907768526,0,0,2.1474832545311267,4.575614013585073,CLDN4;KDF1;STMN1;IL18;LSR
GO_Biological_Process_2023,Regulation Of Extrinsic Apoptotic Signaling Pathway In Absence Of Ligand (GO:2001239),6/27,0.1193750609298467,0.9999961907768526,0,0,1.963624077932316,4.173653463932017,RET;TERT;GDNF;UNC5B;IFI6;INHBA
GO_Biological_Process_2023,Regulation Of Microtubule Polymerization Or Depolymerization (GO:0031110),6/27,0.1193750609298467,0.9999961907768526,0,0,1.963624077932316,4.173653463932017,CAMSAP3;STMN1;STMND1;SKA3;FKBP4;SKA1
GO_Biological_Process_2023,Positive Regulation Of Cell-Cell Adhesion (GO:0022409),9/46,0.1226356602353108,0.9999961907768526,0,0,1.6721773075364237,3.5091266715584264,FOXA1;FUT7;RNASE10;CEACAM6;SIRPG;PLAUR;TNFSF11;CXCL13;FUT3
GO_Biological_Process_2023,Cellular Response To UV-A (GO:0071492),3/10,0.1242433295950477,0.9999961907768526,0,0,2.944319460067492,6.140417395769839,MMP1;MMP3;MMP9
GO_Biological_Process_2023,Engulfment Of Apoptotic Cell (GO:0043652),3/10,0.1242433295950477,0.9999961907768526,0,0,2.944319460067492,6.140417395769839,XKR7;XKR9;RAC3
GO_Biological_Process_2023,Lens Fiber Cell Differentiation (GO:0070306),3/10,0.1242433295950477,0.9999961907768526,0,0,2.944319460067492,6.140417395769839,WNT7B;SIX3;PLAAT1
GO_Biological_Process_2023,Lipoprotein Catabolic Process (GO:0042159),3/10,0.1242433295950477,0.9999961907768526,0,0,2.944319460067492,6.140417395769839,LYPLA1;ABHD17C;NOTUM
GO_Biological_Process_2023,Negative Regulation Of Nuclear Division (GO:0051784),3/10,0.1242433295950477,0.9999961907768526,0,0,2.944319460067492,6.140417395769839,CHEK1;FBXO5;FBXO43
GO_Biological_Process_2023,Peptidyl-Proline Hydroxylation (GO:0019511),3/10,0.1242433295950477,0.9999961907768526,0,0,2.944319460067492,6.140417395769839,EGLN3;P4HA1;P4HA3
GO_Biological_Process_2023,Positive Regulation Of Bone Resorption (GO:0045780),3/10,0.1242433295950477,0.9999961907768526,0,0,2.944319460067492,6.140417395769839,DCSTAMP;SPP1;TNFSF11
GO_Biological_Process_2023,Positive Regulation Of Interleukin-13 Production (GO:0032736),3/10,0.1242433295950477,0.9999961907768526,0,0,2.944319460067492,6.140417395769839,TNFSF4;IL18;PRKCZ
GO_Biological_Process_2023,Regulation Of Cysteine-Type Endopeptidase Activity Involved In Apoptotic Signaling Pathway (GO:2001267),3/10,0.1242433295950477,0.9999961907768526,0,0,2.944319460067492,6.140417395769839,PRR7;PLAUR;MMP9
GO_Biological_Process_2023,Regulation Of Mitochondrial Depolarization (GO:0051900),3/10,0.1242433295950477,0.9999961907768526,0,0,2.944319460067492,6.140417395769839,MLLT11;SRC;IFI6
GO_Biological_Process_2023,Regulation Of Phospholipase Activity (GO:0010517),3/10,0.1242433295950477,0.9999961907768526,0,0,2.944319460067492,6.140417395769839,APOC2;FGFR3;RASGRP1
GO_Biological_Process_2023,Regulation Of Smooth Muscle Cell Apoptotic Process (GO:0034391),3/10,0.1242433295950477,0.9999961907768526,0,0,2.944319460067492,6.140417395769839,IFNG;CDKN2A;IL12B
GO_Biological_Process_2023,Regulation Of Synapse Maturation (GO:0090128),3/10,0.1242433295950477,0.9999961907768526,0,0,2.944319460067492,6.140417395769839,CDC20;NEURL1;YWHAZ
GO_Biological_Process_2023,DNA Replication-Dependent Chromatin Assembly (GO:0006335),2/5,0.1243247436595284,0.9999961907768526,0,0,4.579299488390397,9.54719025458613,CHAF1B;ASF1B
GO_Biological_Process_2023,L-phenylalanine Catabolic Process (GO:0006559),2/5,0.1243247436595284,0.9999961907768526,0,0,4.579299488390397,9.54719025458613,IL4I1;HGD
GO_Biological_Process_2023,L-phenylalanine Metabolic Process (GO:0006558),2/5,0.1243247436595284,0.9999961907768526,0,0,4.579299488390397,9.54719025458613,IL4I1;HGD
GO_Biological_Process_2023,T-helper 2 Cell Differentiation (GO:0045064),2/5,0.1243247436595284,0.9999961907768526,0,0,4.579299488390397,9.54719025458613,MYB;GATA3
GO_Biological_Process_2023,Activation Of Transmembrane Receptor Protein Tyrosine Kinase Activity (GO:0007171),2/5,0.1243247436595284,0.9999961907768526,0,0,4.579299488390397,9.54719025458613,CHRNA3;PRLR
GO_Biological_Process_2023,Behavioral Fear Response (GO:0001662),2/5,0.1243247436595284,0.9999961907768526,0,0,4.579299488390397,9.54719025458613,MAPK8IP2;DRD4
GO_Biological_Process_2023,Cellular Response To Iron Ion (GO:0071281),2/5,0.1243247436595284,0.9999961907768526,0,0,4.579299488390397,9.54719025458613,TFAP2A;TFR2
GO_Biological_Process_2023,Epithelial Tube Formation (GO:0072175),2/5,0.1243247436595284,0.9999961907768526,0,0,4.579299488390397,9.54719025458613,GATA3;PAX2
GO_Biological_Process_2023,Erythrose 4-Phosphate/Phosphoenolpyruvate Family Amino Acid Catabolic Process (GO:1902222),2/5,0.1243247436595284,0.9999961907768526,0,0,4.579299488390397,9.54719025458613,IL4I1;HGD
GO_Biological_Process_2023,Establishment Of Protein Localization To Telomere (GO:0070200),2/5,0.1243247436595284,0.9999961907768526,0,0,4.579299488390397,9.54719025458613,TERT;BRCA2
GO_Biological_Process_2023,Gamma-Aminobutyric Acid Metabolic Process (GO:0009448),2/5,0.1243247436595284,0.9999961907768526,0,0,4.579299488390397,9.54719025458613,SLC38A1;GAD1
GO_Biological_Process_2023,Gastrulation With Mouth Forming Second (GO:0001702),2/5,0.1243247436595284,0.9999961907768526,0,0,4.579299488390397,9.54719025458613,NAT8B;LHX1
GO_Biological_Process_2023,Glomerular Epithelial Cell Differentiation (GO:0072311),2/5,0.1243247436595284,0.9999961907768526,0,0,4.579299488390397,9.54719025458613,WT1;CD24
GO_Biological_Process_2023,Guanine Nucleotide Transmembrane Transport (GO:1903790),2/5,0.1243247436595284,0.9999961907768526,0,0,4.579299488390397,9.54719025458613,SLC17A9;LRRC8E
GO_Biological_Process_2023,Heme Transport (GO:0015886),2/5,0.1243247436595284,0.9999961907768526,0,0,4.579299488390397,9.54719025458613,ABCC5;FLVCR1
GO_Biological_Process_2023,Hepatocyte Differentiation (GO:0070365),2/5,0.1243247436595284,0.9999961907768526,0,0,4.579299488390397,9.54719025458613,E2F7;E2F8
GO_Biological_Process_2023,Intracellular Phosphate Ion Homeostasis (GO:0030643),2/5,0.1243247436595284,0.9999961907768526,0,0,4.579299488390397,9.54719025458613,SLC34A3;SLC34A1
GO_Biological_Process_2023,Kidney Morphogenesis (GO:0060993),2/5,0.1243247436595284,0.9999961907768526,0,0,4.579299488390397,9.54719025458613,WNT7B;SOX4
GO_Biological_Process_2023,Mesenchymal To Epithelial Transition Involved In Metanephros Morphogenesis (GO:0003337),2/5,0.1243247436595284,0.9999961907768526,0,0,4.579299488390397,9.54719025458613,SIX2;PAX2
GO_Biological_Process_2023,Mesodermal Cell Fate Commitment (GO:0001710),2/5,0.1243247436595284,0.9999961907768526,0,0,4.579299488390397,9.54719025458613,SIX2;PAX2
GO_Biological_Process_2023,Metanephric Collecting Duct Development (GO:0072205),2/5,0.1243247436595284,0.9999961907768526,0,0,4.579299488390397,9.54719025458613,WNT7B;PAX2
GO_Biological_Process_2023,Negative Regulation Of Gene Expression Via CpG Island Methylation (GO:0044027),2/5,0.1243247436595284,0.9999961907768526,0,0,4.579299488390397,9.54719025458613,HELLS;UHRF1
GO_Biological_Process_2023,Negative Regulation Of Meiotic Cell Cycle (GO:0051447),2/5,0.1243247436595284,0.9999961907768526,0,0,4.579299488390397,9.54719025458613,FBXO5;FBXO43
GO_Biological_Process_2023,Negative Regulation Of Monocyte Chemotaxis (GO:0090027),2/5,0.1243247436595284,0.9999961907768526,0,0,4.579299488390397,9.54719025458613,GREM1;SLAMF8
GO_Biological_Process_2023,Neutrophil Degranulation (GO:0043312),2/5,0.1243247436595284,0.9999961907768526,0,0,4.579299488390397,9.54719025458613,VAMP8;STXBP2
GO_Biological_Process_2023,Peripheral Nervous System Neuron Development (GO:0048935),2/5,0.1243247436595284,0.9999961907768526,0,0,4.579299488390397,9.54719025458613,ISL2;POU4F1
GO_Biological_Process_2023,Positive Regulation Of Antigen Processing And Presentation (GO:0002579),2/5,0.1243247436595284,0.9999961907768526,0,0,4.579299488390397,9.54719025458613,SLC11A1;NOD2
GO_Biological_Process_2023,Positive Regulation Of Dendritic Cell Antigen Processing And Presentation (GO:0002606),2/5,0.1243247436595284,0.9999961907768526,0,0,4.579299488390397,9.54719025458613,SLC11A1;NOD2
GO_Biological_Process_2023,Positive Regulation Of Epithelial Cell Differentiation Involved In Kidney Development (GO:2000698),2/5,0.1243247436595284,0.9999961907768526,0,0,4.579299488390397,9.54719025458613,LHX1;PAX2
GO_Biological_Process_2023,Positive Regulation Of Natural Killer Cell Mediated Cytotoxicity Directed Against Tumor Cell Target (GO:0002860),2/5,0.1243247436595284,0.9999961907768526,0,0,4.579299488390397,9.54719025458613,IL12B;NECTIN2
GO_Biological_Process_2023,Positive Regulation Of Natural Killer Cell Mediated Immune Response To Tumor Cell (GO:0002857),2/5,0.1243247436595284,0.9999961907768526,0,0,4.579299488390397,9.54719025458613,IL12B;NECTIN2
GO_Biological_Process_2023,Positive Regulation Of Necroptotic Process (GO:0060545),2/5,0.1243247436595284,0.9999961907768526,0,0,4.579299488390397,9.54719025458613,PARP1;IGF2BP1
GO_Biological_Process_2023,Positive Regulation Of Nuclear Cell Cycle DNA Replication (GO:0010571),2/5,0.1243247436595284,0.9999961907768526,0,0,4.579299488390397,9.54719025458613,DBF4;CDC7
GO_Biological_Process_2023,Positive Regulation Of Programmed Necrotic Cell Death (GO:0062100),2/5,0.1243247436595284,0.9999961907768526,0,0,4.579299488390397,9.54719025458613,PARP1;IGF2BP1
GO_Biological_Process_2023,Purine Ribonucleoside Catabolic Process (GO:0046130),2/5,0.1243247436595284,0.9999961907768526,0,0,4.579299488390397,9.54719025458613,PNP;SORD
GO_Biological_Process_2023,Regulation Of NK T Cell Activation (GO:0051133),2/5,0.1243247436595284,0.9999961907768526,0,0,4.579299488390397,9.54719025458613,HSPH1;IL12B
GO_Biological_Process_2023,Regulation Of Endothelial Cell-Matrix Adhesion Via Fibronectin (GO:1904904),2/5,0.1243247436595284,0.9999961907768526,0,0,4.579299488390397,9.54719025458613,MMP12;GFUS
GO_Biological_Process_2023,Regulation Of Hydrogen Peroxide Metabolic Process (GO:0010310),2/5,0.1243247436595284,0.9999961907768526,0,0,4.579299488390397,9.54719025458613,MMP3;NOXO1
GO_Biological_Process_2023,Regulation Of Immunoglobulin Mediated Immune Response (GO:0002889),2/5,0.1243247436595284,0.9999961907768526,0,0,4.579299488390397,9.54719025458613,TNFSF4;NECTIN2
GO_Biological_Process_2023,Regulation Of Macrophage Apoptotic Process (GO:2000109),2/5,0.1243247436595284,0.9999961907768526,0,0,4.579299488390397,9.54719025458613,IRF7;NOD2
GO_Biological_Process_2023,Regulation Of Morphogenesis Of A Branching Structure (GO:0060688),2/5,0.1243247436595284,0.9999961907768526,0,0,4.579299488390397,9.54719025458613,GDNF;SIX2
GO_Biological_Process_2023,Regulation Of Tooth Mineralization (GO:0070170),2/5,0.1243247436595284,0.9999961907768526,0,0,4.579299488390397,9.54719025458613,TFAP2A;ASPN
GO_Biological_Process_2023,Renal Filtration Cell Differentiation (GO:0061318),2/5,0.1243247436595284,0.9999961907768526,0,0,4.579299488390397,9.54719025458613,WT1;CD24
GO_Biological_Process_2023,Response To Bile Acid (GO:1903412),2/5,0.1243247436595284,0.9999961907768526,0,0,4.579299488390397,9.54719025458613,CYP27B1;FGFR4
GO_Biological_Process_2023,Response To Gonadotropin (GO:0034698),2/5,0.1243247436595284,0.9999961907768526,0,0,4.579299488390397,9.54719025458613,WT1;SLC5A5
GO_Biological_Process_2023,Signal Complex Assembly (GO:0007172),2/5,0.1243247436595284,0.9999961907768526,0,0,4.579299488390397,9.54719025458613,SRC;MAPK8IP2
GO_Biological_Process_2023,Trigeminal Nerve Development (GO:0021559),2/5,0.1243247436595284,0.9999961907768526,0,0,4.579299488390397,9.54719025458613,TFAP2A;POU4F1
GO_Biological_Process_2023,Establishment Or Maintenance Of Epithelial Cell Apical/Basal Polarity (GO:0045197),8/40,0.1278294415846635,0.9999961907768526,0,0,1.7184418145956608,3.5349351545603103,CAMSAP3;PARD6B;DLG3;SYNE4;EZR;PRKCZ;CRB3;LLGL2
GO_Biological_Process_2023,Gonad Development (GO:0008406),10/53,0.1290332295272454,0.9999961907768526,0,0,1.5988027800475584,3.273844973577003,SIX4;IRX5;SRD5A2;BASP1;BIK;WT1;GATA4;GATA3;INHBA;TEX19
GO_Biological_Process_2023,Negative Regulation Of Cysteine-Type Endopeptidase Activity (GO:2000117),10/53,0.1290332295272454,0.9999961907768526,0,0,1.5988027800475584,3.273844973577003,CST2;CST1;ARL6IP1;SRC;LAMP3;IFI6;DPEP1;PAX2;CST5;CST4
GO_Biological_Process_2023,Glial Cell Differentiation (GO:0010001),7/34,0.1326177674499517,0.9999961907768526,0,0,1.7818962495618649,3.599936869983091,VCAN;CDH2;ERBB3;CDK5;METRN;HAPLN1;PAX2
GO_Biological_Process_2023,Regulation Of Interleukin-17 Production (GO:0032660),7/34,0.1326177674499517,0.9999961907768526,0,0,1.7818962495618649,3.599936869983091,SLC7A5;IFNG;TNFSF4;IL18;IL12B;NOD2;FOXP3
GO_Biological_Process_2023,Regulation Of Neuronal Synaptic Plasticity (GO:0048168),7/34,0.1326177674499517,0.9999961907768526,0,0,1.7818962495618649,3.599936869983091,RAB3A;CAMK2A;SHISA9;SHISA8;PPFIA3;SLC8A2;GRIN2D
GO_Biological_Process_2023,Positive Regulation Of Collagen Metabolic Process (GO:0010714),4/16,0.1363032203082607,0.9999961907768526,0,0,2.290271760535644,4.564221473239775,CREB3L1;F2R;SCX;SUCO
GO_Biological_Process_2023,Positive Regulation Of Stem Cell Proliferation (GO:2000648),4/16,0.1363032203082607,0.9999961907768526,0,0,2.290271760535644,4.564221473239775,TERT;EPCAM;HMGA2;SOX11
GO_Biological_Process_2023,Regulation Of Plasminogen Activation (GO:0010755),4/16,0.1363032203082607,0.9999961907768526,0,0,2.290271760535644,4.564221473239775,F12;HPN;SERPINE1;PLAUR
GO_Biological_Process_2023,Stabilization Of Membrane Potential (GO:0030322),4/16,0.1363032203082607,0.9999961907768526,0,0,2.290271760535644,4.564221473239775,KCNK6;KCNK9;KCNK15;KCNK1
GO_Biological_Process_2023,Negative Regulation Of G2/M Transition Of Mitotic Cell Cycle (GO:0010972),6/28,0.1364950190881898,0.9999961907768526,0,0,1.874260938115885,3.732529098568331,BARD1;DEPDC1B;CHEK1;CHMP4C;BRCA1;AURKB
GO_Biological_Process_2023,Fc Receptor Mediated Stimulatory Signaling Pathway (GO:0002431),5/22,0.1384591970468989,0.9999961907768526,0,0,2.021044824549205,3.995968603684179,VAV3;PLPP4;SRC;LIMK1;VAV2
GO_Biological_Process_2023,Acetylcholine Receptor Signaling Pathway (GO:0095500),5/22,0.1384591970468989,0.9999961907768526,0,0,2.021044824549205,3.995968603684179,CHRNA3;LYPD1;LY6H;RGS8;CDK5R1
GO_Biological_Process_2023,Homologous Chromosome Segregation (GO:0045143),5/22,0.1384591970468989,0.9999961907768526,0,0,2.021044824549205,3.995968603684179,PTTG1;FANCD2;MND1;MEIKIN;PTTG3P
GO_Biological_Process_2023,Oligosaccharide Biosynthetic Process (GO:0009312),5/22,0.1384591970468989,0.9999961907768526,0,0,2.021044824549205,3.995968603684179,FUT5;FUT7;FUT2;B4GALNT2;FUT3
GO_Biological_Process_2023,Regulation Of Neural Precursor Cell Proliferation (GO:2000177),5/22,0.1384591970468989,0.9999961907768526,0,0,2.021044824549205,3.995968603684179,TRIM71;DISP3;SIX3;INSM1;SHCBP1
GO_Biological_Process_2023,Regulation Of Regulatory T Cell Differentiation (GO:0045589),5/22,0.1384591970468989,0.9999961907768526,0,0,2.021044824549205,3.995968603684179,IL4I1;LAG3;TNFSF4;SOX12;FOXP3
GO_Biological_Process_2023,Monoatomic Anion Transmembrane Transport (GO:0098656),10/54,0.1413620036920942,0.9999961907768526,0,0,1.5623766285037506,3.056682501956807,SLC12A3;SLC4A8;SLC12A5;GABRA5;SLC12A1;ANO9;ANO7;SLC12A8;LRRC8E;SLC5A5
GO_Biological_Process_2023,Synaptic Vesicle Exocytosis (GO:0016079),8/41,0.1421497906768951,0.9999961907768526,0,0,1.6662721893491124,3.2506869468868635,SYT5;RIMS4;RAB3A;UNC13A;CDK5;CPLX2;STX1A;CPLX3
GO_Biological_Process_2023,Regulation Of Postsynaptic Membrane Potential (GO:0060078),7/35,0.1486555124859625,0.9999961907768526,0,0,1.7181585173501577,3.275022578470363,CHRNA3;GABRA5;FOXM1;MAPK8IP2;INSYN2A;DRD4;GRIN2D
GO_Biological_Process_2023,Skin Development (GO:0043588),12/68,0.1490912456605067,0.9999961907768526,0,0,1.473246034881752,2.8038771001377034,DSP;COL1A1;ST14;COL3A1;COL1A2;COL5A1;SLC2A10;CASP3;COL5A2;EVPL;POU2F3;S100A7
GO_Biological_Process_2023,Cellular Response To Acetylcholine (GO:1905145),3/11,0.1554080349212123,0.9999961907768526,0,0,2.57613188976378,4.795987669820873,CHRNA3;LYPD1;LY6H
GO_Biological_Process_2023,Cytidine To Uridine Editing (GO:0016554),3/11,0.1554080349212123,0.9999961907768526,0,0,2.57613188976378,4.795987669820873,RBM47;APOBEC3A;APOBEC3B
GO_Biological_Process_2023,Ganglion Development (GO:0061548),3/11,0.1554080349212123,0.9999961907768526,0,0,2.57613188976378,4.795987669820873,NELL2;TUBB3;INSM1
GO_Biological_Process_2023,Nucleotide-Binding Oligomerization Domain Containing Signaling Pathway (GO:0070423),3/11,0.1554080349212123,0.9999961907768526,0,0,2.57613188976378,4.795987669820873,RIPK2;NOD2;INAVA
GO_Biological_Process_2023,Phasic Smooth Muscle Contraction (GO:0014821),3/11,0.1554080349212123,0.9999961907768526,0,0,2.57613188976378,4.795987669820873,EDN2;GDNF;HTR1D
GO_Biological_Process_2023,Podocyte Differentiation (GO:0072112),3/11,0.1554080349212123,0.9999961907768526,0,0,2.57613188976378,4.795987669820873,NPHS1;WT1;CD24
GO_Biological_Process_2023,Positive Regulation Of Coagulation (GO:0050820),3/11,0.1554080349212123,0.9999961907768526,0,0,2.57613188976378,4.795987669820873,F12;F2R;SERPINE1
GO_Biological_Process_2023,Positive Regulation Of Hemostasis (GO:1900048),3/11,0.1554080349212123,0.9999961907768526,0,0,2.57613188976378,4.795987669820873,F12;F2R;SERPINE1
GO_Biological_Process_2023,Positive Regulation Of Muscle Contraction (GO:0045933),3/11,0.1554080349212123,0.9999961907768526,0,0,2.57613188976378,4.795987669820873,F2R;NMU;CACNG1
GO_Biological_Process_2023,Positive Regulation Of Protein Maturation (GO:1903319),3/11,0.1554080349212123,0.9999961907768526,0,0,2.57613188976378,4.795987669820873,TFR2;SOX4;NKD2
GO_Biological_Process_2023,Regulation Of Lipid Kinase Activity (GO:0043550),3/11,0.1554080349212123,0.9999961907768526,0,0,2.57613188976378,4.795987669820873,RBL1;EEF1A2;PIK3R2
GO_Biological_Process_2023,Amino Acid Transmembrane Transport (GO:0003333),8/42,0.157225150658162,0.9999961907768526,0,0,1.6171713655876552,2.9918906110906818,SLC7A5;SLC38A1;SLC7A13;SFXN1;SLC7A11;SLC25A22;LRRC8E;SLC38A5
GO_Biological_Process_2023,Negative Regulation Of Lymphocyte Activation (GO:0051250),5/23,0.1594818579901637,0.9999961907768526,0,0,1.908655109009719,3.503956968263441,IL4I1;FOXJ1;ILDR2;SOX11;TIGIT
GO_Biological_Process_2023,Potassium Ion Homeostasis (GO:0055075),5/23,0.1594818579901637,0.9999961907768526,0,0,1.908655109009719,3.503956968263441,SLC12A3;SLC12A5;SLC12A1;ATP1A3;SLC12A8
GO_Biological_Process_2023,Protein Localization To Cell Junction (GO:1902414),5/23,0.1594818579901637,0.9999961907768526,0,0,1.908655109009719,3.503956968263441,DSP;NPHS1;MARVELD3;TJP3;SHANK1
GO_Biological_Process_2023,Nicotinamide Nucleotide Metabolic Process (GO:0046496),4/17,0.1612868468570828,0.9999961907768526,0,0,2.113975823310207,3.857098647417109,IDH2;QPRT;KMO;NOX1
GO_Biological_Process_2023,Purine-Containing Compound Biosynthetic Process (GO:0072522),4/17,0.1612868468570828,0.9999961907768526,0,0,2.113975823310207,3.857098647417109,PNP;PPAT;HPRT1;PAICS
GO_Biological_Process_2023,Regulation Of Cartilage Development (GO:0061035),4/17,0.1612868468570828,0.9999961907768526,0,0,2.113975823310207,3.857098647417109,TRPS1;MBOAT2;SCX;BMPR1B
GO_Biological_Process_2023,Regulation Of Single Stranded Viral RNA Replication Via Double Stranded DNA Intermediate (GO:0045091),4/17,0.1612868468570828,0.9999961907768526,0,0,2.113975823310207,3.857098647417109,TOP2A;HMGA2;APOBEC3A;APOBEC3B
GO_Biological_Process_2023,Sensory Perception Of Taste (GO:0050909),4/17,0.1612868468570828,0.9999961907768526,0,0,2.113975823310207,3.857098647417109,CALHM1;ITPR3;ASIC3;TAS1R3
GO_Biological_Process_2023,Negative Regulation Of DNA Metabolic Process (GO:0051053),9/49,0.1633557389226943,0.9999961907768526,0,0,1.546497632202052,2.801983086190839,H1-5;H1-4;BLM;H1-6;MCIDAS;CDC6;S100A11;H1-3;H1-2
GO_Biological_Process_2023,DNA Repair (GO:0006281),43/291,0.1644128967850565,0.9999961907768526,0,0,1.1935274193548386,2.1547637911201054,H2AX;FEN1;BLM;PCNA;RNASEH2A;CDCA5;HUS1B;BRCA1;BRCA2;MACROH2A1;RECQL4;RAD51AP1;EME1;EXO1;RAD21;CHEK1;BARD1;FANCI;WDHD1;POLQ;RMI2;RFC4;PARP1;CENPX;LIG1;RFC2;XRCC2;HMGA2;LIG3;FANCB;TRAIP;TICRR;DEPDC1B;NEIL3;RAD51;FANCD2;UBE2T;POLE2;TIMELESS;CDK1;DNA2;TRIP13;RHNO1
GO_Biological_Process_2023,Regulation Of Mitotic Cell Cycle (GO:0007346),20/125,0.1648936592579215,0.9999961907768526,0,0,1.3100050959741805,2.3612245831436325,FOXA1;CDCA2;PLK1;ASNS;MKI67;CDC25C;FBXO43;PKMYT1;AURKA;CDC20;CCNB1;MCIDAS;CKS2;RCC1;NEK2;FBXO5;TTLL12;KIF20B;DLGAP5;MAD2L1
GO_Biological_Process_2023,Base-Excision Repair (GO:0006284),7/36,0.1655527835032425,0.9999961907768526,0,0,1.6588164908082237,2.9833237343252192,POLQ;FEN1;NEIL3;LIG1;HMGA2;LIG3;DNA2
GO_Biological_Process_2023,Interstrand Cross-Link Repair (GO:0036297),7/36,0.1655527835032425,0.9999961907768526,0,0,1.6588164908082237,2.9833237343252192,RAD51AP1;FANCI;NEIL3;RAD51;CENPX;FANCD2;FANCB
GO_Biological_Process_2023,Telomere Organization (GO:0032200),11/63,0.1708993165762638,0.9999961907768526,0,0,1.4541180580872524,2.568962291058084,RECQL4;BLM;H4C9;PARP1;TERT;ACTL6A;H3C1;HUS1B;DNA2;H3-3A;EZH2
GO_Biological_Process_2023,'De Novo' AMP Biosynthetic Process (GO:0044208),2/6,0.171245629315207,0.9999961907768526,0,0,3.4342778433687524,6.060320116090276,ADSS2;PAICS
GO_Biological_Process_2023,GMP Biosynthetic Process (GO:0006177),2/6,0.171245629315207,0.9999961907768526,0,0,3.4342778433687524,6.060320116090276,HPRT1;PAICS
GO_Biological_Process_2023,Angiotensin-Activated Signaling Pathway (GO:0038166),2/6,0.171245629315207,0.9999961907768526,0,0,3.4342778433687524,6.060320116090276,SRC;CAMK2A
GO_Biological_Process_2023,Auditory Receptor Cell Morphogenesis (GO:0002093),2/6,0.171245629315207,0.9999961907768526,0,0,3.4342778433687524,6.060320116090276,PLS1;TPRN
GO_Biological_Process_2023,Auditory Receptor Cell Stereocilium Organization (GO:0060088),2/6,0.171245629315207,0.9999961907768526,0,0,3.4342778433687524,6.060320116090276,PLS1;TPRN
GO_Biological_Process_2023,Cellular Response To Gonadotropin Stimulus (GO:0071371),2/6,0.171245629315207,0.9999961907768526,0,0,3.4342778433687524,6.060320116090276,WT1;SLC5A5
GO_Biological_Process_2023,Cellular Response To Interleukin-9 (GO:0071355),2/6,0.171245629315207,0.9999961907768526,0,0,3.4342778433687524,6.060320116090276,STAT1;IL9R
GO_Biological_Process_2023,Desmosome Organization (GO:0002934),2/6,0.171245629315207,0.9999961907768526,0,0,3.4342778433687524,6.060320116090276,DSP;PKP3
GO_Biological_Process_2023,Epithelial Cell Differentiation Involved In Kidney Development (GO:0035850),2/6,0.171245629315207,0.9999961907768526,0,0,3.4342778433687524,6.060320116090276,SIX2;PAX2
GO_Biological_Process_2023,Exocrine System Development (GO:0035272),2/6,0.171245629315207,0.9999961907768526,0,0,3.4342778433687524,6.060320116090276,IGSF3;RAB26
GO_Biological_Process_2023,Free Ubiquitin Chain Polymerization (GO:0010994),2/6,0.171245629315207,0.9999961907768526,0,0,3.4342778433687524,6.060320116090276,UBE2C;UBE2S
GO_Biological_Process_2023,Galactose Metabolic Process (GO:0006012),2/6,0.171245629315207,0.9999961907768526,0,0,3.4342778433687524,6.060320116090276,SLC35A2;GALE
GO_Biological_Process_2023,Interleukin-9-Mediated Signaling Pathway (GO:0038113),2/6,0.171245629315207,0.9999961907768526,0,0,3.4342778433687524,6.060320116090276,STAT1;IL9R
GO_Biological_Process_2023,Lymphocyte Migration Into Lymphoid Organs (GO:0097021),2/6,0.171245629315207,0.9999961907768526,0,0,3.4342778433687524,6.060320116090276,RET;FUT7
GO_Biological_Process_2023,Metanephric Nephron Tubule Development (GO:0072234),2/6,0.171245629315207,0.9999961907768526,0,0,3.4342778433687524,6.060320116090276,WNT7B;PAX2
GO_Biological_Process_2023,Negative Regulation Of Lymphocyte Differentiation (GO:0045620),2/6,0.171245629315207,0.9999961907768526,0,0,3.4342778433687524,6.060320116090276,IFNL1;INHBA
GO_Biological_Process_2023,Negative Regulation Of Response To Reactive Oxygen Species (GO:1901032),2/6,0.171245629315207,0.9999961907768526,0,0,3.4342778433687524,6.060320116090276,PYCR1;GPR37L1
GO_Biological_Process_2023,Negative Regulation Of Retinoic Acid Receptor Signaling Pathway (GO:0048387),2/6,0.171245629315207,0.9999961907768526,0,0,3.4342778433687524,6.060320116090276,PRAME;EZH2
GO_Biological_Process_2023,Nose Development (GO:0043584),2/6,0.171245629315207,0.9999961907768526,0,0,3.4342778433687524,6.060320116090276,SIX4;STRA6
GO_Biological_Process_2023,Nucleotide Transport (GO:0006862),2/6,0.171245629315207,0.9999961907768526,0,0,3.4342778433687524,6.060320116090276,ABCC5;ABCC11
GO_Biological_Process_2023,Nucleotide-Binding Oligomerization Domain Containing 2 Signaling Pathway (GO:0070431),2/6,0.171245629315207,0.9999961907768526,0,0,3.4342778433687524,6.060320116090276,RIPK2;NOD2
GO_Biological_Process_2023,Parallel Actin Filament Bundle Assembly (GO:0030046),2/6,0.171245629315207,0.9999961907768526,0,0,3.4342778433687524,6.060320116090276,SPIRE2;ESPN
GO_Biological_Process_2023,Positive Regulation Of Catecholamine Secretion (GO:0033605),2/6,0.171245629315207,0.9999961907768526,0,0,3.4342778433687524,6.060320116090276,GDNF;STX1A
GO_Biological_Process_2023,Positive Regulation Of Gastrulation (GO:2000543),2/6,0.171245629315207,0.9999961907768526,0,0,3.4342778433687524,6.060320116090276,LHX1;SCX
GO_Biological_Process_2023,Positive Regulation Of Hormone Metabolic Process (GO:0032352),2/6,0.171245629315207,0.9999961907768526,0,0,3.4342778433687524,6.060320116090276,HPN;GATA3
GO_Biological_Process_2023,Positive Regulation Of Interleukin-5 Production (GO:0032754),2/6,0.171245629315207,0.9999961907768526,0,0,3.4342778433687524,6.060320116090276,GATA3;PRKCZ
GO_Biological_Process_2023,Positive Regulation Of Lymphocyte Apoptotic Process (GO:0070230),2/6,0.171245629315207,0.9999961907768526,0,0,3.4342778433687524,6.060320116090276,PDCD1;IDO1
GO_Biological_Process_2023,Positive Regulation Of Spindle Assembly (GO:1905832),2/6,0.171245629315207,0.9999961907768526,0,0,3.4342778433687524,6.060320116090276,STIL;SPAG5
GO_Biological_Process_2023,Positive Regulation Of Synaptic Plasticity (GO:0031915),2/6,0.171245629315207,0.9999961907768526,0,0,3.4342778433687524,6.060320116090276,CDC20;CPLX2
GO_Biological_Process_2023,Regulation Of MHC Class I Biosynthetic Process (GO:0045343),2/6,0.171245629315207,0.9999961907768526,0,0,3.4342778433687524,6.060320116090276,HSPH1;IFNL1
GO_Biological_Process_2023,Regulation Of T-helper 1 Cell Differentiation (GO:0045625),2/6,0.171245629315207,0.9999961907768526,0,0,3.4342778433687524,6.060320116090276,CD80;TNFSF4
GO_Biological_Process_2023,Regulation Of Blood-Brain Barrier Permeability (GO:1905603),2/6,0.171245629315207,0.9999961907768526,0,0,3.4342778433687524,6.060320116090276,OCLN;TJP3
GO_Biological_Process_2023,Skeletal Muscle Cell Differentiation (GO:0035914),2/6,0.171245629315207,0.9999961907768526,0,0,3.4342778433687524,6.060320116090276,MYLK2;SIX4
GO_Biological_Process_2023,Type B Pancreatic Cell Development (GO:0003323),2/6,0.171245629315207,0.9999961907768526,0,0,3.4342778433687524,6.060320116090276,CDH2;NKX6-1
GO_Biological_Process_2023,Positive Regulation Of Biomineral Tissue Development (GO:0070169),8/43,0.1730177970566496,0.9999961907768526,0,0,1.5708763031839954,2.755883834055992,FBN2;TFAP2A;CCNA2;CYP27B1;ISG15;FBXO5;BMPR1B;ODAPH
GO_Biological_Process_2023,Intrinsic Apoptotic Signaling Pathway In Response To Endoplasmic Reticulum Stress (GO:0070059),6/30,0.1738811110173388,0.9999961907768526,0,0,1.7178754434371304,3.00522292714692,BRSK2;ATP2A1;TRAF2;TRIB3;BAK1;CHAC1
GO_Biological_Process_2023,Positive Regulation Of Cell Communication (GO:0010647),6/30,0.1738811110173388,0.9999961907768526,0,0,1.7178754434371304,3.00522292714692,RIMS4;CD80;NMU;KCTD13;SOX11;GATA3
GO_Biological_Process_2023,Regulation Of Dendritic Spine Morphogenesis (GO:0061001),6/30,0.1738811110173388,0.9999961907768526,0,0,1.7178754434371304,3.00522292714692,CDK5;KIF1A;LRP8;SRCIN1;TANC2;CDK5R1
GO_Biological_Process_2023,Cell Morphogenesis Involved In Neuron Differentiation (GO:0048667),13/77,0.1745552694713763,0.9999961907768526,0,0,1.3964241600790517,2.437477721658042,BRSK1;BRSK2;RAB3A;APLP1;MAPK8IP2;POU4F1;PAX2;SHTN1;ISL2;PARD6B;CDK5;TRIM46;MFSD2A
GO_Biological_Process_2023,Supramolecular Fiber Organization (GO:0097435),46/316,0.1814932445526178,0.9999961907768526,0,0,1.1726694255328616,2.0012035829265096,COL11A1;COL12A1;KIF14;SCX;STMND1;KRT86;LOXL1;RND1;ADAMTS14;STMN1;XIRP1;RAC3;PRSS8;FSD1;CAMP;DSP;NAT8B;MARCKSL1;KRT3;TPM3;KRT2;SHROOM2;KIF24;KRT78;P3H4;MYO19;ERMN;COL1A1;GREM1;COL3A1;KRT19;BFSP2;KIF18A;COL1A2;KIF18B;COL5A1;HOOK1;MYO5B;KRT37;COL5A2;TLL2;KIF2C;EPPK1;EVL;INA;MYH6
GO_Biological_Process_2023,Gliogenesis (GO:0042063),5/24,0.1816972148760252,0.9999961907768526,0,0,1.8080958898428103,3.0835513782165846,VCAN;CDH2;METRN;HAPLN1;PAX2
GO_Biological_Process_2023,Positive Regulation Of BMP Signaling Pathway (GO:0030513),5/24,0.1816972148760252,0.9999961907768526,0,0,1.8080958898428103,3.0835513782165846,CCNA2;SCUBE3;FOXD1;SOX11;SULF1
GO_Biological_Process_2023,Regulation Of AMPA Receptor Activity (GO:2000311),5/24,0.1816972148760252,0.9999961907768526,0,0,1.8080958898428103,3.0835513782165846,MAPK8IP2;SHISA9;SHISA8;CACNG4;SHANK1
GO_Biological_Process_2023,Positive Regulation Of Interleukin-1 Beta Production (GO:0032731),10/57,0.1817822194993373,0.9999961907768526,0,0,1.462398467883512,2.4933102786464314,PYCARD;GBP5;ORM1;AIM2;IFNG;RIPK2;CLEC7A;PYDC1;NOD2;INAVA
GO_Biological_Process_2023,Negative Regulation Of Transferase Activity (GO:0051348),7/37,0.1832537859029954,0.9999961907768526,0,0,1.6034305993690852,2.720834572557985,CDC20;PIF1;SRC;LIMK1;BUB1B;FBXO5;MAD2L1
GO_Biological_Process_2023,Positive Regulation Of T Cell Differentiation (GO:0045582),11/64,0.1842016905953636,0.9999961907768526,0,0,1.4265998986556976,2.4134132543711546,IL4I1;PNP;TNFSF4;ACTL6A;LEF1;IL12B;ADAM8;SOX12;GATA3;FOXP3;SOX4
GO_Biological_Process_2023,T-helper Cell Differentiation (GO:0042093),4/18,0.1877695202886242,0.9999961907768526,0,0,1.962865019974118,3.28297030793517,LEF1;MYB;IL12B;GATA3
GO_Biological_Process_2023,Cellular Response To Inorganic Substance (GO:0071241),4/18,0.1877695202886242,0.9999961907768526,0,0,1.962865019974118,3.28297030793517,BLM;MMP3;TIMELESS;DPEP1
GO_Biological_Process_2023,Excitatory Postsynaptic Potential (GO:0060079),4/18,0.1877695202886242,0.9999961907768526,0,0,1.962865019974118,3.28297030793517,CHRNA3;FOXM1;MAPK8IP2;GRIN2D
GO_Biological_Process_2023,Maintenance Of Gastrointestinal Epithelium (GO:0030277),4/18,0.1877695202886242,0.9999961907768526,0,0,1.962865019974118,3.28297030793517,MUC2;VSIG1;NOD2;INAVA
GO_Biological_Process_2023,Positive Regulation Of Interleukin-4 Production (GO:0032753),4/18,0.1877695202886242,0.9999961907768526,0,0,1.962865019974118,3.28297030793517,SLC7A5;TNFSF4;GATA3;PRKCZ
GO_Biological_Process_2023,Positive Regulation Of Monocyte Chemotaxis (GO:0090026),4/18,0.1877695202886242,0.9999961907768526,0,0,1.962865019974118,3.28297030793517,CXCL10;SERPINE1;S100A14;S100A7
GO_Biological_Process_2023,Regulation Of Adaptive Immune Response (GO:0002819),4/18,0.1877695202886242,0.9999961907768526,0,0,1.962865019974118,3.28297030793517,PYCARD;IL4I1;TNFSF4;IRF7
GO_Biological_Process_2023,Regulation Of Cell Cycle G2/M Phase Transition (GO:1902749),4/18,0.1877695202886242,0.9999961907768526,0,0,1.962865019974118,3.28297030793517,CENPF;KIF14;MACROH2A1;AURKA
GO_Biological_Process_2023,Regulation Of Collagen Biosynthetic Process (GO:0032965),4/18,0.1877695202886242,0.9999961907768526,0,0,1.962865019974118,3.28297030793517,CREB3L1;F2R;SCX;SUCO
GO_Biological_Process_2023,Regulation Of Establishment Or Maintenance Of Cell Polarity (GO:0032878),4/18,0.1877695202886242,0.9999961907768526,0,0,1.962865019974118,3.28297030793517,SHTN1;CYRIB;KIF20B;LLGL2
GO_Biological_Process_2023,Ureteric Bud Development (GO:0001657),4/18,0.1877695202886242,0.9999961907768526,0,0,1.962865019974118,3.28297030793517,WT1;LHX1;FOXJ1;NPNT
GO_Biological_Process_2023,DNA Deamination (GO:0045006),3/12,0.1886581198407688,0.9999961907768526,0,0,2.289763779527559,3.818911059982605,EXOSC4;APOBEC3A;APOBEC3B
GO_Biological_Process_2023,DNA Strand Elongation (GO:0022616),3/12,0.1886581198407688,0.9999961907768526,0,0,2.289763779527559,3.818911059982605,RFC4;TERT;MCM4
GO_Biological_Process_2023,"Base-Excision Repair, Gap-Filling (GO:0006287)",3/12,0.1886581198407688,0.9999961907768526,0,0,2.289763779527559,3.818911059982605,FEN1;LIG1;LIG3
GO_Biological_Process_2023,Cardiac Right Ventricle Morphogenesis (GO:0003215),3/12,0.1886581198407688,0.9999961907768526,0,0,2.289763779527559,3.818911059982605,GATA4;GATA3;SOX4
GO_Biological_Process_2023,Lipid Droplet Formation (GO:0140042),3/12,0.1886581198407688,0.9999961907768526,0,0,2.289763779527559,3.818911059982605,CDS1;SQLE;SMIM22
GO_Biological_Process_2023,Phosphate Ion Homeostasis (GO:0055062),3/12,0.1886581198407688,0.9999961907768526,0,0,2.289763779527559,3.818911059982605,SLC34A3;SLC34A1;FGFR4
GO_Biological_Process_2023,Positive Regulation Of T-helper 1 Type Immune Response (GO:0002827),3/12,0.1886581198407688,0.9999961907768526,0,0,2.289763779527559,3.818911059982605,SLC11A1;IL18;IL12B
GO_Biological_Process_2023,Response To Muramyl Dipeptide (GO:0032495),3/12,0.1886581198407688,0.9999961907768526,0,0,2.289763779527559,3.818911059982605,RIPK2;NOD2;INAVA
GO_Biological_Process_2023,Spinal Cord Development (GO:0021510),3/12,0.1886581198407688,0.9999961907768526,0,0,2.289763779527559,3.818911059982605,SOX11;SOX12;SOX4
GO_Biological_Process_2023,"Negative Regulation Of Gene Expression, Epigenetic (GO:0045814)",9/51,0.193628443054298,0.9999961907768526,0,0,1.4726857593866276,2.4178763894365183,HELLS;UHRF1;CBX3;CHEK1;HMGA2;MACROH2A1;LMNB2;LMNB1;EZH2
GO_Biological_Process_2023,Regulated Exocytosis (GO:0045055),9/51,0.193628443054298,0.9999961907768526,0,0,1.4726857593866276,2.4178763894365183,RAB3A;RAB31;CDK5;RAB26;SYT13;SYNGR3;CPLX2;STX1A;CPLX3
GO_Biological_Process_2023,Endodermal Cell Differentiation (GO:0035987),6/31,0.1939855879117238,0.9999961907768526,0,0,1.6490658257784785,2.704420810441863,COL11A1;COL12A1;FN1;HMGA2;INHBA;MMP9
GO_Biological_Process_2023,Positive Regulation Of Extrinsic Apoptotic Signaling Pathway (GO:2001238),6/31,0.1939855879117238,0.9999961907768526,0,0,1.6490658257784785,2.704420810441863,RET;PYCARD;TNFRSF12A;PMAIP1;TRAF2;INHBA
GO_Biological_Process_2023,Eye Development (GO:0001654),10/58,0.1963194649769591,0.9999961907768526,0,0,1.4318495854717723,2.3310683406811656,FBN2;COL5A1;WT1;SIX3;COL5A2;SHROOM2;BMPR1B;SIPA1L3;PAX2;STRA6
GO_Biological_Process_2023,Regulation Of Neurotransmitter Secretion (GO:0046928),7/38,0.2016969216676784,0.9999961907768526,0,0,1.5516179912486008,2.484123485260624,CHRNA3;RIMS4;CHRNB4;FER1L4;CAMK2A;CPLX2;CPLX3
GO_Biological_Process_2023,Response To cAMP (GO:0051591),7/38,0.2016969216676784,0.9999961907768526,0,0,1.5516179912486008,2.484123485260624,VGF;STAT1;WT1;AQP9;EZR;HCN2;SLC5A5
GO_Biological_Process_2023,Carbohydrate Biosynthetic Process (GO:0016051),5/25,0.204968627075019,0.9999961907768526,0,0,1.7175925925925926,2.722209666339414,FUT5;FUT7;FUT2;B4GALNT2;FUT3
GO_Biological_Process_2023,Negative Regulation Of Response To Wounding (GO:1903035),5/25,0.204968627075019,0.9999961907768526,0,0,1.7175925925925926,2.722209666339414,RTN4R;CLDN3;SERPINE1;EPPK1;CERS2
GO_Biological_Process_2023,Osteoclast Differentiation (GO:0030316),5/25,0.204968627075019,0.9999961907768526,0,0,1.7175925925925926,2.722209666339414,DCSTAMP;ATP6AP1;SRC;TNFSF11;OSCAR
GO_Biological_Process_2023,Positive Regulation Of T Cell Migration (GO:2000406),5/25,0.204968627075019,0.9999961907768526,0,0,1.7175925925925926,2.722209666339414,PYCARD;CXCL10;CCL20;CXCL13;S100A7
GO_Biological_Process_2023,Regulation Of Chondrocyte Differentiation (GO:0032330),5/25,0.204968627075019,0.9999961907768526,0,0,1.7175925925925926,2.722209666339414,GREM1;TRPS1;MBOAT2;BMPR1B;NKX3-2
GO_Biological_Process_2023,Regulation Of Postsynapse Organization (GO:0099175),5/25,0.204968627075019,0.9999961907768526,0,0,1.7175925925925926,2.722209666339414,CDK5;KIF1A;SRCIN1;TANC2;CDK5R1
GO_Biological_Process_2023,Regulation Of Protein Processing (GO:0070613),5/25,0.204968627075019,0.9999961907768526,0,0,1.7175925925925926,2.722209666339414,NLRP7;PLAUR;ADAM8;CHAC1;NKD2
GO_Biological_Process_2023,Negative Regulation Of Innate Immune Response (GO:0045824),9/52,0.2096022322612981,0.9999961907768526,0,0,1.4383546557515463,2.247491971895031,PARP1;OAS3;SLAMF8;SUSD4;ACOD1;ISG15;TTLL12;YWHAZ;AURKB
GO_Biological_Process_2023,Positive Regulation Of Peptidyl-Tyrosine Phosphorylation (GO:0050731),20/130,0.2125935610021543,0.9999961907768526,0,0,1.250099088386841,1.9356198013510195,IL11;IL20;EPO;RIPK2;SRC;CD80;TNFRSF18;IL18;PTK6;SRCIN1;LRP8;GREM1;IFNL1;DLG3;IFNG;ERBB3;IL12B;AMH;FCGR1A;FGFR3
GO_Biological_Process_2023,Heterochromatin Formation (GO:0031507),6/32,0.2149109060986314,0.9999961907768526,0,0,1.5855492556320303,2.437832285218632,UHRF1;CBX3;HMGA2;LMNB2;LMNB1;EZH2
GO_Biological_Process_2023,Positive Regulation Of Telomere Maintenance Via Telomerase (GO:0032212),6/32,0.2149109060986314,0.9999961907768526,0,0,1.5855492556320303,2.437832285218632,CCT3;PKIB;NEK2;MAPK15;AURKB;CCT5
GO_Biological_Process_2023,Regulation Of Metaphase/Anaphase Transition Of Cell Cycle (GO:1902099),6/32,0.2149109060986314,0.9999961907768526,0,0,1.5855492556320303,2.437832285218632,CENPE;UBE2C;DPF1;ACTL6A;PLK1;CDC6
GO_Biological_Process_2023,Neuron Apoptotic Process (GO:0051402),4/19,0.2155107272927142,0.9999961907768526,0,0,1.831902323749508,2.8115021845507786,CDK5;ERBB3;GAPDH;CIT
GO_Biological_Process_2023,Nucleotide Biosynthetic Process (GO:0009165),4/19,0.2155107272927142,0.9999961907768526,0,0,1.831902323749508,2.8115021845507786,RRM2;PNP;PPAT;HPRT1
GO_Biological_Process_2023,Phosphate Ion Transport (GO:0006817),4/19,0.2155107272927142,0.9999961907768526,0,0,1.831902323749508,2.8115021845507786,SLC34A3;SLC37A1;SLC20A1;SLC34A1
GO_Biological_Process_2023,Positive Regulation Of Activated T Cell Proliferation (GO:0042104),4/19,0.2155107272927142,0.9999961907768526,0,0,1.831902323749508,2.8115021845507786,PYCARD;IL18;IL12B;CD24
GO_Biological_Process_2023,Positive Regulation Of Alpha-Beta T Cell Activation (GO:0046635),4/19,0.2155107272927142,0.9999961907768526,0,0,1.831902323749508,2.8115021845507786,HSPH1;PNP;TNFSF4;IL12B
GO_Biological_Process_2023,Positive Regulation Of Hormone Secretion (GO:0046887),4/19,0.2155107272927142,0.9999961907768526,0,0,1.831902323749508,2.8115021845507786,VAMP8;TFR2;ILDR1;SOX11
GO_Biological_Process_2023,Purine Ribonucleotide Transport (GO:0015868),4/19,0.2155107272927142,0.9999961907768526,0,0,1.831902323749508,2.8115021845507786,CALHM1;SLC17A9;ABCC5;LRRC8E
GO_Biological_Process_2023,Regulation Of Transcription Involved In G1/S Transition Of Mitotic Cell Cycle (GO:0000083),4/19,0.2155107272927142,0.9999961907768526,0,0,1.831902323749508,2.8115021845507786,CDK5;E2F1;E2F2;E2F7
GO_Biological_Process_2023,IMP Biosynthetic Process (GO:0006188),2/7,0.2203949967615671,0.9999961907768526,0,0,2.7472648563557653,4.154781781907809,HPRT1;PAICS
GO_Biological_Process_2023,Aromatic Amino Acid Transport (GO:0015801),2/7,0.2203949967615671,0.9999961907768526,0,0,2.7472648563557653,4.154781781907809,SLC7A5;SLC38A5
GO_Biological_Process_2023,Cellular Response To Nitric Oxide (GO:0071732),2/7,0.2203949967615671,0.9999961907768526,0,0,2.7472648563557653,4.154781781907809,MMP3;DPEP1
GO_Biological_Process_2023,Cellular Response To Reactive Nitrogen Species (GO:1902170),2/7,0.2203949967615671,0.9999961907768526,0,0,2.7472648563557653,4.154781781907809,MMP3;DPEP1
GO_Biological_Process_2023,Collecting Duct Development (GO:0072044),2/7,0.2203949967615671,0.9999961907768526,0,0,2.7472648563557653,4.154781781907809,WNT7B;PAX2
GO_Biological_Process_2023,Cyclic Nucleotide Transport (GO:0070729),2/7,0.2203949967615671,0.9999961907768526,0,0,2.7472648563557653,4.154781781907809,ABCC5;LRRC8E
GO_Biological_Process_2023,Establishment Of Planar Polarity (GO:0001736),2/7,0.2203949967615671,0.9999961907768526,0,0,2.7472648563557653,4.154781781907809,BRSK2;CELSR1
GO_Biological_Process_2023,Foam Cell Differentiation (GO:0090077),2/7,0.2203949967615671,0.9999961907768526,0,0,2.7472648563557653,4.154781781907809,STAT1;SAMD1
GO_Biological_Process_2023,Inhibitory Postsynaptic Potential (GO:0060080),2/7,0.2203949967615671,0.9999961907768526,0,0,2.7472648563557653,4.154781781907809,DRD4;INSYN2A
GO_Biological_Process_2023,Intracellular pH Elevation (GO:0051454),2/7,0.2203949967615671,0.9999961907768526,0,0,2.7472648563557653,4.154781781907809,SLC45A2;NOX1
GO_Biological_Process_2023,Macromolecule Depalmitoylation (GO:0098734),2/7,0.2203949967615671,0.9999961907768526,0,0,2.7472648563557653,4.154781781907809,LYPLA1;ABHD17C
GO_Biological_Process_2023,Melanin Biosynthetic Process (GO:0042438),2/7,0.2203949967615671,0.9999961907768526,0,0,2.7472648563557653,4.154781781907809,SLC45A2;TYRP1
GO_Biological_Process_2023,Multi-Ciliated Epithelial Cell Differentiation (GO:1903251),2/7,0.2203949967615671,0.9999961907768526,0,0,2.7472648563557653,4.154781781907809,PLK4;MCIDAS
GO_Biological_Process_2023,Negative Regulation Of Keratinocyte Proliferation (GO:0010839),2/7,0.2203949967615671,0.9999961907768526,0,0,2.7472648563557653,4.154781781907809,CYP27B1;EPPK1
GO_Biological_Process_2023,Neuroepithelial Cell Differentiation (GO:0060563),2/7,0.2203949967615671,0.9999961907768526,0,0,2.7472648563557653,4.154781781907809,SOX11;SOX4
GO_Biological_Process_2023,Olefinic Compound Biosynthetic Process (GO:0120255),2/7,0.2203949967615671,0.9999961907768526,0,0,2.7472648563557653,4.154781781907809,SRD5A2;CACNA1H
GO_Biological_Process_2023,Positive Regulation Of Attachment Of Mitotic Spindle Microtubules To Kinetochore (GO:1902425),2/7,0.2203949967615671,0.9999961907768526,0,0,2.7472648563557653,4.154781781907809,BIRC5;CDCA8
GO_Biological_Process_2023,Positive Regulation Of Isomerase Activity (GO:0010912),2/7,0.2203949967615671,0.9999961907768526,0,0,2.7472648563557653,4.154781781907809,UHRF1;NOD2
GO_Biological_Process_2023,Positive Regulation Of Natural Killer Cell Proliferation (GO:0032819),2/7,0.2203949967615671,0.9999961907768526,0,0,2.7472648563557653,4.154781781907809,IL18;IL12B
GO_Biological_Process_2023,Positive Regulation Of Plasminogen Activation (GO:0010756),2/7,0.2203949967615671,0.9999961907768526,0,0,2.7472648563557653,4.154781781907809,F12;HPN
GO_Biological_Process_2023,Positive Regulation Of Steroid Biosynthetic Process (GO:0010893),2/7,0.2203949967615671,0.9999961907768526,0,0,2.7472648563557653,4.154781781907809,IFNG;CGA
GO_Biological_Process_2023,Positive Regulation Of Tooth Mineralization (GO:0070172),2/7,0.2203949967615671,0.9999961907768526,0,0,2.7472648563557653,4.154781781907809,TFAP2A;ODAPH
GO_Biological_Process_2023,Protein K27-linked Ubiquitination (GO:0044314),2/7,0.2203949967615671,0.9999961907768526,0,0,2.7472648563557653,4.154781781907809,UBE2S;UBE2T
GO_Biological_Process_2023,Protein Depalmitoylation (GO:0002084),2/7,0.2203949967615671,0.9999961907768526,0,0,2.7472648563557653,4.154781781907809,LYPLA1;ABHD17C
GO_Biological_Process_2023,Regulation Of Attachment Of Mitotic Spindle Microtubules To Kinetochore (GO:1902423),2/7,0.2203949967615671,0.9999961907768526,0,0,2.7472648563557653,4.154781781907809,BIRC5;CDCA8
GO_Biological_Process_2023,Regulation Of Dopamine Metabolic Process (GO:0042053),2/7,0.2203949967615671,0.9999961907768526,0,0,2.7472648563557653,4.154781781907809,HPRT1;DRD4
GO_Biological_Process_2023,Regulation Of Dopamine Uptake Involved In Synaptic Transmission (GO:0051584),2/7,0.2203949967615671,0.9999961907768526,0,0,2.7472648563557653,4.154781781907809,GDNF;DRD4
GO_Biological_Process_2023,Regulation Of Heterochromatin Formation (GO:0031445),2/7,0.2203949967615671,0.9999961907768526,0,0,2.7472648563557653,4.154781781907809,SAMD1;MACROH2A1
GO_Biological_Process_2023,Regulation Of Hydrogen Peroxide-Induced Cell Death (GO:1903205),2/7,0.2203949967615671,0.9999961907768526,0,0,2.7472648563557653,4.154781781907809,PYCR1;GPR37L1
GO_Biological_Process_2023,Regulation Of Meiotic Nuclear Division (GO:0040020),2/7,0.2203949967615671,0.9999961907768526,0,0,2.7472648563557653,4.154781781907809,FBXO5;FBXO43
GO_Biological_Process_2023,Regulation Of Natural Killer Cell Mediated Cytotoxicity Directed Against Tumor Cell Target (GO:0002858),2/7,0.2203949967615671,0.9999961907768526,0,0,2.7472648563557653,4.154781781907809,IL12B;NECTIN2
GO_Biological_Process_2023,Regulation Of Oxidative Stress-Induced Cell Death (GO:1903201),2/7,0.2203949967615671,0.9999961907768526,0,0,2.7472648563557653,4.154781781907809,MMP3;GATA4
GO_Biological_Process_2023,Regulation Of Protein Localization To Nucleolus (GO:1904749),2/7,0.2203949967615671,0.9999961907768526,0,0,2.7472648563557653,4.154781781907809,TERT;NVL
GO_Biological_Process_2023,Sodium-Dependent Phosphate Transport (GO:0044341),2/7,0.2203949967615671,0.9999961907768526,0,0,2.7472648563557653,4.154781781907809,SLC34A3;SLC34A1
GO_Biological_Process_2023,Sulfur Amino Acid Transport (GO:0000101),2/7,0.2203949967615671,0.9999961907768526,0,0,2.7472648563557653,4.154781781907809,SLC7A5;SLC7A11
GO_Biological_Process_2023,tRNA Aminoacylation For Mitochondrial Protein Translation (GO:0070127),2/7,0.2203949967615671,0.9999961907768526,0,0,2.7472648563557653,4.154781781907809,GARS1;DARS2
GO_Biological_Process_2023,Cellular Response To Interleukin-4 (GO:0071353),3/13,0.2234878714634083,0.9999961907768526,0,0,2.060669291338583,3.0877030184269527,RUFY4;LEF1;GATA3
GO_Biological_Process_2023,Glutamine Metabolic Process (GO:0006541),3/13,0.2234878714634083,0.9999961907768526,0,0,2.060669291338583,3.0877030184269527,SLC38A1;GLYATL1;LGSN
GO_Biological_Process_2023,Heparan Sulfate Proteoglycan Metabolic Process (GO:0030201),3/13,0.2234878714634083,0.9999961907768526,0,0,2.060669291338583,3.0877030184269527,HS3ST3A1;SULF1;HS6ST3
GO_Biological_Process_2023,Myeloid Dendritic Cell Activation (GO:0001773),3/13,0.2234878714634083,0.9999961907768526,0,0,2.060669291338583,3.0877030184269527,PYCARD;DCSTAMP;DHRS2
GO_Biological_Process_2023,Negative Regulation Of Fibroblast Growth Factor Receptor Signaling Pathway (GO:0040037),3/13,0.2234878714634083,0.9999961907768526,0,0,2.060669291338583,3.0877030184269527,CREB3L1;GATA3;SULF1
GO_Biological_Process_2023,Positive Regulation Of Keratinocyte Differentiation (GO:0045618),3/13,0.2234878714634083,0.9999961907768526,0,0,2.060669291338583,3.0877030184269527,IL20;ZBED2;MACROH2A1
GO_Biological_Process_2023,Regulation Of T Cell Chemotaxis (GO:0010819),3/13,0.2234878714634083,0.9999961907768526,0,0,2.060669291338583,3.0877030184269527,CXCL10;CXCL13;S100A7
GO_Biological_Process_2023,Regulation Of Cell Projection Organization (GO:0031344),3/13,0.2234878714634083,0.9999961907768526,0,0,2.060669291338583,3.0877030184269527,ERMN;MFSD2A;PROM2
GO_Biological_Process_2023,Response To UV-A (GO:0070141),3/13,0.2234878714634083,0.9999961907768526,0,0,2.060669291338583,3.0877030184269527,MMP1;MMP3;MMP9
GO_Biological_Process_2023,Development Of Primary Male Sexual Characteristics (GO:0046546),8/46,0.2242529141653295,0.9999961907768526,0,0,1.4466106093636455,2.1626550614312854,SIX4;SRD5A2;BIK;WT1;GATA4;GATA3;INHBA;TEX19
GO_Biological_Process_2023,Male Gonad Development (GO:0008584),8/46,0.2242529141653295,0.9999961907768526,0,0,1.4466106093636455,2.1626550614312854,SIX4;SRD5A2;BIK;WT1;GATA4;GATA3;INHBA;TEX19
GO_Biological_Process_2023,Negative Regulation Of Cellular Metabolic Process (GO:0031324),8/46,0.2242529141653295,0.9999961907768526,0,0,1.4466106093636455,2.1626550614312854,TFAP2A;RBL1;TERT;HMGA2;BRCA1;FBXO5;AMH;PAX2
GO_Biological_Process_2023,Regulation Of Nervous System Development (GO:0051960),8/46,0.2242529141653295,0.9999961907768526,0,0,1.4466106093636455,2.1626550614312854,HES6;GBX2;LEF1;KIF14;ASCL1;ASCL2;HES2;TYMP
GO_Biological_Process_2023,Negative Regulation Of Viral Genome Replication (GO:0045071),9/53,0.2260822560110658,0.9999961907768526,0,0,1.4055840568271507,2.0899016243163264,OAS2;OAS3;MX1;HMGA2;ISG15;APOBEC3A;OASL;SRPK1;APOBEC3B
GO_Biological_Process_2023,Double-Strand Break Repair (GO:0006302),25/168,0.2286165841904717,0.9999961907768526,0,0,1.2021140098979657,1.7739704435830277,H2AX;BLM;FEN1;CDCA5;TONSL;HUS1B;BRCA1;BRCA2;RAD54B;RAD51AP1;RECQL4;PPP4C;EME1;RAD21;GEN1;POLQ;RMI2;PARP1;RMI1;XRCC2;LIG3;DEPDC1B;RAD51;DNA2;TRIP13
GO_Biological_Process_2023,Camera-Type Eye Development (GO:0043010),5/26,0.2291526461744801,0.9999961907768526,0,0,1.6357086569852528,2.409999026467838,FBN2;WT1;SHROOM2;PAX2;STRA6
GO_Biological_Process_2023,Cell-Cell Adhesion Mediated By Cadherin (GO:0044331),5/26,0.2291526461744801,0.9999961907768526,0,0,1.6357086569852528,2.409999026467838,CDH2;CDH1;CDH11;CDHR2;CDH15
GO_Biological_Process_2023,Meiosis I (GO:0007127),5/26,0.2291526461744801,0.9999961907768526,0,0,1.6357086569852528,2.409999026467838,PTTG1;HSF2BP;MEIKIN;MYBL1;PTTG3P
GO_Biological_Process_2023,Regulation Of Keratinocyte Differentiation (GO:0045616),5/26,0.2291526461744801,0.9999961907768526,0,0,1.6357086569852528,2.409999026467838,CYP27B1;IL20;ZBED2;MACROH2A1;GRHL2
GO_Biological_Process_2023,Epithelial Cell Differentiation (GO:0030855),20/132,0.2333018655975007,0.9999961907768526,0,0,1.2276343355415889,1.7867261468725315,DLX3;PCNA;KRT3;PLAAT1;GATA3;OVOL1;ASCL1;ACTL8;GRHL2;PAX2;KRT19;MCIDAS;BASP1;WT1;KRT37;SIX3;CDHR2;CDK1;E2F7;E2F8
GO_Biological_Process_2023,Negative Regulation Of Double-Strand Break Repair (GO:2000780),6/33,0.2365603157548115,0.9999961907768526,0,0,1.5267376166075417,2.2008717695246265,OTUB2;POLQ;RMI2;PARPBP;HMGA2;FANCB
GO_Biological_Process_2023,Positive Regulation Of Release Of Sequestered Calcium Ion Into Cytosol (GO:0051281),6/33,0.2365603157548115,0.9999961907768526,0,0,1.5267376166075417,2.2008717695246265,CXCL10;CEMIP;CXCL9;P2RY6;CXCL11;F2R
GO_Biological_Process_2023,Regulation Of Activated T Cell Proliferation (GO:0046006),6/33,0.2365603157548115,0.9999961907768526,0,0,1.5267376166075417,2.2008717695246265,PYCARD;IL18;IL12B;CD24;FOXP3;IDO1
GO_Biological_Process_2023,Regulation Of DNA Replication (GO:0006275),12/75,0.2403837465552998,0.9999961907768526,0,0,1.30902523000508,1.8660399292337952,CCNA2;CDT1;BLM;PCNA;MCIDAS;ATAD5;DSCC1;FBXO5;ESCO2;DNA2;CDC6;S100A11
GO_Biological_Process_2023,Positive Regulation Of Myeloid Leukocyte Differentiation (GO:0002763),7/40,0.2405401617299783,0.9999961907768526,0,0,1.4574132492113565,2.076621808709345,DCSTAMP;IFNG;LEF1;IL12B;TNFSF11;POU4F1;EEIG1
GO_Biological_Process_2023,Positive Regulation Of Wound Healing (GO:0090303),7/40,0.2405401617299783,0.9999961907768526,0,0,1.4574132492113565,2.076621808709345,CLDN4;OCLN;CLDN3;CLEC7A;F12;SERPINE1;F2R
GO_Biological_Process_2023,Protein Localization To Chromosome (GO:0034502),7/40,0.2405401617299783,0.9999961907768526,0,0,1.4574132492113565,2.076621808709345,PARP1;RAD21;LEF1;PLK1;TONSL;HASPIN;CENPA
GO_Biological_Process_2023,Positive Regulation Of Lymphocyte Activation (GO:0051251),8/47,0.2424493417370166,0.9999961907768526,0,0,1.4094371112122592,1.997119519279379,PYCARD;CLEC7A;TNFSF4;SIRPG;IL12B;TNFSF11;NOD2;CYRIB
GO_Biological_Process_2023,Regulation Of Wound Healing (GO:0061041),8/47,0.2424493417370166,0.9999961907768526,0,0,1.4094371112122592,1.997119519279379,CLDN4;OCLN;CLDN3;TNFRSF12A;CLEC7A;SERPINE1;F2R;EPPK1
GO_Biological_Process_2023,DNA Methylation (GO:0006306),4/20,0.2442673630995029,0.9999961907768526,0,0,1.7173099645529737,2.420534490283336,SPOCD1;HELLS;BEND3;DNMT3B
GO_Biological_Process_2023,Adenine Nucleotide Transport (GO:0051503),4/20,0.2442673630995029,0.9999961907768526,0,0,1.7173099645529737,2.420534490283336,CALHM1;SLC17A9;ABCC5;LRRC8E
GO_Biological_Process_2023,Positive Regulation Of Epithelial Cell Differentiation (GO:0030858),4/20,0.2442673630995029,0.9999961907768526,0,0,1.7173099645529737,2.420534490283336,IL20;KDF1;FOXJ1;NKX6-1
GO_Biological_Process_2023,Regulation Of Protein Localization To Cell Periphery (GO:1904375),4/20,0.2442673630995029,0.9999961907768526,0,0,1.7173099645529737,2.420534490283336,VAMP8;CDK5;PLK1;MISP
GO_Biological_Process_2023,Dorsal/Ventral Pattern Formation (GO:0009953),5/27,0.2541020972993752,0.9999961907768526,0,0,1.5612687155240346,2.138968014919146,GREM1;LHX1;SIX3;TLL2;BMPR1B
GO_Biological_Process_2023,In Utero Embryonic Development (GO:0001701),5/27,0.2541020972993752,0.9999961907768526,0,0,1.5612687155240346,2.138968014919146,ARNT2;FOXD3;STIL;WNT7B;MYH6
GO_Biological_Process_2023,Peptide Cross-Linking (GO:0018149),5/27,0.2541020972993752,0.9999961907768526,0,0,1.5612687155240346,2.138968014919146,DSP;COL3A1;KRT2;FN1;EVPL
GO_Biological_Process_2023,Positive Regulation Of Ubiquitin-Protein Transferase Activity (GO:0051443),5/27,0.2541020972993752,0.9999961907768526,0,0,1.5612687155240346,2.138968014919146,CDC20;UBE2C;UBE2S;PLK1;TRIB3
GO_Biological_Process_2023,DNA Damage Checkpoint Signaling (GO:0000077),6/34,0.2588337184541574,0.9999961907768526,0,0,1.472126808941945,1.989681602578258,H2AX;CHEK1;E2F1;INTS7;CLSPN;RHNO1
GO_Biological_Process_2023,Apoptotic Mitochondrial Changes (GO:0008637),6/34,0.2588337184541574,0.9999961907768526,0,0,1.472126808941945,1.989681602578258,GGCT;BIK;CAMK2A;IFI6;ATP2A1;BAK1
GO_Biological_Process_2023,Purine Nucleotide Metabolic Process (GO:0006163),6/34,0.2588337184541574,0.9999961907768526,0,0,1.472126808941945,1.989681602578258,PPAT;QPRT;IDH2;HPRT1;KMO;NOX1
GO_Biological_Process_2023,T Cell Proliferation (GO:0042098),3/14,0.2594192795172253,0.9999961907768526,0,0,1.873228346456693,2.527565152631659,SLC11A1;CTPS1;RASGRP1
GO_Biological_Process_2023,Calcium Ion-Regulated Exocytosis Of Neurotransmitter (GO:0048791),3/14,0.2594192795172253,0.9999961907768526,0,0,1.873228346456693,2.527565152631659,SYT5;RIMS4;UNC13A
GO_Biological_Process_2023,Contractile Actin Filament Bundle Assembly (GO:0030038),3/14,0.2594192795172253,0.9999961907768526,0,0,1.873228346456693,2.527565152631659,SRC;KCTD13;FHDC1
GO_Biological_Process_2023,Detection Of Mechanical Stimulus Involved In Sensory Perception (GO:0050974),3/14,0.2594192795172253,0.9999961907768526,0,0,1.873228346456693,2.527565152631659,COL11A1;HPN;LHFPL5
GO_Biological_Process_2023,Embryonic Cranial Skeleton Morphogenesis (GO:0048701),3/14,0.2594192795172253,0.9999961907768526,0,0,1.873228346456693,2.527565152631659,TFAP2A;IRX5;LHX1
GO_Biological_Process_2023,Endoderm Development (GO:0007492),3/14,0.2594192795172253,0.9999961907768526,0,0,1.873228346456693,2.527565152631659,LHX1;GATA4;HOXC11
GO_Biological_Process_2023,Establishment Of Apical/Basal Cell Polarity (GO:0035089),3/14,0.2594192795172253,0.9999961907768526,0,0,1.873228346456693,2.527565152631659,FOXJ1;SYNE4;EZR
GO_Biological_Process_2023,Establishment Of Spindle Localization (GO:0051293),3/14,0.2594192795172253,0.9999961907768526,0,0,1.873228346456693,2.527565152631659,ESPL1;NUSAP1;LLGL2
GO_Biological_Process_2023,Mitotic intra-S DNA Damage Checkpoint Signaling (GO:0031573),3/14,0.2594192795172253,0.9999961907768526,0,0,1.873228346456693,2.527565152631659,EME1;FANCD2;HUS1B
GO_Biological_Process_2023,Mitotic Recombination (GO:0006312),3/14,0.2594192795172253,0.9999961907768526,0,0,1.873228346456693,2.527565152631659,GEN1;RAD51;RAD54B
GO_Biological_Process_2023,Negative Regulation Of T Cell Mediated Immunity (GO:0002710),3/14,0.2594192795172253,0.9999961907768526,0,0,1.873228346456693,2.527565152631659,IL4I1;CD80;FOXP3
GO_Biological_Process_2023,Negative Regulation Of Cilium Assembly (GO:1902018),3/14,0.2594192795172253,0.9999961907768526,0,0,1.873228346456693,2.527565152631659,TBC1D30;TBC1D7;KIF24
GO_Biological_Process_2023,Negative Regulation Of Single Stranded Viral RNA Replication Via Double Stranded DNA Intermediate (GO:0045869),3/14,0.2594192795172253,0.9999961907768526,0,0,1.873228346456693,2.527565152631659,HMGA2;APOBEC3A;APOBEC3B
GO_Biological_Process_2023,Positive Regulation Of Adaptive Immune Response Based On Somatic Recombination Of Immune Receptors Built From Immunoglobulin Superfamily Domains (GO:0002824),3/14,0.2594192795172253,0.9999961907768526,0,0,1.873228346456693,2.527565152631659,CLEC7A;SLC11A1;IL12B
GO_Biological_Process_2023,Positive Regulation Of Histone Acetylation (GO:0035066),3/14,0.2594192795172253,0.9999961907768526,0,0,1.873228346456693,2.527565152631659,MUC1;BRCA1;FOXP3
GO_Biological_Process_2023,Positive Regulation Of Transcription From RNA Polymerase II Promoter Involved In Cellular Response To Chemical Stimulus (GO:1901522),3/14,0.2594192795172253,0.9999961907768526,0,0,1.873228346456693,2.527565152631659,GARS1;DLX5;RUNX2
GO_Biological_Process_2023,Regulation Of Bone Remodeling (GO:0046850),3/14,0.2594192795172253,0.9999961907768526,0,0,1.873228346456693,2.527565152631659,GREM1;SRC;SUCO
GO_Biological_Process_2023,Regulation Of Exit From Mitosis (GO:0007096),3/14,0.2594192795172253,0.9999961907768526,0,0,1.873228346456693,2.527565152631659,UBE2C;CDCA5;KNTC1
GO_Biological_Process_2023,Stress Fiber Assembly (GO:0043149),3/14,0.2594192795172253,0.9999961907768526,0,0,1.873228346456693,2.527565152631659,SRC;KCTD13;FHDC1
GO_Biological_Process_2023,Ceramide Metabolic Process (GO:0006672),9/55,0.2603901566823149,0.9999961907768526,0,0,1.3443172849250198,1.808878615042768,FUT5;CERS6;FUT7;DEGS2;TLCD3B;PLPP2;PNPLA1;CERS2;FUT3
GO_Biological_Process_2023,Positive Regulation Of Tyrosine Phosphorylation Of STAT Protein (GO:0042531),9/55,0.2603901566823149,0.9999961907768526,0,0,1.3443172849250198,1.808878615042768,IL20;IFNL1;IFNG;EPO;TNFRSF18;IL18;IL12B;PTK6;FGFR3
GO_Biological_Process_2023,Positive Regulation Of Ossification (GO:0045778),7/41,0.2607970021671001,0.9999961907768526,0,0,1.414466969753201,1.9010619158604547,FBN2;TFAP2A;CCNA2;CYP27B1;ISG15;SOX11;BMPR1B
GO_Biological_Process_2023,Regulation Of Dendrite Development (GO:0050773),7/41,0.2607970021671001,0.9999961907768526,0,0,1.414466969753201,1.9010619158604547,CHRNA3;ZNF296;RAB17;LRP8;KIAA0319;MFSD2A;PACSIN1
GO_Biological_Process_2023,Regulation Of Release Of Cytochrome C From Mitochondria (GO:0090199),7/41,0.2607970021671001,0.9999961907768526,0,0,1.414466969753201,1.9010619158604547,PYCARD;MLLT11;BIK;PLAUR;PMAIP1;BAK1;MMP9
GO_Biological_Process_2023,Chloride Transmembrane Transport (GO:1902476),8/48,0.2611137451126993,0.9999961907768526,0,0,1.3741222879684418,1.8451702561723184,SLC12A3;SLC4A8;SLC12A5;GABRA5;SLC12A1;ANO9;ANO7;SLC12A8
GO_Biological_Process_2023,Regulation Of DNA Binding (GO:0051101),8/48,0.2611137451126993,0.9999961907768526,0,0,1.3741222879684418,1.8451702561723184,CDT1;LEF1;HJURP;E2F1;PLAUR;HMGA2;MMP9;NME1
GO_Biological_Process_2023,Regulation Of Interleukin-1 Beta Production (GO:0032651),13/84,0.2666158698554392,0.9999961907768526,0,0,1.258241941769192,1.663328337519093,GBP5;ORM1;RIPK2;F2R;NOD2;INAVA;PYCARD;AIM2;IFNG;CARD17P;CLEC7A;NLRP7;PYDC1
GO_Biological_Process_2023,Generation Of Neurons (GO:0048699),25/172,0.2668593358453343,0.9999961907768526,0,0,1.1691332609294711,1.5444643105653266,BRSK1;BRSK2;CELSR1;ASCL1;ASCL2;RACGAP1;SIX4;CASP3;SIX3;TRIM46;KIAA0319;WNT2;EMX1;FZD2;IRX5;WNT7B;SOX11;RUNX2;CIT;CDK5;ARTN;LHX2;LHX1;INSM1;CDK5R1
GO_Biological_Process_2023,Chloride Transport (GO:0006821),12/77,0.2697557247626267,0.9999961907768526,0,0,1.2686016472662067,1.6621706592724053,SLC12A3;SLC4A8;TTYH3;SLC12A5;PACC1;GABRA5;FXYD3;SLC12A1;ANO9;ANO7;CLCN2;SLC12A8
GO_Biological_Process_2023,Monoatomic Cation Homeostasis (GO:0055080),12/77,0.2697557247626267,0.9999961907768526,0,0,1.2686016472662067,1.6621706592724053,CYP27B1;SLC12A3;SLC12A5;TFR2;SLC11A1;SLC12A1;CIB3;TESMIN;ITPR3;S100A14;SLC12A8;SLC39A4
GO_Biological_Process_2023,AMP Biosynthetic Process (GO:0006167),2/8,0.2704482153345021,0.9999961907768526,0,0,2.289256198347108,2.9936022740353425,ADSS2;PAICS
GO_Biological_Process_2023,DNA Cytosine Deamination (GO:0070383),2/8,0.2704482153345021,0.9999961907768526,0,0,2.289256198347108,2.9936022740353425,APOBEC3A;APOBEC3B
GO_Biological_Process_2023,GMP Metabolic Process (GO:0046037),2/8,0.2704482153345021,0.9999961907768526,0,0,2.289256198347108,2.9936022740353425,HPRT1;PAICS
GO_Biological_Process_2023,N-acylphosphatidylethanolamine Metabolic Process (GO:0070292),2/8,0.2704482153345021,0.9999961907768526,0,0,2.289256198347108,2.9936022740353425,PLAAT1;PLAAT2
GO_Biological_Process_2023,Actin Filament Network Formation (GO:0051639),2/8,0.2704482153345021,0.9999961907768526,0,0,2.289256198347108,2.9936022740353425,SPIRE2;PLS1
GO_Biological_Process_2023,Cellular Response To Hydroxyurea (GO:0072711),2/8,0.2704482153345021,0.9999961907768526,0,0,2.289256198347108,2.9936022740353425,BLM;TIMELESS
GO_Biological_Process_2023,Cellular Response To Muramyl Dipeptide (GO:0071225),2/8,0.2704482153345021,0.9999961907768526,0,0,2.289256198347108,2.9936022740353425,RIPK2;NOD2
GO_Biological_Process_2023,Constitutive Heterochromatin Formation (GO:0140719),2/8,0.2704482153345021,0.9999961907768526,0,0,2.289256198347108,2.9936022740353425,HELLS;EZH2
GO_Biological_Process_2023,Dehydroascorbic Acid Transport (GO:0070837),2/8,0.2704482153345021,0.9999961907768526,0,0,2.289256198347108,2.9936022740353425,SLC2A10;SLC2A1
GO_Biological_Process_2023,Detection Of Mechanical Stimulus Involved In Sensory Perception Of Sound (GO:0050910),2/8,0.2704482153345021,0.9999961907768526,0,0,2.289256198347108,2.9936022740353425,COL11A1;HPN
GO_Biological_Process_2023,Embryonic Digestive Tract Morphogenesis (GO:0048557),2/8,0.2704482153345021,0.9999961907768526,0,0,2.289256198347108,2.9936022740353425,SIX2;SOX11
GO_Biological_Process_2023,Establishment Of Protein Localization To Chromatin (GO:0071169),2/8,0.2704482153345021,0.9999961907768526,0,0,2.289256198347108,2.9936022740353425,H1-5;MACROH2A1
GO_Biological_Process_2023,Glutamine Transport (GO:0006868),2/8,0.2704482153345021,0.9999961907768526,0,0,2.289256198347108,2.9936022740353425,SLC38A1;SLC38A5
GO_Biological_Process_2023,Integrin Activation (GO:0033622),2/8,0.2704482153345021,0.9999961907768526,0,0,2.289256198347108,2.9936022740353425,FN1;MZB1
GO_Biological_Process_2023,Manganese Ion Transport (GO:0006828),2/8,0.2704482153345021,0.9999961907768526,0,0,2.289256198347108,2.9936022740353425,SLC11A1;ATP2C2
GO_Biological_Process_2023,Negative Regulation Of Chromosome Organization (GO:2001251),2/8,0.2704482153345021,0.9999961907768526,0,0,2.289256198347108,2.9936022740353425,TOP2A;ESPL1
GO_Biological_Process_2023,Negative Regulation Of Mitotic Nuclear Division (GO:0045839),2/8,0.2704482153345021,0.9999961907768526,0,0,2.289256198347108,2.9936022740353425,CHEK1;FBXO5
GO_Biological_Process_2023,Negative Regulation Of Ubiquitin Protein Ligase Activity (GO:1904667),2/8,0.2704482153345021,0.9999961907768526,0,0,2.289256198347108,2.9936022740353425,FBXO5;MAD2L1
GO_Biological_Process_2023,Nucleoside Diphosphate Metabolic Process (GO:0009132),2/8,0.2704482153345021,0.9999961907768526,0,0,2.289256198347108,2.9936022740353425,RRM2;ENTPD8
GO_Biological_Process_2023,Positive Regulation Of NK T Cell Activation (GO:0051135),2/8,0.2704482153345021,0.9999961907768526,0,0,2.289256198347108,2.9936022740353425,IL18;IL12B
GO_Biological_Process_2023,Positive Regulation Of Actin Cytoskeleton Reorganization (GO:2000251),2/8,0.2704482153345021,0.9999961907768526,0,0,2.289256198347108,2.9936022740353425,BAIAP2L1;CDK5
GO_Biological_Process_2023,Positive Regulation Of Centriole Replication (GO:0046601),2/8,0.2704482153345021,0.9999961907768526,0,0,2.289256198347108,2.9936022740353425,PLK4;STIL
GO_Biological_Process_2023,Positive Regulation Of Memory T Cell Differentiation (GO:0043382),2/8,0.2704482153345021,0.9999961907768526,0,0,2.289256198347108,2.9936022740353425,TNFSF4;IL12B
GO_Biological_Process_2023,Positive Regulation Of Monocyte Chemotactic Protein-1 Production (GO:0071639),2/8,0.2704482153345021,0.9999961907768526,0,0,2.289256198347108,2.9936022740353425,CLEC7A;OAS3
GO_Biological_Process_2023,Positive Regulation Of Peptide Secretion (GO:0002793),2/8,0.2704482153345021,0.9999961907768526,0,0,2.289256198347108,2.9936022740353425,TFR2;ILDR1
GO_Biological_Process_2023,Positive Regulation Of Synapse Maturation (GO:0090129),2/8,0.2704482153345021,0.9999961907768526,0,0,2.289256198347108,2.9936022740353425,CDC20;NEURL1
GO_Biological_Process_2023,Protein K29-linked Ubiquitination (GO:0035519),2/8,0.2704482153345021,0.9999961907768526,0,0,2.289256198347108,2.9936022740353425,UBE2S;UBE2T
GO_Biological_Process_2023,Regulation Of DNA Methylation (GO:0044030),2/8,0.2704482153345021,0.9999961907768526,0,0,2.289256198347108,2.9936022740353425,WT1;GRHL2
GO_Biological_Process_2023,Regulation Of T-helper 1 Type Immune Response (GO:0002825),2/8,0.2704482153345021,0.9999961907768526,0,0,2.289256198347108,2.9936022740353425,SLC11A1;IL12B
GO_Biological_Process_2023,Regulation Of Dendritic Cell Antigen Processing And Presentation (GO:0002604),2/8,0.2704482153345021,0.9999961907768526,0,0,2.289256198347108,2.9936022740353425,SLC11A1;NOD2
GO_Biological_Process_2023,Regulation Of Morphogenesis Of An Epithelium (GO:1905330),2/8,0.2704482153345021,0.9999961907768526,0,0,2.289256198347108,2.9936022740353425,CXCL10;SIX2
GO_Biological_Process_2023,Regulation Of Neutrophil Migration (GO:1902622),2/8,0.2704482153345021,0.9999961907768526,0,0,2.289256198347108,2.9936022740353425,FUT7;SLAMF8
GO_Biological_Process_2023,Regulation Of Nuclear Cell Cycle DNA Replication (GO:0033262),2/8,0.2704482153345021,0.9999961907768526,0,0,2.289256198347108,2.9936022740353425,DBF4;CDC7
GO_Biological_Process_2023,Response To Vitamin (GO:0033273),2/8,0.2704482153345021,0.9999961907768526,0,0,2.289256198347108,2.9936022740353425,CYP27B1;SPP1
GO_Biological_Process_2023,Response To Vitamin D (GO:0033280),2/8,0.2704482153345021,0.9999961907768526,0,0,2.289256198347108,2.9936022740353425,CYP27B1;SPP1
GO_Biological_Process_2023,Sensory Organ Morphogenesis (GO:0090596),2/8,0.2704482153345021,0.9999961907768526,0,0,2.289256198347108,2.9936022740353425,COL5A2;STRA6
GO_Biological_Process_2023,Skin Morphogenesis (GO:0043589),2/8,0.2704482153345021,0.9999961907768526,0,0,2.289256198347108,2.9936022740353425,COL1A1;COL1A2
GO_Biological_Process_2023,Sympathetic Ganglion Development (GO:0061549),2/8,0.2704482153345021,0.9999961907768526,0,0,2.289256198347108,2.9936022740353425,NELL2;INSM1
GO_Biological_Process_2023,Tetrahydrofolate Interconversion (GO:0035999),2/8,0.2704482153345021,0.9999961907768526,0,0,2.289256198347108,2.9936022740353425,MTHFD2;TYMS
GO_Biological_Process_2023,Type B Pancreatic Cell Differentiation (GO:0003309),2/8,0.2704482153345021,0.9999961907768526,0,0,2.289256198347108,2.9936022740353425,CDH2;INSM1
GO_Biological_Process_2023,Anaphase-Promoting Complex-Dependent Catabolic Process (GO:0031145),4/21,0.2737995142898362,0.9999961907768526,0,0,1.6161990593795612,2.093558223770647,CDC20;CDC20B;UBE2C;UBE2S
GO_Biological_Process_2023,Focal Adhesion Assembly (GO:0048041),4/21,0.2737995142898362,0.9999961907768526,0,0,1.6161990593795612,2.093558223770647,ACTN2;SRC;RCC2;CDH11
GO_Biological_Process_2023,Macrophage Differentiation (GO:0030225),4/21,0.2737995142898362,0.9999961907768526,0,0,1.6161990593795612,2.093558223770647,PARP1;IFNG;GATA3;MMP9
GO_Biological_Process_2023,Negative Regulation Of Double-Strand Break Repair Via Homologous Recombination (GO:2000042),4/21,0.2737995142898362,0.9999961907768526,0,0,1.6161990593795612,2.093558223770647,POLQ;RMI2;PARPBP;FANCB
GO_Biological_Process_2023,Negative Regulation Of Reactive Oxygen Species Metabolic Process (GO:2000378),4/21,0.2737995142898362,0.9999961907768526,0,0,1.6161990593795612,2.093558223770647,TFAP2A;MMP3;BRCA1;PAX2
GO_Biological_Process_2023,Negative Regulation Of Tumor Necrosis Factor-Mediated Signaling Pathway (GO:0010804),4/21,0.2737995142898362,0.9999961907768526,0,0,1.6161990593795612,2.093558223770647,H2BC11;PYDC1;ZNF675;TRAIP
GO_Biological_Process_2023,Positive Regulation Of T Cell Cytokine Production (GO:0002726),4/21,0.2737995142898362,0.9999961907768526,0,0,1.6161990593795612,2.093558223770647,TNFSF4;IL18;TRAF2;PRKCZ
GO_Biological_Process_2023,Positive Regulation Of Dendritic Spine Development (GO:0060999),4/21,0.2737995142898362,0.9999961907768526,0,0,1.6161990593795612,2.093558223770647,NEURL1;FOXO6;LRP8;SHANK1
GO_Biological_Process_2023,Regulation Of Neurotransmitter Transport (GO:0051588),4/21,0.2737995142898362,0.9999961907768526,0,0,1.6161990593795612,2.093558223770647,CHRNB4;FER1L4;CPLX2;CPLX3
GO_Biological_Process_2023,Retrotransposon Silencing (GO:0010526),4/21,0.2737995142898362,0.9999961907768526,0,0,1.6161990593795612,2.093558223770647,SPOCD1;ZNF93;TEX19;APOBEC3B
GO_Biological_Process_2023,Cell-Substrate Junction Assembly (GO:0007044),5/28,0.2796688518950195,0.9999961907768526,0,0,1.4933018124507489,1.9026890820008533,SRC;ACTN2;RCC2;CDH11;FN1
GO_Biological_Process_2023,Negative Regulation Of Actin Filament Bundle Assembly (GO:0032232),5/28,0.2796688518950195,0.9999961907768526,0,0,1.4933018124507489,1.9026890820008533,STMN1;RHPN1;RHPN2P1;RHPN2;SHANK1
GO_Biological_Process_2023,Regulation Of Bone Resorption (GO:0045124),5/28,0.2796688518950195,0.9999961907768526,0,0,1.4933018124507489,1.9026890820008533,DCSTAMP;SRC;SPP1;TNFSF11;GPR137B
GO_Biological_Process_2023,Antibacterial Humoral Response (GO:0019731),8/49,0.2801884766314941,0.9999961907768526,0,0,1.340530139029201,1.705546805780373,H2BC12;H2BC8;H2BC12L;H2BC21;H2BC11;RNASE2;CAMP;WFDC3
GO_Biological_Process_2023,Negative Regulation Of Cysteine-Type Endopeptidase Activity Involved In Apoptotic Process (GO:0043154),8/49,0.2801884766314941,0.9999961907768526,0,0,1.340530139029201,1.705546805780373,ARL6IP1;SRC;LAMP3;PLAUR;IFI6;DPEP1;MMP9;PAX2
GO_Biological_Process_2023,Regulation Of Neurotransmitter Receptor Activity (GO:0099601),7/42,0.2815113709263388,0.9999961907768526,0,0,1.37397476340694,1.7416262805747895,PSCA;NPTX2;MAPK8IP2;SHISA9;SHISA8;CACNG4;SHANK1
GO_Biological_Process_2023,Regulation Of Osteoclast Differentiation (GO:0045670),7/42,0.2815113709263388,0.9999961907768526,0,0,1.37397476340694,1.7416262805747895,IFNG;IL12B;TNFSF11;POU4F1;ZNF675;GPR137B;EEIG1
GO_Biological_Process_2023,Endoderm Formation (GO:0001706),6/35,0.2816292077303549,0.9999961907768526,0,0,1.4212822638739755,1.8009976325517232,LHX1;COL12A1;FN1;HMGA2;INHBA;MMP9
GO_Biological_Process_2023,Neutral Amino Acid Transport (GO:0015804),6/35,0.2816292077303549,0.9999961907768526,0,0,1.4212822638739755,1.8009976325517232,SLC7A5;SLC38A1;SLC6A9;SLC7A11;SLC38A5;LLGL2
GO_Biological_Process_2023,Positive Regulation Of Mitotic Nuclear Division (GO:0045840),6/35,0.2816292077303549,0.9999961907768526,0,0,1.4212822638739755,1.8009976325517232,CDC20;ESPL1;UBE2C;NUSAP1;DLGAP5;AURKA
GO_Biological_Process_2023,Positive Regulation Of Telomere Maintenance Via Telomere Lengthening (GO:1904358),6/35,0.2816292077303549,0.9999961907768526,0,0,1.4212822638739755,1.8009976325517232,CCT3;PKIB;NEK2;MAPK15;AURKB;CCT5
GO_Biological_Process_2023,Regulation Of Axon Extension (GO:0030516),6/35,0.2816292077303549,0.9999961907768526,0,0,1.4212822638739755,1.8009976325517232,RTN4R;SHTN1;SEMA7A;LIMK1;TRIM46;KIAA0319
GO_Biological_Process_2023,Regulation Of Cellular Senescence (GO:2000772),6/35,0.2816292077303549,0.9999961907768526,0,0,1.4212822638739755,1.8009976325517232,RBL1;TERT;HMGA2;FBXO5;AMH;KIR2DL4
GO_Biological_Process_2023,Antimicrobial Humoral Response (GO:0019730),15/100,0.2866130547849712,0.9999961907768526,0,0,1.2126768428890544,1.515387921380309,CXCL9;H2BC8;SLC11A1;CXCL13;LYZ;WFDC3;H2BC12;CXCL10;CXCL11;H2BC12L;H2BC21;H2BC11;GAPDH;CAMP;S100A7
GO_Biological_Process_2023,Regulation Of Double-Strand Break Repair Via Homologous Recombination (GO:0010569),11/71,0.2887281456988222,0.9999961907768526,0,0,1.2596563981042654,1.5648329832105334,RAD51AP1;POLQ;RMI2;PARPBP;PPP4C;RAD51;PARP1;CHEK1;ACTL6A;TIMELESS;FANCB
GO_Biological_Process_2023,Positive Regulation Of Interleukin-1 Production (GO:0032732),10/64,0.2925269024207243,0.9999961907768526,0,0,1.2723165328771329,1.563929754981345,PYCARD;GBP5;ORM1;AIM2;IFNG;RIPK2;CLEC7A;PYDC1;NOD2;INAVA
GO_Biological_Process_2023,Positive Regulation Of Protein Kinase Activity (GO:0045860),21/145,0.2951157714739694,0.9999961907768526,0,0,1.1639283978409352,1.4204437304192872,SRC;SLC11A1;KIF14;HMGA2;SRCIN1;LRP8;TTBK1;SLC8A2;CCNA2;TCL1B;TPX2;CENPE;DLG3;IFNG;TRAF4;ERBB3;IL12B;CLSPN;ECT2;FCGR1A;EZH2
GO_Biological_Process_2023,Positive Regulation Of DNA Metabolic Process (GO:0051054),16/108,0.295267690625173,0.9999961907768526,0,0,1.1950929956470122,1.45786156823655,H2AX;GINS1;CDT1;PRIM2;GINS2;PCNA;ATAD5;ACTL6A;GINS4;BRCA1;HNRNPAB;DEPDC1B;RAD51;WT1;DNA2;FGFR4
GO_Biological_Process_2023,Regulation Of Mitotic Cell Cycle Phase Transition (GO:1901990),13/86,0.2955905015469522,0.9999961907768526,0,0,1.2236287833667223,1.4913345617245497,CDKN2A;UBE2C;ACTL6A;PLK1;KIF14;CDC6;AURKA;ANLN;CENPE;CENPF;DPF1;E2F1;KNTC1
GO_Biological_Process_2023,B Cell Mediated Immunity (GO:0019724),3/15,0.2960116918669324,0.9999961907768526,0,0,1.717027559055118,2.0902343607392924,IL21R;SLA2;IL9R
GO_Biological_Process_2023,Digestive Tract Morphogenesis (GO:0048546),3/15,0.2960116918669324,0.9999961907768526,0,0,1.717027559055118,2.0902343607392924,SIX2;SOX11;STRA6
GO_Biological_Process_2023,Folic Acid-Containing Compound Metabolic Process (GO:0006760),3/15,0.2960116918669324,0.9999961907768526,0,0,1.717027559055118,2.0902343607392924,MTHFD2;GGH;FTCD
GO_Biological_Process_2023,Negative Regulation Of Protein Processing (GO:0010955),3/15,0.2960116918669324,0.9999961907768526,0,0,1.717027559055118,2.0902343607392924,NLRP7;SERPINE1;CHAC1
GO_Biological_Process_2023,Negative Regulation Of Type I Interferon-Mediated Signaling Pathway (GO:0060339),3/15,0.2960116918669324,0.9999961907768526,0,0,1.717027559055118,2.0902343607392924,OAS3;ISG15;TTLL12
GO_Biological_Process_2023,Monoatomic Anion Transport (GO:0006820),9/57,0.2961928198632382,0.9999961907768526,0,0,1.2881560773480665,1.5673569746206355,TTYH3;PACC1;FXYD3;SLC34A1;ANO9;ANO7;CLCN2;LRRC8E;SLC5A5
GO_Biological_Process_2023,Ephrin Receptor Signaling Pathway (GO:0048013),7/43,0.3026073412548671,0.9999961907768526,0,0,1.3357321240799158,1.5966262771191646,EFNA3;EPHA10;SRC;EPHA8;EFNA4;MMP9;CDK5R1
GO_Biological_Process_2023,Learning (GO:0007612),7/43,0.3026073412548671,0.9999961907768526,0,0,1.3357321240799158,1.5966262771191646,BRSK1;CNTNAP2;TH;MAPK8IP2;SLC8A2;STRA6;SHANK1
GO_Biological_Process_2023,Positive Regulation Of Cell Division (GO:0051781),7/43,0.3026073412548671,0.9999961907768526,0,0,1.3357321240799158,1.5966262771191646,RACGAP1;KIF14;KIF23;CDC6;ECT2;KIF20B;CIT
GO_Biological_Process_2023,Response To Amyloid-Beta (GO:1904645),7/43,0.3026073412548671,0.9999961907768526,0,0,1.3357321240799158,1.5966262771191646,MMP12;MMP13;CDK5;MMP3;CACNA1B;ATP1A3;MMP9
GO_Biological_Process_2023,Negative Regulation Of Extrinsic Apoptotic Signaling Pathway In Absence Of Ligand (GO:2001240),4/22,0.3038751372352134,0.9999961907768526,0,0,1.5263226992254169,1.8180615697932336,GDNF;TERT;UNC5B;IFI6
GO_Biological_Process_2023,Negative Regulation Of Signal Transduction In Absence Of Ligand (GO:1901099),4/22,0.3038751372352134,0.9999961907768526,0,0,1.5263226992254169,1.8180615697932336,GDNF;TERT;UNC5B;IFI6
GO_Biological_Process_2023,Regulation Of Telomere Capping (GO:1904353),4/22,0.3038751372352134,0.9999961907768526,0,0,1.5263226992254169,1.8180615697932336,PKIB;NEK2;MAPK15;AURKB
GO_Biological_Process_2023,Alpha-Amino Acid Metabolic Process (GO:1901605),5/29,0.3057062689709894,0.9999961907768526,0,0,1.430998817966903,1.695920406681017,CBS;IYD;DPEP1;RIMKLA;KMO
GO_Biological_Process_2023,Chondrocyte Differentiation (GO:0002062),5/29,0.3057062689709894,0.9999961907768526,0,0,1.430998817966903,1.695920406681017,SCX;HMGA2;SULF1;BMPR1B;FGFR3
GO_Biological_Process_2023,Maintenance Of Blood-Brain Barrier (GO:0035633),5/29,0.3057062689709894,0.9999961907768526,0,0,1.430998817966903,1.695920406681017,OCLN;CLDN3;LSR;TJP3;MFSD2A
GO_Biological_Process_2023,Negative Regulation Of DNA Binding (GO:0043392),5/29,0.3057062689709894,0.9999961907768526,0,0,1.430998817966903,1.695920406681017,LEF1;E2F1;HMGA2;SOX11;ZNF675
GO_Biological_Process_2023,Negative Regulation Of Plasma Membrane Bounded Cell Projection Assembly (GO:0120033),5/29,0.3057062689709894,0.9999961907768526,0,0,1.430998817966903,1.695920406681017,TBC1D30;TBC1D7;KIF24;EVL;RAP1GAP
GO_Biological_Process_2023,Regulation Of Blood Coagulation (GO:0030193),5/29,0.3057062689709894,0.9999961907768526,0,0,1.430998817966903,1.695920406681017,PROC;F12;SERPINE1;F2R;PLAUR
GO_Biological_Process_2023,Regulation Of Developmental Growth (GO:0048638),5/29,0.3057062689709894,0.9999961907768526,0,0,1.430998817966903,1.695920406681017,SIX4;AGR2;EPPK1;FGFR3;MFSD2A
GO_Biological_Process_2023,Regulation Of Establishment Of Planar Polarity (GO:0090175),5/29,0.3057062689709894,0.9999961907768526,0,0,1.430998817966903,1.695920406681017,VANGL1;FZD2;SAPCD2;CELSR1;CELSR3
GO_Biological_Process_2023,Regulation Of Type II Interferon Production (GO:0032649),13/87,0.310408060098858,0.9999961907768526,0,0,1.2070238222412135,1.412057970571976,SLC11A1;IL18;ISG15;INHBA;CYRIB;FOXP3;RASGRP1;PYCARD;SLC7A5;IFNL1;CLEC7A;TNFSF4;IL12B
GO_Biological_Process_2023,Regulation Of Telomere Maintenance Via Telomerase (GO:0032210),8/51,0.3193331031807502,0.9999961907768526,0,0,1.2780331177468924,1.4589010168887415,CCT3;PIF1;PKIB;SRC;NEK2;MAPK15;AURKB;CCT5
GO_Biological_Process_2023,Apical Protein Localization (GO:0045176),2/9,0.3203812610882264,0.9999961907768526,0,0,1.962107156912352,2.2333558186880738,SHROOM2;CELSR1
GO_Biological_Process_2023,Aspartate Transmembrane Transport (GO:0015810),2/9,0.3203812610882264,0.9999961907768526,0,0,1.962107156912352,2.2333558186880738,SLC25A22;LRRC8E
GO_Biological_Process_2023,Axon Regeneration (GO:0031103),2/9,0.3203812610882264,0.9999961907768526,0,0,1.962107156912352,2.2333558186880738,RTN4RL2;NREP
GO_Biological_Process_2023,Biomineral Tissue Development (GO:0031214),2/9,0.3203812610882264,0.9999961907768526,0,0,1.962107156912352,2.2333558186880738,COL1A1;MEPE
GO_Biological_Process_2023,Camera-Type Eye Morphogenesis (GO:0048593),2/9,0.3203812610882264,0.9999961907768526,0,0,1.962107156912352,2.2333558186880738,TH;SHROOM2
GO_Biological_Process_2023,Homocysteine Metabolic Process (GO:0050667),2/9,0.3203812610882264,0.9999961907768526,0,0,1.962107156912352,2.2333558186880738,CBS;DPEP1
GO_Biological_Process_2023,Ketone Biosynthetic Process (GO:0042181),2/9,0.3203812610882264,0.9999961907768526,0,0,1.962107156912352,2.2333558186880738,SRD5A2;CACNA1H
GO_Biological_Process_2023,Mitotic Nuclear Membrane Organization (GO:0101024),2/9,0.3203812610882264,0.9999961907768526,0,0,1.962107156912352,2.2333558186880738,REEP4;RCC1
GO_Biological_Process_2023,Mitotic Nuclear Membrane Reassembly (GO:0007084),2/9,0.3203812610882264,0.9999961907768526,0,0,1.962107156912352,2.2333558186880738,REEP4;RCC1
GO_Biological_Process_2023,Myeloid Dendritic Cell Differentiation (GO:0043011),2/9,0.3203812610882264,0.9999961907768526,0,0,1.962107156912352,2.2333558186880738,DCSTAMP;DHRS2
GO_Biological_Process_2023,Negative Regulation Of Cell Adhesion Mediated By Integrin (GO:0033629),2/9,0.3203812610882264,0.9999961907768526,0,0,1.962107156912352,2.2333558186880738,MUC1;SERPINE1
GO_Biological_Process_2023,Negative Regulation Of Humoral Immune Response Mediated By Circulating Immunoglobulin (GO:0002924),2/9,0.3203812610882264,0.9999961907768526,0,0,1.962107156912352,2.2333558186880738,SUSD4;FOXJ1
GO_Biological_Process_2023,Negative Regulation Of Protein Maturation (GO:1903318),2/9,0.3203812610882264,0.9999961907768526,0,0,1.962107156912352,2.2333558186880738,NLRP7;CHAC1
GO_Biological_Process_2023,Negative Regulation Of Telomerase Activity (GO:0051974),2/9,0.3203812610882264,0.9999961907768526,0,0,1.962107156912352,2.2333558186880738,PIF1;SRC
GO_Biological_Process_2023,Negative Regulation Of Transcription By RNA Polymerase I (GO:0016479),2/9,0.3203812610882264,0.9999961907768526,0,0,1.962107156912352,2.2333558186880738,BEND3;MACROH2A1
GO_Biological_Process_2023,Negative Regulation Of Transcription By Competitive Promoter Binding (GO:0010944),2/9,0.3203812610882264,0.9999961907768526,0,0,1.962107156912352,2.2333558186880738,TFAP2A;MUC1
GO_Biological_Process_2023,Negative Regulation Of Transforming Growth Factor Beta Production (GO:0071635),2/9,0.3203812610882264,0.9999961907768526,0,0,1.962107156912352,2.2333558186880738,LAPTM4B;FN1
GO_Biological_Process_2023,Negative Regulation Of Vascular Endothelial Growth Factor Signaling Pathway (GO:1900747),2/9,0.3203812610882264,0.9999961907768526,0,0,1.962107156912352,2.2333558186880738,SORD;IL12B
GO_Biological_Process_2023,Neuron Projection Regeneration (GO:0031102),2/9,0.3203812610882264,0.9999961907768526,0,0,1.962107156912352,2.2333558186880738,RTN4RL2;NREP
GO_Biological_Process_2023,Neuron Remodeling (GO:0016322),2/9,0.3203812610882264,0.9999961907768526,0,0,1.962107156912352,2.2333558186880738,EPHA8;RND1
GO_Biological_Process_2023,Phosphatidylethanolamine Acyl-Chain Remodeling (GO:0036152),2/9,0.3203812610882264,0.9999961907768526,0,0,1.962107156912352,2.2333558186880738,MBOAT2;PLAAT2
GO_Biological_Process_2023,Phosphatidylethanolamine Biosynthetic Process (GO:0006646),2/9,0.3203812610882264,0.9999961907768526,0,0,1.962107156912352,2.2333558186880738,ETNK2;SELENOI
GO_Biological_Process_2023,Positive Regulation Of T Cell Apoptotic Process (GO:0070234),2/9,0.3203812610882264,0.9999961907768526,0,0,1.962107156912352,2.2333558186880738,PDCD1;IDO1
GO_Biological_Process_2023,Positive Regulation Of Establishment Of Protein Localization To Telomere (GO:1904851),2/9,0.3203812610882264,0.9999961907768526,0,0,1.962107156912352,2.2333558186880738,CCT3;CCT5
GO_Biological_Process_2023,Positive Regulation Of Hippo Signaling (GO:0035332),2/9,0.3203812610882264,0.9999961907768526,0,0,1.962107156912352,2.2333558186880738,SRC;SOX11
GO_Biological_Process_2023,Positive Regulation Of Smooth Muscle Contraction (GO:0045987),2/9,0.3203812610882264,0.9999961907768526,0,0,1.962107156912352,2.2333558186880738,F2R;NMU
GO_Biological_Process_2023,Purine Nucleobase Metabolic Process (GO:0006144),2/9,0.3203812610882264,0.9999961907768526,0,0,1.962107156912352,2.2333558186880738,HPRT1;PAICS
GO_Biological_Process_2023,Regulation Of Natural Killer Cell Proliferation (GO:0032817),2/9,0.3203812610882264,0.9999961907768526,0,0,1.962107156912352,2.2333558186880738,IL18;IL12B
GO_Biological_Process_2023,Response To Hydroxyurea (GO:0072710),2/9,0.3203812610882264,0.9999961907768526,0,0,1.962107156912352,2.2333558186880738,BLM;TIMELESS
GO_Biological_Process_2023,Response To Type I Interferon (GO:0034340),2/9,0.3203812610882264,0.9999961907768526,0,0,1.962107156912352,2.2333558186880738,MX1;ISG15
GO_Biological_Process_2023,Sequestering Of Extracellular Ligand From Receptor (GO:0035581),2/9,0.3203812610882264,0.9999961907768526,0,0,1.962107156912352,2.2333558186880738,FBN2;GREM1
GO_Biological_Process_2023,Serine Family Amino Acid Catabolic Process (GO:0009071),2/9,0.3203812610882264,0.9999961907768526,0,0,1.962107156912352,2.2333558186880738,SDS;CBS
GO_Biological_Process_2023,Type II Interferon-Mediated Signaling Pathway (GO:0060333),2/9,0.3203812610882264,0.9999961907768526,0,0,1.962107156912352,2.2333558186880738,IFNG;STAT1
GO_Biological_Process_2023,"Wound Healing, Spreading Of Epidermal Cells (GO:0035313)",2/9,0.3203812610882264,0.9999961907768526,0,0,1.962107156912352,2.2333558186880738,MMP12;COL5A1
GO_Biological_Process_2023,Lymphocyte Chemotaxis (GO:0048247),7/44,0.3240088346031035,0.9999961907768526,0,0,1.2995566544462442,1.4645802015828593,CXCL10;CXCL11;CCL11;CCL7;CCL20;CXCL13;CCL17
GO_Biological_Process_2023,Negative Regulation Of Endopeptidase Activity (GO:0010951),10/66,0.3271404763975133,0.9999961907768526,0,0,1.226735660707236,1.3707122384893595,SERPINA12;CST2;CST1;SERPINE1;SERPINA9;SERPINB7;GAPDH;SERPINA4;CST5;CST4
GO_Biological_Process_2023,Negative Regulation Of Immune Response (GO:0050777),10/66,0.3271404763975133,0.9999961907768526,0,0,1.226735660707236,1.3707122384893595,FCRLB;COL3A1;IFNL1;PARP1;SRC;RHBDF2;PDCD1;FOXP3;YWHAZ;AURKB
GO_Biological_Process_2023,Inorganic Cation Import Across Plasma Membrane (GO:0098659),15/103,0.3277616827068587,0.9999961907768526,0,0,1.1711333069620251,1.3063623270320173,SLC24A2;SLC12A3;KCNJ6;KCNJ10;SLC12A5;KCNK9;SLC12A1;CACNA1B;ATP1A3;NALF2;CACNA1E;CACNA1H;SLC8A2;SLC12A8;HCN2
GO_Biological_Process_2023,Calcium Ion Import Across Plasma Membrane (GO:0098703),6/37,0.3283781708569401,0.9999961907768526,0,0,1.329434053428611,1.4804436364168754,SLC24A2;CACNA1B;NALF2;CACNA1E;CACNA1H;SLC8A2
GO_Biological_Process_2023,Positive Regulation Of Signaling (GO:0023056),6/37,0.3283781708569401,0.9999961907768526,0,0,1.329434053428611,1.4804436364168754,RIMS4;CD80;NMU;KCTD13;SOX11;GATA3
GO_Biological_Process_2023,Negative Regulation Of Axon Extension (GO:0030517),5/30,0.332071296226439,0.9999961907768526,0,0,1.3736800630417652,1.514352574119418,RTN4R;SEMA4A;SEMA7A;TRIM46;KIAA0319
GO_Biological_Process_2023,Regulation Of Calcium-Mediated Signaling (GO:0050848),5/30,0.332071296226439,0.9999961907768526,0,0,1.3736800630417652,1.514352574119418,GPR143;CLEC7A;JPT2;SLA2;SLC8A2
GO_Biological_Process_2023,Cell Surface Toll-Like Receptor Signaling Pathway (GO:0140895),3/16,0.3328674872402651,0.9999961907768526,0,0,1.5848576620230164,1.7433605516848023,RIPK2;TNIP3;S100A14
GO_Biological_Process_2023,Establishment Of Melanosome Localization (GO:0032401),3/16,0.3328674872402651,0.9999961907768526,0,0,1.5848576620230164,1.7433605516848023,GPR143;SHROOM2;RAB17
GO_Biological_Process_2023,Glycoprotein Catabolic Process (GO:0006516),3/16,0.3328674872402651,0.9999961907768526,0,0,1.5848576620230164,1.7433605516848023,MMP12;NEU4;NCCRP1
GO_Biological_Process_2023,Innate Immune Response-Activating Signaling Pathway (GO:0002758),3/16,0.3328674872402651,0.9999961907768526,0,0,1.5848576620230164,1.7433605516848023,PYCARD;NOD2;INAVA
GO_Biological_Process_2023,Mesonephric Tubule Development (GO:0072164),3/16,0.3328674872402651,0.9999961907768526,0,0,1.5848576620230164,1.7433605516848023,WT1;LHX1;NPNT
GO_Biological_Process_2023,Negative Regulation Of RNA Biosynthetic Process (GO:1902679),3/16,0.3328674872402651,0.9999961907768526,0,0,1.5848576620230164,1.7433605516848023,HMGA2;APOBEC3A;APOBEC3B
GO_Biological_Process_2023,Negative Regulation Of Anoikis (GO:2000811),3/16,0.3328674872402651,0.9999961907768526,0,0,1.5848576620230164,1.7433605516848023,SRC;CEACAM6;CEACAM5
GO_Biological_Process_2023,Positive Regulation Of Lymphocyte Migration (GO:2000403),3/16,0.3328674872402651,0.9999961907768526,0,0,1.5848576620230164,1.7433605516848023,PYCARD;CXCL10;CCL20
GO_Biological_Process_2023,Positive Regulation Of Telomere Capping (GO:1904355),3/16,0.3328674872402651,0.9999961907768526,0,0,1.5848576620230164,1.7433605516848023,PKIB;NEK2;MAPK15
GO_Biological_Process_2023,Regulation Of NMDA Receptor Activity (GO:2000310),3/16,0.3328674872402651,0.9999961907768526,0,0,1.5848576620230164,1.7433605516848023,IFNG;SLC6A9;MAPK8IP2
GO_Biological_Process_2023,Regulation Of Fibrinolysis (GO:0051917),3/16,0.3328674872402651,0.9999961907768526,0,0,1.5848576620230164,1.7433605516848023,F12;SERPINE1;PLAUR
GO_Biological_Process_2023,Regulation Of Secretion (GO:0051046),3/16,0.3328674872402651,0.9999961907768526,0,0,1.5848576620230164,1.7433605516848023,ERBB3;OAS2;PTPRN
GO_Biological_Process_2023,Cell-Cell Signaling By Wnt (GO:0198738),4/23,0.3342737173237409,0.9999961907768526,0,0,1.4459070085611825,1.584417827583844,FZD2;WNT7B;RAC3;CD24
GO_Biological_Process_2023,Endocrine System Development (GO:0035270),4/23,0.3342737173237409,0.9999961907768526,0,0,1.4459070085611825,1.584417827583844,TG;WT1;SIX3;STRA6
GO_Biological_Process_2023,Negative Regulation Of Protein Tyrosine Kinase Activity (GO:0061099),4/23,0.3342737173237409,0.9999961907768526,0,0,1.4459070085611825,1.584417827583844,GPRC5A;CBLC;PTK6;SRCIN1
GO_Biological_Process_2023,Positive Regulation Of Morphogenesis Of An Epithelium (GO:1905332),4/23,0.3342737173237409,0.9999961907768526,0,0,1.4459070085611825,1.584417827583844,GDNF;SIX4;LHX1;PAX2
GO_Biological_Process_2023,Positive Regulation Of Oxidoreductase Activity (GO:0051353),4/23,0.3342737173237409,0.9999961907768526,0,0,1.4459070085611825,1.584417827583844,EDN2;GDNF;PPM1J;NOD2
GO_Biological_Process_2023,Regulation Of Centrosome Cycle (GO:0046605),4/23,0.3342737173237409,0.9999961907768526,0,0,1.4459070085611825,1.584417827583844,GEN1;CHMP4C;AURKA;MCM2
GO_Biological_Process_2023,Regulation Of Extracellular Matrix Organization (GO:1903053),4/23,0.3342737173237409,0.9999961907768526,0,0,1.4459070085611825,1.584417827583844,DDR1;SLC2A10;ZNF469;FGFR4
GO_Biological_Process_2023,Sodium Ion Transport (GO:0006814),13/89,0.3405787957392919,0.9999961907768526,0,0,1.1751248179737883,1.2657372452880833,SLC34A3;SLC24A2;SLC12A3;SLC34A1;SLC12A1;SLC6A11;SLC8A2;SLC5A5;SLC4A8;SLC6A9;KCNK1;ASIC3;HCN2
GO_Biological_Process_2023,Skeletal System Development (GO:0001501),21/149,0.3411580133452673,0.9999961907768526,0,0,1.127295425257732,1.2123042398208688,COL13A1;DLX5;MEPE;SULF1;PAX1;DLL3;COMP;COL1A1;ADAMTS4;CLEC3A;COL1A2;EPYC;TRPS1;CDH11;COL10A1;NOTUM;GUSBP3;PITX1;FGFR3;NKX3-2;MATN3
GO_Biological_Process_2023,Positive Regulation Of Bone Mineralization (GO:0030501),6/38,0.3521309003382997,0.9999961907768526,0,0,1.2878153330705555,1.3441602114268705,FBN2;TFAP2A;CCNA2;CYP27B1;ISG15;BMPR1B
GO_Biological_Process_2023,Positive Regulation Of Protein Tyrosine Kinase Activity (GO:0061098),6/38,0.3521309003382997,0.9999961907768526,0,0,1.2878153330705555,1.3441602114268705,ERBB3;DLG3;SRC;FCGR1A;LRP8;SRCIN1
GO_Biological_Process_2023,Defense Response To Gram-negative Bacterium (GO:0050829),11/75,0.3547679750500997,0.9999961907768526,0,0,1.180656348736177,1.223503896108186,PYCARD;H2BC12;PRB3;SLC11A1;SERPINE1;H2BC11;IL12B;RNASE2;LYZ;TREM1;CAMP
GO_Biological_Process_2023,Intrinsic Apoptotic Signaling Pathway (GO:0097193),15/105,0.3559393100457033,0.9999961907768526,0,0,1.1449762658227849,1.182754803584494,BRSK2;IFI6;ATP2A1;TRAF2;BRCA1;POU4F1;PYCARD;MLLT11;CASP3;E2F1;PMAIP1;TRIB3;CHAC1;BAK1;CD24
GO_Biological_Process_2023,Cellular Response To cAMP (GO:0071320),5/31,0.358626234473671,0.9999961907768526,0,0,1.3207704431108689,1.3544164922401385,WT1;AQP9;EZR;HCN2;SLC5A5
GO_Biological_Process_2023,Negative Regulation Of Cell-Matrix Adhesion (GO:0001953),5/31,0.358626234473671,0.9999961907768526,0,0,1.3207704431108689,1.3544164922401385,MMP12;SRC;CDKN2A;RCC2;SERPINE1
GO_Biological_Process_2023,Positive Regulation Of Leukocyte Migration (GO:0002687),5/31,0.358626234473671,0.9999961907768526,0,0,1.3207704431108689,1.3544164922401385,F7;FUT7;EDN2;TNFRSF18;ADAM8
GO_Biological_Process_2023,Intermediate Filament Organization (GO:0045109),10/68,0.3625039995577155,0.9999961907768526,0,0,1.184298296962849,1.2017308972649394,DSP;BFSP2;KRT19;KRT3;KRT2;KRT37;KRT78;EPPK1;KRT86;INA
GO_Biological_Process_2023,Calcium Ion Transmembrane Import Into Cytosol (GO:0097553),12/83,0.3635310090132125,0.9999961907768526,0,0,1.160995208707798,1.174800229904852,SLC24A2;CACNB3;JPH3;F2R;CACNA1B;PLCH1;NALF2;JPH1;CACNA1E;CACNA1H;SLC8A2;GRIN2D
GO_Biological_Process_2023,Cell Morphogenesis Involved In Differentiation (GO:0000904),4/24,0.3647890109381712,0.9999961907768526,0,0,1.3735328869633714,1.38512020923101,CLDN3;RAB25;GRHL2;SIPA1L3
GO_Biological_Process_2023,Negative Regulation Of Ion Transmembrane Transporter Activity (GO:0032413),4/24,0.3647890109381712,0.9999961907768526,0,0,1.3735328869633714,1.38512020923101,SLC6A9;SLN;EPO;MMP9
GO_Biological_Process_2023,Neuromuscular Junction Development (GO:0007528),4/24,0.3647890109381712,0.9999961907768526,0,0,1.3735328869633714,1.38512020923101,CHRNA1;CACNB3;UNC13A;F2R
GO_Biological_Process_2023,Positive Regulation Of ERBB Signaling Pathway (GO:1901186),4/24,0.3647890109381712,0.9999961907768526,0,0,1.3735328869633714,1.38512020923101,PLAUR;AGR2;PTK6;MMP9
GO_Biological_Process_2023,Positive Regulation Of Interleukin-17 Production (GO:0032740),4/24,0.3647890109381712,0.9999961907768526,0,0,1.3735328869633714,1.38512020923101,SLC7A5;IL18;IL12B;NOD2
GO_Biological_Process_2023,Positive Regulation Of Vascular Endothelial Growth Factor Production (GO:0010575),4/24,0.3647890109381712,0.9999961907768526,0,0,1.3735328869633714,1.38512020923101,GATA4;BRCA1;SULF1;NOX1
GO_Biological_Process_2023,Regulation Of Viral Life Cycle (GO:1903900),4/24,0.3647890109381712,0.9999961907768526,0,0,1.3735328869633714,1.38512020923101,RFPL2;LAMP3;KPNA2;NECTIN2
GO_Biological_Process_2023,Response To Purine-Containing Compound (GO:0014074),4/24,0.3647890109381712,0.9999961907768526,0,0,1.3735328869633714,1.38512020923101,P2RY6;ADORA2A;VGF;STAT1
GO_Biological_Process_2023,Regulation Of Epidermal Growth Factor Receptor Signaling Pathway (GO:0042058),7/46,0.3674278854802316,0.9999961907768526,0,0,1.23277117204562,1.2342852733975267,RHBDF2;IFI6;AGR2;PLAUR;CBLC;PTK6;MMP9
GO_Biological_Process_2023,L-serine Metabolic Process (GO:0006563),2/10,0.3694157329446515,0.9999961907768526,0,0,1.716745375836285,1.7095910482150003,SDS;CBS
GO_Biological_Process_2023,T Cell Chemotaxis (GO:0010818),2/10,0.3694157329446515,0.9999961907768526,0,0,1.716745375836285,1.7095910482150003,CXCL10;CXCL11
GO_Biological_Process_2023,UDP-N-acetylglucosamine Metabolic Process (GO:0006047),2/10,0.3694157329446515,0.9999961907768526,0,0,1.716745375836285,1.7095910482150003,GNPNAT1;B4GALNT2
GO_Biological_Process_2023,Alpha-Amino Acid Biosynthetic Process (GO:1901607),2/10,0.3694157329446515,0.9999961907768526,0,0,1.716745375836285,1.7095910482150003,SDS;PAH
GO_Biological_Process_2023,Atrial Septum Morphogenesis (GO:0060413),2/10,0.3694157329446515,0.9999961907768526,0,0,1.716745375836285,1.7095910482150003,GATA4;SOX4
GO_Biological_Process_2023,Cell Proliferation In Forebrain (GO:0021846),2/10,0.3694157329446515,0.9999961907768526,0,0,1.716745375836285,1.7095910482150003,SIX3;KIF14
GO_Biological_Process_2023,Cellular Response To Increased Oxygen Levels (GO:0036295),2/10,0.3694157329446515,0.9999961907768526,0,0,1.716745375836285,1.7095910482150003,ATP6V1G1;ATP6AP1
GO_Biological_Process_2023,Diol Metabolic Process (GO:0034311),2/10,0.3694157329446515,0.9999961907768526,0,0,1.716745375836285,1.7095910482150003,DEGS2;PLPP2
GO_Biological_Process_2023,Establishment Of Epithelial Cell Apical/Basal Polarity (GO:0045198),2/10,0.3694157329446515,0.9999961907768526,0,0,1.716745375836285,1.7095910482150003,EZR;SYNE4
GO_Biological_Process_2023,Formation Of Extrachromosomal Circular DNA (GO:0001325),2/10,0.3694157329446515,0.9999961907768526,0,0,1.716745375836285,1.7095910482150003,EXO1;DNA2
GO_Biological_Process_2023,Glycine Transport (GO:0015816),2/10,0.3694157329446515,0.9999961907768526,0,0,1.716745375836285,1.7095910482150003,SLC6A9;SLC38A5
GO_Biological_Process_2023,"Heparan Sulfate Proteoglycan Biosynthetic Process, Enzymatic Modification (GO:0015015)",2/10,0.3694157329446515,0.9999961907768526,0,0,1.716745375836285,1.7095910482150003,HS3ST3A1;HS6ST3
GO_Biological_Process_2023,Mesonephros Development (GO:0001823),2/10,0.3694157329446515,0.9999961907768526,0,0,1.716745375836285,1.7095910482150003,GATA3;PAX2
GO_Biological_Process_2023,Mitochondrial Respirasome Assembly (GO:0097250),2/10,0.3694157329446515,0.9999961907768526,0,0,1.716745375836285,1.7095910482150003,HIGD2B;RAB5IF
GO_Biological_Process_2023,Negative Regulation Of T-helper Cell Differentiation (GO:0045623),2/10,0.3694157329446515,0.9999961907768526,0,0,1.716745375836285,1.7095910482150003,TNFSF4;FOXP3
GO_Biological_Process_2023,Negative Regulation Of Hemostasis (GO:1900047),2/10,0.3694157329446515,0.9999961907768526,0,0,1.716745375836285,1.7095910482150003,PROC;SERPINE1
GO_Biological_Process_2023,Negative Regulation Of Hydrogen Peroxide-Induced Cell Death (GO:1903206),2/10,0.3694157329446515,0.9999961907768526,0,0,1.716745375836285,1.7095910482150003,PYCR1;GPR37L1
GO_Biological_Process_2023,Negative Regulation Of Sprouting Angiogenesis (GO:1903671),2/10,0.3694157329446515,0.9999961907768526,0,0,1.716745375836285,1.7095910482150003,CREB3L1;E2F2
GO_Biological_Process_2023,Phenol-Containing Compound Biosynthetic Process (GO:0046189),2/10,0.3694157329446515,0.9999961907768526,0,0,1.716745375836285,1.7095910482150003,MOXD1;TYRP1
GO_Biological_Process_2023,Phosphate Ion Transmembrane Transport (GO:0035435),2/10,0.3694157329446515,0.9999961907768526,0,0,1.716745375836285,1.7095910482150003,SLC37A1;SLC20A1
GO_Biological_Process_2023,Positive Regulation Of Dendrite Development (GO:1900006),2/10,0.3694157329446515,0.9999961907768526,0,0,1.716745375836285,1.7095910482150003,LRP8;PACSIN1
GO_Biological_Process_2023,Positive Regulation Of Integrin Activation (GO:0033625),2/10,0.3694157329446515,0.9999961907768526,0,0,1.716745375836285,1.7095910482150003,SRC;CXCL13
GO_Biological_Process_2023,Positive Regulation Of Nitric-Oxide Synthase Biosynthetic Process (GO:0051770),2/10,0.3694157329446515,0.9999961907768526,0,0,1.716745375836285,1.7095910482150003,IFNG;NOD2
GO_Biological_Process_2023,Positive Regulation Of Protein Localization To Cajal Body (GO:1904871),2/10,0.3694157329446515,0.9999961907768526,0,0,1.716745375836285,1.7095910482150003,CCT3;CCT5
GO_Biological_Process_2023,Regulation Of Cardiac Muscle Cell Apoptotic Process (GO:0010665),2/10,0.3694157329446515,0.9999961907768526,0,0,1.716745375836285,1.7095910482150003,CAMK2A;GATA4
GO_Biological_Process_2023,Regulation Of Coagulation (GO:0050818),2/10,0.3694157329446515,0.9999961907768526,0,0,1.716745375836285,1.7095910482150003,PROC;F2R
GO_Biological_Process_2023,Regulation Of Establishment Of Protein Localization To Telomere (GO:0070203),2/10,0.3694157329446515,0.9999961907768526,0,0,1.716745375836285,1.7095910482150003,CCT3;CCT5
GO_Biological_Process_2023,Regulation Of Protein Localization To Cajal Body (GO:1904869),2/10,0.3694157329446515,0.9999961907768526,0,0,1.716745375836285,1.7095910482150003,CCT3;CCT5
GO_Biological_Process_2023,Regulation Of Respiratory Burst (GO:0060263),2/10,0.3694157329446515,0.9999961907768526,0,0,1.716745375836285,1.7095910482150003,CLEC7A;NOXO1
GO_Biological_Process_2023,Sarcoplasmic Reticulum Calcium Ion Transport (GO:0070296),2/10,0.3694157329446515,0.9999961907768526,0,0,1.716745375836285,1.7095910482150003,SLN;ATP2A1
GO_Biological_Process_2023,T-Circle Formation (GO:0090656),2/10,0.3694157329446515,0.9999961907768526,0,0,1.716745375836285,1.7095910482150003,EXO1;DNA2
GO_Biological_Process_2023,Telomere Maintenance Via Telomere Trimming (GO:0090737),2/10,0.3694157329446515,0.9999961907768526,0,0,1.716745375836285,1.7095910482150003,EXO1;DNA2
GO_Biological_Process_2023,Urogenital System Development (GO:0001655),2/10,0.3694157329446515,0.9999961907768526,0,0,1.716745375836285,1.7095910482150003,LHX1;PAX2
GO_Biological_Process_2023,DNA Modification (GO:0006304),3/17,0.3696347587659167,0.9999961907768526,0,0,1.4715691788526435,1.4645643614573092,NEIL3;EXOSC4;PARP1
GO_Biological_Process_2023,Base Conversion Or Substitution Editing (GO:0016553),3/17,0.3696347587659167,0.9999961907768526,0,0,1.4715691788526435,1.4645643614573092,RBM47;APOBEC3A;APOBEC3B
GO_Biological_Process_2023,Filopodium Assembly (GO:0046847),3/17,0.3696347587659167,0.9999961907768526,0,0,1.4715691788526435,1.4645643614573092,FGD6;RAB17;EZR
GO_Biological_Process_2023,Mesenchyme Development (GO:0060485),3/17,0.3696347587659167,0.9999961907768526,0,0,1.4715691788526435,1.4645643614573092,HMGA2;GATA4;SOX4
GO_Biological_Process_2023,Motile Cilium Assembly (GO:0044458),3/17,0.3696347587659167,0.9999961907768526,0,0,1.4715691788526435,1.4645643614573092,DNAAF3;MCIDAS;ZMYND10
GO_Biological_Process_2023,Neural Tube Development (GO:0021915),3/17,0.3696347587659167,0.9999961907768526,0,0,1.4715691788526435,1.4645643614573092,TRIM71;STIL;GRHL2
GO_Biological_Process_2023,Nuclear Envelope Organization (GO:0006998),3/17,0.3696347587659167,0.9999961907768526,0,0,1.4715691788526435,1.4645643614573092,REEP4;LMNB2;LMNB1
GO_Biological_Process_2023,Positive Regulation Of Alpha-Beta T Cell Proliferation (GO:0046641),3/17,0.3696347587659167,0.9999961907768526,0,0,1.4715691788526435,1.4645643614573092,TNFSF4;IL18;IL12B
GO_Biological_Process_2023,Positive Regulation Of Cell Adhesion Mediated By Integrin (GO:0033630),3/17,0.3696347587659167,0.9999961907768526,0,0,1.4715691788526435,1.4645643614573092,RET;RAC3;CXCL13
GO_Biological_Process_2023,Positive Regulation Of Lymphocyte Chemotaxis (GO:0140131),3/17,0.3696347587659167,0.9999961907768526,0,0,1.4715691788526435,1.4645643614573092,CCL7;CXCL13;S100A7
GO_Biological_Process_2023,Positive Regulation Of Peptidyl-Lysine Acetylation (GO:2000758),3/17,0.3696347587659167,0.9999961907768526,0,0,1.4715691788526435,1.4645643614573092,BRCA1;FOXP3;SOX4
GO_Biological_Process_2023,Positive Regulation Of Regulatory T Cell Differentiation (GO:0045591),3/17,0.3696347587659167,0.9999961907768526,0,0,1.4715691788526435,1.4645643614573092,IL4I1;SOX12;FOXP3
GO_Biological_Process_2023,Positive Regulation Of Small GTPase Mediated Signal Transduction (GO:0051057),3/17,0.3696347587659167,0.9999961907768526,0,0,1.4715691788526435,1.4645643614573092,SRC;RASGRF1;RASGRP1
GO_Biological_Process_2023,Regulation Of Establishment Of Cell Polarity (GO:2000114),3/17,0.3696347587659167,0.9999961907768526,0,0,1.4715691788526435,1.4645643614573092,SHTN1;CYRIB;KIF20B
GO_Biological_Process_2023,Sulfur Amino Acid Metabolic Process (GO:0000096),3/17,0.3696347587659167,0.9999961907768526,0,0,1.4715691788526435,1.4645643614573092,CBS;SMS;DPEP1
GO_Biological_Process_2023,Negative Regulation Of Viral Process (GO:0048525),9/61,0.370764014811598,0.9999961907768526,0,0,1.1887939408657642,1.1795088627395998,OAS2;STAT1;OAS3;MX1;ISG15;TRIM11;APOBEC3A;OASL;SRPK1
GO_Biological_Process_2023,Carboxylic Acid Transmembrane Transport (GO:1905039),6/39,0.3760063700435342,0.9999961907768526,0,0,1.2487189594008672,1.2214334438335668,SLC7A5;SLC38A1;ABCC5;SLC7A13;SLC7A11;SLC16A3
GO_Biological_Process_2023,Heterochromatin Organization (GO:0070828),6/39,0.3760063700435342,0.9999961907768526,0,0,1.2487189594008672,1.2214334438335668,UHRF1;CBX3;HMGA2;LMNB2;LMNB1;EZH2
GO_Biological_Process_2023,Regulation Of Protein Tyrosine Kinase Activity (GO:0061097),6/39,0.3760063700435342,0.9999961907768526,0,0,1.2487189594008672,1.2214334438335668,ERBB3;DLG3;PTK6;FCGR1A;LRP8;SRCIN1
GO_Biological_Process_2023,Vesicle Cytoskeletal Trafficking (GO:0099518),6/39,0.3760063700435342,0.9999961907768526,0,0,1.2487189594008672,1.2214334438335668,MYO5B;BICDL1;BICDL2;KIF1A;MYO19;TANC2
GO_Biological_Process_2023,Axon Development (GO:0061564),14/99,0.3782451737235537,0.9999961907768526,0,0,1.1313841788198078,1.099946051256352,BRSK1;BRSK2;RAB3A;APLP1;RTN4RL2;NREP;POU4F1;PAX2;SHTN1;ISL2;PARD6B;CDK5;TRIM46;CDK5R1
GO_Biological_Process_2023,Negative Regulation Of Protein Ubiquitination (GO:0031397),8/54,0.3796494016840416,0.9999961907768526,0,0,1.1944773175542407,1.1568597381042418,CDC20;MINAR1;LIMK1;BUB1B;ISG15;FBXO5;SOX4;MAD2L1
GO_Biological_Process_2023,Regulation Of Transmembrane Transport (GO:0034762),5/32,0.3852401772952359,0.9999961907768526,0,0,1.2717800542859643,1.2131361165885215,CALHM1;KCNJ6;OCLN;KCNJ10;TRIB3
GO_Biological_Process_2023,Neutrophil Migration (GO:1990266),11/77,0.3886503897503988,0.9999961907768526,0,0,1.1447472353870458,1.081872085607032,CXCL10;CXCL9;CXCL11;EDN2;CCL11;CCL7;CCL20;CXCL13;TREM1;CCL17;CD177
GO_Biological_Process_2023,Phosphatidylinositol-Mediated Signaling (GO:0048015),9/62,0.3897459021943404,0.9999961907768526,0,0,1.166296853360337,1.0989552054806624,FCGR3A;GPR143;ERBB3;PIK3R2;PLCH1;GATA3;EZR;MUC5AC;KCNH1
GO_Biological_Process_2023,Mismatch Repair (GO:0006298),4/25,0.3952309802493797,0.9999961907768526,0,0,1.3080515388510665,1.2142445244574394,PCNA;RNASEH2A;LIG1;EXO1
GO_Biological_Process_2023,Negative Regulation Of Stress Fiber Assembly (GO:0051497),4/25,0.3952309802493797,0.9999961907768526,0,0,1.3080515388510665,1.2142445244574394,STMN1;RHPN1;RHPN2P1;RHPN2
GO_Biological_Process_2023,Phosphatidylethanolamine Metabolic Process (GO:0046337),4/25,0.3952309802493797,0.9999961907768526,0,0,1.3080515388510665,1.2142445244574394,ETNK2;PLAAT1;PLAAT2;SELENOI
GO_Biological_Process_2023,Positive Regulation Of Interleukin-2 Production (GO:0032743),4/25,0.3952309802493797,0.9999961907768526,0,0,1.3080515388510665,1.2142445244574394,PNP;CLEC7A;CD80;TRAF2
GO_Biological_Process_2023,Proteoglycan Metabolic Process (GO:0006029),4/25,0.3952309802493797,0.9999961907768526,0,0,1.3080515388510665,1.2142445244574394,CANT1;CHST11;SULF1;BMPR1B
GO_Biological_Process_2023,Regulation Of Biomineral Tissue Development (GO:0070167),4/25,0.3952309802493797,0.9999961907768526,0,0,1.3080515388510665,1.2142445244574394,CYP27B1;FBXO5;NOTUM;ODAPH
GO_Biological_Process_2023,Regulation Of Hippo Signaling (GO:0035330),4/25,0.3952309802493797,0.9999961907768526,0,0,1.3080515388510665,1.2142445244574394,NUAK2;SRC;SOX11;CIT
GO_Biological_Process_2023,Sodium Ion Homeostasis (GO:0055078),4/25,0.3952309802493797,0.9999961907768526,0,0,1.3080515388510665,1.2142445244574394,SLC12A3;TMPRSS4;SLC12A1;ATP1A3
GO_Biological_Process_2023,"Wound Healing, Spreading Of Cells (GO:0044319)",4/25,0.3952309802493797,0.9999961907768526,0,0,1.3080515388510665,1.2142445244574394,DDR1;CCNA2;MMP12;COL5A1
GO_Biological_Process_2023,Epidermis Development (GO:0008544),12/85,0.3959079525918526,0.9999961907768526,0,0,1.1290572246607815,1.046154546915815,DSP;CASP14;CALML5;SPINT1;CRABP2;KRT2;OVOL1;HOXB13;EVPL;GRHL2;POU2F3;S100A7
GO_Biological_Process_2023,Regulation Of Osteoblast Differentiation (GO:0045667),12/85,0.3959079525918526,0.9999961907768526,0,0,1.1290572246607815,1.046154546915815,CCNA2;GREM1;FBN2;SCUBE3;WNT7B;CCN4;SUCO;SOX11;FBXO5;NPNT;BMPR1B;RUNX2
GO_Biological_Process_2023,Neutrophil Chemotaxis (GO:0030593),10/70,0.398299514079156,0.9999961907768526,0,0,1.1446900908014213,1.053745617830394,CXCL10;CXCL9;CXCL11;EDN2;CCL11;CCL7;CCL20;CXCL13;TREM1;CCL17
GO_Biological_Process_2023,L-alpha-amino Acid Transmembrane Transport (GO:1902475),6/40,0.3999121648253734,0.9999961907768526,0,0,1.211922372417631,1.1107393903532885,SLC7A5;SLC38A1;SLC6A9;SLC7A11;SLC25A22;SLC38A5
GO_Biological_Process_2023,Regulation Of Microtubule Cytoskeleton Organization (GO:0070507),6/40,0.3999121648253734,0.9999961907768526,0,0,1.211922372417631,1.1107393903532885,CAMSAP3;STMN1;STMND1;TRIM36;SKA3;SKA1
GO_Biological_Process_2023,"Regulation Of Synaptic Transmission, Glutamatergic (GO:0051966)",8/55,0.3999488421950856,0.9999961907768526,0,0,1.1689957614671198,1.0712894995367204,GRM4;UNC13A;CDH2;CDK5;GRM8;MAPK8IP2;CACNG4;GRIN2D
GO_Biological_Process_2023,Epithelium Development (GO:0060429),21/154,0.4008013460684151,0.9999961907768526,0,0,1.0846028632246756,0.991640869345428,TRIM71;STIL;DLX3;PCNA;KRT3;STAT1;WNT7B;FOXJ1;ACTL8;GRHL2;PAX2;KRT19;SPINT1;WT1;LHX1;KRT37;CDHR2;TIMELESS;CDK1;WNT2;MFSD2A
GO_Biological_Process_2023,Positive Regulation Of Tumor Necrosis Factor Production (GO:0032760),11/78,0.4056896205961253,0.9999961907768526,0,0,1.1275966140859683,1.0172803339273693,PYCARD;ORM1;FCGR3A;IFNG;OAS2;CLEC7A;OAS3;IL12B;NOD2;AMH;RASGRP1
GO_Biological_Process_2023,Cell Junction Maintenance (GO:0034331),3/18,0.4060077953816268,0.9999961907768526,0,0,1.3733858267716534,1.237946525609861,CLDN3;F2R;CD177
GO_Biological_Process_2023,Glycerolipid Catabolic Process (GO:0046503),3/18,0.4060077953816268,0.9999961907768526,0,0,1.3733858267716534,1.237946525609861,PLA2G4F;PLA2G4D;GDPD1
GO_Biological_Process_2023,Melanosome Localization (GO:0032400),3/18,0.4060077953816268,0.9999961907768526,0,0,1.3733858267716534,1.237946525609861,GPR143;SHROOM2;RAB17
GO_Biological_Process_2023,Neuromuscular Process (GO:0050905),3/18,0.4060077953816268,0.9999961907768526,0,0,1.3733858267716534,1.237946525609861,CHRNA1;SHANK1;STRA6
GO_Biological_Process_2023,Neuromuscular Synaptic Transmission (GO:0007274),3/18,0.4060077953816268,0.9999961907768526,0,0,1.3733858267716534,1.237946525609861,CHRNA1;CHRNA3;CHRNB4
GO_Biological_Process_2023,Positive Regulation Of DNA Replication (GO:0045740),3/18,0.4060077953816268,0.9999961907768526,0,0,1.3733858267716534,1.237946525609861,CDT1;PCNA;DNA2
GO_Biological_Process_2023,Positive Regulation Of Cytokine Production Involved In Inflammatory Response (GO:1900017),3/18,0.4060077953816268,0.9999961907768526,0,0,1.3733858267716534,1.237946525609861,GBP5;CLEC7A;NOD2
GO_Biological_Process_2023,Positive Regulation Of Natural Killer Cell Activation (GO:0032816),3/18,0.4060077953816268,0.9999961907768526,0,0,1.3733858267716534,1.237946525609861,FCGR3A;IL18;IL12B
GO_Biological_Process_2023,Regulation Of T Cell Cytokine Production (GO:0002724),3/18,0.4060077953816268,0.9999961907768526,0,0,1.3733858267716534,1.237946525609861,TNFSF4;TRAF2;FOXP3
GO_Biological_Process_2023,Regulation Of Epithelial Cell Differentiation (GO:0030856),3/18,0.4060077953816268,0.9999961907768526,0,0,1.3733858267716534,1.237946525609861,IFNG;GATA3;CD24
GO_Biological_Process_2023,Regulation Of Lymphocyte Proliferation (GO:0050670),3/18,0.4060077953816268,0.9999961907768526,0,0,1.3733858267716534,1.237946525609861,MZB1;IL12B;SOX11
GO_Biological_Process_2023,Regulation Of Mitochondrial Membrane Permeability (GO:0046902),3/18,0.4060077953816268,0.9999961907768526,0,0,1.3733858267716534,1.237946525609861,CAMK2A;PMAIP1;BAK1
GO_Biological_Process_2023,Regulation Of Nervous System Process (GO:0031644),3/18,0.4060077953816268,0.9999961907768526,0,0,1.3733858267716534,1.237946525609861,NPTX2;SLC8A2;TYMP
GO_Biological_Process_2023,Response To Organophosphorus (GO:0046683),3/18,0.4060077953816268,0.9999961907768526,0,0,1.3733858267716534,1.237946525609861,VGF;STAT1;TYMS
GO_Biological_Process_2023,Oligosaccharide Metabolic Process (GO:0009311),7/48,0.4111844274031558,0.9999961907768526,0,0,1.1725013464645688,1.0420177011045175,FUT5;NEU4;FUT7;ST6GAL2;FUT2;B4GALNT2;FUT3
GO_Biological_Process_2023,Actin Filament Bundle Assembly (GO:0051017),5/33,0.4117901444723172,0.9999961907768526,0,0,1.2262889789485534,1.088014371918005,BAIAP2L1;SHROOM2;ESPN;EZR;PLS1
GO_Biological_Process_2023,Actin Filament Bundle Organization (GO:0061572),5/33,0.4117901444723172,0.9999961907768526,0,0,1.2262889789485534,1.088014371918005,BAIAP2L1;SHROOM2;ESPN;EZR;PLS1
GO_Biological_Process_2023,Inositol Lipid-Mediated Signaling (GO:0048017),5/33,0.4117901444723172,0.9999961907768526,0,0,1.2262889789485534,1.088014371918005,GPR143;PLCH1;EZR;MUC5AC;KCNH1
GO_Biological_Process_2023,Positive Regulation Of DNA Binding (GO:0043388),5/33,0.4117901444723172,0.9999961907768526,0,0,1.2262889789485534,1.088014371918005,PLAUR;GATA3;MMP9;POU4F1;NME1
GO_Biological_Process_2023,Positive Regulation Of Interleukin-12 Production (GO:0032735),5/33,0.4117901444723172,0.9999961907768526,0,0,1.2262889789485534,1.088014371918005,IFNG;CLEC7A;RIPK2;TNFSF4;IL12B
GO_Biological_Process_2023,Positive Regulation Of Nitrogen Compound Metabolic Process (GO:0051173),5/33,0.4117901444723172,0.9999961907768526,0,0,1.2262889789485534,1.088014371918005,IFNG;UHRF1;HPN;GATA3;INHBA
GO_Biological_Process_2023,Regulation Of Cell Adhesion Mediated By Integrin (GO:0033628),5/33,0.4117901444723172,0.9999961907768526,0,0,1.2262889789485534,1.088014371918005,RET;MUC1;EPHA8;SERPINE1;RAC3
GO_Biological_Process_2023,Regulation Of Type I Interferon-Mediated Signaling Pathway (GO:0060338),5/33,0.4117901444723172,0.9999961907768526,0,0,1.2262889789485534,1.088014371918005,RBM47;OAS3;IGF2BP1;ISG15;TTLL12
GO_Biological_Process_2023,Signal Transduction By P53 Class Mediator (GO:0072331),5/33,0.4117901444723172,0.9999961907768526,0,0,1.2262889789485534,1.088014371918005,PYCARD;GREM1;PMAIP1;POU4F1;E2F7
GO_Biological_Process_2023,Protein Autoubiquitination (GO:0051865),10/71,0.4162620284142173,0.9999961907768526,0,0,1.1258599600033654,0.9867490872791144,TRIM71;BARD1;DEPDC1B;RAD51;UHRF1;UBE2T;TRAF2;BRCA1;BRCA2;TRIM11
GO_Biological_Process_2023,AMP Metabolic Process (GO:0046033),2/11,0.416972983623429,0.9999961907768526,0,0,1.525908434999344,1.334763755144291,SORD;ADSS2
GO_Biological_Process_2023,Actin Crosslink Formation (GO:0051764),2/11,0.416972983623429,0.9999961907768526,0,0,1.525908434999344,1.334763755144291,GAS2L3;BAIAP2L1
GO_Biological_Process_2023,Biogenic Amine Biosynthetic Process (GO:0042401),2/11,0.416972983623429,0.9999961907768526,0,0,1.525908434999344,1.334763755144291,MOXD1;PAH
GO_Biological_Process_2023,Cell Differentiation In Hindbrain (GO:0021533),2/11,0.416972983623429,0.9999961907768526,0,0,1.525908434999344,1.334763755144291,LHX1;CEND1
GO_Biological_Process_2023,Cochlea Morphogenesis (GO:0090103),2/11,0.416972983623429,0.9999961907768526,0,0,1.525908434999344,1.334763755144291,HPN;PAX2
GO_Biological_Process_2023,Epithelial Cell-Cell Adhesion (GO:0090136),2/11,0.416972983623429,0.9999961907768526,0,0,1.525908434999344,1.334763755144291,CAMSAP3;DSP
GO_Biological_Process_2023,Exit From Mitosis (GO:0010458),2/11,0.416972983623429,0.9999961907768526,0,0,1.525908434999344,1.334763755144291,UBE2C;UBE2S
GO_Biological_Process_2023,Glutamine Family Amino Acid Biosynthetic Process (GO:0009084),2/11,0.416972983623429,0.9999961907768526,0,0,1.525908434999344,1.334763755144291,LGSN;PYCR1
GO_Biological_Process_2023,Heterocycle Biosynthetic Process (GO:0018130),2/11,0.416972983623429,0.9999961907768526,0,0,1.525908434999344,1.334763755144291,PYCR1;PYCR3
GO_Biological_Process_2023,Inner Ear Receptor Cell Stereocilium Organization (GO:0060122),2/11,0.416972983623429,0.9999961907768526,0,0,1.525908434999344,1.334763755144291,PLS1;TPRN
GO_Biological_Process_2023,Lysosomal Membrane Organization (GO:0097212),2/11,0.416972983623429,0.9999961907768526,0,0,1.525908434999344,1.334763755144291,LAPTM4B;CHMP4C
GO_Biological_Process_2023,Mitochondrial Genome Maintenance (GO:0000002),2/11,0.416972983623429,0.9999961907768526,0,0,1.525908434999344,1.334763755144291,PARP1;TYMP
GO_Biological_Process_2023,Negative Regulation Of Bone Remodeling (GO:0046851),2/11,0.416972983623429,0.9999961907768526,0,0,1.525908434999344,1.334763755144291,GREM1;GPR137B
GO_Biological_Process_2023,Negative Regulation Of Cellular Response To Vascular Endothelial Growth Factor Stimulus (GO:1902548),2/11,0.416972983623429,0.9999961907768526,0,0,1.525908434999344,1.334763755144291,SORD;IL12B
GO_Biological_Process_2023,Negative Regulation Of Leukocyte Apoptotic Process (GO:2000107),2/11,0.416972983623429,0.9999961907768526,0,0,1.525908434999344,1.334763755144291,IRF7;NOD2
GO_Biological_Process_2023,Negative Regulation Of Leukocyte Chemotaxis (GO:0002689),2/11,0.416972983623429,0.9999961907768526,0,0,1.525908434999344,1.334763755144291,GREM1;SLAMF8
GO_Biological_Process_2023,Neutrophil Activation Involved In Immune Response (GO:0002283),2/11,0.416972983623429,0.9999961907768526,0,0,1.525908434999344,1.334763755144291,VAMP8;STXBP2
GO_Biological_Process_2023,Phospholipid Efflux (GO:0033700),2/11,0.416972983623429,0.9999961907768526,0,0,1.525908434999344,1.334763755144291,APOC2;ABCA12
GO_Biological_Process_2023,"Positive Regulation Of Protein Localization To Chromosome, Telomeric Region (GO:1904816)",2/11,0.416972983623429,0.9999961907768526,0,0,1.525908434999344,1.334763755144291,CCT3;CCT5
GO_Biological_Process_2023,Positive Regulation Of Vascular Permeability (GO:0043117),2/11,0.416972983623429,0.9999961907768526,0,0,1.525908434999344,1.334763755144291,OCLN;TJP3
GO_Biological_Process_2023,Purine Ribonucleoside Monophosphate Biosynthetic Process (GO:0009168),2/11,0.416972983623429,0.9999961907768526,0,0,1.525908434999344,1.334763755144291,ADSS2;PAICS
GO_Biological_Process_2023,Purine Ribonucleoside Monophosphate Metabolic Process (GO:0009167),2/11,0.416972983623429,0.9999961907768526,0,0,1.525908434999344,1.334763755144291,ADSS2;HPRT1
GO_Biological_Process_2023,Regulation Of T Cell Apoptotic Process (GO:0070232),2/11,0.416972983623429,0.9999961907768526,0,0,1.525908434999344,1.334763755144291,PDCD1;IDO1
GO_Biological_Process_2023,Regulation Of T Cell Mediated Immunity (GO:0002709),2/11,0.416972983623429,0.9999961907768526,0,0,1.525908434999344,1.334763755144291,FUT7;CD80
GO_Biological_Process_2023,Regulation Of Alcohol Biosynthetic Process (GO:1902930),2/11,0.416972983623429,0.9999961907768526,0,0,1.525908434999344,1.334763755144291,SH2D2A;CLCN2
GO_Biological_Process_2023,Regulation Of Homotypic Cell-Cell Adhesion (GO:0034110),2/11,0.416972983623429,0.9999961907768526,0,0,1.525908434999344,1.334763755144291,PLAUR;TNFSF11
GO_Biological_Process_2023,Regulation Of Keratinocyte Migration (GO:0051547),2/11,0.416972983623429,0.9999961907768526,0,0,1.525908434999344,1.334763755144291,EPPK1;MMP9
GO_Biological_Process_2023,Regulation Of Monocyte Chemotactic Protein-1 Production (GO:0071637),2/11,0.416972983623429,0.9999961907768526,0,0,1.525908434999344,1.334763755144291,CLEC7A;OAS3
GO_Biological_Process_2023,Response To X-ray (GO:0010165),2/11,0.416972983623429,0.9999961907768526,0,0,1.525908434999344,1.334763755144291,BLM;DEPDC1B
GO_Biological_Process_2023,Response To Nitric Oxide (GO:0071731),2/11,0.416972983623429,0.9999961907768526,0,0,1.525908434999344,1.334763755144291,MMP3;DPEP1
GO_Biological_Process_2023,Sphingoid Metabolic Process (GO:0046519),2/11,0.416972983623429,0.9999961907768526,0,0,1.525908434999344,1.334763755144291,DEGS2;PLPP2
GO_Biological_Process_2023,Tetrahydrofolate Metabolic Process (GO:0046653),2/11,0.416972983623429,0.9999961907768526,0,0,1.525908434999344,1.334763755144291,MTHFD2;TYMS
GO_Biological_Process_2023,Positive Regulation Of Cellular Metabolic Process (GO:0031325),8/56,0.42025231153755,0.9999961907768526,0,0,1.1445759368836292,0.992232886920136,CCNB1;IFNG;HPN;SORD;CDK1;ACOD1;GATA3;KIR2DL4
GO_Biological_Process_2023,Defense Response To Symbiont (GO:0140546),20/148,0.421410663441621,0.9999961907768526,0,0,1.0731891597304797,0.927393700576772,GBP5;GARIN5A;STAT1;MX1;IFI6;ACOD1;ISG15;RNASE2;OASL;PYCARD;AIM2;EXOSC4;IFNL1;OAS2;OAS3;IRF7;IGF2BP1;PMAIP1;APOBEC3A;APOBEC3B
GO_Biological_Process_2023,Positive Regulation Of Cytoskeleton Organization (GO:0051495),11/79,0.4227505358616347,0.9999961907768526,0,0,1.1109504228231577,0.9564983446552188,PYCARD;PLK4;STIL;BAIAP2L1;CCL11;SPAG5;CDK5;CRACD;LIMK1;EVL;PLXNA3
GO_Biological_Process_2023,Cellular Response To Retinoic Acid (GO:0071300),6/41,0.4237604708556761,0.9999961907768526,0,0,1.1772284475477224,1.0107529358608718,RET;PTK7;WNT7B;PTK6;WNT2;PAX2
GO_Biological_Process_2023,Lymphocyte Migration (GO:0072676),6/41,0.4237604708556761,0.9999961907768526,0,0,1.1772284475477224,1.0107529358608718,RET;CCL11;CCL7;CCL20;GATA3;CCL17
GO_Biological_Process_2023,Negative Regulation Of mRNA Catabolic Process (GO:1902373),6/41,0.4237604708556761,0.9999961907768526,0,0,1.1772284475477224,1.0107529358608718,GDNF;SLC11A1;E2F1;IGF2BP1;PKP3;HNRNPAB
GO_Biological_Process_2023,"Wnt Signaling Pathway, Planar Cell Polarity Pathway (GO:0060071)",4/26,0.4254270308317568,0.9999961907768526,0,0,1.2485230405671524,1.0670649942418309,VANGL1;FZD2;CELSR1;CELSR3
GO_Biological_Process_2023,Calcium-Ion Regulated Exocytosis (GO:0017156),4/26,0.4254270308317568,0.9999961907768526,0,0,1.2485230405671524,1.0670649942418309,SYT5;RIMS4;RAB3A;SYT13
GO_Biological_Process_2023,Cellular Response To Xenobiotic Stimulus (GO:0071466),4/26,0.4254270308317568,0.9999961907768526,0,0,1.2485230405671524,1.0670649942418309,AIM2;DPEP1;PPM1E;VAV2
GO_Biological_Process_2023,Negative Regulation Of Endothelial Cell Apoptotic Process (GO:2000352),4/26,0.4254270308317568,0.9999961907768526,0,0,1.2485230405671524,1.0670649942418309,IL11;SERPINE1;GATA3;PAK4
GO_Biological_Process_2023,Positive Regulation Of Monooxygenase Activity (GO:0032770),4/26,0.4254270308317568,0.9999961907768526,0,0,1.2485230405671524,1.0670649942418309,CYP27B1;TERT;GDNF;IFNG
GO_Biological_Process_2023,Regulation Of Vascular Endothelial Growth Factor Production (GO:0010574),4/26,0.4254270308317568,0.9999961907768526,0,0,1.2485230405671524,1.0670649942418309,GATA4;BRCA1;SULF1;NOX1
GO_Biological_Process_2023,Erythrocyte Differentiation (GO:0030218),7/49,0.4330170787834535,0.9999961907768526,0,0,1.1445189274447949,0.9579372874238627,RACGAP1;EPO;CASP3;MYB;FLVCR1;INHBA;KLF1
GO_Biological_Process_2023,Axonogenesis (GO:0007409),25/188,0.4374582591915226,0.9999961907768526,0,0,1.0533971357148777,0.870921347996796,RET;BRSK1;BRSK2;SEMA7A;RAB3A;EPHA10;LRTM2;EFNA4;IGSF9;PARD6B;TUBB3;TRIM46;TNR;PLXNA3;SEMA4A;EPHA8;APLP1;POU4F1;PAX2;NELL2;SHTN1;ISL2;EFNA3;CDK5;CDK5R1
GO_Biological_Process_2023,Response To Estrogen (GO:0043627),5/34,0.4381619328297707,0.9999961907768526,0,0,1.1839352191516537,0.976943950092335,CYP27B1;KRT19;BRCA1;GATA3;CD24
GO_Biological_Process_2023,Wound Healing (GO:0042060),11/80,0.439801298143682,0.9999961907768526,0,0,1.09478672985782,0.8992931258988108,DSP;MMP12;TRIM72;COL3A1;RAB3A;ERBB3;SLC11A1;CHMP4C;GATA4;EPPK1;EVPL
GO_Biological_Process_2023,Chemokine-Mediated Signaling Pathway (GO:0070098),8/57,0.4405069157335844,0.9999961907768526,0,0,1.1211528398341586,0.9191537617555048,CXCL10;CXCL9;CXCL11;CCL11;CCL7;CCL20;CXCL13;CCL17
GO_Biological_Process_2023,Myeloid Cell Differentiation (GO:0030099),8/57,0.4405069157335844,0.9999961907768526,0,0,1.1211528398341586,0.9191537617555048,IL11;RACGAP1;EPO;CASP3;MYB;FLVCR1;INHBA;KLF1
GO_Biological_Process_2023,Cardiac Ventricle Development (GO:0003231),3/19,0.4417259823137541,0.9999961907768526,0,0,1.2874753937007877,1.051951776077209,GATA4;GATA3;STRA6
GO_Biological_Process_2023,Dopamine Metabolic Process (GO:0042417),3/19,0.4417259823137541,0.9999961907768526,0,0,1.2874753937007877,1.051951776077209,MOXD1;TH;DRD4
GO_Biological_Process_2023,Embryonic Digestive Tract Development (GO:0048566),3/19,0.4417259823137541,0.9999961907768526,0,0,1.2874753937007877,1.051951776077209,SIX2;SOX11;STRA6
GO_Biological_Process_2023,Establishment Of Epithelial Cell Polarity (GO:0090162),3/19,0.4417259823137541,0.9999961907768526,0,0,1.2874753937007877,1.051951776077209,SYNE4;EZR;SIPA1L3
GO_Biological_Process_2023,Negative Regulation Of Leukocyte Cell-Cell Adhesion (GO:1903038),3/19,0.4417259823137541,0.9999961907768526,0,0,1.2874753937007877,1.051951776077209,IL4I1;ILDR2;TIGIT
GO_Biological_Process_2023,Phosphatidylcholine Biosynthetic Process (GO:0006656),3/19,0.4417259823137541,0.9999961907768526,0,0,1.2874753937007877,1.051951776077209,MUC1;SLC44A4;MFSD2A
GO_Biological_Process_2023,Positive Regulation Of Axon Extension (GO:0045773),3/19,0.4417259823137541,0.9999961907768526,0,0,1.2874753937007877,1.051951776077209,SHTN1;SEMA7A;LIMK1
GO_Biological_Process_2023,Regulation Of B Cell Differentiation (GO:0045577),3/19,0.4417259823137541,0.9999961907768526,0,0,1.2874753937007877,1.051951776077209,IL4I1;SLAMF8;INHBA
GO_Biological_Process_2023,Regulation Of Centriole Replication (GO:0046599),3/19,0.4417259823137541,0.9999961907768526,0,0,1.2874753937007877,1.051951776077209,PLK4;STIL;BRCA1
GO_Biological_Process_2023,Regulation Of Neuroinflammatory Response (GO:0150077),3/19,0.4417259823137541,0.9999961907768526,0,0,1.2874753937007877,1.051951776077209,MMP3;IL18;MMP9
GO_Biological_Process_2023,Regulation Of Smooth Muscle Cell Migration (GO:0014910),3/19,0.4417259823137541,0.9999961907768526,0,0,1.2874753937007877,1.051951776077209,SERPINE1;CCN4;S100A11
GO_Biological_Process_2023,Regulation Of Tissue Remodeling (GO:0034103),3/19,0.4417259823137541,0.9999961907768526,0,0,1.2874753937007877,1.051951776077209,IL18;SUCO;IL12B
GO_Biological_Process_2023,Release Of Cytochrome C From Mitochondria (GO:0001836),3/19,0.4417259823137541,0.9999961907768526,0,0,1.2874753937007877,1.051951776077209,GGCT;IFI6;BAK1
GO_Biological_Process_2023,Skeletal Muscle Contraction (GO:0003009),3/19,0.4417259823137541,0.9999961907768526,0,0,1.2874753937007877,1.051951776077209,CHRNA1;TNNT1;TNNI3
GO_Biological_Process_2023,Steroid Hormone Biosynthetic Process (GO:0120178),3/19,0.4417259823137541,0.9999961907768526,0,0,1.2874753937007877,1.051951776077209,SRD5A2;SRD5A3;HSD17B6
GO_Biological_Process_2023,Positive Regulation Of Cell Adhesion (GO:0045785),12/88,0.4447288441551538,0.9999961907768526,0,0,1.084302023331739,0.8785996519658115,RET;FUT7;IBSP;RNASE10;TNFRSF18;SIRPG;AGR2;IL12B;RAC3;ADAM8;NPNT;FUT3
GO_Biological_Process_2023,Cellular Response To Tumor Necrosis Factor (GO:0071356),16/119,0.4460968301138863,0.9999961907768526,0,0,1.066785512580634,0.8611297935331007,CCL11;CCL20;STAT1;TRAF2;GATA3;BRCA1;NPNT;PYCARD;DCSTAMP;AIM2;TRAF4;CCL7;TNFSF11;PYDC1;CARD14;CCL17
GO_Biological_Process_2023,Regulation Of Tyrosine Phosphorylation Of STAT Protein (GO:0042509),9/65,0.4467674286165727,0.9999961907768526,0,0,1.1036263953095051,0.8892106738220591,IL20;IFNL1;IFNG;EPO;TNFRSF18;IL18;IL12B;PTK6;FGFR3
GO_Biological_Process_2023,Keratinocyte Differentiation (GO:0030216),6/42,0.4474686457015159,0.9999961907768526,0,0,1.144461962948364,0.9203177246720676,DSP;ST14;CASP3;EVPL;POU2F3;S100A7
GO_Biological_Process_2023,Granulocyte Chemotaxis (GO:0071621),10/73,0.4521297941812364,0.9999961907768526,0,0,1.0899930441975447,0.8652212023436205,CXCL10;CXCL9;CXCL11;EDN2;CCL11;CCL7;CCL20;CXCL13;TREM1;CCL17
GO_Biological_Process_2023,Monocarboxylic Acid Transport (GO:0015718),10/73,0.4521297941812364,0.9999961907768526,0,0,1.0899930441975447,0.8652212023436205,SLC10A4;SLC10A5;LYPLA1;CRABP2;FABP6;SLC16A6;SLC6A11;ABCC11;SLC16A3;MFSD2A
GO_Biological_Process_2023,Blood Circulation (GO:0008015),7/50,0.4547337328213377,0.9999961907768526,0,0,1.117838016286406,0.8809046853525222,CXCL10;ADORA2A;EPO;STAT1;OLR1;TNNI3;F5
GO_Biological_Process_2023,Cell Surface Receptor Signaling Pathway Involved In Cell-Cell Signaling (GO:1905114),4/27,0.4552226598616142,0.9999961907768526,0,0,1.1941709334383617,0.9397750484232738,FZD2;WNT7B;RAC3;CD24
GO_Biological_Process_2023,Positive Regulation Of Mitotic Cell Cycle (GO:0045931),4/27,0.4552226598616142,0.9999961907768526,0,0,1.1941709334383617,0.9397750484232738,FOXA1;CCNB1;ASNS;AURKA
GO_Biological_Process_2023,Positive Regulation Of Response To Wounding (GO:1903036),4/27,0.4552226598616142,0.9999961907768526,0,0,1.1941709334383617,0.9397750484232738,CLDN4;OCLN;CLDN3;CLEC7A
GO_Biological_Process_2023,Regulation Of Transcription Regulatory Region DNA Binding (GO:2000677),4/27,0.4552226598616142,0.9999961907768526,0,0,1.1941709334383617,0.9397750484232738,SOX11;GATA3;POU4F1;ZNF675
GO_Biological_Process_2023,Peptidyl-Threonine Phosphorylation (GO:0018107),8/58,0.460662110498541,0.9999961907768526,0,0,1.098666666666667,0.8515660451877378,MYLK2;SBK1;CDK5;CHEK1;CAMK2A;CDK1;TTBK1;CDK5R1
GO_Biological_Process_2023,Positive Regulation Of Mitochondrion Organization (GO:0010822),8/58,0.460662110498541,0.9999961907768526,0,0,1.098666666666667,0.8515660451877378,PYCARD;MLLT11;BIK;PLAUR;PMAIP1;BAK1;MMP9;AURKA
GO_Biological_Process_2023,Regulation Of Bone Mineralization (GO:0030500),8/58,0.460662110498541,0.9999961907768526,0,0,1.098666666666667,0.8515660451877378,CCNA2;GREM1;FBN2;TFAP2A;CYP27B1;ISG15;NOTUM;BMPR1B
GO_Biological_Process_2023,Response To Organic Cyclic Compound (GO:0014070),8/58,0.460662110498541,0.9999961907768526,0,0,1.098666666666667,0.8515660451877378,FOXA1;CYP27B1;ADORA2A;IL18;SPP1;PMAIP1;FGFR4;DRD4
GO_Biological_Process_2023,Organic Anion Transport (GO:0015711),12/89,0.460960015135338,0.9999961907768526,0,0,1.0701586047299203,0.8287778835258055,SLC35A2;SLC4A8;CALHM1;SLC44A4;SLC17A9;SLC2A10;ABCC5;SLC52A2;SLC52A3;SLC2A1;SLCO5A1;LRRC8E
GO_Biological_Process_2023,C4-dicarboxylate Transport (GO:0015740),2/12,0.462635937085661,0.9999961907768526,0,0,1.3732388823297914,1.0585129192412153,SLC25A22;LRRC8E
GO_Biological_Process_2023,DNA Conformation Change (GO:0071103),2/12,0.462635937085661,0.9999961907768526,0,0,1.3732388823297914,1.0585129192412153,TOP2A;HMGB3
GO_Biological_Process_2023,G Protein-Coupled Glutamate Receptor Signaling Pathway (GO:0007216),2/12,0.462635937085661,0.9999961907768526,0,0,1.3732388823297914,1.0585129192412153,GRM4;GRM8
GO_Biological_Process_2023,V(D)J Recombination (GO:0033151),2/12,0.462635937085661,0.9999961907768526,0,0,1.3732388823297914,1.0585129192412153,LIG1;LIG3
GO_Biological_Process_2023,Adult Locomotory Behavior (GO:0008344),2/12,0.462635937085661,0.9999961907768526,0,0,1.3732388823297914,1.0585129192412153,GDNF;DRD4
GO_Biological_Process_2023,Calcium Ion Import (GO:0070509),2/12,0.462635937085661,0.9999961907768526,0,0,1.3732388823297914,1.0585129192412153,SLC24A2;CACNA1H
GO_Biological_Process_2023,Cell-Cell Junction Maintenance (GO:0045217),2/12,0.462635937085661,0.9999961907768526,0,0,1.3732388823297914,1.0585129192412153,F2R;INAVA
GO_Biological_Process_2023,Cellular Component Maintenance (GO:0043954),2/12,0.462635937085661,0.9999961907768526,0,0,1.3732388823297914,1.0585129192412153,CLDN3;TPRN
GO_Biological_Process_2023,Ionotropic Glutamate Receptor Signaling Pathway (GO:0035235),2/12,0.462635937085661,0.9999961907768526,0,0,1.3732388823297914,1.0585129192412153,CDK5R1;GRIN2D
GO_Biological_Process_2023,Multicellular Organismal-Level Iron Ion Homeostasis (GO:0060586),2/12,0.462635937085661,0.9999961907768526,0,0,1.3732388823297914,1.0585129192412153,TFR2;SLC11A1
GO_Biological_Process_2023,Negative Regulation By Host Of Viral Transcription (GO:0043922),2/12,0.462635937085661,0.9999961907768526,0,0,1.3732388823297914,1.0585129192412153,HMGA2;POU2F3
GO_Biological_Process_2023,Negative Regulation Of Alcohol Biosynthetic Process (GO:1902931),2/12,0.462635937085661,0.9999961907768526,0,0,1.3732388823297914,1.0585129192412153,CYP27B1;SH2D2A
GO_Biological_Process_2023,Negative Regulation Of Coagulation (GO:0050819),2/12,0.462635937085661,0.9999961907768526,0,0,1.3732388823297914,1.0585129192412153,PROC;SERPINE1
GO_Biological_Process_2023,Negative Regulation Of Epidermal Growth Factor-Activated Receptor Activity (GO:0007175),2/12,0.462635937085661,0.9999961907768526,0,0,1.3732388823297914,1.0585129192412153,GPRC5A;CBLC
GO_Biological_Process_2023,Negative Regulation Of Locomotion (GO:0040013),2/12,0.462635937085661,0.9999961907768526,0,0,1.3732388823297914,1.0585129192412153,GATA3;SPINT2
GO_Biological_Process_2023,Negative Regulation Of Mononuclear Cell Migration (GO:0071676),2/12,0.462635937085661,0.9999961907768526,0,0,1.3732388823297914,1.0585129192412153,GREM1;SLAMF8
GO_Biological_Process_2023,Neutrophil Mediated Immunity (GO:0002446),2/12,0.462635937085661,0.9999961907768526,0,0,1.3732388823297914,1.0585129192412153,VAMP8;STXBP2
GO_Biological_Process_2023,Oligosaccharide-Lipid Intermediate Biosynthetic Process (GO:0006490),2/12,0.462635937085661,0.9999961907768526,0,0,1.3732388823297914,1.0585129192412153,SRD5A3;ALG3
GO_Biological_Process_2023,Phosphatidylcholine Acyl-Chain Remodeling (GO:0036151),2/12,0.462635937085661,0.9999961907768526,0,0,1.3732388823297914,1.0585129192412153,MBOAT7;MBOAT2
GO_Biological_Process_2023,Positive Regulation By Symbiont Of Entry Into Host (GO:0075294),2/12,0.462635937085661,0.9999961907768526,0,0,1.3732388823297914,1.0585129192412153,TMPRSS4;TRIM11
GO_Biological_Process_2023,Positive Regulation Of T Cell Chemotaxis (GO:0010820),2/12,0.462635937085661,0.9999961907768526,0,0,1.3732388823297914,1.0585129192412153,CXCL13;S100A7
GO_Biological_Process_2023,Positive Regulation Of Insulin Receptor Signaling Pathway (GO:0046628),2/12,0.462635937085661,0.9999961907768526,0,0,1.3732388823297914,1.0585129192412153,ERFE;PRKCZ
GO_Biological_Process_2023,Positive Regulation Of Neuroinflammatory Response (GO:0150078),2/12,0.462635937085661,0.9999961907768526,0,0,1.3732388823297914,1.0585129192412153,IL18;TTBK1
GO_Biological_Process_2023,Positive Regulation Of Neuron Migration (GO:2001224),2/12,0.462635937085661,0.9999961907768526,0,0,1.3732388823297914,1.0585129192412153,SHTN1;KIF20B
GO_Biological_Process_2023,Positive Regulation Of Viral Entry Into Host Cell (GO:0046598),2/12,0.462635937085661,0.9999961907768526,0,0,1.3732388823297914,1.0585129192412153,TMPRSS4;TRIM11
GO_Biological_Process_2023,Regulation Of Retinoic Acid Receptor Signaling Pathway (GO:0048385),2/12,0.462635937085661,0.9999961907768526,0,0,1.3732388823297914,1.0585129192412153,PRAME;EZH2
GO_Biological_Process_2023,"Regulation Of Retrograde Protein Transport, ER To Cytosol (GO:1904152)",2/12,0.462635937085661,0.9999961907768526,0,0,1.3732388823297914,1.0585129192412153,BRSK2;DERL3
GO_Biological_Process_2023,Response To Iron Ion (GO:0010039),2/12,0.462635937085661,0.9999961907768526,0,0,1.3732388823297914,1.0585129192412153,TFAP2A;TFR2
GO_Biological_Process_2023,Semaphorin-Plexin Signaling Pathway Involved In Neuron Projection Guidance (GO:1902285),2/12,0.462635937085661,0.9999961907768526,0,0,1.3732388823297914,1.0585129192412153,NELL2;PLXNA3
GO_Biological_Process_2023,Steroid Catabolic Process (GO:0006706),2/12,0.462635937085661,0.9999961907768526,0,0,1.3732388823297914,1.0585129192412153,SPP1;HSD17B6
GO_Biological_Process_2023,Adherens Junction Organization (GO:0034332),5/35,0.4642507100252355,0.9999961907768526,0,0,1.1444050433412136,0.8781369505833175,CDH2;CDH1;CDH11;CDH15;INAVA
GO_Biological_Process_2023,Regulation Of Regulated Secretory Pathway (GO:1903305),5/35,0.4642507100252355,0.9999961907768526,0,0,1.1444050433412136,0.8781369505833175,SYT5;RIMS4;RAB3A;RAB3D;SYT13
GO_Biological_Process_2023,Cellular Response To Type II Interferon (GO:0071346),9/66,0.4656558879484516,0.9999961907768526,0,0,1.0842022182528144,0.8286648144784111,GBP5;CCL11;IFNG;CCL7;CCL20;STAT1;CAMK2A;GAPDH;CCL17
GO_Biological_Process_2023,Regulation Of Cell Adhesion (GO:0030155),19/144,0.4686624528528416,0.9999961907768526,0,0,1.0437654516640251,0.7910411180584691,RET;ADAMDEC1;EPHA8;SRC;TNFRSF18;KIF14;IL18;PLAUR;CXCR4;FUT2;RND1;FUT7;IBSP;ERBB3;CXCR3;IL12B;TNR;ADAM8;PLXNA3
GO_Biological_Process_2023,Positive Regulation Of miRNA Transcription (GO:1902895),6/43,0.4709596587404244,0.9999961907768526,0,0,1.1134666396787012,0.8384212713284712,FOXA1;MYCN;TERT;WT1;MYB;GATA3
GO_Biological_Process_2023,Positive Regulation Of Cellular Component Organization (GO:0051130),15/113,0.4711462886592634,0.9999961907768526,0,0,1.0510244445879615,0.7909869569457775,MMP1;BIK;MMP3;CDC20;CHAF1B;CLDN3;IFNG;TFR2;CLEC7A;APOC2;NEURL1;BAK1;NOX1;PROM2;CRB3
GO_Biological_Process_2023,Positive Regulation Of Tumor Necrosis Factor Superfamily Cytokine Production (GO:1903557),11/82,0.473749664808179,0.9999961907768526,0,0,1.063825289811539,0.7947585870130414,PYCARD;ORM1;FCGR3A;IFNG;OAS2;CLEC7A;OAS3;IL12B;NOD2;AMH;RASGRP1
GO_Biological_Process_2023,Sodium Ion Transmembrane Transport (GO:0035725),11/82,0.473749664808179,0.9999961907768526,0,0,1.063825289811539,0.7947585870130414,SLC24A2;SLC12A3;SLC4A8;SLC6A9;SLC12A1;ATP1A3;SLC6A11;KCNK1;ASIC3;HCN2;SLC8A2
GO_Biological_Process_2023,Microtubule Bundle Formation (GO:0001578),7/51,0.4762747335658855,0.9999961907768526,0,0,1.0923698738170349,0.8102767362811396,RSPH1;PSRC1;PLK1;TRIM46;FOXJ1;KIF20A;PIERCE1
GO_Biological_Process_2023,Positive Regulation Of Ras Protein Signal Transduction (GO:0046579),7/51,0.4762747335658855,0.9999961907768526,0,0,1.0923698738170349,0.8102767362811396,RTN4R;COL3A1;EPO;RASGRF1;F2R;RASGRP1;F2RL2
GO_Biological_Process_2023,Regulation Of Release Of Sequestered Calcium Ion Into Cytosol (GO:0051279),7/51,0.4762747335658855,0.9999961907768526,0,0,1.0923698738170349,0.8102767362811396,CXCL10;CXCL9;CEMIP;CXCL11;JPH3;F2R;JPH1
GO_Biological_Process_2023,Cilium-Dependent Cell Motility (GO:0060285),3/20,0.4765716056485411,0.9999961907768526,0,0,1.2116720704029644,0.8980153582551276,DNAH3;DNAH8;TEKT5
GO_Biological_Process_2023,Peripheral Nervous System Development (GO:0007422),3/20,0.4765716056485411,0.9999961907768526,0,0,1.2116720704029644,0.8980153582551276,ERBB3;GDNF;ARTN
GO_Biological_Process_2023,Phosphatidylglycerol Metabolic Process (GO:0046471),3/20,0.4765716056485411,0.9999961907768526,0,0,1.2116720704029644,0.8980153582551276,PLA2G4F;PLA2G4D;MBOAT2
GO_Biological_Process_2023,Positive Regulation Of Protein Processing (GO:0010954),3/20,0.4765716056485411,0.9999961907768526,0,0,1.2116720704029644,0.8980153582551276,F12;HPN;NKD2
GO_Biological_Process_2023,Protein Deacylation (GO:0035601),3/20,0.4765716056485411,0.9999961907768526,0,0,1.2116720704029644,0.8980153582551276,LYPLA1;ABHD17C;NOTUM
GO_Biological_Process_2023,Regulation Of Smooth Muscle Contraction (GO:0006940),3/20,0.4765716056485411,0.9999961907768526,0,0,1.2116720704029644,0.8980153582551276,CHRNA3;F2R;NMU
GO_Biological_Process_2023,Xenobiotic Transport (GO:0042908),3/20,0.4765716056485411,0.9999961907768526,0,0,1.2116720704029644,0.8980153582551276,SLC7A5;ABCC5;ABCC11
GO_Biological_Process_2023,Potassium Ion Transmembrane Transport (GO:0071805),18/137,0.4790877883714465,0.9999961907768526,0,0,1.038635493801481,0.764302179946585,SLC24A2;KCNF1;KCNK6;SLC12A3;KCNG3;KCNJ6;KCNJ10;SLC12A5;KCNH6;KCNK9;HPN;SLC12A1;KCNK15;ATP1A3;KCNK1;SLC12A8;HCN2;KCNH1
GO_Biological_Process_2023,Positive Regulation Of Protein-Containing Complex Assembly (GO:0031334),13/98,0.4801735354577955,0.9999961907768526,0,0,1.05015577772611,0.7704023733647962,GBP5;MMP1;SRC;BIK;MMP3;ISG15;CXCL13;TTBK1;DEPDC1B;CHAF1B;IFNG;CLEC7A;BAK1
GO_Biological_Process_2023,Anterior/Posterior Pattern Specification (GO:0009952),8/59,0.4806699424151501,0.9999961907768526,0,0,1.0770623042116254,0.7890283087714534,HES6;BASP1;CDX1;WT1;SIX2;LHX1;GATA4;HES2
GO_Biological_Process_2023,Cellular Response To Chemokine (GO:1990869),8/59,0.4806699424151501,0.9999961907768526,0,0,1.0770623042116254,0.7890283087714534,CXCL10;CXCL9;CXCL11;CCL11;CCL7;CCL20;CXCL13;CCL17
GO_Biological_Process_2023,Establishment Of Endothelial Barrier (GO:0061028),4/28,0.4844816149001194,0.9999961907768526,0,0,1.1443481685703032,0.8292814187169337,CLDN3;MARVELD2;EZR;TJP3
GO_Biological_Process_2023,Limb Development (GO:0060173),4/28,0.4844816149001194,0.9999961907768526,0,0,1.1443481685703032,0.8292814187169337,COMP;GREM1;KDF1;KREMEN2
GO_Biological_Process_2023,Negative Regulation Of Wound Healing (GO:0061045),4/28,0.4844816149001194,0.9999961907768526,0,0,1.1443481685703032,0.8292814187169337,CLDN3;PROC;SERPINE1;EPPK1
GO_Biological_Process_2023,Positive Regulation Of Fibroblast Proliferation (GO:0048146),4/28,0.4844816149001194,0.9999961907768526,0,0,1.1443481685703032,0.8292814187169337,E2F1;FN1;AMH;WNT2
GO_Biological_Process_2023,Positive Regulation Of Protein Import Into Nucleus (GO:0042307),4/28,0.4844816149001194,0.9999961907768526,0,0,1.1443481685703032,0.8292814187169337,IFNG;CDH1;PIK3R2;ECT2
GO_Biological_Process_2023,Primary Neural Tube Formation (GO:0014020),4/28,0.4844816149001194,0.9999961907768526,0,0,1.1443481685703032,0.8292814187169337,STIL;CELSR1;GRHL2;PAX2
GO_Biological_Process_2023,Pyroptosis (GO:0070269),4/28,0.4844816149001194,0.9999961907768526,0,0,1.1443481685703032,0.8292814187169337,PYCARD;GSDMC;CASP3;IGF2BP1
GO_Biological_Process_2023,Brain Development (GO:0007420),22/169,0.4875510936730389,0.9999961907768526,0,0,1.027612949186021,0.7381962298288549,CNTNAP2;EMX1;ARNT2;ROGDI;MAST1;SHROOM2;CXCR4;FOXJ1;GRHL2;PAX2;GRIN2D;DMBX1;CENPF;AIM2;CDH2;ZIC2;SIX3;PAFAH1B3;CDK5R2;MFSD2A;NKX2-2;CDK5R1
GO_Biological_Process_2023,Positive Regulation Of Double-Strand Break Repair Via Homologous Recombination (GO:1905168),5/36,0.489961379394101,0.9999961907768526,0,0,1.1074252014540278,0.7900689312855171,RAD51AP1;PARP1;ACTL6A;TIMELESS;FANCB
GO_Biological_Process_2023,Positive Regulation Of Interferon-Beta Production (GO:0032728),5/36,0.489961379394101,0.9999961907768526,0,0,1.1074252014540278,0.7900689312855171,RIPK2;OAS2;OAS3;IRF7;ISG15
GO_Biological_Process_2023,Regulation Of Cell Division (GO:0051302),11/83,0.4905886196577807,0.9999961907768526,0,0,1.0489895997893628,0.7470372555739181,BLM;KIF18B;PRC1;KDF1;PLK1;KIF20A;FSD1;MYO19;AURKB;RAB11FIP4;AURKA
GO_Biological_Process_2023,Vascular Transport (GO:0010232),11/83,0.4905886196577807,0.9999961907768526,0,0,1.0489895997893628,0.7470372555739181,SLC7A5;SLC4A8;SLC38A1;SLC6A9;SLC2A10;ABCC5;SLC2A1;SLC38A5;SLC8A2;MFSD2A;SLC5A5
GO_Biological_Process_2023,B Cell Chemotaxis (GO:0035754),1/5,0.493397946712832,0.9999961907768526,0,0,1.7164634146341464,1.2125771039457,CXCL13
GO_Biological_Process_2023,"CD4-positive, Alpha-Beta T Cell Activation (GO:0035710)",1/5,0.493397946712832,0.9999961907768526,0,0,1.7164634146341464,1.2125771039457,TNFSF4
GO_Biological_Process_2023,DNA Methylation Involved In Embryo Development (GO:0043045),1/5,0.493397946712832,0.9999961907768526,0,0,1.7164634146341464,1.2125771039457,TET3
GO_Biological_Process_2023,GDP-mannose Metabolic Process (GO:0019673),1/5,0.493397946712832,0.9999961907768526,0,0,1.7164634146341464,1.2125771039457,PMM2
GO_Biological_Process_2023,His-Purkinje System Development (GO:0003164),1/5,0.493397946712832,0.9999961907768526,0,0,1.7164634146341464,1.2125771039457,HOPX
GO_Biological_Process_2023,ISG15-protein Conjugation (GO:0032020),1/5,0.493397946712832,0.9999961907768526,0,0,1.7164634146341464,1.2125771039457,ISG15
GO_Biological_Process_2023,L-ascorbic Acid Metabolic Process (GO:0019852),1/5,0.493397946712832,0.9999961907768526,0,0,1.7164634146341464,1.2125771039457,SLC2A1
GO_Biological_Process_2023,T-helper 1 Cell Differentiation (GO:0045063),1/5,0.493397946712832,0.9999961907768526,0,0,1.7164634146341464,1.2125771039457,LEF1
GO_Biological_Process_2023,Ammonium Homeostasis (GO:0097272),1/5,0.493397946712832,0.9999961907768526,0,0,1.7164634146341464,1.2125771039457,RHBG
GO_Biological_Process_2023,Amylin Receptor Signaling Pathway (GO:0097647),1/5,0.493397946712832,0.9999961907768526,0,0,1.7164634146341464,1.2125771039457,RAMP1
GO_Biological_Process_2023,Bundle Of His cell-Purkinje Myocyte Adhesion Involved In Cell Communication (GO:0086073),1/5,0.493397946712832,0.9999961907768526,0,0,1.7164634146341464,1.2125771039457,DSP
GO_Biological_Process_2023,Cardiolipin Acyl-Chain Remodeling (GO:0035965),1/5,0.493397946712832,0.9999961907768526,0,0,1.7164634146341464,1.2125771039457,LCLAT1
GO_Biological_Process_2023,Chemokine (C-X-C Motif) Ligand 12 Signaling Pathway (GO:0038146),1/5,0.493397946712832,0.9999961907768526,0,0,1.7164634146341464,1.2125771039457,CXCR4
GO_Biological_Process_2023,Chondrocyte Development (GO:0002063),1/5,0.493397946712832,0.9999961907768526,0,0,1.7164634146341464,1.2125771039457,SULF1
GO_Biological_Process_2023,Double-Strand Break Repair Via Synthesis-Dependent Strand Annealing (GO:0045003),1/5,0.493397946712832,0.9999961907768526,0,0,1.7164634146341464,1.2125771039457,RAD51
GO_Biological_Process_2023,Embryonic Brain Development (GO:1990403),1/5,0.493397946712832,0.9999961907768526,0,0,1.7164634146341464,1.2125771039457,MFSD2A
GO_Biological_Process_2023,Embryonic Skeletal Joint Development (GO:0072498),1/5,0.493397946712832,0.9999961907768526,0,0,1.7164634146341464,1.2125771039457,SLC2A10
GO_Biological_Process_2023,Epithelial Tube Branching Involved In Lung Morphogenesis (GO:0060441),1/5,0.493397946712832,0.9999961907768526,0,0,1.7164634146341464,1.2125771039457,CELSR1
GO_Biological_Process_2023,Equilibrioception (GO:0050957),1/5,0.493397946712832,0.9999961907768526,0,0,1.7164634146341464,1.2125771039457,USH1G
GO_Biological_Process_2023,fatty-acyl-CoA Catabolic Process (GO:0036115),1/5,0.493397946712832,0.9999961907768526,0,0,1.7164634146341464,1.2125771039457,ACOT7
GO_Biological_Process_2023,Galactolipid Biosynthetic Process (GO:0019375),1/5,0.493397946712832,0.9999961907768526,0,0,1.7164634146341464,1.2125771039457,B4GALT3
GO_Biological_Process_2023,Galactosylceramide Biosynthetic Process (GO:0006682),1/5,0.493397946712832,0.9999961907768526,0,0,1.7164634146341464,1.2125771039457,B4GALT3
GO_Biological_Process_2023,Glutamate Catabolic Process (GO:0006538),1/5,0.493397946712832,0.9999961907768526,0,0,1.7164634146341464,1.2125771039457,GAD1
GO_Biological_Process_2023,Heterocycle Catabolic Process (GO:0046700),1/5,0.493397946712832,0.9999961907768526,0,0,1.7164634146341464,1.2125771039457,DPEP1
GO_Biological_Process_2023,Hexose Import Across Plasma Membrane (GO:0140271),1/5,0.493397946712832,0.9999961907768526,0,0,1.7164634146341464,1.2125771039457,SLC2A10
GO_Biological_Process_2023,Imitative Learning (GO:0098596),1/5,0.493397946712832,0.9999961907768526,0,0,1.7164634146341464,1.2125771039457,STRA6
GO_Biological_Process_2023,Induction Of Bacterial Agglutination (GO:0043152),1/5,0.493397946712832,0.9999961907768526,0,0,1.7164634146341464,1.2125771039457,RNASE2
GO_Biological_Process_2023,Insulin Processing (GO:0030070),1/5,0.493397946712832,0.9999961907768526,0,0,1.7164634146341464,1.2125771039457,SLC30A8
GO_Biological_Process_2023,Intracellular Oxygen Homeostasis (GO:0032364),1/5,0.493397946712832,0.9999961907768526,0,0,1.7164634146341464,1.2125771039457,WNT7B
GO_Biological_Process_2023,Iron Coordination Entity Transport (GO:1901678),1/5,0.493397946712832,0.9999961907768526,0,0,1.7164634146341464,1.2125771039457,FLVCR1
GO_Biological_Process_2023,Isoleucine Metabolic Process (GO:0006549),1/5,0.493397946712832,0.9999961907768526,0,0,1.7164634146341464,1.2125771039457,SDS
GO_Biological_Process_2023,Leukocyte Chemotaxis Involved In Inflammatory Response (GO:0002232),1/5,0.493397946712832,0.9999961907768526,0,0,1.7164634146341464,1.2125771039457,SLAMF8
GO_Biological_Process_2023,Lipoprotein Metabolic Process (GO:0042157),1/5,0.493397946712832,0.9999961907768526,0,0,1.7164634146341464,1.2125771039457,OLR1
GO_Biological_Process_2023,Maintenance Of DNA Repeat Elements (GO:0043570),1/5,0.493397946712832,0.9999961907768526,0,0,1.7164634146341464,1.2125771039457,RMI2
GO_Biological_Process_2023,Medium-Chain Fatty Acid Biosynthetic Process (GO:0051792),1/5,0.493397946712832,0.9999961907768526,0,0,1.7164634146341464,1.2125771039457,ACOT7
GO_Biological_Process_2023,Multinuclear Osteoclast Differentiation (GO:0072674),1/5,0.493397946712832,0.9999961907768526,0,0,1.7164634146341464,1.2125771039457,DCSTAMP
GO_Biological_Process_2023,Natural Killer Cell Degranulation (GO:0043320),1/5,0.493397946712832,0.9999961907768526,0,0,1.7164634146341464,1.2125771039457,FCGR3A
GO_Biological_Process_2023,Negative Regulation Of T Cell Differentiation In Thymus (GO:0033085),1/5,0.493397946712832,0.9999961907768526,0,0,1.7164634146341464,1.2125771039457,FOXJ1
GO_Biological_Process_2023,Negative Regulation Of Axon Regeneration (GO:0048681),1/5,0.493397946712832,0.9999961907768526,0,0,1.7164634146341464,1.2125771039457,RTN4R
GO_Biological_Process_2023,Negative Regulation Of Calcium Ion Import (GO:0090281),1/5,0.493397946712832,0.9999961907768526,0,0,1.7164634146341464,1.2125771039457,SLN
GO_Biological_Process_2023,Negative Regulation Of Glial Cell Proliferation (GO:0060253),1/5,0.493397946712832,0.9999961907768526,0,0,1.7164634146341464,1.2125771039457,SOX11
GO_Biological_Process_2023,Negative Regulation Of Glycogen Biosynthetic Process (GO:0045719),1/5,0.493397946712832,0.9999961907768526,0,0,1.7164634146341464,1.2125771039457,PASK
GO_Biological_Process_2023,Negative Regulation Of Lens Fiber Cell Differentiation (GO:1902747),1/5,0.493397946712832,0.9999961907768526,0,0,1.7164634146341464,1.2125771039457,SPRED3
GO_Biological_Process_2023,Negative Regulation Of Morphogenesis Of An Epithelium (GO:1905331),1/5,0.493397946712832,0.9999961907768526,0,0,1.7164634146341464,1.2125771039457,SULF1
GO_Biological_Process_2023,Negative Regulation Of Neuron Migration (GO:2001223),1/5,0.493397946712832,0.9999961907768526,0,0,1.7164634146341464,1.2125771039457,COL3A1
GO_Biological_Process_2023,"Negative Regulation Of Nuclear-Transcribed mRNA Catabolic Process, Nonsense-Mediated Decay (GO:2000623)",1/5,0.493397946712832,0.9999961907768526,0,0,1.7164634146341464,1.2125771039457,HNRNPAB
GO_Biological_Process_2023,Neuroblast Proliferation (GO:0007405),1/5,0.493397946712832,0.9999961907768526,0,0,1.7164634146341464,1.2125771039457,RACGAP1
GO_Biological_Process_2023,Notochord Development (GO:0030903),1/5,0.493397946712832,0.9999961907768526,0,0,1.7164634146341464,1.2125771039457,STIL
GO_Biological_Process_2023,Osmosensory Signaling Pathway (GO:0007231),1/5,0.493397946712832,0.9999961907768526,0,0,1.7164634146341464,1.2125771039457,PYCARD
GO_Biological_Process_2023,Phagosome Acidification (GO:0090383),1/5,0.493397946712832,0.9999961907768526,0,0,1.7164634146341464,1.2125771039457,SLAMF8
GO_Biological_Process_2023,"Positive Regulation Of CD4-positive, CD25-positive, Alpha-Beta Regulatory T Cell Differentiation (GO:0032831)",1/5,0.493397946712832,0.9999961907768526,0,0,1.7164634146341464,1.2125771039457,IFNG
GO_Biological_Process_2023,Positive Regulation Of NK T Cell Proliferation (GO:0051142),1/5,0.493397946712832,0.9999961907768526,0,0,1.7164634146341464,1.2125771039457,IL18
GO_Biological_Process_2023,Positive Regulation Of Cell-Cell Adhesion Mediated By Integrin (GO:0033634),1/5,0.493397946712832,0.9999961907768526,0,0,1.7164634146341464,1.2125771039457,CXCL13
GO_Biological_Process_2023,Positive Regulation Of Cholesterol Biosynthetic Process (GO:0045542),1/5,0.493397946712832,0.9999961907768526,0,0,1.7164634146341464,1.2125771039457,SH2D2A
GO_Biological_Process_2023,Positive Regulation Of Cholesterol Storage (GO:0010886),1/5,0.493397946712832,0.9999961907768526,0,0,1.7164634146341464,1.2125771039457,MSR1
GO_Biological_Process_2023,Positive Regulation Of Endothelial Cell Development (GO:1901552),1/5,0.493397946712832,0.9999961907768526,0,0,1.7164634146341464,1.2125771039457,PROC
GO_Biological_Process_2023,Positive Regulation Of Establishment Of Endothelial Barrier (GO:1903142),1/5,0.493397946712832,0.9999961907768526,0,0,1.7164634146341464,1.2125771039457,PROC
GO_Biological_Process_2023,Positive Regulation Of Extrinsic Apoptotic Signaling Pathway Via Death Domain Receptors (GO:1902043),1/5,0.493397946712832,0.9999961907768526,0,0,1.7164634146341464,1.2125771039457,PMAIP1
GO_Biological_Process_2023,Positive Regulation Of Fever Generation (GO:0031622),1/5,0.493397946712832,0.9999961907768526,0,0,1.7164634146341464,1.2125771039457,TNFSF11
GO_Biological_Process_2023,Positive Regulation Of Gap Junction Assembly (GO:1903598),1/5,0.493397946712832,0.9999961907768526,0,0,1.7164634146341464,1.2125771039457,CNTNAP2
GO_Biological_Process_2023,Positive Regulation Of Gonad Development (GO:1905941),1/5,0.493397946712832,0.9999961907768526,0,0,1.7164634146341464,1.2125771039457,WT1
GO_Biological_Process_2023,Positive Regulation Of Granulocyte Differentiation (GO:0030854),1/5,0.493397946712832,0.9999961907768526,0,0,1.7164634146341464,1.2125771039457,LEF1
GO_Biological_Process_2023,Positive Regulation Of Hemoglobin Biosynthetic Process (GO:0046985),1/5,0.493397946712832,0.9999961907768526,0,0,1.7164634146341464,1.2125771039457,SLC6A9
GO_Biological_Process_2023,Positive Regulation Of Interleukin-18 Production (GO:0032741),1/5,0.493397946712832,0.9999961907768526,0,0,1.7164634146341464,1.2125771039457,GBP5
GO_Biological_Process_2023,Positive Regulation Of Killing Of Cells Of Another Organism (GO:0051712),1/5,0.493397946712832,0.9999961907768526,0,0,1.7164634146341464,1.2125771039457,IFNG
GO_Biological_Process_2023,Positive Regulation Of Male Gonad Development (GO:2000020),1/5,0.493397946712832,0.9999961907768526,0,0,1.7164634146341464,1.2125771039457,WT1
GO_Biological_Process_2023,Positive Regulation Of Microglial Cell Activation (GO:1903980),1/5,0.493397946712832,0.9999961907768526,0,0,1.7164634146341464,1.2125771039457,TTBK1
GO_Biological_Process_2023,Positive Regulation Of Osteoblast Proliferation (GO:0033690),1/5,0.493397946712832,0.9999961907768526,0,0,1.7164634146341464,1.2125771039457,CCNA2
GO_Biological_Process_2023,Positive Regulation Of Pyruvate Dehydrogenase Activity (GO:1904184),1/5,0.493397946712832,0.9999961907768526,0,0,1.7164634146341464,1.2125771039457,PPM1J
GO_Biological_Process_2023,Positive Regulation Of Receptor Binding (GO:1900122),1/5,0.493397946712832,0.9999961907768526,0,0,1.7164634146341464,1.2125771039457,MMP9
GO_Biological_Process_2023,Positive Regulation Of Sterol Biosynthetic Process (GO:0106120),1/5,0.493397946712832,0.9999961907768526,0,0,1.7164634146341464,1.2125771039457,SH2D2A
GO_Biological_Process_2023,Positive Regulation Of Toll-Like Receptor 7 Signaling Pathway (GO:0034157),1/5,0.493397946712832,0.9999961907768526,0,0,1.7164634146341464,1.2125771039457,TREML4
GO_Biological_Process_2023,Presynaptic Active Zone Organization (GO:1990709),1/5,0.493397946712832,0.9999961907768526,0,0,1.7164634146341464,1.2125771039457,RAB3A
GO_Biological_Process_2023,Proline Metabolic Process (GO:0006560),1/5,0.493397946712832,0.9999961907768526,0,0,1.7164634146341464,1.2125771039457,PYCR1
GO_Biological_Process_2023,Pronephros Development (GO:0048793),1/5,0.493397946712832,0.9999961907768526,0,0,1.7164634146341464,1.2125771039457,PAX2
GO_Biological_Process_2023,Protein Geranylgeranylation (GO:0018344),1/5,0.493397946712832,0.9999961907768526,0,0,1.7164634146341464,1.2125771039457,CHML
GO_Biological_Process_2023,Pteridine-Containing Compound Metabolic Process (GO:0042558),1/5,0.493397946712832,0.9999961907768526,0,0,1.7164634146341464,1.2125771039457,FTCD
GO_Biological_Process_2023,Purine Deoxyribonucleotide Catabolic Process (GO:0009155),1/5,0.493397946712832,0.9999961907768526,0,0,1.7164634146341464,1.2125771039457,PNP
GO_Biological_Process_2023,Purine Nucleobase Biosynthetic Process (GO:0009113),1/5,0.493397946712832,0.9999961907768526,0,0,1.7164634146341464,1.2125771039457,PAICS
GO_Biological_Process_2023,Regulation Of Apoptotic DNA Fragmentation (GO:1902510),1/5,0.493397946712832,0.9999961907768526,0,0,1.7164634146341464,1.2125771039457,ST20
GO_Biological_Process_2023,Regulation Of cGMP-mediated Signaling (GO:0010752),1/5,0.493397946712832,0.9999961907768526,0,0,1.7164634146341464,1.2125771039457,RUNDC3A
GO_Biological_Process_2023,Regulation Of Calcidiol 1-Monooxygenase Activity (GO:0060558),1/5,0.493397946712832,0.9999961907768526,0,0,1.7164634146341464,1.2125771039457,IFNG
GO_Biological_Process_2023,"Regulation Of Circadian Sleep/Wake Cycle, Sleep (GO:0045187)",1/5,0.493397946712832,0.9999961907768526,0,0,1.7164634146341464,1.2125771039457,PARP1
GO_Biological_Process_2023,Regulation Of Enamel Mineralization (GO:0070173),1/5,0.493397946712832,0.9999961907768526,0,0,1.7164634146341464,1.2125771039457,ODAPH
GO_Biological_Process_2023,Regulation Of Excitatory Synapse Assembly (GO:1904889),1/5,0.493397946712832,0.9999961907768526,0,0,1.7164634146341464,1.2125771039457,SEMA4A
GO_Biological_Process_2023,Regulation Of Extracellular Exosome Assembly (GO:1903551),1/5,0.493397946712832,0.9999961907768526,0,0,1.7164634146341464,1.2125771039457,SDC1
GO_Biological_Process_2023,Regulation Of Fat Cell Proliferation (GO:0070344),1/5,0.493397946712832,0.9999961907768526,0,0,1.7164634146341464,1.2125771039457,E2F3
GO_Biological_Process_2023,Regulation Of Glomerular Filtration (GO:0003093),1/5,0.493397946712832,0.9999961907768526,0,0,1.7164634146341464,1.2125771039457,F2R
GO_Biological_Process_2023,Regulation Of Glucagon Secretion (GO:0070092),1/5,0.493397946712832,0.9999961907768526,0,0,1.7164634146341464,1.2125771039457,PASK
GO_Biological_Process_2023,Regulation Of Hepatocyte Proliferation (GO:2000345),1/5,0.493397946712832,0.9999961907768526,0,0,1.7164634146341464,1.2125771039457,HPN
GO_Biological_Process_2023,Regulation Of Interleukin-1-Mediated Signaling Pathway (GO:2000659),1/5,0.493397946712832,0.9999961907768526,0,0,1.7164634146341464,1.2125771039457,ZNF675
GO_Biological_Process_2023,Regulation Of Lysosome Organization (GO:1905671),1/5,0.493397946712832,0.9999961907768526,0,0,1.7164634146341464,1.2125771039457,LAPTM4B
GO_Biological_Process_2023,Regulation Of Mitotic Spindle Checkpoint (GO:1903504),1/5,0.493397946712832,0.9999961907768526,0,0,1.7164634146341464,1.2125771039457,CCNB1
GO_Biological_Process_2023,Regulation Of Plasma Membrane Repair (GO:1905684),1/5,0.493397946712832,0.9999961907768526,0,0,1.7164634146341464,1.2125771039457,RAB3A
GO_Biological_Process_2023,Regulation Of Post-Transcriptional Gene Silencing By RNA (GO:1900368),1/5,0.493397946712832,0.9999961907768526,0,0,1.7164634146341464,1.2125771039457,TRIM71
GO_Biological_Process_2023,Regulation Of Protein Depolymerization (GO:1901879),1/5,0.493397946712832,0.9999961907768526,0,0,1.7164634146341464,1.2125771039457,SLN
GO_Biological_Process_2023,Regulation Of Renal Sodium Excretion (GO:0035813),1/5,0.493397946712832,0.9999961907768526,0,0,1.7164634146341464,1.2125771039457,CORIN
GO_Biological_Process_2023,Regulation Of Resting Membrane Potential (GO:0060075),1/5,0.493397946712832,0.9999961907768526,0,0,1.7164634146341464,1.2125771039457,KCNK1
GO_Biological_Process_2023,Regulation Of Thymocyte Apoptotic Process (GO:0070243),1/5,0.493397946712832,0.9999961907768526,0,0,1.7164634146341464,1.2125771039457,PTCRA
GO_Biological_Process_2023,Regulation Of Transmission Of Nerve Impulse (GO:0051969),1/5,0.493397946712832,0.9999961907768526,0,0,1.7164634146341464,1.2125771039457,TYMP
GO_Biological_Process_2023,Regulation Of Type B Pancreatic Cell Proliferation (GO:0061469),1/5,0.493397946712832,0.9999961907768526,0,0,1.7164634146341464,1.2125771039457,PTPRN
GO_Biological_Process_2023,Regulation Of Very-Low-Density Lipoprotein Particle Remodeling (GO:0010901),1/5,0.493397946712832,0.9999961907768526,0,0,1.7164634146341464,1.2125771039457,APOC2
GO_Biological_Process_2023,Regulation Of Vitamin D Biosynthetic Process (GO:0060556),1/5,0.493397946712832,0.9999961907768526,0,0,1.7164634146341464,1.2125771039457,IFNG
GO_Biological_Process_2023,Reproductive System Development (GO:0061458),1/5,0.493397946712832,0.9999961907768526,0,0,1.7164634146341464,1.2125771039457,WT1
GO_Biological_Process_2023,Response To DNA Damage Checkpoint Signaling (GO:0072423),1/5,0.493397946712832,0.9999961907768526,0,0,1.7164634146341464,1.2125771039457,EME1
GO_Biological_Process_2023,Response To Lithium Ion (GO:0010226),1/5,0.493397946712832,0.9999961907768526,0,0,1.7164634146341464,1.2125771039457,CDH1
GO_Biological_Process_2023,Response To Peptidoglycan (GO:0032494),1/5,0.493397946712832,0.9999961907768526,0,0,1.7164634146341464,1.2125771039457,INAVA
GO_Biological_Process_2023,Response To Testosterone (GO:0033574),1/5,0.493397946712832,0.9999961907768526,0,0,1.7164634146341464,1.2125771039457,SPP1
GO_Biological_Process_2023,Subtelomeric Heterochromatin Formation (GO:0031509),1/5,0.493397946712832,0.9999961907768526,0,0,1.7164634146341464,1.2125771039457,EZH2
GO_Biological_Process_2023,tRNA Catabolic Process (GO:0016078),1/5,0.493397946712832,0.9999961907768526,0,0,1.7164634146341464,1.2125771039457,POP1
GO_Biological_Process_2023,tRNA Pseudouridine Synthesis (GO:0031119),1/5,0.493397946712832,0.9999961907768526,0,0,1.7164634146341464,1.2125771039457,PUSL1
GO_Biological_Process_2023,Thiamine Transmembrane Transport (GO:0071934),1/5,0.493397946712832,0.9999961907768526,0,0,1.7164634146341464,1.2125771039457,SLC44A4
GO_Biological_Process_2023,Tongue Development (GO:0043586),1/5,0.493397946712832,0.9999961907768526,0,0,1.7164634146341464,1.2125771039457,SIX4
GO_Biological_Process_2023,Type B Pancreatic Cell Proliferation (GO:0044342),1/5,0.493397946712832,0.9999961907768526,0,0,1.7164634146341464,1.2125771039457,NKX6-1
GO_Biological_Process_2023,Ventricular Compact Myocardium Morphogenesis (GO:0003223),1/5,0.493397946712832,0.9999961907768526,0,0,1.7164634146341464,1.2125771039457,DSP
GO_Biological_Process_2023,Vocal Learning (GO:0042297),1/5,0.493397946712832,0.9999961907768526,0,0,1.7164634146341464,1.2125771039457,STRA6
GO_Biological_Process_2023,Bone Development (GO:0060348),6/44,0.4941624103564489,0.9999961907768526,0,0,1.0841026492127046,0.7641742546269161,TFAP2A;MMP13;EPYC;NOTUM;SULF1;FGFR3
GO_Biological_Process_2023,Regulation Of Transport (GO:0051049),6/44,0.4941624103564489,0.9999961907768526,0,0,1.0841026492127046,0.7641742546269161,DISP3;SLC30A8;CLDN3;RAB25;CDK5;PTPRN
GO_Biological_Process_2023,Rho Protein Signal Transduction (GO:0007266),7/52,0.4975843680933265,0.9999961907768526,0,0,1.0680336487907467,0.7454769695591258,SHTN1;RTKN;COL1A2;RACGAP1;LIMK1;EPS8L1;CELSR1
GO_Biological_Process_2023,Regulation Of Peptide Hormone Secretion (GO:0090276),7/52,0.4975843680933265,0.9999961907768526,0,0,1.0680336487907467,0.7454769695591258,IFNG;TFR2;UQCC2;ILDR1;PASK;SLC25A22;STX1A
GO_Biological_Process_2023,Homophilic Cell Adhesion Via Plasma Membrane Adhesion Molecules (GO:0007156),8/60,0.5004852462700733,0.9999961907768526,0,0,1.0562888787740858,0.7311390348162768,CDH2;CDH1;CEACAM6;PTK7;CEACAM5;NECTIN4;IGSF9;NECTIN2
GO_Biological_Process_2023,ATP Transport (GO:0015867),2/13,0.506117381279609,0.9999961907768526,0,0,1.248327430145612,0.850094324475124,CALHM1;SLC17A9
GO_Biological_Process_2023,ERBB2 Signaling Pathway (GO:0038128),2/13,0.506117381279609,0.9999961907768526,0,0,1.248327430145612,0.850094324475124,SRC;PTK6
GO_Biological_Process_2023,Catecholamine Metabolic Process (GO:0006584),2/13,0.506117381279609,0.9999961907768526,0,0,1.248327430145612,0.850094324475124,PAH;DRD4
GO_Biological_Process_2023,Intraciliary Retrograde Transport (GO:0035721),2/13,0.506117381279609,0.9999961907768526,0,0,1.248327430145612,0.850094324475124,DYNC2I2;DYNLT2B
GO_Biological_Process_2023,Killing By Host Of Symbiont Cells (GO:0051873),2/13,0.506117381279609,0.9999961907768526,0,0,1.248327430145612,0.850094324475124,GAPDH;CAMP
GO_Biological_Process_2023,Mitochondrial Fission (GO:0000266),2/13,0.506117381279609,0.9999961907768526,0,0,1.248327430145612,0.850094324475124,MTFR1;MTFR2
GO_Biological_Process_2023,Negative Regulation Of Cartilage Development (GO:0061037),2/13,0.506117381279609,0.9999961907768526,0,0,1.248327430145612,0.850094324475124,GREM1;NKX3-2
GO_Biological_Process_2023,Negative Regulation Of Secretion (GO:0051048),2/13,0.506117381279609,0.9999961907768526,0,0,1.248327430145612,0.850094324475124,VAMP8;ERBB3
GO_Biological_Process_2023,Neuromuscular Process Controlling Balance (GO:0050885),2/13,0.506117381279609,0.9999961907768526,0,0,1.248327430145612,0.850094324475124,USH1G;SHANK1
GO_Biological_Process_2023,Peptidyl-Tyrosine Autophosphorylation (GO:0038083),2/13,0.506117381279609,0.9999961907768526,0,0,1.248327430145612,0.850094324475124,DDR1;SRMS
GO_Biological_Process_2023,Positive Regulation Of T-helper 17 Type Immune Response (GO:2000318),2/13,0.506117381279609,0.9999961907768526,0,0,1.248327430145612,0.850094324475124,CLEC7A;IL12B
GO_Biological_Process_2023,Positive Regulation Of Alpha-Beta T Cell Differentiation (GO:0046638),2/13,0.506117381279609,0.9999961907768526,0,0,1.248327430145612,0.850094324475124,PNP;TNFSF4
GO_Biological_Process_2023,Positive Regulation Of Cellular Response To Insulin Stimulus (GO:1900078),2/13,0.506117381279609,0.9999961907768526,0,0,1.248327430145612,0.850094324475124,ERFE;PRKCZ
GO_Biological_Process_2023,Positive Regulation Of Glycoprotein Biosynthetic Process (GO:0010560),2/13,0.506117381279609,0.9999961907768526,0,0,1.248327430145612,0.850094324475124,SLC2A10;RAMP1
GO_Biological_Process_2023,Protein Hydroxylation (GO:0018126),2/13,0.506117381279609,0.9999961907768526,0,0,1.248327430145612,0.850094324475124,EGLN3;P3H4
GO_Biological_Process_2023,Protein Localization To Synapse (GO:0035418),2/13,0.506117381279609,0.9999961907768526,0,0,1.248327430145612,0.850094324475124,NPHS1;SHANK1
GO_Biological_Process_2023,Regulation Of ERBB Signaling Pathway (GO:1901184),2/13,0.506117381279609,0.9999961907768526,0,0,1.248327430145612,0.850094324475124,RHBDF2;IFI6
GO_Biological_Process_2023,Regulation Of T-helper 17 Type Immune Response (GO:2000316),2/13,0.506117381279609,0.9999961907768526,0,0,1.248327430145612,0.850094324475124,CLEC7A;IL12B
GO_Biological_Process_2023,Regulation Of Gastrulation (GO:0010470),2/13,0.506117381279609,0.9999961907768526,0,0,1.248327430145612,0.850094324475124,LHX1;SCX
GO_Biological_Process_2023,Regulation Of Humoral Immune Response (GO:0002920),2/13,0.506117381279609,0.9999961907768526,0,0,1.248327430145612,0.850094324475124,SUSD4;CXCL13
GO_Biological_Process_2023,Regulation Of Nitric-Oxide Synthase Biosynthetic Process (GO:0051769),2/13,0.506117381279609,0.9999961907768526,0,0,1.248327430145612,0.850094324475124,IFNG;NOD2
GO_Biological_Process_2023,Regulation Of Nitrogen Compound Metabolic Process (GO:0051171),2/13,0.506117381279609,0.9999961907768526,0,0,1.248327430145612,0.850094324475124,IFNG;MFSD2A
GO_Biological_Process_2023,Regulation Of Oxidoreductase Activity (GO:0051341),2/13,0.506117381279609,0.9999961907768526,0,0,1.248327430145612,0.850094324475124,SLAMF8;NOD2
GO_Biological_Process_2023,Response To Progesterone (GO:0032570),2/13,0.506117381279609,0.9999961907768526,0,0,1.248327430145612,0.850094324475124,SRC;ACOD1
GO_Biological_Process_2023,Substrate-Dependent Cell Migration (GO:0006929),2/13,0.506117381279609,0.9999961907768526,0,0,1.248327430145612,0.850094324475124,SHTN1;EPHA8
GO_Biological_Process_2023,Synaptic Vesicle Localization (GO:0097479),2/13,0.506117381279609,0.9999961907768526,0,0,1.248327430145612,0.850094324475124,CDK5;SYNDIG1
GO_Biological_Process_2023,Sensory Perception Of Sound (GO:0007605),12/92,0.5091631897840998,0.9999961907768526,0,0,1.0298498617147374,0.6951349650119887,TFAP2A;COL1A1;CEMIP;MARVELD2;USH1G;COL11A1;HPN;SLC52A3;LHFPL5;BIRC5;OTOR;TPRN
GO_Biological_Process_2023,Outer Dynein Arm Assembly (GO:0036158),3/21,0.5103669370757061,0.9999961907768526,0,0,1.1442913385826772,0.7696793363769793,DNAH8;ZMYND10;DNAAF8
GO_Biological_Process_2023,Plasma Membrane Repair (GO:0001778),3/21,0.5103669370757061,0.9999961907768526,0,0,1.1442913385826772,0.7696793363769793,TRIM72;RAB3A;CHMP4C
GO_Biological_Process_2023,Positive Regulation Of Amyloid Precursor Protein Catabolic Process (GO:1902993),3/21,0.5103669370757061,0.9999961907768526,0,0,1.1442913385826772,0.7696793363769793,EFNA3;IFNG;CASP3
GO_Biological_Process_2023,Positive Regulation Of Blood Coagulation (GO:0030194),3/21,0.5103669370757061,0.9999961907768526,0,0,1.1442913385826772,0.7696793363769793,F12;F2R;SERPINE1
GO_Biological_Process_2023,Positive Regulation Of Interferon-Alpha Production (GO:0032727),3/21,0.5103669370757061,0.9999961907768526,0,0,1.1442913385826772,0.7696793363769793,RIPK2;STAT1;IRF7
GO_Biological_Process_2023,Positive Regulation Of Natural Killer Cell Mediated Cytotoxicity (GO:0045954),3/21,0.5103669370757061,0.9999961907768526,0,0,1.1442913385826772,0.7696793363769793,IL12B;RASGRP1;NECTIN2
GO_Biological_Process_2023,Positive Regulation Of Transcription Regulatory Region DNA Binding (GO:2000679),3/21,0.5103669370757061,0.9999961907768526,0,0,1.1442913385826772,0.7696793363769793,IFNG;GATA3;POU4F1
GO_Biological_Process_2023,Purine Nucleotide Biosynthetic Process (GO:0006164),3/21,0.5103669370757061,0.9999961907768526,0,0,1.1442913385826772,0.7696793363769793,PPAT;QPRT;HPRT1
GO_Biological_Process_2023,Regulation Of Anoikis (GO:2000209),3/21,0.5103669370757061,0.9999961907768526,0,0,1.1442913385826772,0.7696793363769793,SRC;CEACAM6;CEACAM5
GO_Biological_Process_2023,Regulation Of Cardiac Conduction (GO:1903779),3/21,0.5103669370757061,0.9999961907768526,0,0,1.1442913385826772,0.7696793363769793,ATP2A1;CORIN;SLC8A2
GO_Biological_Process_2023,Zinc Ion Transmembrane Transport (GO:0071577),3/21,0.5103669370757061,0.9999961907768526,0,0,1.1442913385826772,0.7696793363769793,SLC30A8;SLC39A11;SLC39A4
GO_Biological_Process_2023,Alpha-Amino Acid Catabolic Process (GO:1901606),4/29,0.5130856560271047,0.9999961907768526,0,0,1.0985112248916895,0.7330502464248823,IL4I1;CBS;KMO;IDO1
GO_Biological_Process_2023,Organic Cyclic Compound Biosynthetic Process (GO:1901362),4/29,0.5130856560271047,0.9999961907768526,0,0,1.0985112248916895,0.7330502464248823,SRD5A2;PYCR1;PYCR3;PRLR
GO_Biological_Process_2023,Positive Regulation Of Endopeptidase Activity (GO:0010950),4/29,0.5130856560271047,0.9999961907768526,0,0,1.0985112248916895,0.7330502464248823,PYCARD;EFNA3;AIM2;TTBK1
GO_Biological_Process_2023,Positive Regulation Of Neural Precursor Cell Proliferation (GO:2000179),4/29,0.5130856560271047,0.9999961907768526,0,0,1.0985112248916895,0.7330502464248823,DISP3;VCAN;INSM1;HAPLN1
GO_Biological_Process_2023,Regulation Of Monoatomic Ion Transmembrane Transport (GO:0034765),4/29,0.5130856560271047,0.9999961907768526,0,0,1.0985112248916895,0.7330502464248823,CALHM1;KCNJ6;KCNJ10;GRIN2D
GO_Biological_Process_2023,Regulation Of Muscle Contraction (GO:0006937),4/29,0.5130856560271047,0.9999961907768526,0,0,1.0985112248916895,0.7330502464248823,MYLK2;CHRNA3;TNNT1;CACNG1
GO_Biological_Process_2023,Regulation Of Neuron Migration (GO:2001222),4/29,0.5130856560271047,0.9999961907768526,0,0,1.0985112248916895,0.7330502464248823,SHTN1;COL3A1;CAMK2A;KIF20B
GO_Biological_Process_2023,Regulation Of Spindle Assembly (GO:0090169),4/29,0.5130856560271047,0.9999961907768526,0,0,1.0985112248916895,0.7330502464248823,STIL;SPAG5;PLK1;CHMP4C
GO_Biological_Process_2023,Sarcomere Organization (GO:0045214),4/29,0.5130856560271047,0.9999961907768526,0,0,1.0985112248916895,0.7330502464248823,KRT19;SIX4;TNNT1;MYH6
GO_Biological_Process_2023,Tube Closure (GO:0060606),4/29,0.5130856560271047,0.9999961907768526,0,0,1.0985112248916895,0.7330502464248823,STIL;CELSR1;GRHL2;PAX2
GO_Biological_Process_2023,Melanosome Organization (GO:0032438),5/37,0.5152087434862272,0.9999961907768526,0,0,1.0727565996847912,0.7114340830295562,GPR143;TYRP1;SHROOM2;AP1S1;AP1S3
GO_Biological_Process_2023,Positive Regulation Of Exocytosis (GO:0045921),5/37,0.5152087434862272,0.9999961907768526,0,0,1.0727565996847912,0.7114340830295562,RAB3A;IFNG;RAB3D;CADPS;SDC1
GO_Biological_Process_2023,Positive Regulation Of Receptor Signaling Pathway Via JAK-STAT (GO:0046427),5/37,0.5152087434862272,0.9999961907768526,0,0,1.0727565996847912,0.7114340830295562,IFNL1;CAMK2A;F2R;OCIAD2;PRLR
GO_Biological_Process_2023,Ventricular Septum Development (GO:0003281),5/37,0.5152087434862272,0.9999961907768526,0,0,1.0727565996847912,0.7114340830295562,GATA4;SOX11;GATA3;SOX4;STRA6
GO_Biological_Process_2023,Positive Regulation Of Synaptic Transmission (GO:0050806),10/77,0.5226704219536071,0.9999961907768526,0,0,1.0246831378048564,0.6648187049358271,SLC24A2;RIMS4;NMU;KCTD13;AKAP5;FOXM1;PRKCZ;CACNG4;SLC8A2;GRIN2D
GO_Biological_Process_2023,Transport Across Blood-Brain Barrier (GO:0150104),11/85,0.5238586594048384,0.9999961907768526,0,0,1.0205211135305925,0.65980094959068,SLC7A5;SLC4A8;SLC38A1;SLC6A9;SLC2A10;ABCC5;SLC2A1;SLC38A5;SLC8A2;MFSD2A;SLC5A5
GO_Biological_Process_2023,Apoptotic Process (GO:0006915),29/228,0.5293938735434109,0.9999961907768526,0,0,1.0003917759041827,0.6362717400232366,IFI6;CXCR4;ATP2A1;PYCARD;ERBB3;CASP3;CHEK1;DPF1;PMAIP1;BAK1;PHLDA2;RELT;PAK4;EGLN3;PARP1;RIPK2;BIK;MX1;CIT;TRAIP;MELK;CDK5;ADORA2A;ESPL1;IFNG;LTA;PDCD1;GAPDH;MCM2
GO_Biological_Process_2023,Axon Guidance (GO:0007411),19/149,0.531757218928711,0.9999961907768526,0,0,1.003331098378642,0.6336720651703779,RET;SEMA4A;SEMA7A;UNC5A;EPHA10;EPHA8;UNC5B;LRTM2;EFNA4;IGSF9;NELL2;EFNA3;GDNF;TUBB3;LHX1;TNR;RAC3;PLXNA3;CDK5R1
GO_Biological_Process_2023,Epidermal Cell Differentiation (GO:0009913),7/54,0.5393074585167352,0.9999961907768526,0,0,1.0224679508691858,0.6313427199313392,DSP;ST14;CASP3;OVOL1;EVPL;POU2F3;S100A7
GO_Biological_Process_2023,Negative Regulation Of Neuron Projection Development (GO:0010977),7/54,0.5393074585167352,0.9999961907768526,0,0,1.0224679508691858,0.6313427199313392,MINAR1;RTN4R;ZNF296;TNR;RTN4RL2;FKBP4;KIAA0319
GO_Biological_Process_2023,B Cell Receptor Signaling Pathway (GO:0050853),6/46,0.5394495371526313,0.9999961907768526,0,0,1.029779266850611,0.6355859782013904,IGHG3;VAV3;IGHG4;IGHG1;IGHG2;IGHE
GO_Biological_Process_2023,Negative Regulation Of Epithelial Cell Proliferation (GO:0050680),9/70,0.5395753892690823,0.9999961907768526,0,0,1.0128740926675897,0.624915729449608,CYP27B1;STAT1;HPN;MARVELD3;SORD;EPPK1;GATA3;BRCA2;SULF1
GO_Biological_Process_2023,Positive Regulation Of Protein Polymerization (GO:0032273),9/70,0.5395753892690823,0.9999961907768526,0,0,1.0128740926675897,0.624915729449608,PYCARD;OCLN;BAIAP2L1;PSRC1;CCL11;CRACD;EVL;TTBK1;CDK5R1
GO_Biological_Process_2023,Sensory Organ Development (GO:0007423),9/70,0.5395753892690823,0.9999961907768526,0,0,1.0128740926675897,0.624915729449608,SIX4;SIX3;SHROOM2;GATA3;ASCL1;BMPR1B;SIPA1L3;ASCL2;STRA6
GO_Biological_Process_2023,Positive Regulation Of Axonogenesis (GO:0050772),5/38,0.5399174944476265,0.9999961907768526,0,0,1.0401891252955082,0.6411090620073361,SHTN1;SEMA7A;METRN;LIMK1;PLXNA3
GO_Biological_Process_2023,Positive Regulation Of Production Of Molecular Mediator Of Immune Response (GO:0002702),5/38,0.5399174944476265,0.9999961907768526,0,0,1.0401891252955082,0.6411090620073361,SLC7A5;TNFSF4;MZB1;NOD2;INAVA
GO_Biological_Process_2023,DNA Geometric Change (GO:0032392),4/30,0.5409340037280085,0.9999961907768526,0,0,1.0562001999575847,0.6489906592854805,RECQL4;BLM;HMGB3;DNA2
GO_Biological_Process_2023,Negative Regulation Of Epithelial To Mesenchymal Transition (GO:0010719),4/30,0.5409340037280085,0.9999961907768526,0,0,1.0562001999575847,0.6489906592854805,FOXA1;SPRED3;HPN;GATA3
GO_Biological_Process_2023,Nucleic Acid Metabolic Process (GO:0090304),4/30,0.5409340037280085,0.9999961907768526,0,0,1.0562001999575847,0.6489906592854805,FEN1;DNA2;KPNA2;DNASE1L2
GO_Biological_Process_2023,"Phagocytosis, Engulfment (GO:0006911)",4/30,0.5409340037280085,0.9999961907768526,0,0,1.0562001999575847,0.6489906592854805,MSR1;XKR7;XKR9;RAC3
GO_Biological_Process_2023,Positive Regulation Of Lipid Kinase Activity (GO:0090218),4/30,0.5409340037280085,0.9999961907768526,0,0,1.0562001999575847,0.6489906592854805,EPHA8;EEF1A2;NOD2;FGFR3
GO_Biological_Process_2023,Calcium Ion Homeostasis (GO:0055074),13/102,0.5411016830386385,0.9999961907768526,0,0,1.0027268286183773,0.6158227404527318,SLC24A2;EDN2;CCL11;CIB3;ITPR3;ATP2A1;ATP2C2;SLC8A2;CYP27B1;CCL7;TNNI3;S100A14;DRD4
GO_Biological_Process_2023,Cellular Response To Interferon-Beta (GO:0035458),3/22,0.5429708867491819,0.9999961907768526,0,0,1.084003315375052,0.6620003651350033,AIM2;STAT1;CAMK2A
GO_Biological_Process_2023,Cytoskeleton-Dependent Intracellular Transport (GO:0030705),3/22,0.5429708867491819,0.9999961907768526,0,0,1.084003315375052,0.6620003651350033,TUBA1C;HOOK1;KIF1A
GO_Biological_Process_2023,Hexose Transmembrane Transport (GO:0008645),3/22,0.5429708867491819,0.9999961907768526,0,0,1.084003315375052,0.6620003651350033,SLC2A10;SLC2A1;SLC50A1
GO_Biological_Process_2023,Negative Regulation Of Axonogenesis (GO:0050771),3/22,0.5429708867491819,0.9999961907768526,0,0,1.084003315375052,0.6620003651350033,RTN4R;TRIM46;KIAA0319
GO_Biological_Process_2023,Negative Regulation Of Cell Communication (GO:0010648),3/22,0.5429708867491819,0.9999961907768526,0,0,1.084003315375052,0.6620003651350033,IL11;SRMS;ERBB3
GO_Biological_Process_2023,Platelet Dense Granule Organization (GO:0060155),3/22,0.5429708867491819,0.9999961907768526,0,0,1.084003315375052,0.6620003651350033,F2R;AP1S1;AP1S3
GO_Biological_Process_2023,Positive Regulation Of Excitatory Postsynaptic Potential (GO:2000463),3/22,0.5429708867491819,0.9999961907768526,0,0,1.084003315375052,0.6620003651350033,PRKCZ;GRIN2D;SHANK1
GO_Biological_Process_2023,Positive Regulation Of Viral Life Cycle (GO:1903902),3/22,0.5429708867491819,0.9999961907768526,0,0,1.084003315375052,0.6620003651350033,TMPRSS4;KPNA2;TRIM11
GO_Biological_Process_2023,Regulation Of Dopamine Secretion (GO:0014059),3/22,0.5429708867491819,0.9999961907768526,0,0,1.084003315375052,0.6620003651350033,SYT5;GDNF;SYT13
GO_Biological_Process_2023,snRNA 3'-End Processing (GO:0034472),3/22,0.5429708867491819,0.9999961907768526,0,0,1.084003315375052,0.6620003651350033,EXOSC4;INTS7;INTS8
GO_Biological_Process_2023,Vesicle Transport Along Microtubule (GO:0047496),3/22,0.5429708867491819,0.9999961907768526,0,0,1.084003315375052,0.6620003651350033,BICDL1;BICDL2;KIF1A
GO_Biological_Process_2023,COPII-coated Vesicle Cargo Loading (GO:0090110),2/14,0.5472337067696781,0.9999961907768526,0,0,1.1442345533254623,0.6898353447861877,SH2D2A;SEC24D
GO_Biological_Process_2023,L-glutamate Transmembrane Transport (GO:0015813),2/14,0.5472337067696781,0.9999961907768526,0,0,1.1442345533254623,0.6898353447861877,SLC7A11;SLC25A22
GO_Biological_Process_2023,Dolichol Metabolic Process (GO:0019348),2/14,0.5472337067696781,0.9999961907768526,0,0,1.1442345533254623,0.6898353447861877,SRD5A3;ALG3
GO_Biological_Process_2023,Genitalia Development (GO:0048806),2/14,0.5472337067696781,0.9999961907768526,0,0,1.1442345533254623,0.6898353447861877,WT1;STRA6
GO_Biological_Process_2023,Glucosamine-Containing Compound Metabolic Process (GO:1901071),2/14,0.5472337067696781,0.9999961907768526,0,0,1.1442345533254623,0.6898353447861877,CHST6;CHST1
GO_Biological_Process_2023,Mammary Gland Epithelium Development (GO:0061180),2/14,0.5472337067696781,0.9999961907768526,0,0,1.1442345533254623,0.6898353447861877,WNT7B;WNT2
GO_Biological_Process_2023,Monosaccharide Transmembrane Transport (GO:0015749),2/14,0.5472337067696781,0.9999961907768526,0,0,1.1442345533254623,0.6898353447861877,SLC2A10;SLC50A1
GO_Biological_Process_2023,Negative Regulation Of Chondrocyte Differentiation (GO:0032331),2/14,0.5472337067696781,0.9999961907768526,0,0,1.1442345533254623,0.6898353447861877,GREM1;NKX3-2
GO_Biological_Process_2023,Negative Regulation Of Fatty Acid Biosynthetic Process (GO:0045717),2/14,0.5472337067696781,0.9999961907768526,0,0,1.1442345533254623,0.6898353447861877,TRIB3;BRCA1
GO_Biological_Process_2023,Negative Regulation Of Transcription Regulatory Region DNA Binding (GO:2000678),2/14,0.5472337067696781,0.9999961907768526,0,0,1.1442345533254623,0.6898353447861877,SOX11;ZNF675
GO_Biological_Process_2023,Neuron Cell-Cell Adhesion (GO:0007158),2/14,0.5472337067696781,0.9999961907768526,0,0,1.1442345533254623,0.6898353447861877,RET;CDK5R1
GO_Biological_Process_2023,Pancreas Development (GO:0031016),2/14,0.5472337067696781,0.9999961907768526,0,0,1.1442345533254623,0.6898353447861877,ILDR2;NKX6-1
GO_Biological_Process_2023,Photoreceptor Cell Development (GO:0042461),2/14,0.5472337067696781,0.9999961907768526,0,0,1.1442345533254623,0.6898353447861877,TH;MFSD2A
GO_Biological_Process_2023,Polarized Epithelial Cell Differentiation (GO:0030859),2/14,0.5472337067696781,0.9999961907768526,0,0,1.1442345533254623,0.6898353447861877,SYNE4;EZR
GO_Biological_Process_2023,Positive Regulation Of Exosomal Secretion (GO:1903543),2/14,0.5472337067696781,0.9999961907768526,0,0,1.1442345533254623,0.6898353447861877,IFNG;SDC1
GO_Biological_Process_2023,Positive Regulation Of Telomerase RNA Localization To Cajal Body (GO:1904874),2/14,0.5472337067696781,0.9999961907768526,0,0,1.1442345533254623,0.6898353447861877,CCT3;CCT5
GO_Biological_Process_2023,Positive Regulation Of Type I Interferon-Mediated Signaling Pathway (GO:0060340),2/14,0.5472337067696781,0.9999961907768526,0,0,1.1442345533254623,0.6898353447861877,RBM47;IGF2BP1
GO_Biological_Process_2023,Primary Alcohol Metabolic Process (GO:0034308),2/14,0.5472337067696781,0.9999961907768526,0,0,1.1442345533254623,0.6898353447861877,HSD11B2;GDPD1
GO_Biological_Process_2023,Regulation Of Extracellular Matrix Disassembly (GO:0010715),2/14,0.5472337067696781,0.9999961907768526,0,0,1.1442345533254623,0.6898353447861877,DDR1;FGFR4
GO_Biological_Process_2023,Regulation Of Integrin Activation (GO:0033623),2/14,0.5472337067696781,0.9999961907768526,0,0,1.1442345533254623,0.6898353447861877,SRC;KIF14
GO_Biological_Process_2023,Regulation Of Superoxide Anion Generation (GO:0032928),2/14,0.5472337067696781,0.9999961907768526,0,0,1.1442345533254623,0.6898353447861877,CLEC7A;CD177
GO_Biological_Process_2023,Serine Family Amino Acid Metabolic Process (GO:0009069),2/14,0.5472337067696781,0.9999961907768526,0,0,1.1442345533254623,0.6898353447861877,CBS;SEPHS2
GO_Biological_Process_2023,Striated Muscle Cell Development (GO:0055002),2/14,0.5472337067696781,0.9999961907768526,0,0,1.1442345533254623,0.6898353447861877,SDC1;MYH6
GO_Biological_Process_2023,Cytoskeleton Organization (GO:0007010),14/111,0.555907248445898,0.9999961907768526,0,0,0.9907342864014544,0.5817134188735769,CCL11;MAST1;MICAL2;SIPA1L3;KISS1;CECR2;STRIP2;DIAPH3;FGD6;CCL7;RAC3;NECTIN2;PACSIN1;PAK4
GO_Biological_Process_2023,Regulation Of Anatomical Structure Morphogenesis (GO:0022603),16/127,0.5559794477141425,0.9999961907768526,0,0,0.9894437373661752,0.5808271709695709,BRSK1;BRSK2;CHRNA3;CDX1;CXCL13;CYRIB;SRCIN1;MYO19;TANC2;CLDN4;CLDN3;CDH2;CDK5;GDNF;KIF1A;CDK5R1
GO_Biological_Process_2023,Cellular Response To UV (GO:0034644),10/79,0.556847803169183,0.9999961907768526,0,0,0.9948677457560204,0.5824585736441206,PCNA;PARP1;MMP1;MMP3;ST20;BAK1;MMP9;CDC25A;AURKB;RHNO1
GO_Biological_Process_2023,DNA Strand Resection Involved In Replication Fork Processing (GO:0110025),1/6,0.5578283683904623,0.9999961907768526,0,0,1.37309205350118,0.8014792518325987,BRCA1
GO_Biological_Process_2023,G-quadruplex DNA Unwinding (GO:0044806),1/6,0.5578283683904623,0.9999961907768526,0,0,1.37309205350118,0.8014792518325987,DNA2
GO_Biological_Process_2023,L-methionine Salvage (GO:0071267),1/6,0.5578283683904623,0.9999961907768526,0,0,1.37309205350118,0.8014792518325987,ENOPH1
GO_Biological_Process_2023,RIG-I Signaling Pathway (GO:0039529),1/6,0.5578283683904623,0.9999961907768526,0,0,1.37309205350118,0.8014792518325987,OAS3
GO_Biological_Process_2023,SMAD Protein Complex Assembly (GO:0007183),1/6,0.5578283683904623,0.9999961907768526,0,0,1.37309205350118,0.8014792518325987,GARS1
GO_Biological_Process_2023,Adenylate Cyclase-Inhibiting Serotonin Receptor Signaling Pathway (GO:0007198),1/6,0.5578283683904623,0.9999961907768526,0,0,1.37309205350118,0.8014792518325987,HTR1D
GO_Biological_Process_2023,Adherens Junction Maintenance (GO:0034334),1/6,0.5578283683904623,0.9999961907768526,0,0,1.37309205350118,0.8014792518325987,INAVA
GO_Biological_Process_2023,Antigen Processing And Presentation Of Exogenous Peptide Antigen Via MHC Class I (GO:0042590),1/6,0.5578283683904623,0.9999961907768526,0,0,1.37309205350118,0.8014792518325987,IFI30
GO_Biological_Process_2023,Atrioventricular Valve Formation (GO:0003190),1/6,0.5578283683904623,0.9999961907768526,0,0,1.37309205350118,0.8014792518325987,GATA4
GO_Biological_Process_2023,Autophagosome Membrane Docking (GO:0016240),1/6,0.5578283683904623,0.9999961907768526,0,0,1.37309205350118,0.8014792518325987,VAMP8
GO_Biological_Process_2023,Axon Extension Involved In Axon Guidance (GO:0048846),1/6,0.5578283683904623,0.9999961907768526,0,0,1.37309205350118,0.8014792518325987,NELL2
GO_Biological_Process_2023,Calcitonin Family Receptor Signaling Pathway (GO:0097646),1/6,0.5578283683904623,0.9999961907768526,0,0,1.37309205350118,0.8014792518325987,RAMP1
GO_Biological_Process_2023,Cardiac Muscle Cell-Cardiac Muscle Cell Adhesion (GO:0086042),1/6,0.5578283683904623,0.9999961907768526,0,0,1.37309205350118,0.8014792518325987,DSP
GO_Biological_Process_2023,Cellular Hyperosmotic Response (GO:0071474),1/6,0.5578283683904623,0.9999961907768526,0,0,1.37309205350118,0.8014792518325987,EPO
GO_Biological_Process_2023,Cellular Response To Prostaglandin E Stimulus (GO:0071380),1/6,0.5578283683904623,0.9999961907768526,0,0,1.37309205350118,0.8014792518325987,TNFSF4
GO_Biological_Process_2023,Choline Transport (GO:0015871),1/6,0.5578283683904623,0.9999961907768526,0,0,1.37309205350118,0.8014792518325987,SLC44A4
GO_Biological_Process_2023,Cleavage Furrow Formation (GO:0036089),1/6,0.5578283683904623,0.9999961907768526,0,0,1.37309205350118,0.8014792518325987,SPIRE2
GO_Biological_Process_2023,Dense Core Granule Cytoskeletal Transport (GO:0099519),1/6,0.5578283683904623,0.9999961907768526,0,0,1.37309205350118,0.8014792518325987,TANC2
GO_Biological_Process_2023,Detection Of Muscle Stretch (GO:0035995),1/6,0.5578283683904623,0.9999961907768526,0,0,1.37309205350118,0.8014792518325987,CDH2
GO_Biological_Process_2023,Detection Of Stimulus Involved In Sensory Perception Of Pain (GO:0062149),1/6,0.5578283683904623,0.9999961907768526,0,0,1.37309205350118,0.8014792518325987,PRDM12
GO_Biological_Process_2023,Enteric Nervous System Development (GO:0048484),1/6,0.5578283683904623,0.9999961907768526,0,0,1.37309205350118,0.8014792518325987,GDNF
GO_Biological_Process_2023,Establishment Of Mitotic Sister Chromatid Cohesion (GO:0034087),1/6,0.5578283683904623,0.9999961907768526,0,0,1.37309205350118,0.8014792518325987,RAD21
GO_Biological_Process_2023,Excitatory Chemical Synaptic Transmission (GO:0098976),1/6,0.5578283683904623,0.9999961907768526,0,0,1.37309205350118,0.8014792518325987,GRIN2D
GO_Biological_Process_2023,Forebrain Neuron Development (GO:0021884),1/6,0.5578283683904623,0.9999961907768526,0,0,1.37309205350118,0.8014792518325987,PLXNA3
GO_Biological_Process_2023,Gamma-Aminobutyric Acid Transport (GO:0015812),1/6,0.5578283683904623,0.9999961907768526,0,0,1.37309205350118,0.8014792518325987,SLC6A11
GO_Biological_Process_2023,Ganglioside Catabolic Process (GO:0006689),1/6,0.5578283683904623,0.9999961907768526,0,0,1.37309205350118,0.8014792518325987,NEU4
GO_Biological_Process_2023,Gap Junction Assembly (GO:0016264),1/6,0.5578283683904623,0.9999961907768526,0,0,1.37309205350118,0.8014792518325987,GJB2
GO_Biological_Process_2023,Glandular Epithelial Cell Development (GO:0002068),1/6,0.5578283683904623,0.9999961907768526,0,0,1.37309205350118,0.8014792518325987,CDH2
GO_Biological_Process_2023,Glomerular Epithelial Cell Development (GO:0072310),1/6,0.5578283683904623,0.9999961907768526,0,0,1.37309205350118,0.8014792518325987,NPHS1
GO_Biological_Process_2023,Glycerol-3-Phosphate Metabolic Process (GO:0006072),1/6,0.5578283683904623,0.9999961907768526,0,0,1.37309205350118,0.8014792518325987,GK3
GO_Biological_Process_2023,Glycosylceramide Biosynthetic Process (GO:0046476),1/6,0.5578283683904623,0.9999961907768526,0,0,1.37309205350118,0.8014792518325987,B4GALT3
GO_Biological_Process_2023,Hepatocyte Growth Factor Receptor Signaling Pathway (GO:0048012),1/6,0.5578283683904623,0.9999961907768526,0,0,1.37309205350118,0.8014792518325987,STMN1
GO_Biological_Process_2023,Host-Mediated Regulation Of Intestinal Microbiota Composition (GO:0048874),1/6,0.5578283683904623,0.9999961907768526,0,0,1.37309205350118,0.8014792518325987,MUC2
GO_Biological_Process_2023,Hyaluronan Biosynthetic Process (GO:0030213),1/6,0.5578283683904623,0.9999961907768526,0,0,1.37309205350118,0.8014792518325987,CEMIP
GO_Biological_Process_2023,Hypotonic Response (GO:0006971),1/6,0.5578283683904623,0.9999961907768526,0,0,1.37309205350118,0.8014792518325987,SLC12A5
GO_Biological_Process_2023,Inositol Metabolic Process (GO:0006020),1/6,0.5578283683904623,0.9999961907768526,0,0,1.37309205350118,0.8014792518325987,MIOX
GO_Biological_Process_2023,Insulin Secretion Involved In Cellular Response To Glucose Stimulus (GO:0035773),1/6,0.5578283683904623,0.9999961907768526,0,0,1.37309205350118,0.8014792518325987,PTPRN
GO_Biological_Process_2023,Intraciliary Transport Involved In Cilium Assembly (GO:0035735),1/6,0.5578283683904623,0.9999961907768526,0,0,1.37309205350118,0.8014792518325987,SSX2IP
GO_Biological_Process_2023,Keratinocyte Proliferation (GO:0043616),1/6,0.5578283683904623,0.9999961907768526,0,0,1.37309205350118,0.8014792518325987,KRT2
GO_Biological_Process_2023,Leukotriene Transport (GO:0071716),1/6,0.5578283683904623,0.9999961907768526,0,0,1.37309205350118,0.8014792518325987,ABCC11
GO_Biological_Process_2023,Long-Term Synaptic Depression (GO:0060292),1/6,0.5578283683904623,0.9999961907768526,0,0,1.37309205350118,0.8014792518325987,SLC24A2
GO_Biological_Process_2023,Lymphoid Progenitor Cell Differentiation (GO:0002320),1/6,0.5578283683904623,0.9999961907768526,0,0,1.37309205350118,0.8014792518325987,SOX4
GO_Biological_Process_2023,Macrophage Derived Foam Cell Differentiation (GO:0010742),1/6,0.5578283683904623,0.9999961907768526,0,0,1.37309205350118,0.8014792518325987,STAT1
GO_Biological_Process_2023,Macropinocytosis (GO:0044351),1/6,0.5578283683904623,0.9999961907768526,0,0,1.37309205350118,0.8014792518325987,PYCARD
GO_Biological_Process_2023,Maintenance Of Protein Location In Extracellular Region (GO:0071694),1/6,0.5578283683904623,0.9999961907768526,0,0,1.37309205350118,0.8014792518325987,FBN2
GO_Biological_Process_2023,Membrane Biogenesis (GO:0044091),1/6,0.5578283683904623,0.9999961907768526,0,0,1.37309205350118,0.8014792518325987,TLCD1
GO_Biological_Process_2023,Mitotic Nuclear Membrane Disassembly (GO:0007077),1/6,0.5578283683904623,0.9999961907768526,0,0,1.37309205350118,0.8014792518325987,PLK1
GO_Biological_Process_2023,Negative Regulation Of Blood Vessel Endothelial Cell Proliferation Involved In Sprouting Angiogenesis (GO:1903588),1/6,0.5578283683904623,0.9999961907768526,0,0,1.37309205350118,0.8014792518325987,IL12B
GO_Biological_Process_2023,Negative Regulation Of Double-Strand Break Repair Via Nonhomologous End Joining (GO:2001033),1/6,0.5578283683904623,0.9999961907768526,0,0,1.37309205350118,0.8014792518325987,HMGA2
GO_Biological_Process_2023,Negative Regulation Of Epidermal Cell Differentiation (GO:0045605),1/6,0.5578283683904623,0.9999961907768526,0,0,1.37309205350118,0.8014792518325987,GRHL2
GO_Biological_Process_2023,Negative Regulation Of Glycogen Metabolic Process (GO:0070874),1/6,0.5578283683904623,0.9999961907768526,0,0,1.37309205350118,0.8014792518325987,PASK
GO_Biological_Process_2023,Negative Regulation Of Hematopoietic Progenitor Cell Differentiation (GO:1901533),1/6,0.5578283683904623,0.9999961907768526,0,0,1.37309205350118,0.8014792518325987,MYB
GO_Biological_Process_2023,Negative Regulation Of Lipoprotein Particle Clearance (GO:0010985),1/6,0.5578283683904623,0.9999961907768526,0,0,1.37309205350118,0.8014792518325987,APOC2
GO_Biological_Process_2023,Negative Regulation Of Neuron Projection Regeneration (GO:0070571),1/6,0.5578283683904623,0.9999961907768526,0,0,1.37309205350118,0.8014792518325987,RTN4R
GO_Biological_Process_2023,Negative Regulation Of p38MAPK Cascade (GO:1903753),1/6,0.5578283683904623,0.9999961907768526,0,0,1.37309205350118,0.8014792518325987,EZR
GO_Biological_Process_2023,Negative Regulation Of Plasminogen Activation (GO:0010757),1/6,0.5578283683904623,0.9999961907768526,0,0,1.37309205350118,0.8014792518325987,SERPINE1
GO_Biological_Process_2023,Negative Regulation Of Ruffle Assembly (GO:1900028),1/6,0.5578283683904623,0.9999961907768526,0,0,1.37309205350118,0.8014792518325987,EVL
GO_Biological_Process_2023,Negative Regulation Of Type 2 Immune Response (GO:0002829),1/6,0.5578283683904623,0.9999961907768526,0,0,1.37309205350118,0.8014792518325987,IFNL1
GO_Biological_Process_2023,Neuron Projection Extension Involved In Neuron Projection Guidance (GO:1902284),1/6,0.5578283683904623,0.9999961907768526,0,0,1.37309205350118,0.8014792518325987,NELL2
GO_Biological_Process_2023,"Neurotransmitter Receptor Transport, Postsynaptic Endosome To Lysosome (GO:0098943)",1/6,0.5578283683904623,0.9999961907768526,0,0,1.37309205350118,0.8014792518325987,CACNG4
GO_Biological_Process_2023,Neurotrophin TRK Receptor Signaling Pathway (GO:0048011),1/6,0.5578283683904623,0.9999961907768526,0,0,1.37309205350118,0.8014792518325987,CASP3
GO_Biological_Process_2023,Nucleobase Biosynthetic Process (GO:0046112),1/6,0.5578283683904623,0.9999961907768526,0,0,1.37309205350118,0.8014792518325987,PAICS
GO_Biological_Process_2023,Nucleoside Diphosphate Catabolic Process (GO:0009134),1/6,0.5578283683904623,0.9999961907768526,0,0,1.37309205350118,0.8014792518325987,ENTPD8
GO_Biological_Process_2023,Pituitary Gland Development (GO:0021983),1/6,0.5578283683904623,0.9999961907768526,0,0,1.37309205350118,0.8014792518325987,SIX3
GO_Biological_Process_2023,Podocyte Development (GO:0072015),1/6,0.5578283683904623,0.9999961907768526,0,0,1.37309205350118,0.8014792518325987,NPHS1
GO_Biological_Process_2023,Polyadenylation-Dependent snoRNA 3'-End Processing (GO:0071051),1/6,0.5578283683904623,0.9999961907768526,0,0,1.37309205350118,0.8014792518325987,EXOSC4
GO_Biological_Process_2023,Polyamine Biosynthetic Process (GO:0006596),1/6,0.5578283683904623,0.9999961907768526,0,0,1.37309205350118,0.8014792518325987,SMS
GO_Biological_Process_2023,Positive Regulation Of IRE1-mediated Unfolded Protein Response (GO:1903896),1/6,0.5578283683904623,0.9999961907768526,0,0,1.37309205350118,0.8014792518325987,BAK1
GO_Biological_Process_2023,Positive Regulation Of Activation Of Janus Kinase Activity (GO:0010536),1/6,0.5578283683904623,0.9999961907768526,0,0,1.37309205350118,0.8014792518325987,IL12B
GO_Biological_Process_2023,Positive Regulation Of Aspartic-Type Endopeptidase Activity Involved In Amyloid Precursor Protein Catabolic Process (GO:1902961),1/6,0.5578283683904623,0.9999961907768526,0,0,1.37309205350118,0.8014792518325987,EFNA3
GO_Biological_Process_2023,Positive Regulation Of Cell Killing (GO:0031343),1/6,0.5578283683904623,0.9999961907768526,0,0,1.37309205350118,0.8014792518325987,IFNG
GO_Biological_Process_2023,Positive Regulation Of Cilium Movement (GO:0003353),1/6,0.5578283683904623,0.9999961907768526,0,0,1.37309205350118,0.8014792518325987,RNASE10
GO_Biological_Process_2023,Positive Regulation Of Cilium-Dependent Cell Motility (GO:2000155),1/6,0.5578283683904623,0.9999961907768526,0,0,1.37309205350118,0.8014792518325987,RNASE10
GO_Biological_Process_2023,Positive Regulation Of Cysteine-Type Endopeptidase Activity Involved In Apoptotic Signaling Pathway (GO:2001269),1/6,0.5578283683904623,0.9999961907768526,0,0,1.37309205350118,0.8014792518325987,PRR7
GO_Biological_Process_2023,Positive Regulation Of Endoplasmic Reticulum Stress-Induced Intrinsic Apoptotic Signaling Pathway (GO:1902237),1/6,0.5578283683904623,0.9999961907768526,0,0,1.37309205350118,0.8014792518325987,PMAIP1
GO_Biological_Process_2023,Positive Regulation Of Flagellated Sperm Motility (GO:1902093),1/6,0.5578283683904623,0.9999961907768526,0,0,1.37309205350118,0.8014792518325987,RNASE10
GO_Biological_Process_2023,Positive Regulation Of Interleukin-23 Production (GO:0032747),1/6,0.5578283683904623,0.9999961907768526,0,0,1.37309205350118,0.8014792518325987,IFNG
GO_Biological_Process_2023,Positive Regulation Of Kidney Development (GO:0090184),1/6,0.5578283683904623,0.9999961907768526,0,0,1.37309205350118,0.8014792518325987,FOXD1
GO_Biological_Process_2023,Positive Regulation Of Lamellipodium Morphogenesis (GO:2000394),1/6,0.5578283683904623,0.9999961907768526,0,0,1.37309205350118,0.8014792518325987,SRC
GO_Biological_Process_2023,Positive Regulation Of Leukocyte Tethering Or Rolling (GO:1903238),1/6,0.5578283683904623,0.9999961907768526,0,0,1.37309205350118,0.8014792518325987,FUT7
GO_Biological_Process_2023,Positive Regulation Of Lipoprotein Lipase Activity (GO:0051006),1/6,0.5578283683904623,0.9999961907768526,0,0,1.37309205350118,0.8014792518325987,APOC2
GO_Biological_Process_2023,Positive Regulation Of Mast Cell Activation (GO:0033005),1/6,0.5578283683904623,0.9999961907768526,0,0,1.37309205350118,0.8014792518325987,NECTIN2
GO_Biological_Process_2023,Positive Regulation Of Membrane Depolarization (GO:1904181),1/6,0.5578283683904623,0.9999961907768526,0,0,1.37309205350118,0.8014792518325987,MLLT11
GO_Biological_Process_2023,Positive Regulation Of Natural Killer Cell Cytokine Production (GO:0002729),1/6,0.5578283683904623,0.9999961907768526,0,0,1.37309205350118,0.8014792518325987,KIR2DL4
GO_Biological_Process_2023,Positive Regulation Of Neurotransmitter Secretion (GO:0001956),1/6,0.5578283683904623,0.9999961907768526,0,0,1.37309205350118,0.8014792518325987,SLC4A8
GO_Biological_Process_2023,Positive Regulation Of Protein K63-linked Ubiquitination (GO:1902523),1/6,0.5578283683904623,0.9999961907768526,0,0,1.37309205350118,0.8014792518325987,NOD2
GO_Biological_Process_2023,Positive Regulation Of Steroid Metabolic Process (GO:0045940),1/6,0.5578283683904623,0.9999961907768526,0,0,1.37309205350118,0.8014792518325987,CGA
GO_Biological_Process_2023,Positive Regulation Of Striated Muscle Contraction (GO:0045989),1/6,0.5578283683904623,0.9999961907768526,0,0,1.37309205350118,0.8014792518325987,ATP2A1
GO_Biological_Process_2023,Positive Regulation Of Triglyceride Catabolic Process (GO:0010898),1/6,0.5578283683904623,0.9999961907768526,0,0,1.37309205350118,0.8014792518325987,APOC2
GO_Biological_Process_2023,protein-DNA Covalent Cross-Linking Repair (GO:0106300),1/6,0.5578283683904623,0.9999961907768526,0,0,1.37309205350118,0.8014792518325987,TRAIP
GO_Biological_Process_2023,Pyrimidine Nucleotide-Sugar Transmembrane Transport (GO:0090481),1/6,0.5578283683904623,0.9999961907768526,0,0,1.37309205350118,0.8014792518325987,SLC35A2
GO_Biological_Process_2023,Pyrimidine Ribonucleotide Biosynthetic Process (GO:0009220),1/6,0.5578283683904623,0.9999961907768526,0,0,1.37309205350118,0.8014792518325987,CTPS1
GO_Biological_Process_2023,rDNA Heterochromatin Formation (GO:0000183),1/6,0.5578283683904623,0.9999961907768526,0,0,1.37309205350118,0.8014792518325987,BEND3
GO_Biological_Process_2023,Receptor-Mediated Virion Attachment To Host Cell (GO:0046813),1/6,0.5578283683904623,0.9999961907768526,0,0,1.37309205350118,0.8014792518325987,LRRC15
GO_Biological_Process_2023,Regulation Of NAD(P)H Oxidase Activity (GO:0033860),1/6,0.5578283683904623,0.9999961907768526,0,0,1.37309205350118,0.8014792518325987,SLAMF8
GO_Biological_Process_2023,Regulation Of NK T Cell Proliferation (GO:0051140),1/6,0.5578283683904623,0.9999961907768526,0,0,1.37309205350118,0.8014792518325987,IL18
GO_Biological_Process_2023,Regulation Of SA Node Cell Action Potential (GO:0098907),1/6,0.5578283683904623,0.9999961907768526,0,0,1.37309205350118,0.8014792518325987,HCN2
GO_Biological_Process_2023,Regulation Of T Cell Mediated Immune Response To Tumor Cell (GO:0002840),1/6,0.5578283683904623,0.9999961907768526,0,0,1.37309205350118,0.8014792518325987,IL4I1
GO_Biological_Process_2023,Regulation Of T Cell Tolerance Induction (GO:0002664),1/6,0.5578283683904623,0.9999961907768526,0,0,1.37309205350118,0.8014792518325987,FOXP3
GO_Biological_Process_2023,Regulation Of Aldosterone Biosynthetic Process (GO:0032347),1/6,0.5578283683904623,0.9999961907768526,0,0,1.37309205350118,0.8014792518325987,CLCN2
GO_Biological_Process_2023,Regulation Of Bile Acid Metabolic Process (GO:1904251),1/6,0.5578283683904623,0.9999961907768526,0,0,1.37309205350118,0.8014792518325987,FGFR4
GO_Biological_Process_2023,Regulation Of Cell Adhesion Molecule Production (GO:0060353),1/6,0.5578283683904623,0.9999961907768526,0,0,1.37309205350118,0.8014792518325987,FUT7
GO_Biological_Process_2023,Regulation Of Digestive System Process (GO:0044058),1/6,0.5578283683904623,0.9999961907768526,0,0,1.37309205350118,0.8014792518325987,TYMP
GO_Biological_Process_2023,Regulation Of Hemoglobin Biosynthetic Process (GO:0046984),1/6,0.5578283683904623,0.9999961907768526,0,0,1.37309205350118,0.8014792518325987,SLC6A9
GO_Biological_Process_2023,Regulation Of Histamine Secretion By Mast Cell (GO:1903593),1/6,0.5578283683904623,0.9999961907768526,0,0,1.37309205350118,0.8014792518325987,VAMP8
GO_Biological_Process_2023,Regulation Of Ketone Biosynthetic Process (GO:0010566),1/6,0.5578283683904623,0.9999961907768526,0,0,1.37309205350118,0.8014792518325987,CLCN2
GO_Biological_Process_2023,Regulation Of Lens Fiber Cell Differentiation (GO:1902746),1/6,0.5578283683904623,0.9999961907768526,0,0,1.37309205350118,0.8014792518325987,SPRED3
GO_Biological_Process_2023,Regulation Of Male Gonad Development (GO:2000018),1/6,0.5578283683904623,0.9999961907768526,0,0,1.37309205350118,0.8014792518325987,WT1
GO_Biological_Process_2023,Regulation Of Metallopeptidase Activity (GO:1905048),1/6,0.5578283683904623,0.9999961907768526,0,0,1.37309205350118,0.8014792518325987,CLDN4
GO_Biological_Process_2023,Regulation Of Mitochondrial Membrane Permeability Involved In Apoptotic Process (GO:1902108),1/6,0.5578283683904623,0.9999961907768526,0,0,1.37309205350118,0.8014792518325987,CAMK2A
GO_Biological_Process_2023,Regulation Of Natural Killer Cell Chemotaxis (GO:2000501),1/6,0.5578283683904623,0.9999961907768526,0,0,1.37309205350118,0.8014792518325987,CCL7
GO_Biological_Process_2023,Regulation Of Natural Killer Cell Cytokine Production (GO:0002727),1/6,0.5578283683904623,0.9999961907768526,0,0,1.37309205350118,0.8014792518325987,KIR2DL4
GO_Biological_Process_2023,Regulation Of Norepinephrine Secretion (GO:0014061),1/6,0.5578283683904623,0.9999961907768526,0,0,1.37309205350118,0.8014792518325987,STX1A
GO_Biological_Process_2023,Regulation Of Pyruvate Dehydrogenase Activity (GO:1904182),1/6,0.5578283683904623,0.9999961907768526,0,0,1.37309205350118,0.8014792518325987,PPM1J
GO_Biological_Process_2023,Regulation Of Relaxation Of Muscle (GO:1901077),1/6,0.5578283683904623,0.9999961907768526,0,0,1.37309205350118,0.8014792518325987,SLN
GO_Biological_Process_2023,Regulation Of Respiratory Gaseous Exchange (GO:0043576),1/6,0.5578283683904623,0.9999961907768526,0,0,1.37309205350118,0.8014792518325987,PASK
GO_Biological_Process_2023,Regulation Of Striated Muscle Tissue Development (GO:0016202),1/6,0.5578283683904623,0.9999961907768526,0,0,1.37309205350118,0.8014792518325987,CENPF
GO_Biological_Process_2023,Regulation Of Toll-Like Receptor 7 Signaling Pathway (GO:0034155),1/6,0.5578283683904623,0.9999961907768526,0,0,1.37309205350118,0.8014792518325987,TREML4
GO_Biological_Process_2023,Regulation Of Transforming Growth Factor Beta1 Production (GO:0032908),1/6,0.5578283683904623,0.9999961907768526,0,0,1.37309205350118,0.8014792518325987,LAPTM4B
GO_Biological_Process_2023,Regulation Of Vascular Associated Smooth Muscle Cell Apoptotic Process (GO:1905459),1/6,0.5578283683904623,0.9999961907768526,0,0,1.37309205350118,0.8014792518325987,E2F3
GO_Biological_Process_2023,Response To Cocaine (GO:0042220),1/6,0.5578283683904623,0.9999961907768526,0,0,1.37309205350118,0.8014792518325987,DRD4
GO_Biological_Process_2023,Response To Increased Oxygen Levels (GO:0036296),1/6,0.5578283683904623,0.9999961907768526,0,0,1.37309205350118,0.8014792518325987,ATP6V1G1
GO_Biological_Process_2023,Response To Lead Ion (GO:0010288),1/6,0.5578283683904623,0.9999961907768526,0,0,1.37309205350118,0.8014792518325987,SLC34A1
GO_Biological_Process_2023,Serine Transport (GO:0032329),1/6,0.5578283683904623,0.9999961907768526,0,0,1.37309205350118,0.8014792518325987,SLC38A5
GO_Biological_Process_2023,Skeletal Muscle Thin Filament Assembly (GO:0030240),1/6,0.5578283683904623,0.9999961907768526,0,0,1.37309205350118,0.8014792518325987,ACTL8
GO_Biological_Process_2023,Smooth Muscle Cell Migration (GO:0014909),1/6,0.5578283683904623,0.9999961907768526,0,0,1.37309205350118,0.8014792518325987,DDR1
GO_Biological_Process_2023,"Substrate-Dependent Cell Migration, Cell Extension (GO:0006930)",1/6,0.5578283683904623,0.9999961907768526,0,0,1.37309205350118,0.8014792518325987,SHTN1
GO_Biological_Process_2023,Sulfur Amino Acid Catabolic Process (GO:0000098),1/6,0.5578283683904623,0.9999961907768526,0,0,1.37309205350118,0.8014792518325987,CBS
GO_Biological_Process_2023,"Synaptic Transmission, Dopaminergic (GO:0001963)",1/6,0.5578283683904623,0.9999961907768526,0,0,1.37309205350118,0.8014792518325987,TH
GO_Biological_Process_2023,Synaptic Vesicle Docking (GO:0016081),1/6,0.5578283683904623,0.9999961907768526,0,0,1.37309205350118,0.8014792518325987,UNC13A
GO_Biological_Process_2023,Transcription-Dependent Tethering Of RNA Polymerase II Gene DNA At Nuclear Periphery (GO:0000972),1/6,0.5578283683904623,0.9999961907768526,0,0,1.37309205350118,0.8014792518325987,RAE1
GO_Biological_Process_2023,Ureter Development (GO:0072189),1/6,0.5578283683904623,0.9999961907768526,0,0,1.37309205350118,0.8014792518325987,PAX2
GO_Biological_Process_2023,Vascular Associated Smooth Muscle Contraction (GO:0014829),1/6,0.5578283683904623,0.9999961907768526,0,0,1.37309205350118,0.8014792518325987,EDN2
GO_Biological_Process_2023,Zinc Ion Import Into Organelle (GO:0062111),1/6,0.5578283683904623,0.9999961907768526,0,0,1.37309205350118,0.8014792518325987,SLC30A8
GO_Biological_Process_2023,Phosphatidylcholine Metabolic Process (GO:0046470),7/55,0.5596305790687275,0.9999961907768526,0,0,1.0011090299684542,0.5811221611061713,MUC1;SLC44A4;MBOAT7;PLAAT1;MBOAT2;PLAAT2;MFSD2A
GO_Biological_Process_2023,Positive Regulation Of Smooth Muscle Cell Proliferation (GO:0048661),6/47,0.56142275592989,0.9999961907768526,0,0,1.0046050164876894,0.5799394705212922,P2RY6;STAT1;IL18;CCN4;MMP9;NOX1
GO_Biological_Process_2023,Regulation Of Interleukin-2 Production (GO:0032663),6/47,0.56142275592989,0.9999961907768526,0,0,1.0046050164876894,0.5799394705212922,PNP;CLEC7A;CD80;TRAF2;EZR;FOXP3
GO_Biological_Process_2023,Regulation Of Signal Transduction By P53 Class Mediator (GO:1901796),6/47,0.56142275592989,0.9999961907768526,0,0,1.0046050164876894,0.5799394705212922,BOP1;CHEK1;RRS1;AURKB;SOX4;AURKA
GO_Biological_Process_2023,Fibroblast Growth Factor Receptor Signaling Pathway (GO:0008543),5/39,0.5640220575725323,0.9999961907768526,0,0,1.0095373846938305,0.5781236160994161,TRIM71;FGF5;FGFR4;SHCBP1;FGFR3
GO_Biological_Process_2023,Negative Regulation Of Protein Secretion (GO:0050709),5/39,0.5640220575725323,0.9999961907768526,0,0,1.0095373846938305,0.5781236160994161,F2R;RHBDF2;BMP8A;IL12B;DRD4
GO_Biological_Process_2023,Odontogenesis (GO:0042476),5/39,0.5640220575725323,0.9999961907768526,0,0,1.0095373846938305,0.5781236160994161,COL1A1;COL1A2;TUFT1;ROGDI;INHBA
GO_Biological_Process_2023,Leukocyte Cell-Cell Adhesion (GO:0007159),4/31,0.5679425456999895,0.9999961907768526,0,0,1.0170233250185987,0.575365708387962,OLR1;GFUS;EZR;CD177
GO_Biological_Process_2023,Modulation Of Excitatory Postsynaptic Potential (GO:0098815),4/31,0.5679425456999895,0.9999961907768526,0,0,1.0170233250185987,0.575365708387962,PRKCZ;SLC8A2;GRIN2D;SHANK1
GO_Biological_Process_2023,Negative Regulation Of Developmental Growth (GO:0048640),4/31,0.5679425456999895,0.9999961907768526,0,0,1.0170233250185987,0.575365708387962,RTN4R;TRIM46;KIAA0319;FGFR3
GO_Biological_Process_2023,Negative Regulation Of Microtubule Polymerization Or Depolymerization (GO:0031111),4/31,0.5679425456999895,0.9999961907768526,0,0,1.0170233250185987,0.575365708387962,TPX2;STMN1;CKAP2;FKBP4
GO_Biological_Process_2023,Positive Regulation Of G1/S Transition Of Mitotic Cell Cycle (GO:1900087),4/31,0.5679425456999895,0.9999961907768526,0,0,1.0170233250185987,0.575365708387962,MTBP;STIL;RRM2;CDC6
GO_Biological_Process_2023,Positive Regulation Of Rho Protein Signal Transduction (GO:0035025),4/31,0.5679425456999895,0.9999961907768526,0,0,1.0170233250185987,0.575365708387962,RTN4R;COL3A1;F2R;F2RL2
GO_Biological_Process_2023,Positive Regulation Of Mononuclear Cell Migration (GO:0071677),4/31,0.5679425456999895,0.9999961907768526,0,0,1.0170233250185987,0.575365708387962,CXCL10;SERPINE1;S100A14;S100A7
GO_Biological_Process_2023,Presynaptic Endocytosis (GO:0140238),4/31,0.5679425456999895,0.9999961907768526,0,0,1.0170233250185987,0.575365708387962,SYT5;CDK5;STX1A;PACSIN1
GO_Biological_Process_2023,Regulation Of Centrosome Duplication (GO:0010824),4/31,0.5679425456999895,0.9999961907768526,0,0,1.0170233250185987,0.575365708387962,GEN1;STIL;CCNF;CHMP4C
GO_Biological_Process_2023,Calcium Ion Transport (GO:0006816),14/112,0.5700749099311663,0.9999961907768526,0,0,0.980568265265774,0.5510671137188892,CATSPER1;SLC24A2;CAMK2A;ATP2A1;ATP2C2;MCOLN2;CACNA1H;SLC8A2;CYP27B1;CACNB3;SLN;CACNG1;TRPM5;RAMP1
GO_Biological_Process_2023,Negative Regulation Of Protein Kinase Activity (GO:0006469),11/88,0.5723730808140756,0.9999961907768526,0,0,0.9805912886481608,0.5471348937454035,PYCARD;DBNDD1;IFNG;CAMK2N2;PYDC1;TRIB3;PTK6;CEP85;SRCIN1;MACROH2A1;PPM1E
GO_Biological_Process_2023,Response To Type II Interferon (GO:0034341),10/80,0.5735687236495667,0.9999961907768526,0,0,0.980598950989792,0.5450929106336774,GBP5;CYP27B1;CCL11;CCL7;CCL20;STAT1;SLC11A1;CAMK2A;GAPDH;CCL17
GO_Biological_Process_2023,Adaptive Immune Response Based On Somatic Recombination Of Immune Receptors Built From Immunoglobulin Superfamily Domains (GO:0002460),3/23,0.5742754420427564,0.9999961907768526,0,0,1.029744094488189,0.5711435805791341,IL18;IL12B;SLA2
GO_Biological_Process_2023,Bile Acid And Bile Salt Transport (GO:0015721),3/23,0.5742754420427564,0.9999961907768526,0,0,1.029744094488189,0.5711435805791341,SLC10A4;SLC10A5;ABCC11
GO_Biological_Process_2023,Negative Regulation Of Oxidative Stress-Induced Cell Death (GO:1903202),3/23,0.5742754420427564,0.9999961907768526,0,0,1.029744094488189,0.5711435805791341,PYCR1;GATA4;GPR37L1
GO_Biological_Process_2023,Nuclear Membrane Reassembly (GO:0031468),3/23,0.5742754420427564,0.9999961907768526,0,0,1.029744094488189,0.5711435805791341,REEP4;CHMP4C;RCC1
GO_Biological_Process_2023,Positive Regulation Of Neuron Apoptotic Process (GO:0043525),3/23,0.5742754420427564,0.9999961907768526,0,0,1.029744094488189,0.5711435805791341,TFAP2A;CDK5;CDK5R1
GO_Biological_Process_2023,Regulation Of T Cell Migration (GO:2000404),3/23,0.5742754420427564,0.9999961907768526,0,0,1.029744094488189,0.5711435805791341,PYCARD;CXCL10;CCL20
GO_Biological_Process_2023,Regulation Of Cell Junction Assembly (GO:1901888),3/23,0.5742754420427564,0.9999961907768526,0,0,1.029744094488189,0.5711435805791341,CLDN3;RAB17;CRB3
GO_Biological_Process_2023,Response To BMP (GO:0071772),3/23,0.5742754420427564,0.9999961907768526,0,0,1.029744094488189,0.5711435805791341,DLX5;BMPR1B;RUNX2
GO_Biological_Process_2023,Translesion Synthesis (GO:0019985),3/23,0.5742754420427564,0.9999961907768526,0,0,1.029744094488189,0.5711435805791341,PCNA;POLE2;PCLAF
GO_Biological_Process_2023,Zinc Ion Transport (GO:0006829),3/23,0.5742754420427564,0.9999961907768526,0,0,1.029744094488189,0.5711435805791341,SLC30A8;SLC39A11;SLC39A4
GO_Biological_Process_2023,Negative Regulation Of Cell Adhesion (GO:0007162),9/72,0.5750840073251038,0.9999961907768526,0,0,0.9806066072837974,0.5425099650748283,ADAMDEC1;MUC1;ERBB3;CDH1;SERPINE1;SPINT2;B4GALNT2;RND1;PLXNA3
GO_Biological_Process_2023,Positive Regulation Of Protein Localization To Nucleus (GO:1900182),9/72,0.5750840073251038,0.9999961907768526,0,0,0.9806066072837974,0.5425099650748283,CCT3;IFNG;TERT;CDH1;PLK1;CDK1;PIK3R2;ECT2;CCT5
GO_Biological_Process_2023,Positive Regulation Of Cysteine-Type Endopeptidase Activity (GO:2001056),8/64,0.5770230676778628,0.9999961907768526,0,0,0.9806142575373344,0.5392133375922098,PYCARD;AIM2;RIPK2;CLEC7A;F2R;PMAIP1;BAK1;TTBK1
GO_Biological_Process_2023,Positive Regulation Of Type I Interferon Production (GO:0032481),8/64,0.5770230676778628,0.9999961907768526,0,0,0.9806142575373344,0.5392133375922098,GARIN5A;RIPK2;OAS2;STAT1;OAS3;IRF7;ISG15;GAPDH
GO_Biological_Process_2023,Regulation Of Reactive Oxygen Species Metabolic Process (GO:2000377),7/56,0.5795417486573377,0.9999961907768526,0,0,0.9806219017575484,0.5349464830624223,TFAP2A;SORD;ACOD1;NOXO1;BRCA1;FOXM1;PAX2
GO_Biological_Process_2023,Regulation Of Intrinsic Apoptotic Signaling Pathway (GO:2001242),6/48,0.5828853613731936,0.9999961907768526,0,0,0.980629539951574,0.529309256209806,PYCARD;SRC;RTKN2;PLAUR;PMAIP1;MMP9
GO_Biological_Process_2023,Regulation Of Neuron Apoptotic Process (GO:0043523),13/105,0.5851709717263353,0.9999961907768526,0,0,0.9698616600790514,0.5197015490210818,TFAP2A;EGLN3;UNC5B;F2R;KIF14;VSTM2L;POU4F1;GRM4;CDK5;GDNF;SIX4;ERBB3;CDK5R1
GO_Biological_Process_2023,3'-UTR-mediated mRNA Destabilization (GO:0061158),2/15,0.5858832207661344,0.9999961907768526,0,0,1.0561559652468744,0.5646577239897449,TRIM71;PLEKHN1
GO_Biological_Process_2023,L-glutamate Import (GO:0051938),2/15,0.5858832207661344,0.9999961907768526,0,0,1.0561559652468744,0.5646577239897449,SLC7A11;SLC25A22
GO_Biological_Process_2023,N-acetylglucosamine Metabolic Process (GO:0006044),2/15,0.5858832207661344,0.9999961907768526,0,0,1.0561559652468744,0.5646577239897449,CHST6;CHST1
GO_Biological_Process_2023,T Cell Homeostasis (GO:0043029),2/15,0.5858832207661344,0.9999961907768526,0,0,1.0561559652468744,0.5646577239897449,PMAIP1;FOXP3
GO_Biological_Process_2023,Activation Of NF-kappaB-inducing Kinase Activity (GO:0007250),2/15,0.5858832207661344,0.9999961907768526,0,0,1.0561559652468744,0.5646577239897449,TRAF2;CARD14
GO_Biological_Process_2023,Defense Response To Protozoan (GO:0042832),2/15,0.5858832207661344,0.9999961907768526,0,0,1.0561559652468744,0.5646577239897449,CLEC7A;SLC11A1
GO_Biological_Process_2023,Dolichol-Linked Oligosaccharide Biosynthetic Process (GO:0006488),2/15,0.5858832207661344,0.9999961907768526,0,0,1.0561559652468744,0.5646577239897449,SRD5A3;ALG3
GO_Biological_Process_2023,Epiboly Involved In Wound Healing (GO:0090505),2/15,0.5858832207661344,0.9999961907768526,0,0,1.0561559652468744,0.5646577239897449,DDR1;CCNA2
GO_Biological_Process_2023,Keratan Sulfate Biosynthetic Process (GO:0018146),2/15,0.5858832207661344,0.9999961907768526,0,0,1.0561559652468744,0.5646577239897449,CHST6;CHST1
GO_Biological_Process_2023,Melanosome Transport (GO:0032402),2/15,0.5858832207661344,0.9999961907768526,0,0,1.0561559652468744,0.5646577239897449,GPR143;RAB17
GO_Biological_Process_2023,Midbody Abscission (GO:0061952),2/15,0.5858832207661344,0.9999961907768526,0,0,1.0561559652468744,0.5646577239897449,CHMP4C;KIF20A
GO_Biological_Process_2023,Negative Regulation Of Cation Transmembrane Transport (GO:1904063),2/15,0.5858832207661344,0.9999961907768526,0,0,1.0561559652468744,0.5646577239897449,EPO;MMP9
GO_Biological_Process_2023,Negative Regulation Of Cell-Substrate Junction Organization (GO:0150118),2/15,0.5858832207661344,0.9999961907768526,0,0,1.0561559652468744,0.5646577239897449,SRC;RCC2
GO_Biological_Process_2023,Negative Regulation Of Focal Adhesion Assembly (GO:0051895),2/15,0.5858832207661344,0.9999961907768526,0,0,1.0561559652468744,0.5646577239897449,SRC;RCC2
GO_Biological_Process_2023,Negative Regulation Of Immune Effector Process (GO:0002698),2/15,0.5858832207661344,0.9999961907768526,0,0,1.0561559652468744,0.5646577239897449,IFNL1;SLAMF8
GO_Biological_Process_2023,Nucleotide-Sugar Biosynthetic Process (GO:0009226),2/15,0.5858832207661344,0.9999961907768526,0,0,1.0561559652468744,0.5646577239897449,PMM2;GNPNAT1
GO_Biological_Process_2023,Phagosome Maturation (GO:0090382),2/15,0.5858832207661344,0.9999961907768526,0,0,1.0561559652468744,0.5646577239897449,RAB31;SLAMF8
GO_Biological_Process_2023,Pigment Granule Transport (GO:0051904),2/15,0.5858832207661344,0.9999961907768526,0,0,1.0561559652468744,0.5646577239897449,GPR143;RAB17
GO_Biological_Process_2023,Polyol Biosynthetic Process (GO:0046173),2/15,0.5858832207661344,0.9999961907768526,0,0,1.0561559652468744,0.5646577239897449,CYP27B1;ITPKA
GO_Biological_Process_2023,Positive Regulation Of Immunoglobulin Mediated Immune Response (GO:0002891),2/15,0.5858832207661344,0.9999961907768526,0,0,1.0561559652468744,0.5646577239897449,TNFSF4;NECTIN2
GO_Biological_Process_2023,Positive Regulation Of Transmembrane Transport (GO:0034764),2/15,0.5858832207661344,0.9999961907768526,0,0,1.0561559652468744,0.5646577239897449,SLC38A1;ARL6IP1
GO_Biological_Process_2023,"Protein Localization To Chromosome, Telomeric Region (GO:0070198)",2/15,0.5858832207661344,0.9999961907768526,0,0,1.0561559652468744,0.5646577239897449,TERT;BRCA2
GO_Biological_Process_2023,Protein Localization To Microtubule Organizing Center (GO:1905508),2/15,0.5858832207661344,0.9999961907768526,0,0,1.0561559652468744,0.5646577239897449,STIL;SPAG5
GO_Biological_Process_2023,Regulation Of Clathrin-Dependent Endocytosis (GO:2000369),2/15,0.5858832207661344,0.9999961907768526,0,0,1.0561559652468744,0.5646577239897449,USH1G;PROM2
GO_Biological_Process_2023,Regulation Of Hormone Secretion (GO:0046883),2/15,0.5858832207661344,0.9999961907768526,0,0,1.0561559652468744,0.5646577239897449,IL11;SOX11
GO_Biological_Process_2023,Regulation Of Monocyte Differentiation (GO:0045655),2/15,0.5858832207661344,0.9999961907768526,0,0,1.0561559652468744,0.5646577239897449,DCSTAMP;IRF7
GO_Biological_Process_2023,Regulation Of Systemic Arterial Blood Pressure (GO:0003073),2/15,0.5858832207661344,0.9999961907768526,0,0,1.0561559652468744,0.5646577239897449,ADM2;GPR37L1
GO_Biological_Process_2023,Regulation Of Systemic Arterial Blood Pressure By Hormone (GO:0001990),2/15,0.5858832207661344,0.9999961907768526,0,0,1.0561559652468744,0.5646577239897449,EDN2;CORIN
GO_Biological_Process_2023,Negative Regulation Of Secretion By Cell (GO:1903531),5/40,0.5874663131939831,0.9999961907768526,0,0,0.9806371721265338,0.521636581405531,VAMP8;IL11;RHBDF2;IL12B;DRD4
GO_Biological_Process_2023,Nucleic Acid-Templated Transcription (GO:0097659),5/40,0.5874663131939831,0.9999961907768526,0,0,0.9806371721265338,0.521636581405531,SPOCD1;GARS1;TERT;E2F1;SCX
GO_Biological_Process_2023,Regulation Of Microtubule Polymerization (GO:0031113),5/40,0.5874663131939831,0.9999961907768526,0,0,0.9806371721265338,0.521636581405531,CAMSAP3;OCLN;PSRC1;STMN1;CDK5R1
GO_Biological_Process_2023,Regulation Of Vesicle-Mediated Transport (GO:0060627),11/89,0.5880851713240555,0.9999961907768526,0,0,0.967963908129785,0.5138760600482221,RAB3A;SLC30A8;RAB25;SRC;RAB26;RAB3D;RAB17;CPLX2;CD177;PACSIN1;STXBP5L
GO_Biological_Process_2023,Sensory Perception Of Mechanical Stimulus (GO:0050954),11/89,0.5880851713240555,0.9999961907768526,0,0,0.967963908129785,0.5138760600482221,TFAP2A;COL1A1;CEMIP;MARVELD2;USH1G;COL11A1;SLC52A3;LHFPL5;BIRC5;OTOR;TPRN
GO_Biological_Process_2023,Activation Of Protein Kinase Activity (GO:0032147),10/81,0.590013467956699,0.9999961907768526,0,0,0.966732094104302,0.510057438285893,TPX2;CHRNA3;SLC11A1;KIF14;IL18;TRAF2;CLSPN;ECT2;PRLR;CARD14
GO_Biological_Process_2023,Neuron Projection Morphogenesis (GO:0048812),18/146,0.5933943527706523,0.9999961907768526,0,0,0.965105198019802,0.5036846272620367,BRSK1;CNTNAP2;BRSK2;RAB3A;APLP1;MAPK8IP2;POU4F1;PAX2;SHTN1;ISL2;PARD6B;CDK5;TRIM46;KIF20B;MNX1;PACSIN1;PLXNA3;SHANK1
GO_Biological_Process_2023,Intracellular pH Reduction (GO:0051452),4/32,0.5940428666979736,0.9999961907768526,0,0,0.9806447982895404,0.5107235335407255,ATP6V0B;SLC11A1;SLAMF8;ATP6V0D2
GO_Biological_Process_2023,Neural Tube Closure (GO:0001843),4/32,0.5940428666979736,0.9999961907768526,0,0,0.9806447982895404,0.5107235335407255,STIL;CELSR1;GRHL2;PAX2
GO_Biological_Process_2023,Phosphatidylinositol 3-Kinase Signaling (GO:0014065),4/32,0.5940428666979736,0.9999961907768526,0,0,0.9806447982895404,0.5107235335407255,FCGR3A;ERBB3;PIK3R2;GATA3
GO_Biological_Process_2023,Regulation Of Calcium Ion Transmembrane Transporter Activity (GO:1901019),4/32,0.5940428666979736,0.9999961907768526,0,0,0.9806447982895404,0.5107235335407255,CACNB3;JPH3;SLN;JPH1
GO_Biological_Process_2023,Respiratory System Development (GO:0060541),4/32,0.5940428666979736,0.9999961907768526,0,0,0.9806447982895404,0.5107235335407255,BASP1;WT1;WNT7B;STRA6
GO_Biological_Process_2023,Transition Metal Ion Transport (GO:0000041),4/32,0.5940428666979736,0.9999961907768526,0,0,0.9806447982895404,0.5107235335407255,SLC30A8;TFR2;SLC11A1;ATP2C2
GO_Biological_Process_2023,Positive Regulation Of Cell Cycle (GO:0045787),8/65,0.5953045500063858,0.9999961907768526,0,0,0.9633551333956192,0.499675117232808,FOXA1;CCNB1;PSRC1;CHEK1;ASNS;PTK6;MAGEA4;AURKA
GO_Biological_Process_2023,Signal Transduction In Response To DNA Damage (GO:0042770),7/57,0.5990066132288622,0.9999961907768526,0,0,0.9609542586750788,0.4924723758651343,H2AX;CHEK1;E2F1;INTS7;CLSPN;E2F7;RHNO1
GO_Biological_Process_2023,Negative Regulation Of T Cell Activation (GO:0050868),6/49,0.6037972012621547,0.9999961907768526,0,0,0.9577692018589984,0.4832107456940624,IL4I1;IFNL1;CD80;ILDR2;TIGIT;FOXP3
GO_Biological_Process_2023,Positive Regulation Of miRNA Metabolic Process (GO:2000630),6/49,0.6037972012621547,0.9999961907768526,0,0,0.9577692018589984,0.4832107456940624,FOXA1;MYCN;TERT;WT1;MYB;GATA3
GO_Biological_Process_2023,Acylglycerol Homeostasis (GO:0055090),3/24,0.6042020536577062,0.9999961907768526,0,0,0.980652418447694,0.4940983976678499,APOC2;APOC4;IL18
GO_Biological_Process_2023,Positive Regulation Of Natural Killer Cell Mediated Immunity (GO:0002717),3/24,0.6042020536577062,0.9999961907768526,0,0,0.980652418447694,0.4940983976678499,RASGRP1;KIR2DL4;NECTIN2
GO_Biological_Process_2023,Positive Regulation Of Peptidyl-Threonine Phosphorylation (GO:0010800),3/24,0.6042020536577062,0.9999961907768526,0,0,0.980652418447694,0.4940983976678499,CEMIP;RIPK2;PLK1
GO_Biological_Process_2023,Regulation Of Cytokine Production Involved In Immune Response (GO:0002718),3/24,0.6042020536577062,0.9999961907768526,0,0,0.980652418447694,0.4940983976678499,SLC7A5;NOD2;INAVA
GO_Biological_Process_2023,Regulation Of Neuroblast Proliferation (GO:1902692),3/24,0.6042020536577062,0.9999961907768526,0,0,0.980652418447694,0.4940983976678499,VCAN;SIX3;HAPLN1
GO_Biological_Process_2023,Positive Regulation Of Actin Filament Polymerization (GO:0030838),5/41,0.6102032202786531,0.9999961907768526,0,0,0.9533425269240872,0.4709161532269764,PYCARD;CCL11;BAIAP2L1;CRACD;EVL
GO_Biological_Process_2023,Peptidyl-Threonine Modification (GO:0018210),8/66,0.6131871127885604,0.9999961907768526,0,0,0.9466911514656872,0.4630125824284052,MYLK2;GALNT6;SBK1;CDK5;CHEK1;CDK1;TTBK1;CDK5R1
GO_Biological_Process_2023,Monoatomic Ion Transport (GO:0006811),13/107,0.6135233107770957,0.9999961907768526,0,0,0.9491169792279875,0.4636787798816846,SLC24A2;SLC12A3;CHRNB4;CHRNA3;SLC12A5;SLC20A1;SLC34A1;SLC12A1;SLC8A2;SLC5A5;PANX2;CALHM1;SLC25A22
GO_Biological_Process_2023,DNA Ligation (GO:0006266),1/7,0.6140672193127694,0.9999961907768526,0,0,1.1441778127458695,0.5579593162541472,TOP2A
GO_Biological_Process_2023,L-alanine Transport (GO:0015808),1/7,0.6140672193127694,0.9999961907768526,0,0,1.1441778127458695,0.5579593162541472,SLC38A5
GO_Biological_Process_2023,SREBP Signaling Pathway (GO:0032933),1/7,0.6140672193127694,0.9999961907768526,0,0,1.1441778127458695,0.5579593162541472,SH2D2A
GO_Biological_Process_2023,U4 snRNA 3'-End Processing (GO:0034475),1/7,0.6140672193127694,0.9999961907768526,0,0,1.1441778127458695,0.5579593162541472,EXOSC4
GO_Biological_Process_2023,UV Protection (GO:0009650),1/7,0.6140672193127694,0.9999961907768526,0,0,1.1441778127458695,0.5579593162541472,FEN1
GO_Biological_Process_2023,Alditol Metabolic Process (GO:0019400),1/7,0.6140672193127694,0.9999961907768526,0,0,1.1441778127458695,0.5579593162541472,GK3
GO_Biological_Process_2023,Amine Transport (GO:0015837),1/7,0.6140672193127694,0.9999961907768526,0,0,1.1441778127458695,0.5579593162541472,AQP9
GO_Biological_Process_2023,Benzene-Containing Compound Metabolic Process (GO:0042537),1/7,0.6140672193127694,0.9999961907768526,0,0,1.1441778127458695,0.5579593162541472,KMO
GO_Biological_Process_2023,"Blood Coagulation, Intrinsic Pathway (GO:0007597)",1/7,0.6140672193127694,0.9999961907768526,0,0,1.1441778127458695,0.5579593162541472,F12
GO_Biological_Process_2023,Catecholamine Catabolic Process (GO:0042424),1/7,0.6140672193127694,0.9999961907768526,0,0,1.1441778127458695,0.5579593162541472,MOXD1
GO_Biological_Process_2023,Cellular Response To Angiotensin (GO:1904385),1/7,0.6140672193127694,0.9999961907768526,0,0,1.1441778127458695,0.5579593162541472,CAMK2A
GO_Biological_Process_2023,Cellular Response To Interferon-Alpha (GO:0035457),1/7,0.6140672193127694,0.9999961907768526,0,0,1.1441778127458695,0.5579593162541472,GATA3
GO_Biological_Process_2023,Dopamine Catabolic Process (GO:0042420),1/7,0.6140672193127694,0.9999961907768526,0,0,1.1441778127458695,0.5579593162541472,MOXD1
GO_Biological_Process_2023,"Endonucleolytic Cleavage In ITS1 To Separate SSU-rRNA From 5.8S rRNA And LSU-rRNA From Tricistronic rRNA Transcript (SSU-rRNA, 5.8S rRNA, LSU-rRNA) (GO:0000447)",1/7,0.6140672193127694,0.9999961907768526,0,0,1.1441778127458695,0.5579593162541472,RRS1
GO_Biological_Process_2023,Establishment Of Golgi Localization (GO:0051683),1/7,0.6140672193127694,0.9999961907768526,0,0,1.1441778127458695,0.5579593162541472,YWHAZ
GO_Biological_Process_2023,Fructose Metabolic Process (GO:0006000),1/7,0.6140672193127694,0.9999961907768526,0,0,1.1441778127458695,0.5579593162541472,SORD
GO_Biological_Process_2023,Galactosylceramide Metabolic Process (GO:0006681),1/7,0.6140672193127694,0.9999961907768526,0,0,1.1441778127458695,0.5579593162541472,B4GALT3
GO_Biological_Process_2023,Glucocorticoid Metabolic Process (GO:0008211),1/7,0.6140672193127694,0.9999961907768526,0,0,1.1441778127458695,0.5579593162541472,HSD11B2
GO_Biological_Process_2023,Glutathione Catabolic Process (GO:0006751),1/7,0.6140672193127694,0.9999961907768526,0,0,1.1441778127458695,0.5579593162541472,DPEP1
GO_Biological_Process_2023,Hyperosmotic Response (GO:0006972),1/7,0.6140672193127694,0.9999961907768526,0,0,1.1441778127458695,0.5579593162541472,EPO
GO_Biological_Process_2023,Intermediate Filament Bundle Assembly (GO:0045110),1/7,0.6140672193127694,0.9999961907768526,0,0,1.1441778127458695,0.5579593162541472,EPPK1
GO_Biological_Process_2023,Lens Fiber Cell Development (GO:0070307),1/7,0.6140672193127694,0.9999961907768526,0,0,1.1441778127458695,0.5579593162541472,WNT7B
GO_Biological_Process_2023,Methionine Metabolic Process (GO:0006555),1/7,0.6140672193127694,0.9999961907768526,0,0,1.1441778127458695,0.5579593162541472,SMS
GO_Biological_Process_2023,Mitral Valve Development (GO:0003174),1/7,0.6140672193127694,0.9999961907768526,0,0,1.1441778127458695,0.5579593162541472,SOX4
GO_Biological_Process_2023,Negative Regulation Of RNA Catabolic Process (GO:1902369),1/7,0.6140672193127694,0.9999961907768526,0,0,1.1441778127458695,0.5579593162541472,PKP3
GO_Biological_Process_2023,Negative Regulation Of SMAD Protein Signal Transduction (GO:0060392),1/7,0.6140672193127694,0.9999961907768526,0,0,1.1441778127458695,0.5579593162541472,SLC2A10
GO_Biological_Process_2023,Negative Regulation Of T Cell Apoptotic Process (GO:0070233),1/7,0.6140672193127694,0.9999961907768526,0,0,1.1441778127458695,0.5579593162541472,PTCRA
GO_Biological_Process_2023,Negative Regulation Of Amyloid-Beta Clearance (GO:1900222),1/7,0.6140672193127694,0.9999961907768526,0,0,1.1441778127458695,0.5579593162541472,IFNG
GO_Biological_Process_2023,Negative Regulation Of cAMP-dependent Protein Kinase Activity (GO:2000480),1/7,0.6140672193127694,0.9999961907768526,0,0,1.1441778127458695,0.5579593162541472,PKIB
GO_Biological_Process_2023,Negative Regulation Of Cell Cycle G2/M Phase Transition (GO:1902750),1/7,0.6140672193127694,0.9999961907768526,0,0,1.1441778127458695,0.5579593162541472,MACROH2A1
GO_Biological_Process_2023,"Negative Regulation Of Complement Activation, Classical Pathway (GO:0045959)",1/7,0.6140672193127694,0.9999961907768526,0,0,1.1441778127458695,0.5579593162541472,SUSD4
GO_Biological_Process_2023,Negative Regulation Of Fatty Acid Oxidation (GO:0046322),1/7,0.6140672193127694,0.9999961907768526,0,0,1.1441778127458695,0.5579593162541472,MFSD2A
GO_Biological_Process_2023,Negative Regulation Of Intracellular Transport (GO:0032387),1/7,0.6140672193127694,0.9999961907768526,0,0,1.1441778127458695,0.5579593162541472,ARHGAP8
GO_Biological_Process_2023,Negative Regulation Of Leukocyte Proliferation (GO:0070664),1/7,0.6140672193127694,0.9999961907768526,0,0,1.1441778127458695,0.5579593162541472,GREM1
GO_Biological_Process_2023,Negative Regulation Of Macrophage Migration (GO:1905522),1/7,0.6140672193127694,0.9999961907768526,0,0,1.1441778127458695,0.5579593162541472,SLAMF8
GO_Biological_Process_2023,Negative Regulation Of Mitochondrial Membrane Potential (GO:0010917),1/7,0.6140672193127694,0.9999961907768526,0,0,1.1441778127458695,0.5579593162541472,PMAIP1
GO_Biological_Process_2023,Negative Regulation Of Monooxygenase Activity (GO:0032769),1/7,0.6140672193127694,0.9999961907768526,0,0,1.1441778127458695,0.5579593162541472,CYP27B1
GO_Biological_Process_2023,Negative Regulation Of Osteoblast Proliferation (GO:0033689),1/7,0.6140672193127694,0.9999961907768526,0,0,1.1441778127458695,0.5579593162541472,GREM1
GO_Biological_Process_2023,Negative Regulation Of Protein K63-linked Ubiquitination (GO:1900045),1/7,0.6140672193127694,0.9999961907768526,0,0,1.1441778127458695,0.5579593162541472,OTUB2
GO_Biological_Process_2023,Negative Regulation Of Striated Muscle Cell Apoptotic Process (GO:0010664),1/7,0.6140672193127694,0.9999961907768526,0,0,1.1441778127458695,0.5579593162541472,GATA4
GO_Biological_Process_2023,Neurotransmitter Receptor Diffusion Trapping (GO:0099628),1/7,0.6140672193127694,0.9999961907768526,0,0,1.1441778127458695,0.5579593162541472,CACNG4
GO_Biological_Process_2023,Nonribosomal Peptide Biosynthetic Process (GO:0019184),1/7,0.6140672193127694,0.9999961907768526,0,0,1.1441778127458695,0.5579593162541472,CHAC1
GO_Biological_Process_2023,Nucleolar Chromatin Organization (GO:1990700),1/7,0.6140672193127694,0.9999961907768526,0,0,1.1441778127458695,0.5579593162541472,BEND3
GO_Biological_Process_2023,Osteoblast Development (GO:0002076),1/7,0.6140672193127694,0.9999961907768526,0,0,1.1441778127458695,0.5579593162541472,CLEC5A
GO_Biological_Process_2023,Peptidyl-Lysine Hydroxylation (GO:0017185),1/7,0.6140672193127694,0.9999961907768526,0,0,1.1441778127458695,0.5579593162541472,P3H4
GO_Biological_Process_2023,Phosphatidylserine Acyl-Chain Remodeling (GO:0036150),1/7,0.6140672193127694,0.9999961907768526,0,0,1.1441778127458695,0.5579593162541472,MBOAT2
GO_Biological_Process_2023,Plasma Membrane Phospholipid Scrambling (GO:0017121),1/7,0.6140672193127694,0.9999961907768526,0,0,1.1441778127458695,0.5579593162541472,ANO7
GO_Biological_Process_2023,"Positive Regulation Of CD4-positive, Alpha-Beta T Cell Differentiation (GO:0043372)",1/7,0.6140672193127694,0.9999961907768526,0,0,1.1441778127458695,0.5579593162541472,TNFSF4
GO_Biological_Process_2023,Positive Regulation Of DNA Demethylation (GO:1901537),1/7,0.6140672193127694,0.9999961907768526,0,0,1.1441778127458695,0.5579593162541472,HNRNPAB
GO_Biological_Process_2023,Positive Regulation Of T-helper 2 Cell Cytokine Production (GO:2000553),1/7,0.6140672193127694,0.9999961907768526,0,0,1.1441778127458695,0.5579593162541472,PRKCZ
GO_Biological_Process_2023,Positive Regulation Of Aspartic-Type Peptidase Activity (GO:1905247),1/7,0.6140672193127694,0.9999961907768526,0,0,1.1441778127458695,0.5579593162541472,EFNA3
GO_Biological_Process_2023,Positive Regulation Of Astrocyte Differentiation (GO:0048711),1/7,0.6140672193127694,0.9999961907768526,0,0,1.1441778127458695,0.5579593162541472,TTBK1
GO_Biological_Process_2023,Positive Regulation Of Endocytic Recycling (GO:2001137),1/7,0.6140672193127694,0.9999961907768526,0,0,1.1441778127458695,0.5579593162541472,AKAP5
GO_Biological_Process_2023,Positive Regulation Of Meiotic Nuclear Division (GO:0045836),1/7,0.6140672193127694,0.9999961907768526,0,0,1.1441778127458695,0.5579593162541472,RAD51AP1
GO_Biological_Process_2023,Positive Regulation Of Melanin Biosynthetic Process (GO:0048023),1/7,0.6140672193127694,0.9999961907768526,0,0,1.1441778127458695,0.5579593162541472,TYRP1
GO_Biological_Process_2023,Positive Regulation Of Myeloid Cell Apoptotic Process (GO:0033034),1/7,0.6140672193127694,0.9999961907768526,0,0,1.1441778127458695,0.5579593162541472,CDKN2A
GO_Biological_Process_2023,Positive Regulation Of Secondary Metabolite Biosynthetic Process (GO:1900378),1/7,0.6140672193127694,0.9999961907768526,0,0,1.1441778127458695,0.5579593162541472,TYRP1
GO_Biological_Process_2023,Positive Regulation Of Triglyceride Lipase Activity (GO:0061365),1/7,0.6140672193127694,0.9999961907768526,0,0,1.1441778127458695,0.5579593162541472,APOC2
GO_Biological_Process_2023,"Post-Translational Protein Targeting To Membrane, Translocation (GO:0031204)",1/7,0.6140672193127694,0.9999961907768526,0,0,1.1441778127458695,0.5579593162541472,SEC61A2
GO_Biological_Process_2023,Postsynapse Organization (GO:0099173),1/7,0.6140672193127694,0.9999961907768526,0,0,1.1441778127458695,0.5579593162541472,ARHGAP39
GO_Biological_Process_2023,Postsynaptic Neurotransmitter Receptor Diffusion Trapping (GO:0098970),1/7,0.6140672193127694,0.9999961907768526,0,0,1.1441778127458695,0.5579593162541472,CACNG4
GO_Biological_Process_2023,Protein Localization To Ciliary Transition Zone (GO:1904491),1/7,0.6140672193127694,0.9999961907768526,0,0,1.1441778127458695,0.5579593162541472,MAPK15
GO_Biological_Process_2023,Protein Localization To Nucleolus (GO:1902570),1/7,0.6140672193127694,0.9999961907768526,0,0,1.1441778127458695,0.5579593162541472,RRS1
GO_Biological_Process_2023,Protein Retention In ER Lumen (GO:0006621),1/7,0.6140672193127694,0.9999961907768526,0,0,1.1441778127458695,0.5579593162541472,KDELR3
GO_Biological_Process_2023,Proximal/Distal Pattern Formation (GO:0009954),1/7,0.6140672193127694,0.9999961907768526,0,0,1.1441778127458695,0.5579593162541472,SIX3
GO_Biological_Process_2023,Regulation Of ATPase-coupled Calcium Transmembrane Transporter Activity (GO:1901894),1/7,0.6140672193127694,0.9999961907768526,0,0,1.1441778127458695,0.5579593162541472,SLN
GO_Biological_Process_2023,Regulation Of DNA-templated Transcription In Response To Stress (GO:0043620),1/7,0.6140672193127694,0.9999961907768526,0,0,1.1441778127458695,0.5579593162541472,MUC1
GO_Biological_Process_2023,Regulation Of Activation Of Janus Kinase Activity (GO:0010533),1/7,0.6140672193127694,0.9999961907768526,0,0,1.1441778127458695,0.5579593162541472,IL12B
GO_Biological_Process_2023,Regulation Of Alpha-Beta T Cell Differentiation (GO:0046637),1/7,0.6140672193127694,0.9999961907768526,0,0,1.1441778127458695,0.5579593162541472,PNP
GO_Biological_Process_2023,Regulation Of Alpha-Beta T Cell Proliferation (GO:0046640),1/7,0.6140672193127694,0.9999961907768526,0,0,1.1441778127458695,0.5579593162541472,TNFSF4
GO_Biological_Process_2023,Regulation Of Chaperone-Mediated Autophagy (GO:1904714),1/7,0.6140672193127694,0.9999961907768526,0,0,1.1441778127458695,0.5579593162541472,EEF1A2
GO_Biological_Process_2023,Regulation Of Chemokine (C-C Motif) Ligand 5 Production (GO:0071649),1/7,0.6140672193127694,0.9999961907768526,0,0,1.1441778127458695,0.5579593162541472,OAS3
GO_Biological_Process_2023,Regulation Of Dendritic Cell Chemotaxis (GO:2000508),1/7,0.6140672193127694,0.9999961907768526,0,0,1.1441778127458695,0.5579593162541472,SLAMF8
GO_Biological_Process_2023,Regulation Of Dopamine Receptor Signaling Pathway (GO:0060159),1/7,0.6140672193127694,0.9999961907768526,0,0,1.1441778127458695,0.5579593162541472,RGS8
GO_Biological_Process_2023,Regulation Of Leukocyte Degranulation (GO:0043300),1/7,0.6140672193127694,0.9999961907768526,0,0,1.1441778127458695,0.5579593162541472,STXBP2
GO_Biological_Process_2023,Regulation Of Mammary Gland Epithelial Cell Proliferation (GO:0033599),1/7,0.6140672193127694,0.9999961907768526,0,0,1.1441778127458695,0.5579593162541472,GATA3
GO_Biological_Process_2023,Regulation Of Microvillus Organization (GO:0032530),1/7,0.6140672193127694,0.9999961907768526,0,0,1.1441778127458695,0.5579593162541472,CDHR2
GO_Biological_Process_2023,Regulation Of Myeloid Leukocyte Differentiation (GO:0002761),1/7,0.6140672193127694,0.9999961907768526,0,0,1.1441778127458695,0.5579593162541472,IRF7
GO_Biological_Process_2023,Regulation Of Positive Chemotaxis (GO:0050926),1/7,0.6140672193127694,0.9999961907768526,0,0,1.1441778127458695,0.5579593162541472,F7
GO_Biological_Process_2023,Regulation Of Protein Glycosylation (GO:0060049),1/7,0.6140672193127694,0.9999961907768526,0,0,1.1441778127458695,0.5579593162541472,RAMP1
GO_Biological_Process_2023,Regulation Of Response To Wounding (GO:1903034),1/7,0.6140672193127694,0.9999961907768526,0,0,1.1441778127458695,0.5579593162541472,TNFRSF12A
GO_Biological_Process_2023,Regulation Of Triglyceride Metabolic Process (GO:0090207),1/7,0.6140672193127694,0.9999961907768526,0,0,1.1441778127458695,0.5579593162541472,MBOAT7
GO_Biological_Process_2023,Regulation Of Vascular Wound Healing (GO:0061043),1/7,0.6140672193127694,0.9999961907768526,0,0,1.1441778127458695,0.5579593162541472,SERPINE1
GO_Biological_Process_2023,Response To UV-C (GO:0010225),1/7,0.6140672193127694,0.9999961907768526,0,0,1.1441778127458695,0.5579593162541472,ST20
GO_Biological_Process_2023,siRNA Processing (GO:0030422),1/7,0.6140672193127694,0.9999961907768526,0,0,1.1441778127458695,0.5579593162541472,TERT
GO_Biological_Process_2023,Sialylation (GO:0097503),1/7,0.6140672193127694,0.9999961907768526,0,0,1.1441778127458695,0.5579593162541472,ST6GAL2
GO_Biological_Process_2023,Somatic Hypermutation Of Immunoglobulin Genes (GO:0016446),1/7,0.6140672193127694,0.9999961907768526,0,0,1.1441778127458695,0.5579593162541472,POLQ
GO_Biological_Process_2023,Telomeric D-loop Disassembly (GO:0061820),1/7,0.6140672193127694,0.9999961907768526,0,0,1.1441778127458695,0.5579593162541472,RECQL4
GO_Biological_Process_2023,Termination Of RNA Polymerase II Transcription (GO:0006369),1/7,0.6140672193127694,0.9999961907768526,0,0,1.1441778127458695,0.5579593162541472,MAZ
GO_Biological_Process_2023,Thyroid Gland Development (GO:0030878),1/7,0.6140672193127694,0.9999961907768526,0,0,1.1441778127458695,0.5579593162541472,TG
GO_Biological_Process_2023,Thyroid Hormone Transport (GO:0070327),1/7,0.6140672193127694,0.9999961907768526,0,0,1.1441778127458695,0.5579593162541472,SLC7A5
GO_Biological_Process_2023,Tooth Mineralization (GO:0034505),1/7,0.6140672193127694,0.9999961907768526,0,0,1.1441778127458695,0.5579593162541472,COL1A1
GO_Biological_Process_2023,Very-Low-Density Lipoprotein Particle Remodeling (GO:0034372),1/7,0.6140672193127694,0.9999961907768526,0,0,1.1441778127458695,0.5579593162541472,APOC2
GO_Biological_Process_2023,Lung Development (GO:0030324),4/33,0.6191811549161097,0.9999961907768526,0,0,0.9467751354728308,0.4538436595014802,WNT7B;FOXJ1;SOX11;STRA6
GO_Biological_Process_2023,Negative Regulation Of Epithelial Cell Migration (GO:0010633),4/33,0.6191811549161097,0.9999961907768526,0,0,0.9467751354728308,0.4538436595014802,DNAJA4;MARVELD3;EPPK1;EVL
GO_Biological_Process_2023,Positive Regulation Of T Cell Mediated Cytotoxicity (GO:0001916),4/33,0.6191811549161097,0.9999961907768526,0,0,0.9467751354728308,0.4538436595014802,IL12B;CYRIB;ULBP1;NECTIN2
GO_Biological_Process_2023,Positive Regulation Of Epidermal Growth Factor Receptor Signaling Pathway (GO:0045742),4/33,0.6191811549161097,0.9999961907768526,0,0,0.9467751354728308,0.4538436595014802,AGR2;PLAUR;PTK6;MMP9
GO_Biological_Process_2023,Positive Regulation Of Reproductive Process (GO:2000243),4/33,0.6191811549161097,0.9999961907768526,0,0,0.9467751354728308,0.4538436595014802,RNASE10;CCDC87;INHBA;CACNA1H
GO_Biological_Process_2023,Protein K63-linked Deubiquitination (GO:0070536),4/33,0.6191811549161097,0.9999961907768526,0,0,0.9467751354728308,0.4538436595014802,OTUB2;BARD1;DEPDC1B;BRCA1
GO_Biological_Process_2023,Regulation Of G0 To G1 Transition (GO:0070316),4/33,0.6191811549161097,0.9999961907768526,0,0,0.9467751354728308,0.4538436595014802,CHEK1;DPF1;ACTL6A;RHNO1
GO_Biological_Process_2023,DNA-templated Transcription Termination (GO:0006353),2/16,0.622028297026677,0.9999961907768526,0,0,0.9806600326080844,0.4655876632715747,MAZ;POLR3K
GO_Biological_Process_2023,Activation Of Cysteine-Type Endopeptidase Activity (GO:0097202),2/16,0.622028297026677,0.9999961907768526,0,0,0.9806600326080844,0.4655876632715747,RIPK2;BAK1
GO_Biological_Process_2023,Apoptotic Nuclear Changes (GO:0030262),2/16,0.622028297026677,0.9999961907768526,0,0,0.9806600326080844,0.4655876632715747,TOP2A;CECR2
GO_Biological_Process_2023,Cellular Response To Nitrogen Compound (GO:1901699),2/16,0.622028297026677,0.9999961907768526,0,0,0.9806600326080844,0.4655876632715747,BLM;TIMELESS
GO_Biological_Process_2023,Dicarboxylic Acid Catabolic Process (GO:0043649),2/16,0.622028297026677,0.9999961907768526,0,0,0.9806600326080844,0.4655876632715747,GAD1;QPRT
GO_Biological_Process_2023,Male Meiosis I (GO:0007141),2/16,0.622028297026677,0.9999961907768526,0,0,0.9806600326080844,0.4655876632715747,HSF2BP;MYBL1
GO_Biological_Process_2023,"Mitochondrial Electron Transport, Cytochrome C To Oxygen (GO:0006123)",2/16,0.622028297026677,0.9999961907768526,0,0,0.9806600326080844,0.4655876632715747,COX6C;COX6A2
GO_Biological_Process_2023,Negative Regulation Of ATP-dependent Activity (GO:0032780),2/16,0.622028297026677,0.9999961907768526,0,0,0.9806600326080844,0.4655876632715747,SLN;TNNI3
GO_Biological_Process_2023,Negative Regulation Of Inflammatory Response To Antigenic Stimulus (GO:0002862),2/16,0.622028297026677,0.9999961907768526,0,0,0.9806600326080844,0.4655876632715747,SRC;RHBDF2
GO_Biological_Process_2023,Negative Regulation Of Interleukin-10 Production (GO:0032693),2/16,0.622028297026677,0.9999961907768526,0,0,0.9806600326080844,0.4655876632715747,IL12B;FOXP3
GO_Biological_Process_2023,Neuron Projection Organization (GO:0106027),2/16,0.622028297026677,0.9999961907768526,0,0,0.9806600326080844,0.4655876632715747,ATP1A3;PLS1
GO_Biological_Process_2023,Nuclear Migration (GO:0007097),2/16,0.622028297026677,0.9999961907768526,0,0,0.9806600326080844,0.4655876632715747,LMNB2;LMNB1
GO_Biological_Process_2023,Pharyngeal System Development (GO:0060037),2/16,0.622028297026677,0.9999961907768526,0,0,0.9806600326080844,0.4655876632715747,SIX4;GATA3
GO_Biological_Process_2023,Positive Regulation By Host Of Viral Transcription (GO:0043923),2/16,0.622028297026677,0.9999961907768526,0,0,0.9806600326080844,0.4655876632715747,HPN;LEF1
GO_Biological_Process_2023,Positive Regulation Of Homotypic Cell-Cell Adhesion (GO:0034112),2/16,0.622028297026677,0.9999961907768526,0,0,0.9806600326080844,0.4655876632715747,PLAUR;TNFSF11
GO_Biological_Process_2023,Positive Regulation Of Smooth Muscle Cell Migration (GO:0014911),2/16,0.622028297026677,0.9999961907768526,0,0,0.9806600326080844,0.4655876632715747,CCN4;S100A11
GO_Biological_Process_2023,Regulation Of Interleukin-1 Production (GO:0032652),2/16,0.622028297026677,0.9999961907768526,0,0,0.9806600326080844,0.4655876632715747,ORM1;F2R
GO_Biological_Process_2023,Regulation Of Osteoblast Proliferation (GO:0033688),2/16,0.622028297026677,0.9999961907768526,0,0,0.9806600326080844,0.4655876632715747,CCNA2;GREM1
GO_Biological_Process_2023,Regulation Of Protein Kinase A Signaling (GO:0010738),2/16,0.622028297026677,0.9999961907768526,0,0,0.9806600326080844,0.4655876632715747,AKAP5;AMH
GO_Biological_Process_2023,Regulation Of Steroid Biosynthetic Process (GO:0050810),2/16,0.622028297026677,0.9999961907768526,0,0,0.9806600326080844,0.4655876632715747,CGA;FGFR4
GO_Biological_Process_2023,"Synaptic Transmission, Cholinergic (GO:0007271)",2/16,0.622028297026677,0.9999961907768526,0,0,0.9806600326080844,0.4655876632715747,CHRNA3;CHRNB4
GO_Biological_Process_2023,Intracellular Iron Ion Homeostasis (GO:0006879),6/50,0.6241240237996323,0.9999961907768526,0,0,0.9359479700433584,0.4412116518766542,ATP6V1G1;ATP6AP1;TFR2;SLC11A1;FLVCR1;ERFE
GO_Biological_Process_2023,Regulation Of Interferon-Beta Production (GO:0032648),6/50,0.6241240237996323,0.9999961907768526,0,0,0.9359479700433584,0.4412116518766542,PYCARD;RIPK2;OAS2;OAS3;IRF7;ISG15
GO_Biological_Process_2023,Regulation Of Interleukin-12 Production (GO:0032655),6/50,0.6241240237996323,0.9999961907768526,0,0,0.9359479700433584,0.4412116518766542,IFNG;RIPK2;CLEC7A;TNFSF4;IL12B;TIGIT
GO_Biological_Process_2023,Neuron Differentiation (GO:0030182),21/173,0.6247114904417447,0.9999961907768526,0,0,0.9479866647188948,0.4459948790703395,FOXA1;BRSK1;EMX1;BRSK2;FZD2;IRX5;WNT7B;SOX11;INHBA;ASCL1;ASCL2;RUNX2;ISL2;CDK5;LHX2;LHX1;CASP3;INSM1;WNT2;SOX4;CDK5R1
GO_Biological_Process_2023,Peptidyl-Tyrosine Phosphorylation (GO:0018108),8/67,0.6306474044198279,0.9999961907768526,0,0,0.9305920502791428,0.4290107160259065,DDR1;SRMS;SRC;PTK6;FGFR4;PRLR;FGFR3;TTBK1
GO_Biological_Process_2023,Regulation Of Neurogenesis (GO:0050767),8/67,0.6306474044198279,0.9999961907768526,0,0,0.9305920502791428,0.4290107160259065,HES6;CCL11;IFNG;LEF1;SOX11;ASCL1;ASCL2;HES2
GO_Biological_Process_2023,Cardiac Ventricle Morphogenesis (GO:0003208),5/42,0.6321943628008446,0.9999961907768526,0,0,0.9275232679488,0.4253235820380806,GATA4;TNNI3;GATA3;SOX4;MYH6
GO_Biological_Process_2023,Ceramide Biosynthetic Process (GO:0046513),5/42,0.6321943628008446,0.9999961907768526,0,0,0.9275232679488,0.4253235820380806,CERS6;DEGS2;TLCD3B;PNPLA1;CERS2
GO_Biological_Process_2023,Lipid Modification (GO:0030258),5/42,0.6321943628008446,0.9999961907768526,0,0,0.9275232679488,0.4253235820380806,PLPP4;MBOAT7;PLPPR5;MBOAT2;PLPP2
GO_Biological_Process_2023,Modulation By Host Of Symbiont Process (GO:0051851),5/42,0.6321943628008446,0.9999961907768526,0,0,0.9275232679488,0.4253235820380806,MUC2;HPN;LEF1;HMGA2;POU2F3
GO_Biological_Process_2023,Monocyte Chemotaxis (GO:0002548),5/42,0.6321943628008446,0.9999961907768526,0,0,0.9275232679488,0.4253235820380806,CCL11;CCL7;CCL20;TNFSF11;CCL17
GO_Biological_Process_2023,Positive Regulation Of Calcium Ion Transmembrane Transport (GO:1904427),5/42,0.6321943628008446,0.9999961907768526,0,0,0.9275232679488,0.4253235820380806,CXCL10;CEMIP;CXCL9;CXCL11;F2R
GO_Biological_Process_2023,Regulation Of Axonogenesis (GO:0050770),5/42,0.6321943628008446,0.9999961907768526,0,0,0.9275232679488,0.4253235820380806,BRSK1;BRSK2;CDH2;METRN;PLXNA3
GO_Biological_Process_2023,Sensory Perception Of Bitter Taste (GO:0050913),5/42,0.6321943628008446,0.9999961907768526,0,0,0.9275232679488,0.4253235820380806,CST2;CALHM1;CST1;TAS2R1;CST4
GO_Biological_Process_2023,Substantia Nigra Development (GO:0021762),5/42,0.6321943628008446,0.9999961907768526,0,0,0.9275232679488,0.4253235820380806,H2BC12L;BASP1;SYNGR3;INA;TTBK1
GO_Biological_Process_2023,Cellular Response To Steroid Hormone Stimulus (GO:0071383),3/25,0.6326980865991404,0.9999961907768526,0,0,0.936023622047244,0.4284759769620656,SRC;ATP1A3;ACOD1
GO_Biological_Process_2023,Inner Ear Morphogenesis (GO:0042472),3/25,0.6326980865991404,0.9999961907768526,0,0,0.936023622047244,0.4284759769620656,TFAP2A;HPN;PAX2
GO_Biological_Process_2023,Myotube Differentiation (GO:0014902),3/25,0.6326980865991404,0.9999961907768526,0,0,0.936023622047244,0.4284759769620656,SIX4;CACNA1H;KCNH1
GO_Biological_Process_2023,Negative Regulation Of Intrinsic Apoptotic Signaling Pathway In Response To DNA Damage (GO:1902230),3/25,0.6326980865991404,0.9999961907768526,0,0,0.936023622047244,0.4284759769620656,MUC1;DDIAS;AMH
GO_Biological_Process_2023,Negative Regulation Of Protein Transport (GO:0051224),3/25,0.6326980865991404,0.9999961907768526,0,0,0.936023622047244,0.4284759769620656,RHBDF2;IL12B;DRD4
GO_Biological_Process_2023,Negative Regulation Of Signaling Receptor Activity (GO:2000272),3/25,0.6326980865991404,0.9999961907768526,0,0,0.936023622047244,0.4284759769620656,GPRC5A;SLC6A9;CBLC
GO_Biological_Process_2023,Negative Regulation Of Telomere Maintenance Via Telomere Lengthening (GO:1904357),3/25,0.6326980865991404,0.9999961907768526,0,0,0.936023622047244,0.4284759769620656,PIF1;PARP1;SRC
GO_Biological_Process_2023,Positive Regulation Of Peptidase Activity (GO:0010952),3/25,0.6326980865991404,0.9999961907768526,0,0,0.936023622047244,0.4284759769620656,CLDN4;CLDN3;PRSS22
GO_Biological_Process_2023,Purine Ribonucleotide Catabolic Process (GO:0009154),3/25,0.6326980865991404,0.9999961907768526,0,0,0.936023622047244,0.4284759769620656,PNP;SORD;HPRT1
GO_Biological_Process_2023,Regulation Of Cell Cycle Phase Transition (GO:1901987),3/25,0.6326980865991404,0.9999961907768526,0,0,0.936023622047244,0.4284759769620656,DBF4;SIX3;PLK1
GO_Biological_Process_2023,Regulation Of Cell Size (GO:0008361),3/25,0.6326980865991404,0.9999961907768526,0,0,0.936023622047244,0.4284759769620656,VAV3;EZR;VAV2
GO_Biological_Process_2023,Secretory Granule Organization (GO:0033363),3/25,0.6326980865991404,0.9999961907768526,0,0,0.936023622047244,0.4284759769620656,F2R;AP1S1;AP1S3
GO_Biological_Process_2023,Ventricular Cardiac Muscle Tissue Development (GO:0003229),3/25,0.6326980865991404,0.9999961907768526,0,0,0.936023622047244,0.4284759769620656,TNNI3;HOPX;MYH6
GO_Biological_Process_2023,Regulation Of Neuron Projection Development (GO:0010975),21/174,0.6355486665247455,0.9999961907768526,0,0,0.9417362504081728,0.4268575990431895,MINAR1;RTN4R;DDR1;RET;BRSK1;BRSK2;PLPPR5;PTK6;RTN4RL2;SRCIN1;TANC2;CDH2;CDK5;PTK7;TNR;GPC2;KIF1A;RAB17;FKBP4;MFSD2A;CDK5R1
GO_Biological_Process_2023,Negative Regulation Of Cytokine-Mediated Signaling Pathway (GO:0001960),7/59,0.6364811227004861,0.9999961907768526,0,0,0.9238883159427324,0.4174132210077553,OAS3;H2BC11;PYDC1;ISG15;TTLL12;ZNF675;TRAIP
GO_Biological_Process_2023,Regulation Of Multicellular Organismal Development (GO:2000026),7/59,0.6364811227004861,0.9999961907768526,0,0,0.9238883159427324,0.4174132210077553,GBX2;RACGAP1;OAS2;CDK1;SCX;GATA3;CD24
GO_Biological_Process_2023,Regulation Of Cysteine-Type Endopeptidase Activity Involved In Apoptotic Process (GO:0043281),10/84,0.6374920668825946,0.9999961907768526,0,0,0.927380202942777,0.4175190370421273,PYCARD;ARL6IP1;SRC;CLEC7A;LAMP3;F2R;IFI6;DPEP1;PMAIP1;PAX2
GO_Biological_Process_2023,Cellular Response To Molecule Of Bacterial Origin (GO:0071219),14/117,0.637982680392686,0.9999961907768526,0,0,0.9326991366171824,0.4191961638779604,CXCL9;CD80;SERPINE1;NOD2;CXCL13;CYRIB;PPM1E;PYCARD;CXCL10;CXCL11;CARD17P;NLRP7;TNFSF4;TNIP3
GO_Biological_Process_2023,Positive Regulation Of Protein Serine/Threonine Kinase Activity (GO:0071902),14/117,0.637982680392686,0.9999961907768526,0,0,0.9326991366171824,0.4191961638779604,CEMIP;SRC;HMGA2;NOD2;RASGRP1;SLC8A2;TCL1B;PSRC1;IFNG;TNFSF11;ADAM8;CD24;DRD4;EZH2
GO_Biological_Process_2023,Cellular Response To Glucose Stimulus (GO:0071333),4/34,0.6433170321163206,0.9999961907768526,0,0,0.9151634501772352,0.4036947274016974,PTPRN;NKX6-1;SOX4;PAX2
GO_Biological_Process_2023,Embryonic Skeletal System Development (GO:0048706),4/34,0.6433170321163206,0.9999961907768526,0,0,0.9151634501772352,0.4036947274016974,COL1A1;SLC2A10;SOX11;SULF1
GO_Biological_Process_2023,Positive Regulation Of Neuron Death (GO:1901216),4/34,0.6433170321163206,0.9999961907768526,0,0,0.9151634501772352,0.4036947274016974,TFAP2A;CDK5;IFNG;CDK5R1
GO_Biological_Process_2023,Regulation Of Phosphatidylinositol 3-Kinase Activity (GO:0043551),4/34,0.6433170321163206,0.9999961907768526,0,0,0.9151634501772352,0.4036947274016974,EPHA8;PIK3R2;NOD2;FGFR3
GO_Biological_Process_2023,Semaphorin-Plexin Signaling Pathway (GO:0071526),4/34,0.6433170321163206,0.9999961907768526,0,0,0.9151634501772352,0.4036947274016974,NELL2;SEMA4A;SEMA7A;PLXNA3
GO_Biological_Process_2023,Positive Regulation Of Protein Localization To Plasma Membrane (GO:1903078),6/51,0.6438372478635525,0.9999961907768526,0,0,0.9150965707528576,0.4029255355572433,IFNG;ARHGEF16;AGR2;AKAP5;PLS1;NKD2
GO_Biological_Process_2023,Regulation Of Stress-Activated MAPK Cascade (GO:0032872),6/51,0.6438372478635525,0.9999961907768526,0,0,0.9150965707528576,0.4029255355572433,GREM1;NOD2;FOXM1;MAPK8IP2;RASGRP1;INAVA
GO_Biological_Process_2023,Telomere Maintenance (GO:0000723),8/68,0.6476651364893138,0.9999961907768526,0,0,0.9150295857988164,0.3974719065243964,RECQL4;BLM;RAD51;PARP1;TERT;ACTL6A;HUS1B;DNA2
GO_Biological_Process_2023,Positive Regulation Of Cellular Component Biogenesis (GO:0044089),11/93,0.6481497726191436,0.9999961907768526,0,0,0.9205342349632027,0.3991744626167812,CHAF1B;CLDN3;IFNG;MMP1;CLEC7A;BIK;MMP3;LIMK1;SDC1;BAK1;CRB3
GO_Biological_Process_2023,Defense Response To Gram-positive Bacterium (GO:0050830),10/85,0.6526431774350235,0.9999961907768526,0,0,0.9149624950651402,0.390437128092583,H2BC12;H2BC8;H2BC12L;RNASE10;H2BC21;H2BC11;IL18;RNASE2;LYZ;CAMP
GO_Biological_Process_2023,Negative Regulation Of Cell Cycle (GO:0045786),10/85,0.6526431774350235,0.9999961907768526,0,0,0.9149624950651402,0.390437128092583,BARD1;CDT1;MCIDAS;CDKN2A;PLK1;NUPR2;BRCA1;GATA3;FBXO43;MAD2L1
GO_Biological_Process_2023,Regulation Of Kinase Activity (GO:0043549),10/85,0.6526431774350235,0.9999961907768526,0,0,0.9149624950651402,0.390437128092583,DDR1;RET;RBL1;ERBB3;SLAMF8;ECT2;FGFR4;ROS1;FGFR3;DRD4
GO_Biological_Process_2023,SCF-dependent Proteasomal Ubiquitin-Dependent Protein Catabolic Process (GO:0031146),5/43,0.6534094386516603,0.9999961907768526,0,0,0.9030629173406328,0.384299629591649,CCNF;KIF14;FBXL16;NCCRP1;FBXL6
GO_Biological_Process_2023,Positive Regulation Of T Cell Mediated Immunity (GO:0002711),5/43,0.6534094386516603,0.9999961907768526,0,0,0.9030629173406328,0.384299629591649,TNFSF4;IL12B;TRAF2;CYRIB;ULBP1
GO_Biological_Process_2023,Skeletal System Morphogenesis (GO:0048705),5/43,0.6534094386516603,0.9999961907768526,0,0,0.9030629173406328,0.384299629591649,FBN2;TFAP2A;MMP13;SOX11;FGFR3
GO_Biological_Process_2023,Positive Regulation Of Phagocytosis (GO:0050766),7/60,0.6544428287804366,0.9999961907768526,0,0,0.9064043806916257,0.3842892155854762,PYCARD;COLEC10;RAB31;IFNG;CLEC7A;SLC11A1;SIRPG
GO_Biological_Process_2023,Response To Retinoic Acid (GO:0032526),7/60,0.6544428287804366,0.9999961907768526,0,0,0.9064043806916257,0.3842892155854762,RET;PTK7;WNT7B;PTK6;ASCL1;WNT2;PAX2
GO_Biological_Process_2023,DNA Biosynthetic Process (GO:0071897),2/17,0.6556807388199477,0.9999961907768526,0,0,0.9152302243211334,0.3863015511041756,TERT;TYMS
GO_Biological_Process_2023,"DNA Damage Response, Signal Transduction By P53 Class Mediator Resulting In Cell Cycle Arrest (GO:0006977)",2/17,0.6556807388199477,0.9999961907768526,0,0,0.9152302243211334,0.3863015511041756,MUC1;GTSE1
GO_Biological_Process_2023,G Protein-Coupled Acetylcholine Receptor Signaling Pathway (GO:0007213),2/17,0.6556807388199477,0.9999961907768526,0,0,0.9152302243211334,0.3863015511041756,RGS8;CDK5R1
GO_Biological_Process_2023,NLS-bearing Protein Import Into Nucleus (GO:0006607),2/17,0.6556807388199477,0.9999961907768526,0,0,0.9152302243211334,0.3863015511041756,KPNA7;KPNA2
GO_Biological_Process_2023,T Cell Migration (GO:0072678),2/17,0.6556807388199477,0.9999961907768526,0,0,0.9152302243211334,0.3863015511041756,CXCL10;CXCL11
GO_Biological_Process_2023,Carbohydrate Derivative Catabolic Process (GO:1901136),2/17,0.6556807388199477,0.9999961907768526,0,0,0.9152302243211334,0.3863015511041756,NEU4;NCCRP1
GO_Biological_Process_2023,Carboxylic Acid Biosynthetic Process (GO:0046394),2/17,0.6556807388199477,0.9999961907768526,0,0,0.9152302243211334,0.3863015511041756,PYCARD;PAH
GO_Biological_Process_2023,Cellular Response To Alkaloid (GO:0071312),2/17,0.6556807388199477,0.9999961907768526,0,0,0.9152302243211334,0.3863015511041756,RAD51;CASP3
GO_Biological_Process_2023,Facultative Heterochromatin Formation (GO:0140718),2/17,0.6556807388199477,0.9999961907768526,0,0,0.9152302243211334,0.3863015511041756,HELLS;BEND3
GO_Biological_Process_2023,Keratan Sulfate Metabolic Process (GO:0042339),2/17,0.6556807388199477,0.9999961907768526,0,0,0.9152302243211334,0.3863015511041756,CHST6;CHST1
GO_Biological_Process_2023,Membrane Lipid Metabolic Process (GO:0006643),2/17,0.6556807388199477,0.9999961907768526,0,0,0.9152302243211334,0.3863015511041756,FUT2;SMPDL3B
GO_Biological_Process_2023,Myeloid Cell Activation Involved In Immune Response (GO:0002275),2/17,0.6556807388199477,0.9999961907768526,0,0,0.9152302243211334,0.3863015511041756,PYCARD;IFNG
GO_Biological_Process_2023,Negative Regulation Of Rho Protein Signal Transduction (GO:0035024),2/17,0.6556807388199477,0.9999961907768526,0,0,0.9152302243211334,0.3863015511041756,STMN1;KCTD13
GO_Biological_Process_2023,Neuron Maturation (GO:0042551),2/17,0.6556807388199477,0.9999961907768526,0,0,0.9152302243211334,0.3863015511041756,EPHA8;RND1
GO_Biological_Process_2023,Positive Regulation Of Amyloid-Beta Formation (GO:1902004),2/17,0.6556807388199477,0.9999961907768526,0,0,0.9152302243211334,0.3863015511041756,IFNG;CASP3
GO_Biological_Process_2023,Positive Regulation Of Cartilage Development (GO:0061036),2/17,0.6556807388199477,0.9999961907768526,0,0,0.9152302243211334,0.3863015511041756,SCX;BMPR1B
GO_Biological_Process_2023,Positive Regulation Of Heart Rate (GO:0010460),2/17,0.6556807388199477,0.9999961907768526,0,0,0.9152302243211334,0.3863015511041756,EDN2;ADM2
GO_Biological_Process_2023,Positive Regulation Of Macrophage Derived Foam Cell Differentiation (GO:0010744),2/17,0.6556807388199477,0.9999961907768526,0,0,0.9152302243211334,0.3863015511041756,MSR1;IL18
GO_Biological_Process_2023,Positive Regulation Of Transcription From RNA Polymerase II Promoter In Response To Stress (GO:0036003),2/17,0.6556807388199477,0.9999961907768526,0,0,0.9152302243211334,0.3863015511041756,MUC1;CREB3L1
GO_Biological_Process_2023,Prostaglandin Biosynthetic Process (GO:0001516),2/17,0.6556807388199477,0.9999961907768526,0,0,0.9152302243211334,0.3863015511041756,EDN2;AMH
GO_Biological_Process_2023,Protein Localization To Centrosome (GO:0071539),2/17,0.6556807388199477,0.9999961907768526,0,0,0.9152302243211334,0.3863015511041756,STIL;SPAG5
GO_Biological_Process_2023,Regulation Of Aerobic Respiration (GO:1903715),2/17,0.6556807388199477,0.9999961907768526,0,0,0.9152302243211334,0.3863015511041756,UQCC2;MACROH2A1
GO_Biological_Process_2023,Regulation Of Glucose Transmembrane Transport (GO:0010827),2/17,0.6556807388199477,0.9999961907768526,0,0,0.9152302243211334,0.3863015511041756,OCLN;TRIB3
GO_Biological_Process_2023,Regulation Of Inflammatory Response To Antigenic Stimulus (GO:0002861),2/17,0.6556807388199477,0.9999961907768526,0,0,0.9152302243211334,0.3863015511041756,SRC;RHBDF2
GO_Biological_Process_2023,Regulation Of Leukocyte Chemotaxis (GO:0002688),2/17,0.6556807388199477,0.9999961907768526,0,0,0.9152302243211334,0.3863015511041756,F7;EDN2
GO_Biological_Process_2023,Regulation Of Oxidative Phosphorylation (GO:0002082),2/17,0.6556807388199477,0.9999961907768526,0,0,0.9152302243211334,0.3863015511041756,UQCC2;MACROH2A1
GO_Biological_Process_2023,Regulation Of Telomerase RNA Localization To Cajal Body (GO:1904872),2/17,0.6556807388199477,0.9999961907768526,0,0,0.9152302243211334,0.3863015511041756,CCT3;CCT5
GO_Biological_Process_2023,Response To Interferon-Alpha (GO:0035455),2/17,0.6556807388199477,0.9999961907768526,0,0,0.9152302243211334,0.3863015511041756,LAMP3;GATA3
GO_Biological_Process_2023,Toll-Like Receptor 4 Signaling Pathway (GO:0034142),2/17,0.6556807388199477,0.9999961907768526,0,0,0.9152302243211334,0.3863015511041756,TNIP3;S100A14
GO_Biological_Process_2023,Fc Receptor Signaling Pathway (GO:0038093),3/26,0.659733418113753,0.9999961907768526,0,0,0.8952755905511811,0.3723625200339396,VAV3;FCGR3A;VAV2
GO_Biological_Process_2023,Negative Regulation Of Interleukin-1 Beta Production (GO:0032691),3/26,0.659733418113753,0.9999961907768526,0,0,0.8952755905511811,0.3723625200339396,CARD17P;NLRP7;PYDC1
GO_Biological_Process_2023,Nucleic Acid Phosphodiester Bond Hydrolysis (GO:0090305),3/26,0.659733418113753,0.9999961907768526,0,0,0.8952755905511811,0.3723625200339396,FEN1;DNA2;RNASE2
GO_Biological_Process_2023,Plasma Membrane Invagination (GO:0099024),3/26,0.659733418113753,0.9999961907768526,0,0,0.8952755905511811,0.3723625200339396,MSR1;SPIRE2;AURKB
GO_Biological_Process_2023,Positive Regulation Of Microtubule Polymerization Or Depolymerization (GO:0031112),3/26,0.659733418113753,0.9999961907768526,0,0,0.8952755905511811,0.3723625200339396,OCLN;PSRC1;CDK5R1
GO_Biological_Process_2023,Positive Regulation Of Phosphatidylinositol 3-Kinase Activity (GO:0043552),3/26,0.659733418113753,0.9999961907768526,0,0,0.8952755905511811,0.3723625200339396,EPHA8;NOD2;FGFR3
GO_Biological_Process_2023,Regulation Of Fatty Acid Biosynthetic Process (GO:0042304),3/26,0.659733418113753,0.9999961907768526,0,0,0.8952755905511811,0.3723625200339396,APOC2;TRIB3;BRCA1
GO_Biological_Process_2023,Regulation Of Interferon-Alpha Production (GO:0032647),3/26,0.659733418113753,0.9999961907768526,0,0,0.8952755905511811,0.3723625200339396,RIPK2;STAT1;IRF7
GO_Biological_Process_2023,Telomere Maintenance Via Telomere Lengthening (GO:0010833),3/26,0.659733418113753,0.9999961907768526,0,0,0.8952755905511811,0.3723625200339396,PIF1;RAD51;TERT
GO_Biological_Process_2023,Adenylate Cyclase-Inhibiting G Protein-Coupled Receptor Signaling Pathway (GO:0007193),6/52,0.6629136953451827,0.9999961907768526,0,0,0.895151754040205,0.3680062585063884,GRM4;GRM8;HTR1D;GPR37L1;AKAP5;DRD4
GO_Biological_Process_2023,Negative Regulation Of Response To Stimulus (GO:0048585),6/52,0.6629136953451827,0.9999961907768526,0,0,0.895151754040205,0.3680062585063884,FCRLB;COL3A1;SRMS;ERBB3;PDCD1;FOXP3
GO_Biological_Process_2023,Neurotransmitter Transport (GO:0006836),6/52,0.6629136953451827,0.9999961907768526,0,0,0.895151754040205,0.3680062585063884,BRSK1;SLC38A1;GRM4;UNC13A;STXBP2;PPFIA3
GO_Biological_Process_2023,Regulation Of Cell Development (GO:0060284),6/52,0.6629136953451827,0.9999961907768526,0,0,0.895151754040205,0.3680062585063884,HES6;LEF1;SLAMF8;ASCL1;ASCL2;HES2
GO_Biological_Process_2023,Regulation Of Proteolysis (GO:0030162),6/52,0.6629136953451827,0.9999961907768526,0,0,0.895151754040205,0.3680062585063884,CDK5;PLK1;PLAUR;BAK1;FGFR4;CST4
GO_Biological_Process_2023,Cdc42 Protein Signal Transduction (GO:0032488),1/8,0.6631556023649602,0.9999961907768526,0,0,0.9806676407777902,0.4028049400534321,SHTN1
GO_Biological_Process_2023,"DNA Damage Response, Signal Transduction By P53 Class Mediator Resulting In Transcription Of P21 Class Mediator (GO:0006978)",1/8,0.6631556023649602,0.9999961907768526,0,0,0.9806676407777902,0.4028049400534321,MUC1
GO_Biological_Process_2023,DNA Topological Change (GO:0006265),1/8,0.6631556023649602,0.9999961907768526,0,0,0.9806676407777902,0.4028049400534321,TOP2A
GO_Biological_Process_2023,MyD88-independent Toll-Like Receptor Signaling Pathway (GO:0002756),1/8,0.6631556023649602,0.9999961907768526,0,0,0.9806676407777902,0.4028049400534321,TNIP3
GO_Biological_Process_2023,UDP-N-acetylglucosamine Biosynthetic Process (GO:0006048),1/8,0.6631556023649602,0.9999961907768526,0,0,0.9806676407777902,0.4028049400534321,GNPNAT1
GO_Biological_Process_2023,Adult Heart Development (GO:0007512),1/8,0.6631556023649602,0.9999961907768526,0,0,0.9806676407777902,0.4028049400534321,MYH6
GO_Biological_Process_2023,Alcohol Catabolic Process (GO:0046164),1/8,0.6631556023649602,0.9999961907768526,0,0,0.9806676407777902,0.4028049400534321,SRD5A3
GO_Biological_Process_2023,Angiotensin Maturation (GO:0002003),1/8,0.6631556023649602,0.9999961907768526,0,0,0.9806676407777902,0.4028049400534321,REN
GO_Biological_Process_2023,Astral Microtubule Organization (GO:0030953),1/8,0.6631556023649602,0.9999961907768526,0,0,0.9806676407777902,0.4028049400534321,EZR
GO_Biological_Process_2023,Auditory Behavior (GO:0031223),1/8,0.6631556023649602,0.9999961907768526,0,0,0.9806676407777902,0.4028049400534321,STRA6
GO_Biological_Process_2023,Bundle Of His Cell To Purkinje Myocyte Communication (GO:0086069),1/8,0.6631556023649602,0.9999961907768526,0,0,0.9806676407777902,0.4028049400534321,DSP
GO_Biological_Process_2023,Cell Surface Pattern Recognition Receptor Signaling Pathway (GO:0002752),1/8,0.6631556023649602,0.9999961907768526,0,0,0.9806676407777902,0.4028049400534321,COLEC10
GO_Biological_Process_2023,Cellular Response To Sterol Depletion (GO:0071501),1/8,0.6631556023649602,0.9999961907768526,0,0,0.9806676407777902,0.4028049400534321,SH2D2A
GO_Biological_Process_2023,Cilium Movement Involved In Cell Motility (GO:0060294),1/8,0.6631556023649602,0.9999961907768526,0,0,0.9806676407777902,0.4028049400534321,TEKT5
GO_Biological_Process_2023,Collagen-Activated Signaling Pathway (GO:0038065),1/8,0.6631556023649602,0.9999961907768526,0,0,0.9806676407777902,0.4028049400534321,DDR1
GO_Biological_Process_2023,Commissural Neuron Axon Guidance (GO:0071679),1/8,0.6631556023649602,0.9999961907768526,0,0,0.9806676407777902,0.4028049400534321,GDNF
GO_Biological_Process_2023,Embryonic Forelimb Morphogenesis (GO:0035115),1/8,0.6631556023649602,0.9999961907768526,0,0,0.9806676407777902,0.4028049400534321,TFAP2A
GO_Biological_Process_2023,Embryonic Placenta Development (GO:0001892),1/8,0.6631556023649602,0.9999961907768526,0,0,0.9806676407777902,0.4028049400534321,WNT7B
GO_Biological_Process_2023,Endothelial Cell Chemotaxis (GO:0035767),1/8,0.6631556023649602,0.9999961907768526,0,0,0.9806676407777902,0.4028049400534321,CXCL13
GO_Biological_Process_2023,Glycerol Transmembrane Transport (GO:0015793),1/8,0.6631556023649602,0.9999961907768526,0,0,0.9806676407777902,0.4028049400534321,AQP9
GO_Biological_Process_2023,Hyaluronan Catabolic Process (GO:0030214),1/8,0.6631556023649602,0.9999961907768526,0,0,0.9806676407777902,0.4028049400534321,CEMIP
GO_Biological_Process_2023,Interleukin-12-Mediated Signaling Pathway (GO:0035722),1/8,0.6631556023649602,0.9999961907768526,0,0,0.9806676407777902,0.4028049400534321,IL12B
GO_Biological_Process_2023,Isoprenoid Biosynthetic Process (GO:0008299),1/8,0.6631556023649602,0.9999961907768526,0,0,0.9806676407777902,0.4028049400534321,PDSS1
GO_Biological_Process_2023,Isoprenoid Metabolic Process (GO:0006720),1/8,0.6631556023649602,0.9999961907768526,0,0,0.9806676407777902,0.4028049400534321,PDSS1
GO_Biological_Process_2023,Learned Vocalization Behavior Or Vocal Learning (GO:0098598),1/8,0.6631556023649602,0.9999961907768526,0,0,0.9806676407777902,0.4028049400534321,STRA6
GO_Biological_Process_2023,Membrane Lipid Catabolic Process (GO:0046466),1/8,0.6631556023649602,0.9999961907768526,0,0,0.9806676407777902,0.4028049400534321,SMPDL3B
GO_Biological_Process_2023,Mesodermal Cell Differentiation (GO:0048333),1/8,0.6631556023649602,0.9999961907768526,0,0,0.9806676407777902,0.4028049400534321,HMGA2
GO_Biological_Process_2023,Modification-Dependent Macromolecule Catabolic Process (GO:0043632),1/8,0.6631556023649602,0.9999961907768526,0,0,0.9806676407777902,0.4028049400534321,ISG15
GO_Biological_Process_2023,Multi-Pass Transmembrane Protein Insertion Into ER Membrane (GO:0160063),1/8,0.6631556023649602,0.9999961907768526,0,0,0.9806676407777902,0.4028049400534321,RAB5IF
GO_Biological_Process_2023,Negative Regulation Of Glycoprotein Biosynthetic Process (GO:0010561),1/8,0.6631556023649602,0.9999961907768526,0,0,0.9806676407777902,0.4028049400534321,SLC2A10
GO_Biological_Process_2023,Negative Regulation Of Membrane Potential (GO:0045837),1/8,0.6631556023649602,0.9999961907768526,0,0,0.9806676407777902,0.4028049400534321,PMAIP1
GO_Biological_Process_2023,Negative Regulation Of Protein-Containing Complex Disassembly (GO:0043242),1/8,0.6631556023649602,0.9999961907768526,0,0,0.9806676407777902,0.4028049400534321,SLN
GO_Biological_Process_2023,"Negative Regulation Of Retrograde Protein Transport, ER To Cytosol (GO:1904153)",1/8,0.6631556023649602,0.9999961907768526,0,0,0.9806676407777902,0.4028049400534321,DERL3
GO_Biological_Process_2023,Negative Regulation Of Systemic Arterial Blood Pressure (GO:0003085),1/8,0.6631556023649602,0.9999961907768526,0,0,0.9806676407777902,0.4028049400534321,GPR37L1
GO_Biological_Process_2023,Neuronal Action Potential (GO:0019228),1/8,0.6631556023649602,0.9999961907768526,0,0,0.9806676407777902,0.4028049400534321,CHRNA1
GO_Biological_Process_2023,Neuronal Ion Channel Clustering (GO:0045161),1/8,0.6631556023649602,0.9999961907768526,0,0,0.9806676407777902,0.4028049400534321,CNTNAP2
GO_Biological_Process_2023,Nicotinamide Nucleotide Biosynthetic Process (GO:0019359),1/8,0.6631556023649602,0.9999961907768526,0,0,0.9806676407777902,0.4028049400534321,QPRT
GO_Biological_Process_2023,Nuclear Membrane Disassembly (GO:0051081),1/8,0.6631556023649602,0.9999961907768526,0,0,0.9806676407777902,0.4028049400534321,PLK1
GO_Biological_Process_2023,"Phototransduction, Visible Light (GO:0007603)",1/8,0.6631556023649602,0.9999961907768526,0,0,0.9806676407777902,0.4028049400534321,GRK1
GO_Biological_Process_2023,Positive Regulation Of Adaptive Immune Response (GO:0002821),1/8,0.6631556023649602,0.9999961907768526,0,0,0.9806676407777902,0.4028049400534321,PYCARD
GO_Biological_Process_2023,Positive Regulation Of Calcium Ion-Dependent Exocytosis (GO:0045956),1/8,0.6631556023649602,0.9999961907768526,0,0,0.9806676407777902,0.4028049400534321,STX1A
GO_Biological_Process_2023,Positive Regulation Of Cell-Cell Adhesion Mediated By Cadherin (GO:2000049),1/8,0.6631556023649602,0.9999961907768526,0,0,0.9806676407777902,0.4028049400534321,FOXA1
GO_Biological_Process_2023,Positive Regulation Of Dendritic Cell Cytokine Production (GO:0002732),1/8,0.6631556023649602,0.9999961907768526,0,0,0.9806676407777902,0.4028049400534321,CLEC7A
GO_Biological_Process_2023,Positive Regulation Of Dendritic Spine Morphogenesis (GO:0061003),1/8,0.6631556023649602,0.9999961907768526,0,0,0.9806676407777902,0.4028049400534321,LRP8
GO_Biological_Process_2023,Positive Regulation Of Early Endosome To Late Endosome Transport (GO:2000643),1/8,0.6631556023649602,0.9999961907768526,0,0,0.9806676407777902,0.4028049400534321,EZR
GO_Biological_Process_2023,Positive Regulation Of Epithelial Cell Proliferation Involved In Wound Healing (GO:0060054),1/8,0.6631556023649602,0.9999961907768526,0,0,0.9806676407777902,0.4028049400534321,MMP12
GO_Biological_Process_2023,Positive Regulation Of Inositol Phosphate Biosynthetic Process (GO:0060732),1/8,0.6631556023649602,0.9999961907768526,0,0,0.9806676407777902,0.4028049400534321,P2RY6
GO_Biological_Process_2023,Positive Regulation Of Macrophage Cytokine Production (GO:0060907),1/8,0.6631556023649602,0.9999961907768526,0,0,0.9806676407777902,0.4028049400534321,SEMA7A
GO_Biological_Process_2023,Positive Regulation Of Mast Cell Degranulation (GO:0043306),1/8,0.6631556023649602,0.9999961907768526,0,0,0.9806676407777902,0.4028049400534321,VAMP8
GO_Biological_Process_2023,Positive Regulation Of Membrane Invagination (GO:1905155),1/8,0.6631556023649602,0.9999961907768526,0,0,0.9806676407777902,0.4028049400534321,RAB31
GO_Biological_Process_2023,Positive Regulation Of Opsonization (GO:1903028),1/8,0.6631556023649602,0.9999961907768526,0,0,0.9806676407777902,0.4028049400534321,COLEC10
GO_Biological_Process_2023,Positive Regulation Of Protein Localization To Early Endosome (GO:1902966),1/8,0.6631556023649602,0.9999961907768526,0,0,0.9806676407777902,0.4028049400534321,EZR
GO_Biological_Process_2023,Positive Regulation Of Protein Localization To Endosome (GO:1905668),1/8,0.6631556023649602,0.9999961907768526,0,0,0.9806676407777902,0.4028049400534321,EZR
GO_Biological_Process_2023,Positive Regulation Of Respiratory Burst (GO:0060267),1/8,0.6631556023649602,0.9999961907768526,0,0,0.9806676407777902,0.4028049400534321,CLEC7A
GO_Biological_Process_2023,Proline Transport (GO:0015824),1/8,0.6631556023649602,0.9999961907768526,0,0,0.9806676407777902,0.4028049400534321,SLC7A5
GO_Biological_Process_2023,Protein Localization To Perinuclear Region Of Cytoplasm (GO:1905719),1/8,0.6631556023649602,0.9999961907768526,0,0,0.9806676407777902,0.4028049400534321,HOOK1
GO_Biological_Process_2023,Pyrimidine-Containing Compound Metabolic Process (GO:0072527),1/8,0.6631556023649602,0.9999961907768526,0,0,0.9806676407777902,0.4028049400534321,TYMP
GO_Biological_Process_2023,Regulation Of DNA Demethylation (GO:1901535),1/8,0.6631556023649602,0.9999961907768526,0,0,0.9806676407777902,0.4028049400534321,HNRNPAB
GO_Biological_Process_2023,Regulation Of Angiotensin Levels In Blood (GO:0002002),1/8,0.6631556023649602,0.9999961907768526,0,0,0.9806676407777902,0.4028049400534321,REN
GO_Biological_Process_2023,Regulation Of Aspartic-Type Endopeptidase Activity Involved In Amyloid Precursor Protein Catabolic Process (GO:1902959),1/8,0.6631556023649602,0.9999961907768526,0,0,0.9806676407777902,0.4028049400534321,EFNA3
GO_Biological_Process_2023,Regulation Of Cell Killing (GO:0031341),1/8,0.6631556023649602,0.9999961907768526,0,0,0.9806676407777902,0.4028049400534321,IL11
GO_Biological_Process_2023,"Regulation Of Complement Activation, Classical Pathway (GO:0030450)",1/8,0.6631556023649602,0.9999961907768526,0,0,0.9806676407777902,0.4028049400534321,SUSD4
GO_Biological_Process_2023,Regulation Of Endothelial Cell Differentiation (GO:0045601),1/8,0.6631556023649602,0.9999961907768526,0,0,0.9806676407777902,0.4028049400534321,SORD
GO_Biological_Process_2023,Regulation Of Epidermis Development (GO:0045682),1/8,0.6631556023649602,0.9999961907768526,0,0,0.9806676407777902,0.4028049400534321,KRT2
GO_Biological_Process_2023,Regulation Of Fertilization (GO:0080154),1/8,0.6631556023649602,0.9999961907768526,0,0,0.9806676407777902,0.4028049400534321,RNASE10
GO_Biological_Process_2023,Regulation Of Gap Junction Assembly (GO:1903596),1/8,0.6631556023649602,0.9999961907768526,0,0,0.9806676407777902,0.4028049400534321,CNTNAP2
GO_Biological_Process_2023,Regulation Of Glial Cell Proliferation (GO:0060251),1/8,0.6631556023649602,0.9999961907768526,0,0,0.9806676407777902,0.4028049400534321,SOX11
GO_Biological_Process_2023,Regulation Of Heme Biosynthetic Process (GO:0070453),1/8,0.6631556023649602,0.9999961907768526,0,0,0.9806676407777902,0.4028049400534321,SLC6A9
GO_Biological_Process_2023,Regulation Of Interleukin-18 Production (GO:0032661),1/8,0.6631556023649602,0.9999961907768526,0,0,0.9806676407777902,0.4028049400534321,GBP5
GO_Biological_Process_2023,Regulation Of Interleukin-23 Production (GO:0032667),1/8,0.6631556023649602,0.9999961907768526,0,0,0.9806676407777902,0.4028049400534321,IFNG
GO_Biological_Process_2023,Regulation Of Lysosomal Protein Catabolic Process (GO:1905165),1/8,0.6631556023649602,0.9999961907768526,0,0,0.9806676407777902,0.4028049400534321,LAPTM4B
GO_Biological_Process_2023,Regulation Of Pinocytosis (GO:0048548),1/8,0.6631556023649602,0.9999961907768526,0,0,0.9806676407777902,0.4028049400534321,PROM2
GO_Biological_Process_2023,Regulation Of Protein Localization To Early Endosome (GO:1902965),1/8,0.6631556023649602,0.9999961907768526,0,0,0.9806676407777902,0.4028049400534321,EZR
GO_Biological_Process_2023,Regulation Of Rhodopsin Mediated Signaling Pathway (GO:0022400),1/8,0.6631556023649602,0.9999961907768526,0,0,0.9806676407777902,0.4028049400534321,GRK1
GO_Biological_Process_2023,Regulation Of Skeletal Muscle Cell Differentiation (GO:2001014),1/8,0.6631556023649602,0.9999961907768526,0,0,0.9806676407777902,0.4028049400534321,UQCC2
GO_Biological_Process_2023,Regulation Of Sterol Biosynthetic Process (GO:0106118),1/8,0.6631556023649602,0.9999961907768526,0,0,0.9806676407777902,0.4028049400534321,SH2D2A
GO_Biological_Process_2023,Regulation Of Type B Pancreatic Cell Development (GO:2000074),1/8,0.6631556023649602,0.9999961907768526,0,0,0.9806676407777902,0.4028049400534321,NKX6-1
GO_Biological_Process_2023,Regulation Of Vesicle Fusion (GO:0031338),1/8,0.6631556023649602,0.9999961907768526,0,0,0.9806676407777902,0.4028049400534321,RAB3A
GO_Biological_Process_2023,Response To Misfolded Protein (GO:0051788),1/8,0.6631556023649602,0.9999961907768526,0,0,0.9806676407777902,0.4028049400534321,F12
GO_Biological_Process_2023,Selenocysteine Incorporation (GO:0001514),1/8,0.6631556023649602,0.9999961907768526,0,0,0.9806676407777902,0.4028049400534321,DIO2
GO_Biological_Process_2023,Semaphorin-Plexin Signaling Pathway Involved In Axon Guidance (GO:1902287),1/8,0.6631556023649602,0.9999961907768526,0,0,0.9806676407777902,0.4028049400534321,PLXNA3
GO_Biological_Process_2023,Sensory Perception Of Sour Taste (GO:0050915),1/8,0.6631556023649602,0.9999961907768526,0,0,0.9806676407777902,0.4028049400534321,ASIC3
GO_Biological_Process_2023,Skeletal Myofibril Assembly (GO:0014866),1/8,0.6631556023649602,0.9999961907768526,0,0,0.9806676407777902,0.4028049400534321,ACTL8
GO_Biological_Process_2023,Sphingosine-1-Phosphate Receptor Signaling Pathway (GO:0003376),1/8,0.6631556023649602,0.9999961907768526,0,0,0.9806676407777902,0.4028049400534321,EZR
GO_Biological_Process_2023,Translational Readthrough (GO:0006451),1/8,0.6631556023649602,0.9999961907768526,0,0,0.9806676407777902,0.4028049400534321,DIO2
GO_Biological_Process_2023,Tricarboxylic Acid Metabolic Process (GO:0072350),1/8,0.6631556023649602,0.9999961907768526,0,0,0.9806676407777902,0.4028049400534321,IDH2
GO_Biological_Process_2023,Triglyceride-Rich Lipoprotein Particle Remodeling (GO:0034370),1/8,0.6631556023649602,0.9999961907768526,0,0,0.9806676407777902,0.4028049400534321,APOC2
GO_Biological_Process_2023,Tyrosine Phosphorylation Of STAT Protein (GO:0007260),1/8,0.6631556023649602,0.9999961907768526,0,0,0.9806676407777902,0.4028049400534321,PTK6
GO_Biological_Process_2023,Cellular Response To Calcium Ion (GO:0071277),8/69,0.6642229969202408,0.9999961907768526,0,0,0.8999773660555501,0.3682143520444575,SYT5;CPNE7;ITPKA;GUCA1A;DPEP1;SYT13;ECT2;KCNH1
GO_Biological_Process_2023,Positive Regulation Of Phosphatidylinositol 3-Kinase Signaling (GO:0014068),8/69,0.6642229969202408,0.9999961907768526,0,0,0.8999773660555501,0.3682143520444575,DDR1;ERBB3;UNC5B;SRC;F2R;MAZ;IL18;FN1
GO_Biological_Process_2023,Response To Molecule Of Bacterial Origin (GO:0002237),8/69,0.6642229969202408,0.9999961907768526,0,0,0.8999773660555501,0.3682143520444575,CYP27B1;SLC11A1;F2R;S100A14;CYRIB;CD24;INAVA;S100A7
GO_Biological_Process_2023,Glutamate Receptor Signaling Pathway (GO:0007215),4/35,0.666422344113997,0.9999961907768526,0,0,0.8855912284490973,0.3594009575336792,GRM4;GRM8;GRIN2D;CDK5R1
GO_Biological_Process_2023,Liver Development (GO:0001889),4/35,0.666422344113997,0.9999961907768526,0,0,0.8855912284490973,0.3594009575336792,LSR;E2F7;AURKA;E2F8
GO_Biological_Process_2023,Macrophage Activation (GO:0042116),4/35,0.666422344113997,0.9999961907768526,0,0,0.8855912284490973,0.3594009575336792,FCGR3A;EDN2;IFNG;SLC11A1
GO_Biological_Process_2023,Positive Regulation Of Cell Development (GO:0010720),4/35,0.666422344113997,0.9999961907768526,0,0,0.8855912284490973,0.3594009575336792,IFNG;CLEC7A;SOX11;NKX6-1
GO_Biological_Process_2023,Regulatory ncRNA Processing (GO:0070918),4/35,0.666422344113997,0.9999961907768526,0,0,0.8855912284490973,0.3594009575336792,TDRKH;TRIM71;TERT;MAEL
GO_Biological_Process_2023,Negative Regulation Of Intrinsic Apoptotic Signaling Pathway (GO:2001243),7/61,0.6718620593695235,0.9999961907768526,0,0,0.8895679985979671,0.3537831752888993,EPO;SRC;DDIAS;CREB3L1;RTKN2;PLAUR;MMP9
GO_Biological_Process_2023,Cellular Response To Ketone (GO:1901655),5/44,0.6738257069583881,0.9999961907768526,0,0,0.879856943686731,0.3473532646306236,POSTN;SRC;TNFSF4;SPP1;SLC5A5
GO_Biological_Process_2023,Negative Regulation Of Immune System Process (GO:0002683),5/44,0.6738257069583881,0.9999961907768526,0,0,0.879856943686731,0.3473532646306236,FCRLB;COL3A1;PDCD1;SMPDL3B;FOXP3
GO_Biological_Process_2023,Nucleobase-Containing Compound Catabolic Process (GO:0034655),5/44,0.6738257069583881,0.9999961907768526,0,0,0.879856943686731,0.3473532646306236,RNASEH2A;EXOSC4;ENTPD7;RNASE2;DNASE1L2
GO_Biological_Process_2023,Nucleus Organization (GO:0006997),5/44,0.6738257069583881,0.9999961907768526,0,0,0.879856943686731,0.3473532646306236,REEP4;CHMP4C;LMNB2;CEP55;LMNB1
GO_Biological_Process_2023,Positive Regulation Of Leukocyte Cell-Cell Adhesion (GO:1903039),5/44,0.6738257069583881,0.9999961907768526,0,0,0.879856943686731,0.3473532646306236,PYCARD;FUT7;SIRPG;TNFSF11;CYRIB
GO_Biological_Process_2023,Regulation Of DNA-templated Transcription Elongation (GO:0032784),5/44,0.6738257069583881,0.9999961907768526,0,0,0.879856943686731,0.3473532646306236,PARP1;INTS7;INTS8;ELL3;HMGN1
GO_Biological_Process_2023,Regulation Of Insulin Receptor Signaling Pathway (GO:0046626),5/44,0.6738257069583881,0.9999961907768526,0,0,0.879856943686731,0.3473532646306236,GRB7;FUT7;MZB1;ERFE;PRKCZ
GO_Biological_Process_2023,Regulation Of Viral Entry Into Host Cell (GO:0046596),5/44,0.6738257069583881,0.9999961907768526,0,0,0.879856943686731,0.3473532646306236,LRRC15;RFPL2;TMPRSS4;NECTIN2;TRIM11
GO_Biological_Process_2023,Synaptic Vesicle Recycling (GO:0036465),5/44,0.6738257069583881,0.9999961907768526,0,0,0.879856943686731,0.3473532646306236,SYT5;RAB3A;CDK5;STX1A;PACSIN1
GO_Biological_Process_2023,Carboxylic Acid Transport (GO:0046942),6/53,0.6813352936800735,0.9999961907768526,0,0,0.876055652932346,0.3361432015312388,SLC7A5;SLC38A1;SLC16A6;SLC6A11;SLC16A3;SLC38A5
GO_Biological_Process_2023,Cellular Response To Alcohol (GO:0097306),6/53,0.6813352936800735,0.9999961907768526,0,0,0.876055652932346,0.3361432015312388,BLM;RAD51;CDH1;TNFSF4;BRCA1;SLC5A5
GO_Biological_Process_2023,mRNA Stabilization (GO:0048255),6/53,0.6813352936800735,0.9999961907768526,0,0,0.876055652932346,0.3361432015312388,BOLL;RBM47;GDNF;SLC11A1;E2F1;IGF2BP1
GO_Biological_Process_2023,Positive Regulation Of Chemokine Production (GO:0032722),6/53,0.6813352936800735,0.9999961907768526,0,0,0.876055652932346,0.3361432015312388,PYCARD;IFNG;CLEC7A;OAS3;TNFSF4;IL18
GO_Biological_Process_2023,Protein Homooligomerization (GO:0051260),15/129,0.6841633721704669,0.9999961907768526,0,0,0.9026794636908728,0.34261970084014,GBP5;TRIM72;POLQ;BLM;FOXM1;COMP;PYCARD;CALHM1;TDO2;BEND3;HPRT1;TK1;ECT2;AMH;SAMD1
GO_Biological_Process_2023,Amino Acid Import Across Plasma Membrane (GO:0089718),3/27,0.6852972385120949,0.9999961907768526,0,0,0.8579232283464567,0.3242114271742333,SLC7A5;SLC6A9;SLC38A5
GO_Biological_Process_2023,Cardiac Muscle Cell Differentiation (GO:0055007),3/27,0.6852972385120949,0.9999961907768526,0,0,0.8579232283464567,0.3242114271742333,GREM1;WT1;MYH6
GO_Biological_Process_2023,Cortical Cytoskeleton Organization (GO:0030865),3/27,0.6852972385120949,0.9999961907768526,0,0,0.8579232283464567,0.3242114271742333,RAC3;EZR;LLGL2
GO_Biological_Process_2023,Glycerophospholipid Catabolic Process (GO:0046475),3/27,0.6852972385120949,0.9999961907768526,0,0,0.8579232283464567,0.3242114271742333,PLA2G4F;PLA2G4D;GDPD1
GO_Biological_Process_2023,Myeloid Cell Development (GO:0061515),3/27,0.6852972385120949,0.9999961907768526,0,0,0.8579232283464567,0.3242114271742333,ATP6AP1;SRC;MYB
GO_Biological_Process_2023,Positive Regulation Of Filopodium Assembly (GO:0051491),3/27,0.6852972385120949,0.9999961907768526,0,0,0.8579232283464567,0.3242114271742333,MIEN1;PLPPR5;NEURL1
GO_Biological_Process_2023,Regulation Of Catecholamine Secretion (GO:0050433),3/27,0.6852972385120949,0.9999961907768526,0,0,0.8579232283464567,0.3242114271742333,SYT5;SYT13;STX1A
GO_Biological_Process_2023,3'-UTR-mediated mRNA Stabilization (GO:0070935),2/18,0.6868898255591639,0.9999961907768526,0,0,0.8579791420700512,0.3222409815977462,RBM47;BOLL
GO_Biological_Process_2023,Associative Learning (GO:0008306),2/18,0.6868898255591639,0.9999961907768526,0,0,0.8579791420700512,0.3222409815977462,BRSK1;SHANK1
GO_Biological_Process_2023,Cardiac Atrium Morphogenesis (GO:0003209),2/18,0.6868898255591639,0.9999961907768526,0,0,0.8579791420700512,0.3222409815977462,GATA4;MYH6
GO_Biological_Process_2023,Detection Of Mechanical Stimulus (GO:0050982),2/18,0.6868898255591639,0.9999961907768526,0,0,0.8579791420700512,0.3222409815977462,CDH2;LHFPL5
GO_Biological_Process_2023,Intracellular Sodium Ion Homeostasis (GO:0006883),2/18,0.6868898255591639,0.9999961907768526,0,0,0.8579791420700512,0.3222409815977462,TMPRSS4;ATP1A3
GO_Biological_Process_2023,Melanosome Assembly (GO:1903232),2/18,0.6868898255591639,0.9999961907768526,0,0,0.8579791420700512,0.3222409815977462,AP1S1;AP1S3
GO_Biological_Process_2023,Mitotic Cytokinetic Process (GO:1902410),2/18,0.6868898255591639,0.9999961907768526,0,0,0.8579791420700512,0.3222409815977462,CHMP4C;KIF20A
GO_Biological_Process_2023,Myoblast Fusion (GO:0007520),2/18,0.6868898255591639,0.9999961907768526,0,0,0.8579791420700512,0.3222409815977462,CACNA1H;KCNH1
GO_Biological_Process_2023,Negative Regulation Of T Cell Receptor Signaling Pathway (GO:0050860),2/18,0.6868898255591639,0.9999961907768526,0,0,0.8579791420700512,0.3222409815977462,SLA2;EZR
GO_Biological_Process_2023,Negative Regulation Of Viral Entry Into Host Cell (GO:0046597),2/18,0.6868898255591639,0.9999961907768526,0,0,0.8579791420700512,0.3222409815977462,LRRC15;TRIM11
GO_Biological_Process_2023,Neuron Fate Commitment (GO:0048663),2/18,0.6868898255591639,0.9999961907768526,0,0,0.8579791420700512,0.3222409815977462,ISL2;POU4F1
GO_Biological_Process_2023,Positive Regulation Of NLRP3 Inflammasome Complex Assembly (GO:1900227),2/18,0.6868898255591639,0.9999961907768526,0,0,0.8579791420700512,0.3222409815977462,GBP5;DEPDC1B
GO_Biological_Process_2023,Positive Regulation Of Cyclin-Dependent Protein Kinase Activity (GO:1904031),2/18,0.6868898255591639,0.9999961907768526,0,0,0.8579791420700512,0.3222409815977462,PSRC1;TTBK1
GO_Biological_Process_2023,Positive Regulation Of Establishment Of Protein Localization (GO:1904951),2/18,0.6868898255591639,0.9999961907768526,0,0,0.8579791420700512,0.3222409815977462,CCT3;CCT5
GO_Biological_Process_2023,Positive Regulation Of Neuroblast Proliferation (GO:0002052),2/18,0.6868898255591639,0.9999961907768526,0,0,0.8579791420700512,0.3222409815977462,VCAN;HAPLN1
GO_Biological_Process_2023,Positive Regulation Of Response To Endoplasmic Reticulum Stress (GO:1905898),2/18,0.6868898255591639,0.9999961907768526,0,0,0.8579791420700512,0.3222409815977462,PMAIP1;BAK1
GO_Biological_Process_2023,Positive Regulation Of Stress-Activated Protein Kinase Signaling Cascade (GO:0070304),2/18,0.6868898255591639,0.9999961907768526,0,0,0.8579791420700512,0.3222409815977462,NOD2;INAVA
GO_Biological_Process_2023,Positive Regulation Of Triglyceride Metabolic Process (GO:0090208),2/18,0.6868898255591639,0.9999961907768526,0,0,0.8579791420700512,0.3222409815977462,APOC2;MFSD2A
GO_Biological_Process_2023,Protein Autoprocessing (GO:0016540),2/18,0.6868898255591639,0.9999961907768526,0,0,0.8579791420700512,0.3222409815977462,F12;MYRFL
GO_Biological_Process_2023,Protein Import Into Mitochondrial Matrix (GO:0030150),2/18,0.6868898255591639,0.9999961907768526,0,0,0.8579791420700512,0.3222409815977462,TOMM40;TIMM17A
GO_Biological_Process_2023,Regulation Of Cell-Cell Adhesion Mediated By Cadherin (GO:2000047),2/18,0.6868898255591639,0.9999961907768526,0,0,0.8579791420700512,0.3222409815977462,FOXA1;EPCAM
GO_Biological_Process_2023,Regulation Of Epidermal Cell Differentiation (GO:0045604),2/18,0.6868898255591639,0.9999961907768526,0,0,0.8579791420700512,0.3222409815977462,IL20;KDF1
GO_Biological_Process_2023,Regulation Of Exosomal Secretion (GO:1903541),2/18,0.6868898255591639,0.9999961907768526,0,0,0.8579791420700512,0.3222409815977462,IFNG;SDC1
GO_Biological_Process_2023,Regulation Of Synaptic Vesicle Exocytosis (GO:2000300),2/18,0.6868898255591639,0.9999961907768526,0,0,0.8579791420700512,0.3222409815977462,SLC4A8;RIMS4
GO_Biological_Process_2023,Response To Axon Injury (GO:0048678),2/18,0.6868898255591639,0.9999961907768526,0,0,0.8579791420700512,0.3222409815977462,RTN4RL2;NREP
GO_Biological_Process_2023,Response To Ethanol (GO:0045471),2/18,0.6868898255591639,0.9999961907768526,0,0,0.8579791420700512,0.3222409815977462,TH;DRD4
GO_Biological_Process_2023,Vesicle Transport Along Actin Filament (GO:0030050),2/18,0.6868898255591639,0.9999961907768526,0,0,0.8579791420700512,0.3222409815977462,MYO5B;MYO19
GO_Biological_Process_2023,"DNA Damage Response, Signal Transduction By P53 Class Mediator (GO:0030330)",4/36,0.6884799442326116,0.9999961907768526,0,0,0.857867270578968,0.3202153361955183,MUC1;FOXM1;GTSE1;E2F7
GO_Biological_Process_2023,Neural Crest Cell Migration (GO:0001755),4/36,0.6884799442326116,0.9999961907768526,0,0,0.857867270578968,0.3202153361955183,SEMA4A;SEMA7A;GDNF;FN1
GO_Biological_Process_2023,Regulation Of T Cell Activation (GO:0050863),7/62,0.6887243599872381,0.9999961907768526,0,0,0.8733438485804417,0.3256822755334767,PYCARD;IL4I1;SIRPG;TNFSF11;ILDR2;TIGIT;CYRIB
GO_Biological_Process_2023,Defense Response To Bacterium (GO:0042742),24/204,0.6899840349311008,0.9999961907768526,0,0,0.9144898769352918,0.3393551398415627,GSDMC;H2BC8;RNASE10;SLC11A1;SERPINE1;IL18;ISG15;NOD2;RNASE2;LYZ;CXCL13;WFDC3;PYCARD;H2BC12;H2BC12L;OAS2;H2BC21;PRB3;OAS3;H2BC11;SLAMF8;IL12B;S100A14;CAMP
GO_Biological_Process_2023,Metal Ion Transport (GO:0030001),20/171,0.6899951164790957,0.9999961907768526,0,0,0.9085158265808864,0.3371236573168974,SLC34A3;CATSPER1;KCNF1;KCNK6;SLC12A3;KCNJ6;KCNJ10;KCNK9;SLC11A1;SLC34A1;CAMK2A;ATP2A1;SLC5A5;NIPAL4;CYP27B1;CACNB3;SLN;KCNK1;RAMP1;KCNH1
GO_Biological_Process_2023,Detection Of Chemical Stimulus Involved In Sensory Perception Of Taste (GO:0050912),5/45,0.6934274098761825,0.9999961907768526,0,0,0.857811268715524,0.3140521828787529,CST2;CST1;TAS2R1;TAS1R3;CST4
GO_Biological_Process_2023,Natural Killer Cell Activation (GO:0030101),5/45,0.6934274098761825,0.9999961907768526,0,0,0.857811268715524,0.3140521828787529,FCGR3A;IL21R;IL12B;RASGRP1;ULBP1
GO_Biological_Process_2023,Negative Regulation Of Neuron Death (GO:1901215),10/88,0.695886415444383,0.9999961907768526,0,0,0.8796197880287893,0.3189227157774569,SIX4;ERBB3;CDK5;GDNF;UNC5B;F2R;KIF14;VSTM2L;TRAF2;POU4F1
GO_Biological_Process_2023,Regulation Of Double-Strand Break Repair (GO:2000779),10/88,0.695886415444383,0.9999961907768526,0,0,0.8796197880287893,0.3189227157774569,OTUB2;RAD51AP1;PPP4C;RAD51;CHEK1;DPF1;ACTL6A;TIMELESS;SPIRE2;FOXM1
GO_Biological_Process_2023,Myeloid Leukocyte Differentiation (GO:0002573),8/71,0.6959041001808207,0.9999961907768526,0,0,0.8713064713064713,0.3158864238262037,DCSTAMP;PARP1;IFNG;TNFSF11;GATA3;MMP9;DHRS2;OSCAR
GO_Biological_Process_2023,Regulation Of Hydrolase Activity (GO:0051336),8/71,0.6959041001808207,0.9999961907768526,0,0,0.8713064713064713,0.3158864238262037,VAV3;FGD6;CAMK2A;RAP1GAP;GPR137B;VAV2;PLXNA3;PROM2
GO_Biological_Process_2023,Positive Regulation Of Leukocyte Chemotaxis (GO:0002690),6/54,0.6990887570800286,0.9999961907768526,0,0,0.8577552227039811,0.3070571282065621,F7;CXCL10;EDN2;SERPINE1;S100A14;S100A7
GO_Biological_Process_2023,Regulation Of Exocytosis (GO:0017157),6/54,0.6990887570800286,0.9999961907768526,0,0,0.8577552227039811,0.3070571282065621,RAB3A;RAB26;RAB3D;CADPS;CPLX2;STXBP5L
GO_Biological_Process_2023,Regulation Of Lipid Metabolic Process (GO:0019216),6/54,0.6990887570800286,0.9999961907768526,0,0,0.8577552227039811,0.3070571282065621,DISP3;MBOAT7;APOC2;FGFR4;MACROH2A1;CERS2
GO_Biological_Process_2023,Regulation Of Smooth Muscle Cell Proliferation (GO:0048660),6/54,0.6990887570800286,0.9999961907768526,0,0,0.8577552227039811,0.3070571282065621,IFNG;STAT1;IL18;CCN4;IL12B;NOX1
GO_Biological_Process_2023,Positive Regulation Of Cell Population Proliferation (GO:0008284),58/483,0.7017218797936328,0.9999961907768526,0,0,0.9353589773937744,0.3313211135451809,EPO;RTKN2;SIRPG;KIF14;SCX;FOXM1;HOXC10;FGF5;ESM1;SIX2;CCN4;FBXO5;AMH;SOX4;IL11;EDN2;ACTL6A;F2R;IL18;SOX11;NCCRP1;PAX2;NME1;CCNA2;GREM1;DISP3;SAPCD2;IFNG;CEACAM6;BIRC5;KIF20B;MAZ;LEF1;TTK;NOD2;TERT;RAB25;ERBB3;EPCAM;CLEC7A;NACC1;E2F1;PRAME;CGA;WNT2;STAT1;FN1;HMGA2;CDC7;MAPK15;GDNF;PRC1;TNFSF4;INSM1;FGFR4;FGFR3;NOX1;EZH2
GO_Biological_Process_2023,Calcium Ion Transmembrane Transport (GO:0070588),9/80,0.7028423806993596,0.9999961907768526,0,0,0.8697155307535823,0.3066813707107573,SLC24A2;CACNB3;ATP2A1;ATP2C2;CACNG1;TRPM5;MCOLN2;SLC8A2;GRIN2D
GO_Biological_Process_2023,Glycoprotein Biosynthetic Process (GO:0009101),9/80,0.7028423806993596,0.9999961907768526,0,0,0.8697155307535823,0.3066813707107573,FUT5;CANT1;FUT7;CHST11;PMM2;ALG3;GAL3ST2;FUT2;BMPR1B
GO_Biological_Process_2023,Regulation Of Protein Localization To Plasma Membrane (GO:1903076),9/80,0.7028423806993596,0.9999961907768526,0,0,0.8697155307535823,0.3066813707107573,VAMP8;LRRC15;IFNG;CDK5;ARHGEF16;AGR2;AKAP5;PLS1;NKD2
GO_Biological_Process_2023,Defense Response To Virus (GO:0051607),22/189,0.7041533466484702,0.9999961907768526,0,0,0.9035004168576768,0.316911015292734,GBP5;GARIN5A;STAT1;MX1;IFI6;ACOD1;ISG15;RNASE2;OASL;PYCARD;CXCL10;AIM2;EXOSC4;IFNL1;OAS2;OAS3;IRF7;IGF2BP1;PMAIP1;TRIM11;APOBEC3A;APOBEC3B
GO_Biological_Process_2023,"DNA Damage Response, Signal Transduction Resulting In Transcription (GO:0042772)",1/9,0.7060023478252847,0.9999961907768526,0,0,0.8580350118017309,0.2987134911898083,MUC1
GO_Biological_Process_2023,G Protein-Coupled Serotonin Receptor Signaling Pathway (GO:0098664),1/9,0.7060023478252847,0.9999961907768526,0,0,0.8580350118017309,0.2987134911898083,HTR1D
GO_Biological_Process_2023,Golgi Inheritance (GO:0048313),1/9,0.7060023478252847,0.9999961907768526,0,0,0.8580350118017309,0.2987134911898083,YWHAZ
GO_Biological_Process_2023,Golgi Lumen Acidification (GO:0061795),1/9,0.7060023478252847,0.9999961907768526,0,0,0.8580350118017309,0.2987134911898083,ATP6V0B
GO_Biological_Process_2023,SNARE Complex Assembly (GO:0035493),1/9,0.7060023478252847,0.9999961907768526,0,0,0.8580350118017309,0.2987134911898083,VAMP8
GO_Biological_Process_2023,Wnt Signaling Pathway Involved In Midbrain Dopaminergic Neuron Differentiation (GO:1904953),1/9,0.7060023478252847,0.9999961907768526,0,0,0.8580350118017309,0.2987134911898083,WNT2
GO_Biological_Process_2023,Amino Sugar Biosynthetic Process (GO:0046349),1/9,0.7060023478252847,0.9999961907768526,0,0,0.8580350118017309,0.2987134911898083,GNPNAT1
GO_Biological_Process_2023,Arachidonate Transport (GO:1903963),1/9,0.7060023478252847,0.9999961907768526,0,0,0.8580350118017309,0.2987134911898083,DRD4
GO_Biological_Process_2023,Arachidonic Acid Secretion (GO:0050482),1/9,0.7060023478252847,0.9999961907768526,0,0,0.8580350118017309,0.2987134911898083,DRD4
GO_Biological_Process_2023,Cell Differentiation In Spinal Cord (GO:0021515),1/9,0.7060023478252847,0.9999961907768526,0,0,0.8580350118017309,0.2987134911898083,LHX1
GO_Biological_Process_2023,Cellular Response To Oxygen Levels (GO:0071453),1/9,0.7060023478252847,0.9999961907768526,0,0,0.8580350118017309,0.2987134911898083,ATP6V1G1
GO_Biological_Process_2023,Cellular Response To Prostaglandin Stimulus (GO:0071379),1/9,0.7060023478252847,0.9999961907768526,0,0,0.8580350118017309,0.2987134911898083,TNFSF4
GO_Biological_Process_2023,Cellular Response To Purine-Containing Compound (GO:0071415),1/9,0.7060023478252847,0.9999961907768526,0,0,0.8580350118017309,0.2987134911898083,P2RY6
GO_Biological_Process_2023,Dopamine Transport (GO:0015872),1/9,0.7060023478252847,0.9999961907768526,0,0,0.8580350118017309,0.2987134911898083,MAPK15
GO_Biological_Process_2023,Dosage Compensation (GO:0007549),1/9,0.7060023478252847,0.9999961907768526,0,0,0.8580350118017309,0.2987134911898083,MACROH2A1
GO_Biological_Process_2023,Ectoderm Development (GO:0007398),1/9,0.7060023478252847,0.9999961907768526,0,0,0.8580350118017309,0.2987134911898083,LHX1
GO_Biological_Process_2023,Error-Prone Translesion Synthesis (GO:0042276),1/9,0.7060023478252847,0.9999961907768526,0,0,0.8580350118017309,0.2987134911898083,POLE2
GO_Biological_Process_2023,Forelimb Morphogenesis (GO:0035136),1/9,0.7060023478252847,0.9999961907768526,0,0,0.8580350118017309,0.2987134911898083,TFAP2A
GO_Biological_Process_2023,Glycosphingolipid Catabolic Process (GO:0046479),1/9,0.7060023478252847,0.9999961907768526,0,0,0.8580350118017309,0.2987134911898083,NEU4
GO_Biological_Process_2023,Granulocyte Migration (GO:0097530),1/9,0.7060023478252847,0.9999961907768526,0,0,0.8580350118017309,0.2987134911898083,CD177
GO_Biological_Process_2023,Histone Methylation (GO:0016571),1/9,0.7060023478252847,0.9999961907768526,0,0,0.8580350118017309,0.2987134911898083,SMYD3
GO_Biological_Process_2023,Histone Ubiquitination (GO:0016574),1/9,0.7060023478252847,0.9999961907768526,0,0,0.8580350118017309,0.2987134911898083,UHRF1
GO_Biological_Process_2023,Homologous Recombination (GO:0035825),1/9,0.7060023478252847,0.9999961907768526,0,0,0.8580350118017309,0.2987134911898083,BRCA1
GO_Biological_Process_2023,Hormone Transport (GO:0009914),1/9,0.7060023478252847,0.9999961907768526,0,0,0.8580350118017309,0.2987134911898083,SLC7A5
GO_Biological_Process_2023,Insulin Metabolic Process (GO:1901142),1/9,0.7060023478252847,0.9999961907768526,0,0,0.8580350118017309,0.2987134911898083,SLC30A8
GO_Biological_Process_2023,Iron Ion Transmembrane Transport (GO:0034755),1/9,0.7060023478252847,0.9999961907768526,0,0,0.8580350118017309,0.2987134911898083,ABCC5
GO_Biological_Process_2023,Leucine Transport (GO:0015820),1/9,0.7060023478252847,0.9999961907768526,0,0,0.8580350118017309,0.2987134911898083,SLC7A5
GO_Biological_Process_2023,Lipid Import Into Cell (GO:0140354),1/9,0.7060023478252847,0.9999961907768526,0,0,0.8580350118017309,0.2987134911898083,STRA6
GO_Biological_Process_2023,Long-Chain Fatty Acid Import Into Cell (GO:0044539),1/9,0.7060023478252847,0.9999961907768526,0,0,0.8580350118017309,0.2987134911898083,SLC2A1
GO_Biological_Process_2023,Microtubule Anchoring (GO:0034453),1/9,0.7060023478252847,0.9999961907768526,0,0,0.8580350118017309,0.2987134911898083,CAMSAP3
GO_Biological_Process_2023,Mitochondrial Ribosome Assembly (GO:0061668),1/9,0.7060023478252847,0.9999961907768526,0,0,0.8580350118017309,0.2987134911898083,MTERF3
GO_Biological_Process_2023,Mitral Valve Morphogenesis (GO:0003183),1/9,0.7060023478252847,0.9999961907768526,0,0,0.8580350118017309,0.2987134911898083,SOX4
GO_Biological_Process_2023,Morphogenesis Of An Epithelial Sheet (GO:0002011),1/9,0.7060023478252847,0.9999961907768526,0,0,0.8580350118017309,0.2987134911898083,SOX11
GO_Biological_Process_2023,Multivesicular Body-Lysosome Fusion (GO:0061763),1/9,0.7060023478252847,0.9999961907768526,0,0,0.8580350118017309,0.2987134911898083,CHMP4C
GO_Biological_Process_2023,Muscle Cell Fate Commitment (GO:0042693),1/9,0.7060023478252847,0.9999961907768526,0,0,0.8580350118017309,0.2987134911898083,WT1
GO_Biological_Process_2023,Muscle Cell Migration (GO:0014812),1/9,0.7060023478252847,0.9999961907768526,0,0,0.8580350118017309,0.2987134911898083,DDR1
GO_Biological_Process_2023,Myelin Maintenance (GO:0043217),1/9,0.7060023478252847,0.9999961907768526,0,0,0.8580350118017309,0.2987134911898083,CXCR4
GO_Biological_Process_2023,Negative Regulation Of Bone Resorption (GO:0045779),1/9,0.7060023478252847,0.9999961907768526,0,0,0.8580350118017309,0.2987134911898083,GPR137B
GO_Biological_Process_2023,Negative Regulation Of Cell-Cell Adhesion Mediated By Cadherin (GO:2000048),1/9,0.7060023478252847,0.9999961907768526,0,0,0.8580350118017309,0.2987134911898083,EPCAM
GO_Biological_Process_2023,Negative Regulation Of Hormone Secretion (GO:0046888),1/9,0.7060023478252847,0.9999961907768526,0,0,0.8580350118017309,0.2987134911898083,IL11
GO_Biological_Process_2023,Negative Regulation Of Leukocyte Migration (GO:0002686),1/9,0.7060023478252847,0.9999961907768526,0,0,0.8580350118017309,0.2987134911898083,SLAMF8
GO_Biological_Process_2023,Negative Regulation Of Protein Exit From Endoplasmic Reticulum (GO:0070862),1/9,0.7060023478252847,0.9999961907768526,0,0,0.8580350118017309,0.2987134911898083,DERL3
GO_Biological_Process_2023,Nuclear mRNA Surveillance (GO:0071028),1/9,0.7060023478252847,0.9999961907768526,0,0,0.8580350118017309,0.2987134911898083,EXOSC4
GO_Biological_Process_2023,Nucleoside Metabolic Process (GO:0009116),1/9,0.7060023478252847,0.9999961907768526,0,0,0.8580350118017309,0.2987134911898083,TYMP
GO_Biological_Process_2023,Oligosaccharide Catabolic Process (GO:0009313),1/9,0.7060023478252847,0.9999961907768526,0,0,0.8580350118017309,0.2987134911898083,NEU4
GO_Biological_Process_2023,Organic Hydroxy Compound Catabolic Process (GO:1901616),1/9,0.7060023478252847,0.9999961907768526,0,0,0.8580350118017309,0.2987134911898083,HSD17B6
GO_Biological_Process_2023,Pinocytosis (GO:0006907),1/9,0.7060023478252847,0.9999961907768526,0,0,0.8580350118017309,0.2987134911898083,PYCARD
GO_Biological_Process_2023,Positive Regulation Of RIG-I Signaling Pathway (GO:1900246),1/9,0.7060023478252847,0.9999961907768526,0,0,0.8580350118017309,0.2987134911898083,OASL
GO_Biological_Process_2023,Positive Regulation Of Acrosome Reaction (GO:2000344),1/9,0.7060023478252847,0.9999961907768526,0,0,0.8580350118017309,0.2987134911898083,CCDC87
GO_Biological_Process_2023,Positive Regulation Of Keratinocyte Migration (GO:0051549),1/9,0.7060023478252847,0.9999961907768526,0,0,0.8580350118017309,0.2987134911898083,MMP9
GO_Biological_Process_2023,Positive Regulation Of Leukocyte Apoptotic Process (GO:2000108),1/9,0.7060023478252847,0.9999961907768526,0,0,0.8580350118017309,0.2987134911898083,CDKN2A
GO_Biological_Process_2023,Positive Regulation Of Lipase Activity (GO:0060193),1/9,0.7060023478252847,0.9999961907768526,0,0,0.8580350118017309,0.2987134911898083,FGFR3
GO_Biological_Process_2023,Positive Regulation Of Mesenchymal Cell Proliferation (GO:0002053),1/9,0.7060023478252847,0.9999961907768526,0,0,0.8580350118017309,0.2987134911898083,STAT1
GO_Biological_Process_2023,Positive Regulation Of Monocyte Differentiation (GO:0045657),1/9,0.7060023478252847,0.9999961907768526,0,0,0.8580350118017309,0.2987134911898083,DCSTAMP
GO_Biological_Process_2023,"Positive Regulation Of Phagocytosis, Engulfment (GO:0060100)",1/9,0.7060023478252847,0.9999961907768526,0,0,0.8580350118017309,0.2987134911898083,RAB31
GO_Biological_Process_2023,Positive Regulation Of Protein Kinase A Signaling (GO:0010739),1/9,0.7060023478252847,0.9999961907768526,0,0,0.8580350118017309,0.2987134911898083,AMH
GO_Biological_Process_2023,Positive Regulation Of Tissue Remodeling (GO:0034105),1/9,0.7060023478252847,0.9999961907768526,0,0,0.8580350118017309,0.2987134911898083,IL18
GO_Biological_Process_2023,Protein O-linked Glycosylation Via Threonine (GO:0018243),1/9,0.7060023478252847,0.9999961907768526,0,0,0.8580350118017309,0.2987134911898083,GALNT6
GO_Biological_Process_2023,Protein Localization To Microtubule (GO:0035372),1/9,0.7060023478252847,0.9999961907768526,0,0,0.8580350118017309,0.2987134911898083,KIF20B
GO_Biological_Process_2023,Protein Localization To Microtubule Cytoskeleton (GO:0072698),1/9,0.7060023478252847,0.9999961907768526,0,0,0.8580350118017309,0.2987134911898083,KIF20B
GO_Biological_Process_2023,Regulation Of PERK-mediated Unfolded Protein Response (GO:1903897),1/9,0.7060023478252847,0.9999961907768526,0,0,0.8580350118017309,0.2987134911898083,AGR2
GO_Biological_Process_2023,Regulation Of Actin Filament-Based Movement (GO:1903115),1/9,0.7060023478252847,0.9999961907768526,0,0,0.8580350118017309,0.2987134911898083,MYLK2
GO_Biological_Process_2023,Regulation Of Bile Acid Biosynthetic Process (GO:0070857),1/9,0.7060023478252847,0.9999961907768526,0,0,0.8580350118017309,0.2987134911898083,FGFR4
GO_Biological_Process_2023,Regulation Of Cell-Cell Adhesion Mediated By Integrin (GO:0033632),1/9,0.7060023478252847,0.9999961907768526,0,0,0.8580350118017309,0.2987134911898083,CXCL13
GO_Biological_Process_2023,Regulation Of Cellular Extravasation (GO:0002691),1/9,0.7060023478252847,0.9999961907768526,0,0,0.8580350118017309,0.2987134911898083,FUT7
GO_Biological_Process_2023,Regulation Of Complement Activation (GO:0030449),1/9,0.7060023478252847,0.9999961907768526,0,0,0.8580350118017309,0.2987134911898083,SUSD4
GO_Biological_Process_2023,Regulation Of Complement-Dependent Cytotoxicity (GO:1903659),1/9,0.7060023478252847,0.9999961907768526,0,0,0.8580350118017309,0.2987134911898083,IL11
GO_Biological_Process_2023,Regulation Of Granulocyte Differentiation (GO:0030852),1/9,0.7060023478252847,0.9999961907768526,0,0,0.8580350118017309,0.2987134911898083,LEF1
GO_Biological_Process_2023,Regulation Of Hair Cycle (GO:0042634),1/9,0.7060023478252847,0.9999961907768526,0,0,0.8580350118017309,0.2987134911898083,TERT
GO_Biological_Process_2023,Regulation Of High Voltage-Gated Calcium Channel Activity (GO:1901841),1/9,0.7060023478252847,0.9999961907768526,0,0,0.8580350118017309,0.2987134911898083,CACNB3
GO_Biological_Process_2023,Regulation Of Mast Cell Activation (GO:0033003),1/9,0.7060023478252847,0.9999961907768526,0,0,0.8580350118017309,0.2987134911898083,NECTIN2
GO_Biological_Process_2023,Regulation Of Mast Cell Activation Involved In Immune Response (GO:0033006),1/9,0.7060023478252847,0.9999961907768526,0,0,0.8580350118017309,0.2987134911898083,STXBP2
GO_Biological_Process_2023,Regulation Of Myeloid Leukocyte Mediated Immunity (GO:0002886),1/9,0.7060023478252847,0.9999961907768526,0,0,0.8580350118017309,0.2987134911898083,STXBP2
GO_Biological_Process_2023,Regulation Of Phospholipid Metabolic Process (GO:1903725),1/9,0.7060023478252847,0.9999961907768526,0,0,0.8580350118017309,0.2987134911898083,MFSD2A
GO_Biological_Process_2023,Regulation Of Postsynaptic Neurotransmitter Receptor Activity (GO:0098962),1/9,0.7060023478252847,0.9999961907768526,0,0,0.8580350118017309,0.2987134911898083,NPTX2
GO_Biological_Process_2023,Regulation Of Receptor Binding (GO:1900120),1/9,0.7060023478252847,0.9999961907768526,0,0,0.8580350118017309,0.2987134911898083,MMP9
GO_Biological_Process_2023,Regulation Of Tau-Protein Kinase Activity (GO:1902947),1/9,0.7060023478252847,0.9999961907768526,0,0,0.8580350118017309,0.2987134911898083,IFNG
GO_Biological_Process_2023,Response To Histamine (GO:0034776),1/9,0.7060023478252847,0.9999961907768526,0,0,0.8580350118017309,0.2987134911898083,DRD4
GO_Biological_Process_2023,Smooth Muscle Tissue Development (GO:0048745),1/9,0.7060023478252847,0.9999961907768526,0,0,0.8580350118017309,0.2987134911898083,STRA6
GO_Biological_Process_2023,Synaptic Vesicle Fusion To Presynaptic Active Zone Membrane (GO:0031629),1/9,0.7060023478252847,0.9999961907768526,0,0,0.8580350118017309,0.2987134911898083,STX1A
GO_Biological_Process_2023,Telomere Maintenance Via Recombination (GO:0000722),1/9,0.7060023478252847,0.9999961907768526,0,0,0.8580350118017309,0.2987134911898083,RAD51
GO_Biological_Process_2023,Telomeric Loop Disassembly (GO:0090657),1/9,0.7060023478252847,0.9999961907768526,0,0,0.8580350118017309,0.2987134911898083,RECQL4
GO_Biological_Process_2023,Transferrin Transport (GO:0033572),1/9,0.7060023478252847,0.9999961907768526,0,0,0.8580350118017309,0.2987134911898083,TFR2
GO_Biological_Process_2023,Vasoconstriction (GO:0042310),1/9,0.7060023478252847,0.9999961907768526,0,0,0.8580350118017309,0.2987134911898083,EDN2
GO_Biological_Process_2023,Vesicle Fusion With Vacuole (GO:0051469),1/9,0.7060023478252847,0.9999961907768526,0,0,0.8580350118017309,0.2987134911898083,CHMP4C
GO_Biological_Process_2023,Positive Regulation Of Cell Migration (GO:0030335),32/272,0.7088226228371498,0.9999961907768526,0,0,0.9142174432497012,0.3146278993646099,RET;GRB7;LRRC15;CEMIP;SEMA7A;CCL11;SRC;MAZ;LEF1;CXCR4;MIEN1;CCL7;RAB25;CLEC7A;CCN4;FBXO5;CGA;S100A11;SEMA4A;TNFRSF18;F2R;FN1;COL1A1;CCNA2;SHTN1;F7;CLDN4;CLDN3;IFNG;CEACAM6;KIF20B;SMIM22
GO_Biological_Process_2023,Golgi To Plasma Membrane Protein Transport (GO:0043001),3/28,0.7093950881521011,0.9999961907768526,0,0,0.8235590551181102,0.2827629571565436,KRT18;RAB31;RAB26
GO_Biological_Process_2023,Apoptotic Cell Clearance (GO:0043277),3/28,0.7093950881521011,0.9999961907768526,0,0,0.8235590551181102,0.2827629571565436,XKR7;XKR9;RAC3
GO_Biological_Process_2023,Cellular Response To Osmotic Stress (GO:0071470),3/28,0.7093950881521011,0.9999961907768526,0,0,0.8235590551181102,0.2827629571565436,PYCARD;EPO;LRRC8E
GO_Biological_Process_2023,Determination Of Bilateral Symmetry (GO:0009855),3/28,0.7093950881521011,0.9999961907768526,0,0,0.8235590551181102,0.2827629571565436,STIL;FOXJ1;PIERCE1
GO_Biological_Process_2023,Negative Regulation Of Cation Channel Activity (GO:2001258),3/28,0.7093950881521011,0.9999961907768526,0,0,0.8235590551181102,0.2827629571565436,EPO;MMP9;DRD4
GO_Biological_Process_2023,Negative Regulation Of Cytoskeleton Organization (GO:0051494),3/28,0.7093950881521011,0.9999961907768526,0,0,0.8235590551181102,0.2827629571565436,CYRIB;FKBP4;SHANK1
GO_Biological_Process_2023,Negative Regulation Of Signaling (GO:0023057),3/28,0.7093950881521011,0.9999961907768526,0,0,0.8235590551181102,0.2827629571565436,IL11;SRMS;ERBB3
GO_Biological_Process_2023,Negative Regulation Of Type II Interferon Production (GO:0032689),3/28,0.7093950881521011,0.9999961907768526,0,0,0.8235590551181102,0.2827629571565436,TNFSF4;INHBA;FOXP3
GO_Biological_Process_2023,Phospholipid Catabolic Process (GO:0009395),3/28,0.7093950881521011,0.9999961907768526,0,0,0.8235590551181102,0.2827629571565436,PLA2G4F;PLA2G4D;GDPD1
GO_Biological_Process_2023,Regulation Of Calcium Ion-Dependent Exocytosis (GO:0017158),3/28,0.7093950881521011,0.9999961907768526,0,0,0.8235590551181102,0.2827629571565436,SYT5;SYT13;STX1A
GO_Biological_Process_2023,Regulation Of Monoatomic Ion Transport (GO:0043269),3/28,0.7093950881521011,0.9999961907768526,0,0,0.8235590551181102,0.2827629571565436,CALHM1;KCNJ6;KCNJ10
GO_Biological_Process_2023,Regulation Of Protein Localization To Membrane (GO:1905475),3/28,0.7093950881521011,0.9999961907768526,0,0,0.8235590551181102,0.2827629571565436,VAMP8;CDK5;GPC2
GO_Biological_Process_2023,Regulation Of Protein Transport (GO:0051223),3/28,0.7093950881521011,0.9999961907768526,0,0,0.8235590551181102,0.2827629571565436,RHBDF2;STXBP5L;LLGL2
GO_Biological_Process_2023,Vascular Endothelial Growth Factor Receptor Signaling Pathway (GO:0048010),3/28,0.7093950881521011,0.9999961907768526,0,0,0.8235590551181102,0.2827629571565436,SRC;SULF1;VAV2
GO_Biological_Process_2023,Aortic Valve Morphogenesis (GO:0003180),4/37,0.7094824929534624,0.9999961907768526,0,0,0.8318235525797558,0.2854980287644094,CDH11;GATA5;GATA4;GATA3
GO_Biological_Process_2023,Axonemal Dynein Complex Assembly (GO:0070286),4/37,0.7094824929534624,0.9999961907768526,0,0,0.8318235525797558,0.2854980287644094,DNAAF3;DNAH8;ZMYND10;DNAAF8
GO_Biological_Process_2023,Negative Regulation Of Endothelial Cell Proliferation (GO:0001937),4/37,0.7094824929534624,0.9999961907768526,0,0,0.8318235525797558,0.2854980287644094,STAT1;SORD;IL12B;SULF1
GO_Biological_Process_2023,Negative Regulation Of Stress-Activated MAPK Cascade (GO:0032873),4/37,0.7094824929534624,0.9999961907768526,0,0,0.8318235525797558,0.2854980287644094,MARVELD3;FOXM1;EZR;ZNF675
GO_Biological_Process_2023,Positive Regulation Of Immune Effector Process (GO:0002699),4/37,0.7094824929534624,0.9999961907768526,0,0,0.8318235525797558,0.2854980287644094,COLEC10;IFNG;TNFSF4;IL12B
GO_Biological_Process_2023,Positive Regulation Of Receptor Signaling Pathway Via STAT (GO:1904894),4/37,0.7094824929534624,0.9999961907768526,0,0,0.8318235525797558,0.2854980287644094,IFNL1;CAMK2A;F2R;OCIAD2
GO_Biological_Process_2023,Regulation Of Cellular Component Biogenesis (GO:0044087),4/37,0.7094824929534624,0.9999961907768526,0,0,0.8318235525797558,0.2854980287644094,HJURP;TRAF2;INSM1;EZR
GO_Biological_Process_2023,Regulation Of Ossification (GO:0030278),4/37,0.7094824929534624,0.9999961907768526,0,0,0.8318235525797558,0.2854980287644094,CYP27B1;SOX11;KREMEN2;NOTUM
GO_Biological_Process_2023,Positive Regulation Of DNA Repair (GO:0045739),10/89,0.7095321310684414,0.9999961907768526,0,0,0.8684353870679187,0.2980031658058393,H2AX;DEPDC1B;PCNA;PARP1;DPF1;ACTL6A;TIMELESS;SPIRE2;BRCA1;FOXM1
GO_Biological_Process_2023,Amino Acid Transport (GO:0006865),5/46,0.712205180854445,0.9999961907768526,0,0,0.8368409925234004,0.2840148232041415,SLC7A5;SLC38A1;SLC7A13;SLC7A11;SLC38A5
GO_Biological_Process_2023,Myofibril Assembly (GO:0030239),5/46,0.712205180854445,0.9999961907768526,0,0,0.8368409925234004,0.2840148232041415,KRT19;SIX4;ACTN2;TNNT1;MYH6
GO_Biological_Process_2023,Positive Regulation Of Peptide Hormone Secretion (GO:0090277),5/46,0.712205180854445,0.9999961907768526,0,0,0.8368409925234004,0.2840148232041415,SLC30A8;TFR2;ILDR1;TNFSF11;SOX4
GO_Biological_Process_2023,Regulation Of Cytokine Production Involved In Inflammatory Response (GO:1900015),5/46,0.712205180854445,0.9999961907768526,0,0,0.8368409925234004,0.2840148232041415,PYCARD;GBP5;CLEC7A;NLRP7;NOD2
GO_Biological_Process_2023,DNA Catabolic Process (GO:0006308),2/19,0.715732598437596,0.9999961907768526,0,0,0.8074634812602727,0.2700550693314467,CECR2;DNASE1L2
GO_Biological_Process_2023,NADP Metabolic Process (GO:0006739),2/19,0.715732598437596,0.9999961907768526,0,0,0.8074634812602727,0.2700550693314467,IDH2;NOX1
GO_Biological_Process_2023,RNA-templated DNA Biosynthetic Process (GO:0006278),2/19,0.715732598437596,0.9999961907768526,0,0,0.8074634812602727,0.2700550693314467,PIF1;TERT
GO_Biological_Process_2023,Atrioventricular Valve Morphogenesis (GO:0003181),2/19,0.715732598437596,0.9999961907768526,0,0,0.8074634812602727,0.2700550693314467,GATA4;SOX4
GO_Biological_Process_2023,Cellular Response To Lectin (GO:1990858),2/19,0.715732598437596,0.9999961907768526,0,0,0.8074634812602727,0.2700550693314467,SRC;CLEC7A
GO_Biological_Process_2023,Chondroitin Sulfate Proteoglycan Biosynthetic Process (GO:0050650),2/19,0.715732598437596,0.9999961907768526,0,0,0.8074634812602727,0.2700550693314467,CHPF;CHST11
GO_Biological_Process_2023,Dopaminergic Neuron Differentiation (GO:0071542),2/19,0.715732598437596,0.9999961907768526,0,0,0.8074634812602727,0.2700550693314467,FOXA1;WNT2
GO_Biological_Process_2023,Gastrulation (GO:0007369),2/19,0.715732598437596,0.9999961907768526,0,0,0.8074634812602727,0.2700550693314467,NAT8B;LHX1
GO_Biological_Process_2023,Insulin Secretion (GO:0030073),2/19,0.715732598437596,0.9999961907768526,0,0,0.8074634812602727,0.2700550693314467,SLC30A8;PTPRN
GO_Biological_Process_2023,Negative Regulation Of Axon Extension Involved In Axon Guidance (GO:0048843),2/19,0.715732598437596,0.9999961907768526,0,0,0.8074634812602727,0.2700550693314467,SEMA4A;SEMA7A
GO_Biological_Process_2023,Negative Regulation Of Calcium Ion Transmembrane Transport (GO:1903170),2/19,0.715732598437596,0.9999961907768526,0,0,0.8074634812602727,0.2700550693314467,SLN;EPO
GO_Biological_Process_2023,Negative Regulation Of Cyclin-Dependent Protein Serine/Threonine Kinase Activity (GO:0045736),2/19,0.715732598437596,0.9999961907768526,0,0,0.8074634812602727,0.2700550693314467,CDKN2A;PLK1
GO_Biological_Process_2023,Negative Regulation Of Fatty Acid Metabolic Process (GO:0045922),2/19,0.715732598437596,0.9999961907768526,0,0,0.8074634812602727,0.2700550693314467,TRIB3;BRCA1
GO_Biological_Process_2023,Negative Regulation Of Telomere Maintenance Via Telomerase (GO:0032211),2/19,0.715732598437596,0.9999961907768526,0,0,0.8074634812602727,0.2700550693314467,PIF1;SRC
GO_Biological_Process_2023,piRNA Processing (GO:0034587),2/19,0.715732598437596,0.9999961907768526,0,0,0.8074634812602727,0.2700550693314467,TDRKH;MAEL
GO_Biological_Process_2023,Regulation Of Behavior (GO:0050795),2/19,0.715732598437596,0.9999961907768526,0,0,0.8074634812602727,0.2700550693314467,AIM2;STRA6
GO_Biological_Process_2023,Regulation Of Early Endosome To Late Endosome Transport (GO:2000641),2/19,0.715732598437596,0.9999961907768526,0,0,0.8074634812602727,0.2700550693314467,SRC;EZR
GO_Biological_Process_2023,Regulation Of Fibroblast Growth Factor Receptor Signaling Pathway (GO:0040036),2/19,0.715732598437596,0.9999961907768526,0,0,0.8074634812602727,0.2700550693314467,CREB3L1;SULF1
GO_Biological_Process_2023,Regulation Of Granulocyte Chemotaxis (GO:0071622),2/19,0.715732598437596,0.9999961907768526,0,0,0.8074634812602727,0.2700550693314467,S100A14;S100A7
GO_Biological_Process_2023,Regulation Of Integrin-Mediated Signaling Pathway (GO:2001044),2/19,0.715732598437596,0.9999961907768526,0,0,0.8074634812602727,0.2700550693314467,SLC2A10;CD177
GO_Biological_Process_2023,Regulation Of Lymphocyte Differentiation (GO:0045619),2/19,0.715732598437596,0.9999961907768526,0,0,0.8074634812602727,0.2700550693314467,IL4I1;SLAMF8
GO_Biological_Process_2023,Regulation Of Megakaryocyte Differentiation (GO:0045652),2/19,0.715732598437596,0.9999961907768526,0,0,0.8074634812602727,0.2700550693314467,H4C9;MYB
GO_Biological_Process_2023,Regulation Of Vascular Endothelial Growth Factor Signaling Pathway (GO:1900746),2/19,0.715732598437596,0.9999961907768526,0,0,0.8074634812602727,0.2700550693314467,SORD;IL12B
GO_Biological_Process_2023,snRNA Processing (GO:0016180),2/19,0.715732598437596,0.9999961907768526,0,0,0.8074634812602727,0.2700550693314467,INTS7;INTS8
GO_Biological_Process_2023,Stimulatory C-type Lectin Receptor Signaling Pathway (GO:0002223),2/19,0.715732598437596,0.9999961907768526,0,0,0.8074634812602727,0.2700550693314467,SRC;CLEC7A
GO_Biological_Process_2023,Superoxide Anion Generation (GO:0042554),2/19,0.715732598437596,0.9999961907768526,0,0,0.8074634812602727,0.2700550693314467,NOXO1;NOX1
GO_Biological_Process_2023,tRNA Metabolic Process (GO:0006399),2/19,0.715732598437596,0.9999961907768526,0,0,0.8074634812602727,0.2700550693314467,POP1;DARS2
GO_Biological_Process_2023,Telomere Maintenance Via Telomerase (GO:0007004),2/19,0.715732598437596,0.9999961907768526,0,0,0.8074634812602727,0.2700550693314467,PIF1;TERT
GO_Biological_Process_2023,Cytokine-Mediated Signaling Pathway (GO:0019221),30/257,0.7203621057787708,0.9999961907768526,0,0,0.9061251536065325,0.297210199987129,CXCL9;CCL11;EPO;SRC;CXCL13;LRP8;OASL;PYCARD;CCL7;IL21R;IL12B;TNFSF11;CCL17;IL11;EDN2;CCL20;STAT1;MX1;IL18;TRAF2;PRLR;CXCL10;CXCL11;AIM2;TRAF4;OAS2;PYDC1;CARD14;ZNF675;IL9R
GO_Biological_Process_2023,Negative Regulation Of Cell Death (GO:0060548),7/64,0.7207374997402803,0.9999961907768526,0,0,0.8426033538103935,0.2759359873070782,CDK5;CHMP4C;CCN4;TRAF2;GATA4;POU4F1;PAX2
GO_Biological_Process_2023,Protein N-linked Glycosylation (GO:0006487),7/64,0.7207374997402803,0.9999961907768526,0,0,0.8426033538103935,0.2759359873070782,FUT5;DERL3;PMM2;SRD5A3;ALG3;B4GALNT2;FUT3
GO_Biological_Process_2023,Cellular Response To Lipopolysaccharide (GO:0071222),14/124,0.7229141468297374,0.9999961907768526,0,0,0.8729932779754844,0.28325559773309,CXCL9;CD80;SERPINE1;IL18;NOD2;CXCL13;PPM1E;PYCARD;CXCL10;CXCL11;CARD17P;NLRP7;TNFSF4;TNIP3
GO_Biological_Process_2023,Neuron Projection Guidance (GO:0097485),14/124,0.7229141468297374,0.9999961907768526,0,0,0.8729932779754844,0.28325559773309,RET;SEMA4A;SEMA7A;EPHA10;EPHA8;LRTM2;EFNA4;IGSF9;NELL2;EFNA3;TUBB3;TNR;PLXNA3;CDK5R1
GO_Biological_Process_2023,Negative Regulation Of Programmed Cell Death (GO:0043069),45/381,0.7259584176276082,0.9999961907768526,0,0,0.9179307731899804,0.2939788426115647,ARL6IP1;SRC;HPN;LEF1;KIF14;IFI6;SCX;SLC7A11;ASCL1;COMP;NUAK2;MIEN1;SIX4;ERBB3;CLEC5A;PRAME;AMH;MAGEA4;BARD1;TFAP2A;STIL;NAT8B;CBX4;PLK1;PLAUR;ASNS;HMGA2;DHRS2;POU4F1;PRLR;MMP9;YWHAZ;PAX2;GREM1;KRT18;PROC;GDNF;PAX7;WT1;CEACAM5;CDK1;DPEP1;BIRC5;CARD14;MAD2L1
GO_Biological_Process_2023,Amino Acid Catabolic Process (GO:0009063),4/38,0.729431294666484,0.9999961907768526,0,0,0.8073118179922619,0.2546988836527294,IL4I1;CBS;KMO;IDO1
GO_Biological_Process_2023,Calcium-Dependent Cell-Cell Adhesion Via Plasma Membrane Cell Adhesion Molecules (GO:0016339),4/38,0.729431294666484,0.9999961907768526,0,0,0.8073118179922619,0.2546988836527294,CDH2;CDH1;CDH11;CDH15
GO_Biological_Process_2023,Establishment Of Protein Localization To Plasma Membrane (GO:0061951),4/38,0.729431294666484,0.9999961907768526,0,0,0.8073118179922619,0.2546988836527294,KRT18;RAB31;ATP6AP1;RAB26
GO_Biological_Process_2023,Fatty Acid Transport (GO:0015908),4/38,0.729431294666484,0.9999961907768526,0,0,0.8073118179922619,0.2546988836527294,LYPLA1;CRABP2;FABP6;MFSD2A
GO_Biological_Process_2023,Import Into Cell (GO:0098657),4/38,0.729431294666484,0.9999961907768526,0,0,0.8073118179922619,0.2546988836527294,SLC7A5;SLC38A1;LRRC8E;SLC38A5
GO_Biological_Process_2023,Negative Regulation Of Epithelial Cell Apoptotic Process (GO:1904036),4/38,0.729431294666484,0.9999961907768526,0,0,0.8073118179922619,0.2546988836527294,IL11;SERPINE1;GATA3;PAK4
GO_Biological_Process_2023,Regulation Of Protein Import Into Nucleus (GO:0042306),4/38,0.729431294666484,0.9999961907768526,0,0,0.8073118179922619,0.2546988836527294,IFNG;CDH1;PIK3R2;ECT2
GO_Biological_Process_2023,Central Nervous System Development (GO:0007417),33/283,0.729926210865495,0.9999961907768526,0,0,0.9049099601593624,0.2848763614070951,CNTNAP2;ROGDI;MAST1;SLC2A1;CXCR4;MSI2;CELSR1;DMBX1;CDH2;ZIC2;SIX3;MNX1;SOX4;MFSD2A;NKX2-2;ARNT2;EMX1;MARCKSL1;APLP1;SHROOM2;FOXJ1;SOX11;LSR;SOX12;HPCAL4;GRHL2;GRIN2D;AIM2;CDK5;ADORA2A;PAFAH1B3;CDK5R2;CDK5R1
GO_Biological_Process_2023,Cognition (GO:0050890),5/47,0.7301554507001549,0.9999961907768526,0,0,0.8168693009118541,0.2569036154603266,DOP1B;JAKMIP1;SLC8A2;MFSD2A;STRA6
GO_Biological_Process_2023,Response To Organonitrogen Compound (GO:0010243),5/47,0.7301554507001549,0.9999961907768526,0,0,0.8168693009118541,0.2569036154603266,BRSK2;CHRNA3;ADORA2A;INAVA;DRD4
GO_Biological_Process_2023,Neuron Development (GO:0048666),17/150,0.7305063769905866,0.9999961907768526,0,0,0.8766214824472106,0.2752743269990849,CNTNAP2;SLC44A4;UNC5A;EPHA8;RASGRF1;BICDL1;STMND1;PRDM12;ASCL1;POU4F1;ISL2;CDK5;GDNF;GPRIN1;STMN1;INSM1;CDK5R1
GO_Biological_Process_2023,Carbohydrate Derivative Biosynthetic Process (GO:1901137),3/29,0.7320461505621598,0.9999961907768526,0,0,0.7918382798304058,0.2469836396591614,RRM2;GAL3ST2;GK3
GO_Biological_Process_2023,Defense Response To Fungus (GO:0050832),3/29,0.7320461505621598,0.9999961907768526,0,0,0.7918382798304058,0.2469836396591614,CLEC7A;IGF2BP1;GAPDH
GO_Biological_Process_2023,Lipid Droplet Organization (GO:0034389),3/29,0.7320461505621598,0.9999961907768526,0,0,0.7918382798304058,0.2469836396591614,CDS1;SQLE;SMIM22
GO_Biological_Process_2023,Morphogenesis Of An Epithelium (GO:0002009),3/29,0.7320461505621598,0.9999961907768526,0,0,0.7918382798304058,0.2469836396591614,LHX1;KDF1;TIMELESS
GO_Biological_Process_2023,Positive Regulation Of Calcium Ion Transport (GO:0051928),3/29,0.7320461505621598,0.9999961907768526,0,0,0.7918382798304058,0.2469836396591614,CAMK2A;F2R;ATP2A1
GO_Biological_Process_2023,Positive Regulation Of Microtubule Polymerization (GO:0031116),3/29,0.7320461505621598,0.9999961907768526,0,0,0.7918382798304058,0.2469836396591614,OCLN;PSRC1;CDK5R1
GO_Biological_Process_2023,Protein K11-linked Ubiquitination (GO:0070979),3/29,0.7320461505621598,0.9999961907768526,0,0,0.7918382798304058,0.2469836396591614,UBE2C;UBE2S;UBE2T
GO_Biological_Process_2023,Regulation Of Voltage-Gated Calcium Channel Activity (GO:1901385),3/29,0.7320461505621598,0.9999961907768526,0,0,0.7918382798304058,0.2469836396591614,CACNB3;AKAP5;DRD4
GO_Biological_Process_2023,Response To Interferon-Beta (GO:0035456),3/29,0.7320461505621598,0.9999961907768526,0,0,0.7918382798304058,0.2469836396591614,AIM2;STAT1;CAMK2A
GO_Biological_Process_2023,Vacuolar Acidification (GO:0007035),3/29,0.7320461505621598,0.9999961907768526,0,0,0.7918382798304058,0.2469836396591614,ATP6V0B;SLC11A1;ATP6V0D2
GO_Biological_Process_2023,Cellular Response To Peptide (GO:1901653),6/56,0.7325600558825763,0.9999961907768526,0,0,0.8233504138746551,0.2562348443444113,CDK5;RIPK2;SRC;TIMELESS;ATP1A3;NOD2
GO_Biological_Process_2023,Regulation Of Cation Channel Activity (GO:2001257),6/56,0.7325600558825763,0.9999961907768526,0,0,0.8233504138746551,0.2562348443444113,CACNB3;JPH3;EPO;JPH1;MMP9;HCN2
GO_Biological_Process_2023,Cellular Response To Light Stimulus (GO:0071482),7/65,0.7358759439527761,0.9999961907768526,0,0,0.8280281192211465,0.2539510314949192,GRK1;PCNA;PARP1;BAK1;CDC25A;AURKB;RHNO1
GO_Biological_Process_2023,Positive Regulation Of T Cell Proliferation (GO:0042102),7/65,0.7358759439527761,0.9999961907768526,0,0,0.8280281192211465,0.2539510314949192,PYCARD;PNP;CD80;TNFSF4;IL18;IL12B;CD24
GO_Biological_Process_2023,Response To Lipopolysaccharide (GO:0032496),18/159,0.7363154944417998,0.9999961907768526,0,0,0.8754666104908363,0.2679773451594333,CXCL9;CD80;SLC11A1;SERPINE1;F2R;NOD2;CXCL13;PPM1E;PYCARD;CYP27B1;CXCL10;CXCL11;CARD17P;NLRP7;TNFSF4;TNIP3;S100A14;S100A7
GO_Biological_Process_2023,Negative Regulation Of Neuron Apoptotic Process (GO:0043524),8/74,0.7397024692983979,0.9999961907768526,0,0,0.8315581854043392,0.2507208151692012,SIX4;ERBB3;GDNF;UNC5B;F2R;KIF14;VSTM2L;POU4F1
GO_Biological_Process_2023,Actin Filament-Based Transport (GO:0099515),2/20,0.7423060090101959,0.9999961907768526,0,0,0.7625606716515807,0.2272382834685344,MYO5B;MYO19
GO_Biological_Process_2023,Anterior/Posterior Axis Specification (GO:0009948),2/20,0.7423060090101959,0.9999961907768526,0,0,0.7625606716515807,0.2272382834685344,LHX1;SIX2
GO_Biological_Process_2023,Calcium-Mediated Signaling Using Intracellular Calcium Source (GO:0035584),2/20,0.7423060090101959,0.9999961907768526,0,0,0.7625606716515807,0.2272382834685344,GPR143;CCL20
GO_Biological_Process_2023,Cellular Response To Estradiol Stimulus (GO:0071392),2/20,0.7423060090101959,0.9999961907768526,0,0,0.7625606716515807,0.2272382834685344,H2AZ1;POU4F1
GO_Biological_Process_2023,Intracellular Monoatomic Ion Homeostasis (GO:0006873),2/20,0.7423060090101959,0.9999961907768526,0,0,0.7625606716515807,0.2272382834685344,TESMIN;SLC39A4
GO_Biological_Process_2023,Long-Term Memory (GO:0007616),2/20,0.7423060090101959,0.9999961907768526,0,0,0.7625606716515807,0.2272382834685344,RASGRF1;SHANK1
GO_Biological_Process_2023,Mesoderm Formation (GO:0001707),2/20,0.7423060090101959,0.9999961907768526,0,0,0.7625606716515807,0.2272382834685344,HMGA2;SCX
GO_Biological_Process_2023,Negative Regulation Of B Cell Activation (GO:0050869),2/20,0.7423060090101959,0.9999961907768526,0,0,0.7625606716515807,0.2272382834685344,FOXJ1;INHBA
GO_Biological_Process_2023,Negative Regulation Of Cyclin-Dependent Protein Kinase Activity (GO:1904030),2/20,0.7423060090101959,0.9999961907768526,0,0,0.7625606716515807,0.2272382834685344,CDKN2A;PLK1
GO_Biological_Process_2023,Negative Regulation Of Cytokine Production Involved In Inflammatory Response (GO:1900016),2/20,0.7423060090101959,0.9999961907768526,0,0,0.7625606716515807,0.2272382834685344,PYCARD;NLRP7
GO_Biological_Process_2023,Negative Regulation Of Microtubule Depolymerization (GO:0007026),2/20,0.7423060090101959,0.9999961907768526,0,0,0.7625606716515807,0.2272382834685344,TPX2;CKAP2
GO_Biological_Process_2023,Negative Regulation Of Phosphate Metabolic Process (GO:0045936),2/20,0.7423060090101959,0.9999961907768526,0,0,0.7625606716515807,0.2272382834685344,CDKN2A;INHBA
GO_Biological_Process_2023,Negative Regulation Of Protein Localization To Cell Periphery (GO:1904376),2/20,0.7423060090101959,0.9999961907768526,0,0,0.7625606716515807,0.2272382834685344,LRRC15;SAPCD2
GO_Biological_Process_2023,Negative Regulation Of Reproductive Process (GO:2000242),2/20,0.7423060090101959,0.9999961907768526,0,0,0.7625606716515807,0.2272382834685344,SULF1;AMH
GO_Biological_Process_2023,Negative Regulation Of Viral Life Cycle (GO:1903901),2/20,0.7423060090101959,0.9999961907768526,0,0,0.7625606716515807,0.2272382834685344,LRRC15;TRIM11
GO_Biological_Process_2023,Positive Regulation Of Embryonic Development (GO:0040019),2/20,0.7423060090101959,0.9999961907768526,0,0,0.7625606716515807,0.2272382834685344,LHX1;SCX
GO_Biological_Process_2023,Positive Regulation Of Leukocyte Activation (GO:0002696),2/20,0.7423060090101959,0.9999961907768526,0,0,0.7625606716515807,0.2272382834685344,CLEC7A;NECTIN2
GO_Biological_Process_2023,Positive Regulation Of Lipid Storage (GO:0010884),2/20,0.7423060090101959,0.9999961907768526,0,0,0.7625606716515807,0.2272382834685344,MSR1;APOC4
GO_Biological_Process_2023,Positive Regulation Of Phospholipase Activity (GO:0010518),2/20,0.7423060090101959,0.9999961907768526,0,0,0.7625606716515807,0.2272382834685344,APOC2;FGFR3
GO_Biological_Process_2023,Positive Regulation Of Vascular Associated Smooth Muscle Cell Proliferation (GO:1904707),2/20,0.7423060090101959,0.9999961907768526,0,0,0.7625606716515807,0.2272382834685344,P2RY6;MMP9
GO_Biological_Process_2023,Regulation Of Calcium Ion Import (GO:0090279),2/20,0.7423060090101959,0.9999961907768526,0,0,0.7625606716515807,0.2272382834685344,PLPP4;SLN
GO_Biological_Process_2023,Regulation Of Macrophage Chemotaxis (GO:0010758),2/20,0.7423060090101959,0.9999961907768526,0,0,0.7625606716515807,0.2272382834685344,SLAMF8;AMH
GO_Biological_Process_2023,Regulation Of Mitotic Spindle Assembly (GO:1901673),2/20,0.7423060090101959,0.9999961907768526,0,0,0.7625606716515807,0.2272382834685344,PLK1;CHMP4C
GO_Biological_Process_2023,Regulation Of Necroptotic Process (GO:0060544),2/20,0.7423060090101959,0.9999961907768526,0,0,0.7625606716515807,0.2272382834685344,PARP1;IGF2BP1
GO_Biological_Process_2023,Regulation Of Toll-Like Receptor Signaling Pathway (GO:0034121),2/20,0.7423060090101959,0.9999961907768526,0,0,0.7625606716515807,0.2272382834685344,IRF7;SMPDL3B
GO_Biological_Process_2023,Sensory Perception Of Pain (GO:0019233),2/20,0.7423060090101959,0.9999961907768526,0,0,0.7625606716515807,0.2272382834685344,PRDM12;NIPSNAP1
GO_Biological_Process_2023,Striated Muscle Cell Differentiation (GO:0051146),2/20,0.7423060090101959,0.9999961907768526,0,0,0.7625606716515807,0.2272382834685344,GREM1;SDC1
GO_Biological_Process_2023,CRD-mediated mRNA Stabilization (GO:0070934),1/10,0.7434008124398305,0.9999961907768526,0,0,0.7626540781536848,0.2261421325331025,IGF2BP1
GO_Biological_Process_2023,SRP-dependent Cotranslational Protein Targeting To Membrane (GO:0006614),1/10,0.7434008124398305,0.9999961907768526,0,0,0.7626540781536848,0.2261421325331025,SEC61A2
GO_Biological_Process_2023,Actin Filament Depolymerization (GO:0030042),1/10,0.7434008124398305,0.9999961907768526,0,0,0.7626540781536848,0.2261421325331025,MICAL2
GO_Biological_Process_2023,Ammonium Transmembrane Transport (GO:0072488),1/10,0.7434008124398305,0.9999961907768526,0,0,0.7626540781536848,0.2261421325331025,RHBG
GO_Biological_Process_2023,Basement Membrane Organization (GO:0071711),1/10,0.7434008124398305,0.9999961907768526,0,0,0.7626540781536848,0.2261421325331025,HPN
GO_Biological_Process_2023,Branched-Chain Amino Acid Transport (GO:0015803),1/10,0.7434008124398305,0.9999961907768526,0,0,0.7626540781536848,0.2261421325331025,SLC7A5
GO_Biological_Process_2023,Cellular Response To Forskolin (GO:1904322),1/10,0.7434008124398305,0.9999961907768526,0,0,0.7626540781536848,0.2261421325331025,SLC5A5
GO_Biological_Process_2023,Cellular Response To Interleukin-12 (GO:0071349),1/10,0.7434008124398305,0.9999961907768526,0,0,0.7626540781536848,0.2261421325331025,IL12B
GO_Biological_Process_2023,Cellular Response To Type III Interferon (GO:0071358),1/10,0.7434008124398305,0.9999961907768526,0,0,0.7626540781536848,0.2261421325331025,IFNL1
GO_Biological_Process_2023,Coenzyme A Biosynthetic Process (GO:0015937),1/10,0.7434008124398305,0.9999961907768526,0,0,0.7626540781536848,0.2261421325331025,ACOT7
GO_Biological_Process_2023,Epithelial Cell Apoptotic Process (GO:1904019),1/10,0.7434008124398305,0.9999961907768526,0,0,0.7626540781536848,0.2261421325331025,SIX3
GO_Biological_Process_2023,Establishment Of Endothelial Intestinal Barrier (GO:0090557),1/10,0.7434008124398305,0.9999961907768526,0,0,0.7626540781536848,0.2261421325331025,TJP3
GO_Biological_Process_2023,Inositol Phosphate Biosynthetic Process (GO:0032958),1/10,0.7434008124398305,0.9999961907768526,0,0,0.7626540781536848,0.2261421325331025,ITPKA
GO_Biological_Process_2023,Maintenance Of Synapse Structure (GO:0099558),1/10,0.7434008124398305,0.9999961907768526,0,0,0.7626540781536848,0.2261421325331025,RAB3A
GO_Biological_Process_2023,Midbrain Dopaminergic Neuron Differentiation (GO:1904948),1/10,0.7434008124398305,0.9999961907768526,0,0,0.7626540781536848,0.2261421325331025,WNT2
GO_Biological_Process_2023,Muscle Filament Sliding (GO:0030049),1/10,0.7434008124398305,0.9999961907768526,0,0,0.7626540781536848,0.2261421325331025,MYH6
GO_Biological_Process_2023,Negative Regulation Of Activated T Cell Proliferation (GO:0046007),1/10,0.7434008124398305,0.9999961907768526,0,0,0.7626540781536848,0.2261421325331025,FOXP3
GO_Biological_Process_2023,Negative Regulation Of Adenylate Cyclase Activity (GO:0007194),1/10,0.7434008124398305,0.9999961907768526,0,0,0.7626540781536848,0.2261421325331025,AKAP5
GO_Biological_Process_2023,Negative Regulation Of Centrosome Duplication (GO:0010826),1/10,0.7434008124398305,0.9999961907768526,0,0,0.7626540781536848,0.2261421325331025,CCNF
GO_Biological_Process_2023,Negative Regulation Of Cholesterol Transport (GO:0032375),1/10,0.7434008124398305,0.9999961907768526,0,0,0.7626540781536848,0.2261421325331025,APOC2
GO_Biological_Process_2023,Negative Regulation Of Interferon-Beta Production (GO:0032688),1/10,0.7434008124398305,0.9999961907768526,0,0,0.7626540781536848,0.2261421325331025,PYCARD
GO_Biological_Process_2023,Negative Regulation Of Intracellular Estrogen Receptor Signaling Pathway (GO:0033147),1/10,0.7434008124398305,0.9999961907768526,0,0,0.7626540781536848,0.2261421325331025,FOXH1
GO_Biological_Process_2023,Negative Regulation Of Mitochondrial Outer Membrane Permeabilization Involved In Apoptotic Signaling Pathway (GO:1901029),1/10,0.7434008124398305,0.9999961907768526,0,0,0.7626540781536848,0.2261421325331025,BAK1
GO_Biological_Process_2023,Negative Regulation Of Natural Killer Cell Mediated Immunity (GO:0002716),1/10,0.7434008124398305,0.9999961907768526,0,0,0.7626540781536848,0.2261421325331025,KIR2DL4
GO_Biological_Process_2023,Negative Regulation Of Pathway-Restricted SMAD Protein Phosphorylation (GO:0060394),1/10,0.7434008124398305,0.9999961907768526,0,0,0.7626540781536848,0.2261421325331025,GREM1
GO_Biological_Process_2023,Neuron Projection Fasciculation (GO:0106030),1/10,0.7434008124398305,0.9999961907768526,0,0,0.7626540781536848,0.2261421325331025,CDK5R1
GO_Biological_Process_2023,Neuron Projection Maintenance (GO:1990535),1/10,0.7434008124398305,0.9999961907768526,0,0,0.7626540781536848,0.2261421325331025,ATP1A3
GO_Biological_Process_2023,Nuclear RNA Surveillance (GO:0071027),1/10,0.7434008124398305,0.9999961907768526,0,0,0.7626540781536848,0.2261421325331025,EXOSC4
GO_Biological_Process_2023,"Nuclear-Transcribed mRNA Catabolic Process, Exonucleolytic, 3'-5' (GO:0034427)",1/10,0.7434008124398305,0.9999961907768526,0,0,0.7626540781536848,0.2261421325331025,EXOSC4
GO_Biological_Process_2023,Nucleoside Triphosphate Metabolic Process (GO:0009141),1/10,0.7434008124398305,0.9999961907768526,0,0,0.7626540781536848,0.2261421325331025,DCTPP1
GO_Biological_Process_2023,Oxygen Transport (GO:0015671),1/10,0.7434008124398305,0.9999961907768526,0,0,0.7626540781536848,0.2261421325331025,MB
GO_Biological_Process_2023,Positive Regulation Of MHC Class II Biosynthetic Process (GO:0045348),1/10,0.7434008124398305,0.9999961907768526,0,0,0.7626540781536848,0.2261421325331025,IFNG
GO_Biological_Process_2023,Positive Regulation Of Actin Filament Depolymerization (GO:0030836),1/10,0.7434008124398305,0.9999961907768526,0,0,0.7626540781536848,0.2261421325331025,CRACD
GO_Biological_Process_2023,Positive Regulation Of Cellular Respiration (GO:1901857),1/10,0.7434008124398305,0.9999961907768526,0,0,0.7626540781536848,0.2261421325331025,IFNG
GO_Biological_Process_2023,Positive Regulation Of Cellular Senescence (GO:2000774),1/10,0.7434008124398305,0.9999961907768526,0,0,0.7626540781536848,0.2261421325331025,KIR2DL4
GO_Biological_Process_2023,Positive Regulation Of Cholesterol Metabolic Process (GO:0090205),1/10,0.7434008124398305,0.9999961907768526,0,0,0.7626540781536848,0.2261421325331025,SH2D2A
GO_Biological_Process_2023,Positive Regulation Of Chondrocyte Differentiation (GO:0032332),1/10,0.7434008124398305,0.9999961907768526,0,0,0.7626540781536848,0.2261421325331025,BMPR1B
GO_Biological_Process_2023,Positive Regulation Of Protein Depolymerization (GO:1901881),1/10,0.7434008124398305,0.9999961907768526,0,0,0.7626540781536848,0.2261421325331025,SLN
GO_Biological_Process_2023,Positive Regulation Of Transcription From RNA Polymerase II Promoter In Response To Endoplasmic Reticulum Stress (GO:1990440),1/10,0.7434008124398305,0.9999961907768526,0,0,0.7626540781536848,0.2261421325331025,CREB3L1
GO_Biological_Process_2023,Progesterone Receptor Signaling Pathway (GO:0050847),1/10,0.7434008124398305,0.9999961907768526,0,0,0.7626540781536848,0.2261421325331025,SRC
GO_Biological_Process_2023,Protein Kinase C-activating G Protein-Coupled Receptor Signaling Pathway (GO:0007205),1/10,0.7434008124398305,0.9999961907768526,0,0,0.7626540781536848,0.2261421325331025,F2R
GO_Biological_Process_2023,Protein Oxidation (GO:0018158),1/10,0.7434008124398305,0.9999961907768526,0,0,0.7626540781536848,0.2261421325331025,LOXL1
GO_Biological_Process_2023,Protein Prenylation (GO:0018342),1/10,0.7434008124398305,0.9999961907768526,0,0,0.7626540781536848,0.2261421325331025,CHML
GO_Biological_Process_2023,Purine Nucleoside Bisphosphate Biosynthetic Process (GO:0034033),1/10,0.7434008124398305,0.9999961907768526,0,0,0.7626540781536848,0.2261421325331025,ACOT7
GO_Biological_Process_2023,Regulation Of T-helper 2 Cell Cytokine Production (GO:2000551),1/10,0.7434008124398305,0.9999961907768526,0,0,0.7626540781536848,0.2261421325331025,PRKCZ
GO_Biological_Process_2023,Regulation Of Axon Regeneration (GO:0048679),1/10,0.7434008124398305,0.9999961907768526,0,0,0.7626540781536848,0.2261421325331025,RTN4R
GO_Biological_Process_2023,Regulation Of Calcium Ion Transmembrane Transport Via High Voltage-Gated Calcium Channel (GO:1902514),1/10,0.7434008124398305,0.9999961907768526,0,0,0.7626540781536848,0.2261421325331025,CACNG1
GO_Biological_Process_2023,Regulation Of Chromatin Binding (GO:0035561),1/10,0.7434008124398305,0.9999961907768526,0,0,0.7626540781536848,0.2261421325331025,CDT1
GO_Biological_Process_2023,Regulation Of Inclusion Body Assembly (GO:0090083),1/10,0.7434008124398305,0.9999961907768526,0,0,0.7626540781536848,0.2261421325331025,DNAJA4
GO_Biological_Process_2023,Regulation Of Lamellipodium Morphogenesis (GO:2000392),1/10,0.7434008124398305,0.9999961907768526,0,0,0.7626540781536848,0.2261421325331025,SRC
GO_Biological_Process_2023,Regulation Of Long-Term Neuronal Synaptic Plasticity (GO:0048169),1/10,0.7434008124398305,0.9999961907768526,0,0,0.7626540781536848,0.2261421325331025,NEURL1
GO_Biological_Process_2023,Regulation Of Melanin Biosynthetic Process (GO:0048021),1/10,0.7434008124398305,0.9999961907768526,0,0,0.7626540781536848,0.2261421325331025,TYRP1
GO_Biological_Process_2023,"Regulation Of Nuclear-Transcribed mRNA Catabolic Process, Nonsense-Mediated Decay (GO:2000622)",1/10,0.7434008124398305,0.9999961907768526,0,0,0.7626540781536848,0.2261421325331025,HNRNPAB
GO_Biological_Process_2023,Regulation Of Opsonization (GO:1903027),1/10,0.7434008124398305,0.9999961907768526,0,0,0.7626540781536848,0.2261421325331025,COLEC10
GO_Biological_Process_2023,"Regulation Of Phagocytosis, Engulfment (GO:0060099)",1/10,0.7434008124398305,0.9999961907768526,0,0,0.7626540781536848,0.2261421325331025,RAB31
GO_Biological_Process_2023,Regulation Of Triglyceride Catabolic Process (GO:0010896),1/10,0.7434008124398305,0.9999961907768526,0,0,0.7626540781536848,0.2261421325331025,APOC2
GO_Biological_Process_2023,Response To Forskolin (GO:1904321),1/10,0.7434008124398305,0.9999961907768526,0,0,0.7626540781536848,0.2261421325331025,SLC5A5
GO_Biological_Process_2023,Response To Prostaglandin E (GO:0034695),1/10,0.7434008124398305,0.9999961907768526,0,0,0.7626540781536848,0.2261421325331025,TNFSF4
GO_Biological_Process_2023,Ribonucleoside Bisphosphate Biosynthetic Process (GO:0034030),1/10,0.7434008124398305,0.9999961907768526,0,0,0.7626540781536848,0.2261421325331025,ACOT7
GO_Biological_Process_2023,Serine Family Amino Acid Biosynthetic Process (GO:0009070),1/10,0.7434008124398305,0.9999961907768526,0,0,0.7626540781536848,0.2261421325331025,SEPHS2
GO_Biological_Process_2023,Signal Release (GO:0023061),1/10,0.7434008124398305,0.9999961907768526,0,0,0.7626540781536848,0.2261421325331025,SLC44A4
GO_Biological_Process_2023,snRNA Transcription By RNA Polymerase II (GO:0042795),1/10,0.7434008124398305,0.9999961907768526,0,0,0.7626540781536848,0.2261421325331025,ELL3
GO_Biological_Process_2023,tRNA Threonylcarbamoyladenosine Metabolic Process (GO:0070525),1/10,0.7434008124398305,0.9999961907768526,0,0,0.7626540781536848,0.2261421325331025,LAGE3
GO_Biological_Process_2023,Type III Interferon-Mediated Signaling Pathway (GO:0038196),1/10,0.7434008124398305,0.9999961907768526,0,0,0.7626540781536848,0.2261421325331025,IFNL1
GO_Biological_Process_2023,Vacuole Fusion (GO:0097576),1/10,0.7434008124398305,0.9999961907768526,0,0,0.7626540781536848,0.2261421325331025,CHMP4C
GO_Biological_Process_2023,Very-Low-Density Lipoprotein Particle Assembly (GO:0034379),1/10,0.7434008124398305,0.9999961907768526,0,0,0.7626540781536848,0.2261421325331025,MFSD2A
GO_Biological_Process_2023,Regulation Of Epithelial To Mesenchymal Transition (GO:0010717),9/83,0.7438138364151686,0.9999961907768526,0,0,0.8343128053072805,0.2469269683712484,FOXA1;SPRED3;GREM1;COL1A1;HPN;LEF1;GATA3;ELL3;EZH2
GO_Biological_Process_2023,Post-Translational Protein Modification (GO:0043687),5/48,0.7472798604639597,0.9999961907768526,0,0,0.7978265251892169,0.2324192475735705,CCNA2;PARP1;DSCC1;ESCO2;AURKB
GO_Biological_Process_2023,Regulation Of Tumor Necrosis Factor-Mediated Signaling Pathway (GO:0010803),5/48,0.7472798604639597,0.9999961907768526,0,0,0.7978265251892169,0.2324192475735705,PYCARD;H2BC11;PYDC1;ZNF675;TRAIP
GO_Biological_Process_2023,Striated Muscle Contraction (GO:0006941),6/57,0.748272208468912,0.9999961907768526,0,0,0.8071599156020312,0.2340670545575467,CHRNA1;MYLK2;CCDC78;TNNT1;TNNI3;MYH6
GO_Biological_Process_2023,Digestive Tract Development (GO:0048565),4/39,0.7483351853047538,0.9999961907768526,0,0,0.7842007539526248,0.2273431648954703,PYY;GATA5;GATA4;STRA6
GO_Biological_Process_2023,Negative Regulation Of Lymphocyte Proliferation (GO:0050672),4/39,0.7483351853047538,0.9999961907768526,0,0,0.7842007539526248,0.2273431648954703,IL4I1;CD80;SOX11;FOXP3
GO_Biological_Process_2023,Positive Regulation Of Intracellular Transport (GO:0032388),4/39,0.7483351853047538,0.9999961907768526,0,0,0.7842007539526248,0.2273431648954703,SPAG5;ACTN2;ATP2A1;KIF20B
GO_Biological_Process_2023,Regulation Of Receptor-Mediated Endocytosis (GO:0048259),4/39,0.7483351853047538,0.9999961907768526,0,0,0.7842007539526248,0.2273431648954703,USH1G;APOC2;SERPINE1;PROM2
GO_Biological_Process_2023,Retina Homeostasis (GO:0001895),4/39,0.7483351853047538,0.9999961907768526,0,0,0.7842007539526248,0.2273431648954703,IGHG3;ZG16B;LYZ;CST4
GO_Biological_Process_2023,Vitamin Transport (GO:0051180),4/39,0.7483351853047538,0.9999961907768526,0,0,0.7842007539526248,0.2273431648954703,SLC2A10;SLC52A2;SLC52A3;SLC2A1
GO_Biological_Process_2023,Visual Perception (GO:0007601),11/101,0.7524039906798632,0.9999961907768526,0,0,0.8383228014744603,0.2384876446280497,COL1A1;GPR143;TH;ZIC2;RGS9BP;COL11A1;GRM8;SIX3;E2F1;GUCA1A;PAX2
GO_Biological_Process_2023,Embryonic Skeletal System Morphogenesis (GO:0048704),3/30,0.7532808071077278,0.9999961907768526,0,0,0.7624671916010499,0.2160200720221354,TFAP2A;IRX5;SOX11
GO_Biological_Process_2023,Innate Immune Response Activating Cell Surface Receptor Signaling Pathway (GO:0002220),3/30,0.7532808071077278,0.9999961907768526,0,0,0.7624671916010499,0.2160200720221354,COLEC10;SRC;CLEC7A
GO_Biological_Process_2023,Negative Regulation Of Blood Coagulation (GO:0030195),3/30,0.7532808071077278,0.9999961907768526,0,0,0.7624671916010499,0.2160200720221354,PROC;F12;SERPINE1
GO_Biological_Process_2023,Negative Regulation Of Interleukin-1 Production (GO:0032692),3/30,0.7532808071077278,0.9999961907768526,0,0,0.7624671916010499,0.2160200720221354,CARD17P;NLRP7;PYDC1
GO_Biological_Process_2023,Negative Regulation Of Myeloid Leukocyte Differentiation (GO:0002762),3/30,0.7532808071077278,0.9999961907768526,0,0,0.7624671916010499,0.2160200720221354,INHBA;ZNF675;GPR137B
GO_Biological_Process_2023,Negative Regulation Of Peptidyl-Tyrosine Phosphorylation (GO:0050732),3/30,0.7532808071077278,0.9999961907768526,0,0,0.7624671916010499,0.2160200720221354,PTK6;PRKCZ;SRCIN1
GO_Biological_Process_2023,Phospholipid Dephosphorylation (GO:0046839),3/30,0.7532808071077278,0.9999961907768526,0,0,0.7624671916010499,0.2160200720221354,PLPP4;PLPPR5;PLPP2
GO_Biological_Process_2023,Positive Regulation Of Phosphate Metabolic Process (GO:0045937),3/30,0.7532808071077278,0.9999961907768526,0,0,0.7624671916010499,0.2160200720221354,IFNG;SRC;AMH
GO_Biological_Process_2023,Actin Filament Organization (GO:0007015),16/144,0.7547731600446963,0.9999961907768526,0,0,0.8571923229125445,0.2411607953013249,GAS2L3;MARCKSL1;TPM3;SHROOM2;ACTL8;MYO19;ERMN;RND1;BAIAP2L1;MYO5B;SPIRE2;XIRP1;RAC3;EVL;PRSS8;PLS1
GO_Biological_Process_2023,Regulation Of Cellular Component Organization (GO:0051128),17/153,0.759592999804387,0.9999961907768526,0,0,0.8571357878068092,0.2356887838873156,SLC2A10;HJURP;KIF14;TRAF2;TMEM97;MKI67;ERMN;AURKA;CAMSAP3;ZNF469;INSM1;RAB17;ROS1;CD177;PACSIN1;MCM2;PAK4
GO_Biological_Process_2023,Regulation Of Protein-Containing Complex Assembly (GO:0043254),13/119,0.7610671029975659,0.9999961907768526,0,0,0.841088075173391,0.2296454292371009,MMP1;SRC;BIK;MMP3;HJURP;TRAF2;PRKCZ;MAPK15;CHAF1B;IFNG;CLEC7A;BAK1;INSM1
GO_Biological_Process_2023,Glycosaminoglycan Biosynthetic Process (GO:0006024),6/58,0.763304169493039,0.9999961907768526,0,0,0.7915921288014311,0.2138079872956038,CHST6;CEMIP;HS3ST3A1;CHPF;CHST11;CHST1
GO_Biological_Process_2023,Regulation Of Neuron Death (GO:1901214),6/58,0.763304169493039,0.9999961907768526,0,0,0.7915921288014311,0.2138079872956038,EGLN3;GRM4;IFNG;CDK5;KIF14;TRAF2
GO_Biological_Process_2023,Regulation Of Protein Secretion (GO:0050708),11/102,0.7638105088668211,0.9999961907768526,0,0,0.8290627224276513,0.2233789669724388,IFNG;UQCC2;RHBDF2;IL12B;ADAM8;EZR;SLC25A22;STX1A;DRD4;LLGL2;STXBP5L
GO_Biological_Process_2023,Sensory Perception Of Light Stimulus (GO:0050953),11/102,0.7638105088668211,0.9999961907768526,0,0,0.8290627224276513,0.2233789669724388,COL1A1;GPR143;TH;ZIC2;USH1G;COL11A1;GRM8;SIX3;E2F1;GUCA1A;PAX2
GO_Biological_Process_2023,Regulation Of Viral Genome Replication (GO:0045069),7/67,0.7644071110259966,0.9999961907768526,0,0,0.8003351735015772,0.2150138570812867,OAS2;OAS3;MX1;ISG15;APOBEC3A;OASL;SRPK1
GO_Biological_Process_2023,Positive Regulation Of ERK1 And ERK2 Cascade (GO:0070374),20/179,0.7648110207394316,0.9999961907768526,0,0,0.86240549211406,0.2312337725511527,DDR1;SEMA7A;ARHGAP8;CCL11;CCL20;F2R;GATA4;NOD2;NPNT;PRKCZ;RASGRP1;PYCARD;P2RY6;CCL7;TNFSF11;FGFR4;AMH;FGFR3;CCL17;S100A7
GO_Biological_Process_2023,Negative Regulation Of Cell-Cell Adhesion (GO:0022408),4/40,0.7662094818854468,0.9999961907768526,0,0,0.7623736379151898,0.203019849400165,CDH1;EPCAM;SPINT2;B4GALNT2
GO_Biological_Process_2023,Negative Regulation Of Mitotic Cell Cycle Phase Transition (GO:1901991),4/40,0.7662094818854468,0.9999961907768526,0,0,0.7623736379151898,0.203019849400165,RBL1;FBXO5;INHBA;E2F7
GO_Biological_Process_2023,Synaptic Vesicle Endocytosis (GO:0048488),4/40,0.7662094818854468,0.9999961907768526,0,0,0.7623736379151898,0.203019849400165,SYT5;CDK5;STX1A;PACSIN1
GO_Biological_Process_2023,Water-Soluble Vitamin Metabolic Process (GO:0006767),4/40,0.7662094818854468,0.9999961907768526,0,0,0.7623736379151898,0.203019849400165,MTHFD2;SLC52A2;SLC52A3;SLC2A1
GO_Biological_Process_2023,Modulation By Symbiont Of Entry Into Host (GO:0052372),2/21,0.766720614407154,0.9999961907768526,0,0,0.7223844735806458,0.1918890115427727,RFPL2;NECTIN2
GO_Biological_Process_2023,Negative Regulation Of Biomineral Tissue Development (GO:0070168),2/21,0.766720614407154,0.9999961907768526,0,0,0.7223844735806458,0.1918890115427727,GREM1;ASPN
GO_Biological_Process_2023,Negative Regulation Of Interleukin-2 Production (GO:0032703),2/21,0.766720614407154,0.9999961907768526,0,0,0.7223844735806458,0.1918890115427727,EZR;FOXP3
GO_Biological_Process_2023,Negative Regulation Of Osteoclast Differentiation (GO:0045671),2/21,0.766720614407154,0.9999961907768526,0,0,0.7223844735806458,0.1918890115427727,ZNF675;GPR137B
GO_Biological_Process_2023,Positive Regulation Of Granulocyte Chemotaxis (GO:0071624),2/21,0.766720614407154,0.9999961907768526,0,0,0.7223844735806458,0.1918890115427727,S100A14;S100A7
GO_Biological_Process_2023,Positive Regulation Of Heart Contraction (GO:0045823),2/21,0.766720614407154,0.9999961907768526,0,0,0.7223844735806458,0.1918890115427727,EDN2;ADM2
GO_Biological_Process_2023,Response To Cadmium Ion (GO:0046686),2/21,0.766720614407154,0.9999961907768526,0,0,0.7223844735806458,0.1918890115427727,SLC34A1;MMP9
GO_Biological_Process_2023,snRNA Metabolic Process (GO:0016073),2/21,0.766720614407154,0.9999961907768526,0,0,0.7223844735806458,0.1918890115427727,INTS7;INTS8
GO_Biological_Process_2023,Actin Filament Polymerization (GO:0030041),3/31,0.7731384509740951,0.9999961907768526,0,0,0.7351940382452193,0.1891633217671883,DIAPH3;SPIRE2;FHDC1
GO_Biological_Process_2023,Cardiac Muscle Tissue Morphogenesis (GO:0055008),3/31,0.7731384509740951,0.9999961907768526,0,0,0.7351940382452193,0.1891633217671883,MYLK2;TNNI3;MYH6
GO_Biological_Process_2023,Glutamine Family Amino Acid Metabolic Process (GO:0009064),3/31,0.7731384509740951,0.9999961907768526,0,0,0.7351940382452193,0.1891633217671883,SLC38A1;GLYATL1;RIMKLA
GO_Biological_Process_2023,Negative Chemotaxis (GO:0050919),3/31,0.7731384509740951,0.9999961907768526,0,0,0.7351940382452193,0.1891633217671883,SEMA4A;SEMA7A;LRTM2
GO_Biological_Process_2023,Regulation Of Cell Morphogenesis (GO:0022604),3/31,0.7731384509740951,0.9999961907768526,0,0,0.7351940382452193,0.1891633217671883,CLDN4;CLDN3;MFSD2A
GO_Biological_Process_2023,Regulation Of Extrinsic Apoptotic Signaling Pathway Via Death Domain Receptors (GO:1902041),3/31,0.7731384509740951,0.9999961907768526,0,0,0.7351940382452193,0.1891633217671883,SERPINE1;PMAIP1;BRCA1
GO_Biological_Process_2023,Response To Estradiol (GO:0032355),3/31,0.7731384509740951,0.9999961907768526,0,0,0.7351940382452193,0.1891633217671883,FOXA1;H2AZ1;POU4F1
GO_Biological_Process_2023,Triglyceride Homeostasis (GO:0070328),3/31,0.7731384509740951,0.9999961907768526,0,0,0.7351940382452193,0.1891633217671883,APOC2;APOC4;IL18
GO_Biological_Process_2023,DNA Methylation-Dependent Heterochromatin Formation (GO:0006346),1/11,0.7760435466079569,0.9999961907768526,0,0,0.6863493312352479,0.1740215692790591,HELLS
GO_Biological_Process_2023,P-body Assembly (GO:0033962),1/11,0.7760435466079569,0.9999961907768526,0,0,0.6863493312352479,0.1740215692790591,LSM4
GO_Biological_Process_2023,Aspartate Family Amino Acid Catabolic Process (GO:0009068),1/11,0.7760435466079569,0.9999961907768526,0,0,0.6863493312352479,0.1740215692790591,SDS
GO_Biological_Process_2023,"Base-Excision Repair, AP Site Formation (GO:0006285)",1/11,0.7760435466079569,0.9999961907768526,0,0,0.6863493312352479,0.1740215692790591,NEIL3
GO_Biological_Process_2023,Brain Morphogenesis (GO:0048854),1/11,0.7760435466079569,0.9999961907768526,0,0,0.6863493312352479,0.1740215692790591,PAX2
GO_Biological_Process_2023,Complement Receptor Mediated Signaling Pathway (GO:0002430),1/11,0.7760435466079569,0.9999961907768526,0,0,0.6863493312352479,0.1740215692790591,FPR3
GO_Biological_Process_2023,Detection Of Light Stimulus Involved In Sensory Perception (GO:0050962),1/11,0.7760435466079569,0.9999961907768526,0,0,0.6863493312352479,0.1740215692790591,RGS9BP
GO_Biological_Process_2023,Detection Of Light Stimulus Involved In Visual Perception (GO:0050908),1/11,0.7760435466079569,0.9999961907768526,0,0,0.6863493312352479,0.1740215692790591,RGS9BP
GO_Biological_Process_2023,Endosomal Lumen Acidification (GO:0048388),1/11,0.7760435466079569,0.9999961907768526,0,0,0.6863493312352479,0.1740215692790591,ATP6V0B
GO_Biological_Process_2023,Glycerol Metabolic Process (GO:0006071),1/11,0.7760435466079569,0.9999961907768526,0,0,0.6863493312352479,0.1740215692790591,GK3
GO_Biological_Process_2023,Macrophage Activation Involved In Immune Response (GO:0002281),1/11,0.7760435466079569,0.9999961907768526,0,0,0.6863493312352479,0.1740215692790591,IFNG
GO_Biological_Process_2023,Macrophage Chemotaxis (GO:0048246),1/11,0.7760435466079569,0.9999961907768526,0,0,0.6863493312352479,0.1740215692790591,EDN2
GO_Biological_Process_2023,Magnesium Ion Transport (GO:0015693),1/11,0.7760435466079569,0.9999961907768526,0,0,0.6863493312352479,0.1740215692790591,NIPAL4
GO_Biological_Process_2023,Maintenance Of Protein Localization In Endoplasmic Reticulum (GO:0035437),1/11,0.7760435466079569,0.9999961907768526,0,0,0.6863493312352479,0.1740215692790591,KDELR3
GO_Biological_Process_2023,Melanocyte Differentiation (GO:0030318),1/11,0.7760435466079569,0.9999961907768526,0,0,0.6863493312352479,0.1740215692790591,TYRP1
GO_Biological_Process_2023,Mitochondrial Respiratory Chain Complex III Assembly (GO:0034551),1/11,0.7760435466079569,0.9999961907768526,0,0,0.6863493312352479,0.1740215692790591,UQCC2
GO_Biological_Process_2023,Negative Regulation Of RNA Metabolic Process (GO:0051253),1/11,0.7760435466079569,0.9999961907768526,0,0,0.6863493312352479,0.1740215692790591,PTBP3
GO_Biological_Process_2023,Negative Regulation Of Cyclase Activity (GO:0031280),1/11,0.7760435466079569,0.9999961907768526,0,0,0.6863493312352479,0.1740215692790591,AKAP5
GO_Biological_Process_2023,Negative Regulation Of Fibrinolysis (GO:0051918),1/11,0.7760435466079569,0.9999961907768526,0,0,0.6863493312352479,0.1740215692790591,SERPINE1
GO_Biological_Process_2023,Negative Regulation Of Microtubule Polymerization (GO:0031115),1/11,0.7760435466079569,0.9999961907768526,0,0,0.6863493312352479,0.1740215692790591,STMN1
GO_Biological_Process_2023,Negative Regulation Of Myotube Differentiation (GO:0010832),1/11,0.7760435466079569,0.9999961907768526,0,0,0.6863493312352479,0.1740215692790591,CEACAM5
GO_Biological_Process_2023,"Negative Regulation Of Nuclear-Transcribed mRNA Catabolic Process, Deadenylation-Dependent Decay (GO:1900152)",1/11,0.7760435466079569,0.9999961907768526,0,0,0.6863493312352479,0.1740215692790591,IGF2BP1
GO_Biological_Process_2023,Neurotransmitter Uptake (GO:0001504),1/11,0.7760435466079569,0.9999961907768526,0,0,0.6863493312352479,0.1740215692790591,SLC38A1
GO_Biological_Process_2023,Nucleoside Phosphate Biosynthetic Process (GO:1901293),1/11,0.7760435466079569,0.9999961907768526,0,0,0.6863493312352479,0.1740215692790591,PNP
GO_Biological_Process_2023,Nucleoside Phosphate Catabolic Process (GO:1901292),1/11,0.7760435466079569,0.9999961907768526,0,0,0.6863493312352479,0.1740215692790591,ENTPD8
GO_Biological_Process_2023,Polyamine Metabolic Process (GO:0006595),1/11,0.7760435466079569,0.9999961907768526,0,0,0.6863493312352479,0.1740215692790591,SMS
GO_Biological_Process_2023,Positive Regulation Of Behavior (GO:0048520),1/11,0.7760435466079569,0.9999961907768526,0,0,0.6863493312352479,0.1740215692790591,STRA6
GO_Biological_Process_2023,Positive Regulation Of Cytoplasmic Transport (GO:1903651),1/11,0.7760435466079569,0.9999961907768526,0,0,0.6863493312352479,0.1740215692790591,EZR
GO_Biological_Process_2023,Positive Regulation Of Endoplasmic Reticulum Unfolded Protein Response (GO:1900103),1/11,0.7760435466079569,0.9999961907768526,0,0,0.6863493312352479,0.1740215692790591,BAK1
GO_Biological_Process_2023,Positive Regulation Of Protein Polyubiquitination (GO:1902916),1/11,0.7760435466079569,0.9999961907768526,0,0,0.6863493312352479,0.1740215692790591,NOD2
GO_Biological_Process_2023,Positive Regulation Of Triglyceride Biosynthetic Process (GO:0010867),1/11,0.7760435466079569,0.9999961907768526,0,0,0.6863493312352479,0.1740215692790591,MFSD2A
GO_Biological_Process_2023,Pyrimidine Nucleobase Metabolic Process (GO:0006206),1/11,0.7760435466079569,0.9999961907768526,0,0,0.6863493312352479,0.1740215692790591,CTPS1
GO_Biological_Process_2023,"Regulation Of CD4-positive, Alpha-Beta T Cell Differentiation (GO:0043370)",1/11,0.7760435466079569,0.9999961907768526,0,0,0.6863493312352479,0.1740215692790591,TNFSF4
GO_Biological_Process_2023,Regulation Of T-helper 17 Cell Differentiation (GO:2000319),1/11,0.7760435466079569,0.9999961907768526,0,0,0.6863493312352479,0.1740215692790591,FOXP3
GO_Biological_Process_2023,Regulation Of Adipose Tissue Development (GO:1904177),1/11,0.7760435466079569,0.9999961907768526,0,0,0.6863493312352479,0.1740215692790591,PARP1
GO_Biological_Process_2023,Regulation Of Cytoplasmic Transport (GO:1903649),1/11,0.7760435466079569,0.9999961907768526,0,0,0.6863493312352479,0.1740215692790591,SRC
GO_Biological_Process_2023,Regulation Of Endocytic Recycling (GO:2001135),1/11,0.7760435466079569,0.9999961907768526,0,0,0.6863493312352479,0.1740215692790591,ARHGAP8
GO_Biological_Process_2023,Regulation Of Leukocyte Cell-Cell Adhesion (GO:1903037),1/11,0.7760435466079569,0.9999961907768526,0,0,0.6863493312352479,0.1740215692790591,FUT7
GO_Biological_Process_2023,Regulation Of Leukocyte Tethering Or Rolling (GO:1903236),1/11,0.7760435466079569,0.9999961907768526,0,0,0.6863493312352479,0.1740215692790591,FUT7
GO_Biological_Process_2023,Regulation Of mRNA 3'-End Processing (GO:0031440),1/11,0.7760435466079569,0.9999961907768526,0,0,0.6863493312352479,0.1740215692790591,BARD1
GO_Biological_Process_2023,Regulation Of Mesenchymal Cell Proliferation (GO:0010464),1/11,0.7760435466079569,0.9999961907768526,0,0,0.6863493312352479,0.1740215692790591,STAT1
GO_Biological_Process_2023,Regulation Of Microtubule-Based Movement (GO:0060632),1/11,0.7760435466079569,0.9999961907768526,0,0,0.6863493312352479,0.1740215692790591,DYNLT2B
GO_Biological_Process_2023,Regulation Of Muscle System Process (GO:0090257),1/11,0.7760435466079569,0.9999961907768526,0,0,0.6863493312352479,0.1740215692790591,SLN
GO_Biological_Process_2023,Regulation Of Phospholipase C Activity (GO:1900274),1/11,0.7760435466079569,0.9999961907768526,0,0,0.6863493312352479,0.1740215692790591,RASGRP1
GO_Biological_Process_2023,Regulation Of Protein K63-linked Ubiquitination (GO:1900044),1/11,0.7760435466079569,0.9999961907768526,0,0,0.6863493312352479,0.1740215692790591,NOD2
GO_Biological_Process_2023,Regulation Of Response To Oxidative Stress (GO:1902882),1/11,0.7760435466079569,0.9999961907768526,0,0,0.6863493312352479,0.1740215692790591,MACROH2A1
GO_Biological_Process_2023,Regulation Of Stress-Activated Protein Kinase Signaling Cascade (GO:0070302),1/11,0.7760435466079569,0.9999961907768526,0,0,0.6863493312352479,0.1740215692790591,GREM1
GO_Biological_Process_2023,Regulation Of Ventricular Cardiac Muscle Cell Action Potential (GO:0098911),1/11,0.7760435466079569,0.9999961907768526,0,0,0.6863493312352479,0.1740215692790591,DSP
GO_Biological_Process_2023,Respiratory Chain Complex III Assembly (GO:0017062),1/11,0.7760435466079569,0.9999961907768526,0,0,0.6863493312352479,0.1740215692790591,UQCC2
GO_Biological_Process_2023,sno(s)RNA 3'-End Processing (GO:0031126),1/11,0.7760435466079569,0.9999961907768526,0,0,0.6863493312352479,0.1740215692790591,EXOSC4
GO_Biological_Process_2023,Vitamin D Metabolic Process (GO:0042359),1/11,0.7760435466079569,0.9999961907768526,0,0,0.6863493312352479,0.1740215692790591,CYP27B1
GO_Biological_Process_2023,Positive Regulation Of Proteolysis (GO:0045862),6/59,0.7776614779245649,0.9999961907768526,0,0,0.7766118056536839,0.1952898861242399,IFNG;PLK1;BAK1;PRSS22;FGFR4;NKD2
GO_Biological_Process_2023,Regulation Of miRNA Transcription (GO:1902893),6/59,0.7776614779245649,0.9999961907768526,0,0,0.7766118056536839,0.1952898861242399,FOXA1;MYCN;TERT;WT1;MYB;GATA3
GO_Biological_Process_2023,Actomyosin Structure Organization (GO:0031032),8/77,0.778941830825548,0.9999961907768526,0,0,0.7952662721893491,0.1986725512875158,KRT19;SIX4;ACTN2;TNNT1;SRC;KCTD13;FHDC1;MYH6
GO_Biological_Process_2023,Positive Regulation Of Response To Stimulus (GO:0048584),8/77,0.778941830825548,0.9999961907768526,0,0,0.7952662721893491,0.1986725512875158,H2AX;DEPDC1B;PCNA;IFNL1;CD80;ACTL6A;BRCA1;GATA3
GO_Biological_Process_2023,Negative Regulation Of Cell Projection Organization (GO:0031345),5/50,0.779080298079157,0.9999961907768526,0,0,0.7622800105069608,0.190296466080324,MINAR1;RTN4R;TNR;RTN4RL2;FKBP4
GO_Biological_Process_2023,Plasma Membrane Bounded Cell Projection Morphogenesis (GO:0120039),5/50,0.779080298079157,0.9999961907768526,0,0,0.7622800105069608,0.190296466080324,CNTNAP2;SHTN1;KIF20B;MNX1;PACSIN1
GO_Biological_Process_2023,Positive Regulation Of Developmental Growth (GO:0048639),5/50,0.779080298079157,0.9999961907768526,0,0,0.7622800105069608,0.190296466080324,SHTN1;SEMA7A;UNC13A;LIMK1;AGR2
GO_Biological_Process_2023,Regulation Of Epithelial Cell Migration (GO:0010632),5/50,0.779080298079157,0.9999961907768526,0,0,0.7622800105069608,0.190296466080324,IFNG;RAB25;SRC;MARVELD3;EVL
GO_Biological_Process_2023,Negative Regulation Of Angiogenesis (GO:0016525),9/86,0.7807372180758932,0.9999961907768526,0,0,0.8016687337918593,0.1984263628398479,MINAR1;CXCL10;EFNA3;STAT1;CREB3L1;SERPINE1;E2F2;THBS2;SULF1
GO_Biological_Process_2023,Cell Junction Assembly (GO:0034329),10/95,0.7829756879502159,0.9999961907768526,0,0,0.8068553911892432,0.1974001030387736,PARD6B;CDH2;CDK5;CDH1;CDH11;FN1;CDH15;PKP3;GRHL2;POU4F1
GO_Biological_Process_2023,Positive Regulation Of Transmembrane Receptor Protein Serine/Threonine Kinase Signaling Pathway (GO:0090100),10/95,0.7829756879502159,0.9999961907768526,0,0,0.8068553911892432,0.1974001030387736,CCNA2;SCUBE3;FOXD1;SLC2A10;BMP8A;SOX11;TTK;INHBA;SULF1;KIAA0319
GO_Biological_Process_2023,Axoneme Assembly (GO:0035082),4/41,0.7830750007934184,0.9999961907768526,0,0,0.7417263659878863,0.1813719755848252,RSPH1;DNAAF3;FOXJ1;PIERCE1
GO_Biological_Process_2023,Detection Of Chemical Stimulus Involved In Sensory Perception Of Bitter Taste (GO:0001580),4/41,0.7830750007934184,0.9999961907768526,0,0,0.7417263659878863,0.1813719755848252,CST2;CST1;TAS2R1;CST4
GO_Biological_Process_2023,Negative Regulation Of Proteolysis (GO:0045861),4/41,0.7830750007934184,0.9999961907768526,0,0,0.7417263659878863,0.1813719755848252,CDK5;NLRP7;CHAC1;CST4
GO_Biological_Process_2023,Non-Canonical Wnt Signaling Pathway (GO:0035567),4/41,0.7830750007934184,0.9999961907768526,0,0,0.7417263659878863,0.1813719755848252,VANGL1;FZD2;CELSR1;CELSR3
GO_Biological_Process_2023,Regulation Of Chemokine Production (GO:0032642),4/41,0.7830750007934184,0.9999961907768526,0,0,0.7417263659878863,0.1813719755848252,PYCARD;IFNG;TNFSF4;IL18
GO_Biological_Process_2023,Regulation Of Microtubule-Based Process (GO:0032886),4/41,0.7830750007934184,0.9999961907768526,0,0,0.7417263659878863,0.1813719755848252,CAMSAP3;TRIM36;AURKA;MCM2
GO_Biological_Process_2023,Stem Cell Differentiation (GO:0048863),4/41,0.7830750007934184,0.9999961907768526,0,0,0.7417263659878863,0.1813719755848252,EPCAM;HMGA2;ELL3;PAX2
GO_Biological_Process_2023,Positive Regulation Of Inflammatory Response (GO:0050729),11/104,0.7855159773280848,0.9999961907768526,0,0,0.8111399887886663,0.1958209395454065,PYCARD;VAMP8;AIM2;IFNG;TNFSF4;SERPINE1;IL18;IGF2BP1;CCN4;IL12B;ADAM8
GO_Biological_Process_2023,Positive Regulation Of Kinase Activity (GO:0033674),11/104,0.7855159773280848,0.9999961907768526,0,0,0.8111399887886663,0.1958209395454065,DDR1;RET;CCNA2;CENPE;TRAF4;ERBB3;EEF1A2;FGFR4;ROS1;FGFR3;DRD4
GO_Biological_Process_2023,Fc-epsilon Receptor Signaling Pathway (GO:0038095),2/22,0.7890955528072305,0.9999961907768526,0,0,0.6862258953168044,0.1625448587852436,VAV3;VAV2
GO_Biological_Process_2023,NAD Metabolic Process (GO:0019674),2/22,0.7890955528072305,0.9999961907768526,0,0,0.6862258953168044,0.1625448587852436,QPRT;KMO
GO_Biological_Process_2023,Cellular Response To Cadmium Ion (GO:0071276),2/22,0.7890955528072305,0.9999961907768526,0,0,0.6862258953168044,0.1625448587852436,SLC11A1;MMP9
GO_Biological_Process_2023,Dendritic Cell Differentiation (GO:0097028),2/22,0.7890955528072305,0.9999961907768526,0,0,0.6862258953168044,0.1625448587852436,DCSTAMP;DHRS2
GO_Biological_Process_2023,Glucose Transmembrane Transport (GO:1904659),2/22,0.7890955528072305,0.9999961907768526,0,0,0.6862258953168044,0.1625448587852436,SLC2A10;SLC2A1
GO_Biological_Process_2023,Mammary Gland Development (GO:0030879),2/22,0.7890955528072305,0.9999961907768526,0,0,0.6862258953168044,0.1625448587852436,WNT7B;WNT2
GO_Biological_Process_2023,Natural Killer Cell Mediated Immunity (GO:0002228),2/22,0.7890955528072305,0.9999961907768526,0,0,0.6862258953168044,0.1625448587852436,FCGR3A;ULBP1
GO_Biological_Process_2023,Negative Regulation Of G Protein-Coupled Receptor Signaling Pathway (GO:0045744),2/22,0.7890955528072305,0.9999961907768526,0,0,0.6862258953168044,0.1625448587852436,APLP1;STMN1
GO_Biological_Process_2023,Negative Regulation Of Myeloid Cell Differentiation (GO:0045638),2/22,0.7890955528072305,0.9999961907768526,0,0,0.6862258953168044,0.1625448587852436,H4C9;MYB
GO_Biological_Process_2023,Organelle Fission (GO:0048285),2/22,0.7890955528072305,0.9999961907768526,0,0,0.6862258953168044,0.1625448587852436,MTFR1;MTFR2
GO_Biological_Process_2023,"Positive Regulation Of Synaptic Transmission, Glutamatergic (GO:0051968)",2/22,0.7890955528072305,0.9999961907768526,0,0,0.6862258953168044,0.1625448587852436,CACNG4;GRIN2D
GO_Biological_Process_2023,Postreplication Repair (GO:0006301),2/22,0.7890955528072305,0.9999961907768526,0,0,0.6862258953168044,0.1625448587852436,PCNA;PCLAF
GO_Biological_Process_2023,Regulation Of Histone Acetylation (GO:0035065),2/22,0.7890955528072305,0.9999961907768526,0,0,0.6862258953168044,0.1625448587852436,BRCA1;FOXP3
GO_Biological_Process_2023,tRNA Aminoacylation (GO:0043039),2/22,0.7890955528072305,0.9999961907768526,0,0,0.6862258953168044,0.1625448587852436,GARS1;DARS2
GO_Biological_Process_2023,Regulation Of Monoatomic Ion Transmembrane Transporter Activity (GO:0032412),7/69,0.7906273283255935,0.9999961907768526,0,0,0.774428869441335,0.1819354607875035,FXYD3;MAPK8IP2;SHISA9;SHISA8;CACNG4;HCN2;SHANK1
GO_Biological_Process_2023,Potassium Ion Transport (GO:0006813),13/122,0.7911458325777201,0.9999961907768526,0,0,0.8177974398955652,0.191587829689845,SLC24A2;KCNF1;KCNK6;KCNG3;KCNJ6;KCNJ10;KCNH6;KCNK9;HPN;KCNK15;KCNK1;HCN2;KCNH1
GO_Biological_Process_2023,Negative Regulation Of Peptidase Activity (GO:0010466),6/60,0.7913524209686853,0.9999961907768526,0,0,0.7621863092891867,0.1783606449871112,SERPINA12;SERPINE1;SERPINA9;SERPINB7;GAPDH;SERPINA4
GO_Biological_Process_2023,Left/Right Pattern Formation (GO:0060972),3/32,0.7916655530352613,0.9999961907768526,0,0,0.7098017920173771,0.1658212384839239,STIL;FOXJ1;PIERCE1
GO_Biological_Process_2023,Mesenchymal Cell Migration (GO:0090497),3/32,0.7916655530352613,0.9999961907768526,0,0,0.7098017920173771,0.1658212384839239,SEMA4A;SEMA7A;GDNF
GO_Biological_Process_2023,Muscle Cell Development (GO:0055001),3/32,0.7916655530352613,0.9999961907768526,0,0,0.7098017920173771,0.1658212384839239,ACTN2;SDC1;MYH6
GO_Biological_Process_2023,Negative Regulation Of G1/S Transition Of Mitotic Cell Cycle (GO:2000134),3/32,0.7916655530352613,0.9999961907768526,0,0,0.7098017920173771,0.1658212384839239,RBL1;INHBA;E2F7
GO_Biological_Process_2023,Proteoglycan Biosynthetic Process (GO:0030166),3/32,0.7916655530352613,0.9999961907768526,0,0,0.7098017920173771,0.1658212384839239,CANT1;CHST11;BMPR1B
GO_Biological_Process_2023,Regulation Of Natural Killer Cell Mediated Cytotoxicity (GO:0042269),3/32,0.7916655530352613,0.9999961907768526,0,0,0.7098017920173771,0.1658212384839239,RASGRP1;KIR2DL4;NECTIN2
GO_Biological_Process_2023,Regulation Of Insulin Secretion (GO:0050796),9/87,0.7921471734373225,0.9999961907768526,0,0,0.7913453949365552,0.1843898706034781,BRSK2;SLC30A8;IFNG;UQCC2;BMP8A;ABCA12;SLC25A22;SOX4;STX1A
GO_Biological_Process_2023,Amide Biosynthetic Process (GO:0043604),5/51,0.793780609426475,0.9999961907768526,0,0,0.7456658786446021,0.172210167466094,CERS6;DEGS2;TLCD3B;PNPLA1;CERS2
GO_Biological_Process_2023,Positive Regulation Of DNA Recombination (GO:0045911),5/51,0.793780609426475,0.9999961907768526,0,0,0.7456658786446021,0.172210167466094,RAD51AP1;PARP1;ACTL6A;TIMELESS;FANCB
GO_Biological_Process_2023,Positive Regulation Of Leukocyte Mediated Cytotoxicity (GO:0001912),5/51,0.793780609426475,0.9999961907768526,0,0,0.7456658786446021,0.172210167466094,IL12B;CYRIB;RASGRP1;ULBP1;NECTIN2
GO_Biological_Process_2023,Positive Regulation Of Protein Localization To Cell Periphery (GO:1904377),5/51,0.793780609426475,0.9999961907768526,0,0,0.7456658786446021,0.172210167466094,IFNG;ARHGEF16;AKAP5;PLS1;NKD2
GO_Biological_Process_2023,Sensory Perception (GO:0007600),5/51,0.793780609426475,0.9999961907768526,0,0,0.7456658786446021,0.172210167466094,ADORA2A;USH1G;PRDM12;ASIC3;NIPSNAP1
GO_Biological_Process_2023,Inorganic Cation Transmembrane Transport (GO:0098662),32/284,0.7940079662482105,0.9999961907768526,0,0,0.8700764256319812,0.200693381185277,SLC24A2;KCNK6;KCNG3;KCNK9;HPN;ATP1A3;ATP2A1;ATP2C2;CACNA1H;SLC8A2;CACNG1;TRPM5;RHBG;ASIC3;SLC39A4;KCNH1;KCNF1;SLC12A3;ATP6V0B;SLC30A8;KCNH6;ATP6AP1;SLC11A1;SLC12A1;SLC39A11;KCNK15;SLC6A11;MCOLN2;SLC4A8;SLC6A9;KCNK1;HCN2
GO_Biological_Process_2023,Synapse Organization (GO:0050808),14/131,0.7941199178347108,0.9999961907768526,0,0,0.8204317101114255,0.1891265734385684,CHRNA1;UNC13A;WNT7B;F2R;ARHGAP39;POU4F1;SLC8A2;CACNB3;CDH2;CDK5;CDH1;PTK7;PPFIA4;PPFIA3
GO_Biological_Process_2023,Branching Morphogenesis Of An Epithelial Tube (GO:0048754),4/42,0.7989571499311401,0.9999961907768526,0,0,0.7221657925830725,0.1620886420158188,GDNF;WT1;NPNT;PAX2
GO_Biological_Process_2023,Monoatomic Cation Transport (GO:0006812),4/42,0.7989571499311401,0.9999961907768526,0,0,0.7221657925830725,0.1620886420158188,PANX2;CALHM1;SLC11A1;GRIN2D
GO_Biological_Process_2023,Negative Regulation Of I-kappaB kinase/NF-kappaB Signaling (GO:0043124),4/42,0.7989571499311401,0.9999961907768526,0,0,0.7221657925830725,0.1620886420158188,PYCARD;STAT1;TNIP3;TRIM59
GO_Biological_Process_2023,Negative Regulation Of Extrinsic Apoptotic Signaling Pathway (GO:2001237),7/70,0.802885176577355,0.9999961907768526,0,0,0.7620925341745531,0.1673125143382998,TERT;GDNF;UNC5B;SRC;SERPINE1;IFI6;BRCA1
GO_Biological_Process_2023,Plasma Membrane Bounded Cell Projection Organization (GO:0120036),14/132,0.8031312963354209,0.9999961907768526,0,0,0.8134319855774709,0.1783344460848871,CNTNAP2;UNC5A;EPHA8;RASGRF1;BICDL1;STMND1;PRDM12;POU4F1;CDK5;GDNF;RAB25;GPRIN1;STMN1;CDK5R1
GO_Biological_Process_2023,Peptidyl-Serine Phosphorylation (GO:0018105),17/158,0.8032762800120893,0.9999961907768526,0,0,0.8265022489513317,0.1810507431402497,BRSK1;PLK1;MAST1;CAMK2A;CDC7;TTK;PRKCZ;TTBK1;SRPK1;AURKA;SBK1;CDK5;CDK1;PBK;CLSPN;CAMK1G;CDK5R1
GO_Biological_Process_2023,BMP Signaling Pathway (GO:0030509),6/61,0.804387715035908,0.9999961907768526,0,0,0.748285376428853,0.1628821912677133,GARS1;DLX5;SCX;INHBA;BMPR1B;RUNX2
GO_Biological_Process_2023,Actin-Myosin Filament Sliding (GO:0033275),1/12,0.804535098299852,0.9999961907768526,0,0,0.6239181746656176,0.1356963918352687,MYH6
GO_Biological_Process_2023,Alanine Transport (GO:0032328),1/12,0.804535098299852,0.9999961907768526,0,0,0.6239181746656176,0.1356963918352687,SLC7A5
GO_Biological_Process_2023,Aspartate Family Amino Acid Metabolic Process (GO:0009066),1/12,0.804535098299852,0.9999961907768526,0,0,0.6239181746656176,0.1356963918352687,SMS
GO_Biological_Process_2023,Astrocyte Activation (GO:0048143),1/12,0.804535098299852,0.9999961907768526,0,0,0.6239181746656176,0.1356963918352687,IFNG
GO_Biological_Process_2023,Atrial Cardiac Muscle Tissue Development (GO:0003228),1/12,0.804535098299852,0.9999961907768526,0,0,0.6239181746656176,0.1356963918352687,MYH6
GO_Biological_Process_2023,Axonal Fasciculation (GO:0007413),1/12,0.804535098299852,0.9999961907768526,0,0,0.6239181746656176,0.1356963918352687,CDK5R1
GO_Biological_Process_2023,Biogenic Amine Metabolic Process (GO:0006576),1/12,0.804535098299852,0.9999961907768526,0,0,0.6239181746656176,0.1356963918352687,SMS
GO_Biological_Process_2023,Cardiolipin Metabolic Process (GO:0032048),1/12,0.804535098299852,0.9999961907768526,0,0,0.6239181746656176,0.1356963918352687,LCLAT1
GO_Biological_Process_2023,Cell Projection Assembly (GO:0030031),1/12,0.804535098299852,0.9999961907768526,0,0,0.6239181746656176,0.1356963918352687,RAC3
GO_Biological_Process_2023,Cellular Response To Acidic pH (GO:0071468),1/12,0.804535098299852,0.9999961907768526,0,0,0.6239181746656176,0.1356963918352687,NOX1
GO_Biological_Process_2023,Dendrite Self-Avoidance (GO:0070593),1/12,0.804535098299852,0.9999961907768526,0,0,0.6239181746656176,0.1356963918352687,IGSF9
GO_Biological_Process_2023,Detection Of Bacterium (GO:0016045),1/12,0.804535098299852,0.9999961907768526,0,0,0.6239181746656176,0.1356963918352687,NOD2
GO_Biological_Process_2023,Eye Photoreceptor Cell Differentiation (GO:0001754),1/12,0.804535098299852,0.9999961907768526,0,0,0.6239181746656176,0.1356963918352687,TH
GO_Biological_Process_2023,Fatty Acid Transmembrane Transport (GO:1902001),1/12,0.804535098299852,0.9999961907768526,0,0,0.6239181746656176,0.1356963918352687,SLC2A1
GO_Biological_Process_2023,Fibrinolysis (GO:0042730),1/12,0.804535098299852,0.9999961907768526,0,0,0.6239181746656176,0.1356963918352687,SERPINE1
GO_Biological_Process_2023,Folic Acid Metabolic Process (GO:0046655),1/12,0.804535098299852,0.9999961907768526,0,0,0.6239181746656176,0.1356963918352687,MTHFD2
GO_Biological_Process_2023,Glucose Import (GO:0046323),1/12,0.804535098299852,0.9999961907768526,0,0,0.6239181746656176,0.1356963918352687,SLC2A1
GO_Biological_Process_2023,Granulocyte Activation (GO:0036230),1/12,0.804535098299852,0.9999961907768526,0,0,0.6239181746656176,0.1356963918352687,CAMP
GO_Biological_Process_2023,Granulocyte Differentiation (GO:0030851),1/12,0.804535098299852,0.9999961907768526,0,0,0.6239181746656176,0.1356963918352687,LEF1
GO_Biological_Process_2023,Icosanoid Secretion (GO:0032309),1/12,0.804535098299852,0.9999961907768526,0,0,0.6239181746656176,0.1356963918352687,DRD4
GO_Biological_Process_2023,Macrophage Migration (GO:1905517),1/12,0.804535098299852,0.9999961907768526,0,0,0.6239181746656176,0.1356963918352687,EDN2
GO_Biological_Process_2023,Mesoderm Morphogenesis (GO:0048332),1/12,0.804535098299852,0.9999961907768526,0,0,0.6239181746656176,0.1356963918352687,SCX
GO_Biological_Process_2023,Mitochondrial Transcription (GO:0006390),1/12,0.804535098299852,0.9999961907768526,0,0,0.6239181746656176,0.1356963918352687,MTERF3
GO_Biological_Process_2023,Morphogenesis Of A Polarized Epithelium (GO:0001738),1/12,0.804535098299852,0.9999961907768526,0,0,0.6239181746656176,0.1356963918352687,CELSR1
GO_Biological_Process_2023,Negative Regulation Of JUN Kinase Activity (GO:0043508),1/12,0.804535098299852,0.9999961907768526,0,0,0.6239181746656176,0.1356963918352687,ZNF675
GO_Biological_Process_2023,Negative Regulation Of Cell Cycle Phase Transition (GO:1901988),1/12,0.804535098299852,0.9999961907768526,0,0,0.6239181746656176,0.1356963918352687,MACROH2A1
GO_Biological_Process_2023,Negative Regulation Of Complement Activation (GO:0045916),1/12,0.804535098299852,0.9999961907768526,0,0,0.6239181746656176,0.1356963918352687,SUSD4
GO_Biological_Process_2023,Negative Regulation Of Hippo Signaling (GO:0035331),1/12,0.804535098299852,0.9999961907768526,0,0,0.6239181746656176,0.1356963918352687,CIT
GO_Biological_Process_2023,Negative Regulation Of Intrinsic Apoptotic Signaling Pathway In Response To DNA Damage By P53 Class Mediator (GO:1902166),1/12,0.804535098299852,0.9999961907768526,0,0,0.6239181746656176,0.1356963918352687,MUC1
GO_Biological_Process_2023,Negative Regulation Of Mitochondrial Membrane Permeability (GO:0035795),1/12,0.804535098299852,0.9999961907768526,0,0,0.6239181746656176,0.1356963918352687,BAK1
GO_Biological_Process_2023,Negative Regulation Of Substrate Adhesion-Dependent Cell Spreading (GO:1900025),1/12,0.804535098299852,0.9999961907768526,0,0,0.6239181746656176,0.1356963918352687,RCC2
GO_Biological_Process_2023,Negative Regulation Of Voltage-Gated Calcium Channel Activity (GO:1901386),1/12,0.804535098299852,0.9999961907768526,0,0,0.6239181746656176,0.1356963918352687,DRD4
GO_Biological_Process_2023,Nucleotide Metabolic Process (GO:0009117),1/12,0.804535098299852,0.9999961907768526,0,0,0.6239181746656176,0.1356963918352687,PNP
GO_Biological_Process_2023,Phospholipid Homeostasis (GO:0055091),1/12,0.804535098299852,0.9999961907768526,0,0,0.6239181746656176,0.1356963918352687,TLCD1
GO_Biological_Process_2023,"Positive Regulation Of CD4-positive, Alpha-Beta T Cell Activation (GO:2000516)",1/12,0.804535098299852,0.9999961907768526,0,0,0.6239181746656176,0.1356963918352687,TNFSF4
GO_Biological_Process_2023,Positive Regulation Of Alcohol Biosynthetic Process (GO:1902932),1/12,0.804535098299852,0.9999961907768526,0,0,0.6239181746656176,0.1356963918352687,SH2D2A
GO_Biological_Process_2023,Positive Regulation Of Calcium-Mediated Signaling (GO:0050850),1/12,0.804535098299852,0.9999961907768526,0,0,0.6239181746656176,0.1356963918352687,CLEC7A
GO_Biological_Process_2023,Positive Regulation Of Histone H3-K4 Methylation (GO:0051571),1/12,0.804535098299852,0.9999961907768526,0,0,0.6239181746656176,0.1356963918352687,BRCA1
GO_Biological_Process_2023,Positive Regulation Of Myeloid Leukocyte Mediated Immunity (GO:0002888),1/12,0.804535098299852,0.9999961907768526,0,0,0.6239181746656176,0.1356963918352687,CD177
GO_Biological_Process_2023,Positive Regulation Of Purine Nucleotide Biosynthetic Process (GO:1900373),1/12,0.804535098299852,0.9999961907768526,0,0,0.6239181746656176,0.1356963918352687,GUCA1A
GO_Biological_Process_2023,Positive Regulation Of Ruffle Assembly (GO:1900029),1/12,0.804535098299852,0.9999961907768526,0,0,0.6239181746656176,0.1356963918352687,EPS8L1
GO_Biological_Process_2023,Positive Regulation Of Sodium Ion Transmembrane Transporter Activity (GO:2000651),1/12,0.804535098299852,0.9999961907768526,0,0,0.6239181746656176,0.1356963918352687,DRD4
GO_Biological_Process_2023,Positive Regulation Of Sodium Ion Transport (GO:0010765),1/12,0.804535098299852,0.9999961907768526,0,0,0.6239181746656176,0.1356963918352687,PRSS8
GO_Biological_Process_2023,Positive Regulation Of Vasoconstriction (GO:0045907),1/12,0.804535098299852,0.9999961907768526,0,0,0.6239181746656176,0.1356963918352687,F2R
GO_Biological_Process_2023,Positive Regulation Of Voltage-Gated Calcium Channel Activity (GO:1901387),1/12,0.804535098299852,0.9999961907768526,0,0,0.6239181746656176,0.1356963918352687,CACNB3
GO_Biological_Process_2023,Primary miRNA Processing (GO:0031053),1/12,0.804535098299852,0.9999961907768526,0,0,0.6239181746656176,0.1356963918352687,GARS1
GO_Biological_Process_2023,Pseudouridine Synthesis (GO:0001522),1/12,0.804535098299852,0.9999961907768526,0,0,0.6239181746656176,0.1356963918352687,PUSL1
GO_Biological_Process_2023,Quaternary Ammonium Group Transport (GO:0015697),1/12,0.804535098299852,0.9999961907768526,0,0,0.6239181746656176,0.1356963918352687,SLC44A4
GO_Biological_Process_2023,Quinone Biosynthetic Process (GO:1901663),1/12,0.804535098299852,0.9999961907768526,0,0,0.6239181746656176,0.1356963918352687,PDSS1
GO_Biological_Process_2023,Regulation Of T Cell Differentiation In Thymus (GO:0033081),1/12,0.804535098299852,0.9999961907768526,0,0,0.6239181746656176,0.1356963918352687,FOXJ1
GO_Biological_Process_2023,Regulation Of Acrosome Reaction (GO:0060046),1/12,0.804535098299852,0.9999961907768526,0,0,0.6239181746656176,0.1356963918352687,CCDC87
GO_Biological_Process_2023,Regulation Of Chemokine (C-X-C Motif) Ligand 2 Production (GO:2000341),1/12,0.804535098299852,0.9999961907768526,0,0,0.6239181746656176,0.1356963918352687,OAS3
GO_Biological_Process_2023,Regulation Of Leukocyte Adhesion To Vascular Endothelial Cell (GO:1904994),1/12,0.804535098299852,0.9999961907768526,0,0,0.6239181746656176,0.1356963918352687,FUT7
GO_Biological_Process_2023,Regulation Of Monooxygenase Activity (GO:0032768),1/12,0.804535098299852,0.9999961907768526,0,0,0.6239181746656176,0.1356963918352687,GDNF
GO_Biological_Process_2023,Regulation Of Platelet-Derived Growth Factor Receptor Signaling Pathway (GO:0010640),1/12,0.804535098299852,0.9999961907768526,0,0,0.6239181746656176,0.1356963918352687,F7
GO_Biological_Process_2023,Regulation Of Sensory Perception (GO:0051931),1/12,0.804535098299852,0.9999961907768526,0,0,0.6239181746656176,0.1356963918352687,F2R
GO_Biological_Process_2023,Regulation Of Transcription From RNA Polymerase II Promoter In Response To Stress (GO:0043618),1/12,0.804535098299852,0.9999961907768526,0,0,0.6239181746656176,0.1356963918352687,MUC1
GO_Biological_Process_2023,Response To Thyroid Hormone (GO:0097066),1/12,0.804535098299852,0.9999961907768526,0,0,0.6239181746656176,0.1356963918352687,HPN
GO_Biological_Process_2023,Secretion (GO:0046903),1/12,0.804535098299852,0.9999961907768526,0,0,0.6239181746656176,0.1356963918352687,TPD52
GO_Biological_Process_2023,snRNA Transcription (GO:0009301),1/12,0.804535098299852,0.9999961907768526,0,0,0.6239181746656176,0.1356963918352687,ELL3
GO_Biological_Process_2023,Sodium Ion Export Across Plasma Membrane (GO:0036376),1/12,0.804535098299852,0.9999961907768526,0,0,0.6239181746656176,0.1356963918352687,ATP1A3
GO_Biological_Process_2023,Triglyceride Catabolic Process (GO:0019433),1/12,0.804535098299852,0.9999961907768526,0,0,0.6239181746656176,0.1356963918352687,PNPLA1
GO_Biological_Process_2023,Cardiac Muscle Tissue Development (GO:0048738),5/52,0.8077026011883695,0.9999961907768526,0,0,0.7297587311168117,0.1558482642072246,GREM1;MYLK2;GARS1;GATA5;GATA4
GO_Biological_Process_2023,Cartilage Development (GO:0051216),5/52,0.8077026011883695,0.9999961907768526,0,0,0.7297587311168117,0.1558482642072246,EPYC;SCX;HMGA2;SULF1;FGFR3
GO_Biological_Process_2023,Positive Regulation Of Telomere Maintenance (GO:0032206),5/52,0.8077026011883695,0.9999961907768526,0,0,0.7297587311168117,0.1558482642072246,PKIB;ACTL6A;NEK2;MAPK15;AURKB
GO_Biological_Process_2023,Cardiac Muscle Contraction (GO:0060048),3/33,0.8089139650837401,0.9999961907768526,0,0,0.6861023622047244,0.1454967295720402,MYLK2;TNNI3;MYH6
GO_Biological_Process_2023,Positive Regulation Of Notch Signaling Pathway (GO:0045747),3/33,0.8089139650837401,0.9999961907768526,0,0,0.6861023622047244,0.1454967295720402,SRC;GATA5;NOD2
GO_Biological_Process_2023,Regulation Of NLRP3 Inflammasome Complex Assembly (GO:1900225),3/33,0.8089139650837401,0.9999961907768526,0,0,0.6861023622047244,0.1454967295720402,GBP5;DEPDC1B;PYDC1
GO_Biological_Process_2023,Regulation Of Sprouting Angiogenesis (GO:1903670),3/33,0.8089139650837401,0.9999961907768526,0,0,0.6861023622047244,0.1454967295720402,GARS1;CREB3L1;E2F2
GO_Biological_Process_2023,Vasculogenesis (GO:0001570),3/33,0.8089139650837401,0.9999961907768526,0,0,0.6861023622047244,0.1454967295720402,WT1;WNT7B;TNNI3
GO_Biological_Process_2023,Ventricular Cardiac Muscle Tissue Morphogenesis (GO:0055010),3/33,0.8089139650837401,0.9999961907768526,0,0,0.6861023622047244,0.1454967295720402,DSP;TNNI3;MYH6
GO_Biological_Process_2023,Artery Development (GO:0060840),2/23,0.8095545762648398,0.9999961907768526,0,0,0.6535109911733288,0.1380679783964864,SLC2A10;STRA6
GO_Biological_Process_2023,Axon Extension (GO:0048675),2/23,0.8095545762648398,0.9999961907768526,0,0,0.6535109911733288,0.1380679783964864,NELL2;CDK5
GO_Biological_Process_2023,Cytosolic Pattern Recognition Receptor Signaling Pathway (GO:0002753),2/23,0.8095545762648398,0.9999961907768526,0,0,0.6535109911733288,0.1380679783964864,OAS3;IRF7
GO_Biological_Process_2023,Heparan Sulfate Proteoglycan Biosynthetic Process (GO:0015012),2/23,0.8095545762648398,0.9999961907768526,0,0,0.6535109911733288,0.1380679783964864,HS3ST3A1;HS6ST3
GO_Biological_Process_2023,Immune Response-Activating Cell Surface Receptor Signaling Pathway (GO:0002429),2/23,0.8095545762648398,0.9999961907768526,0,0,0.6535109911733288,0.1380679783964864,FPR3;SLA2
GO_Biological_Process_2023,Negative Regulation Of Epidermal Growth Factor Receptor Signaling Pathway (GO:0042059),2/23,0.8095545762648398,0.9999961907768526,0,0,0.6535109911733288,0.1380679783964864,GPRC5A;CBLC
GO_Biological_Process_2023,Negative Regulation Of Extrinsic Apoptotic Signaling Pathway Via Death Domain Receptors (GO:1902042),2/23,0.8095545762648398,0.9999961907768526,0,0,0.6535109911733288,0.1380679783964864,SERPINE1;BRCA1
GO_Biological_Process_2023,Negative Regulation Of Neuron Differentiation (GO:0045665),2/23,0.8095545762648398,0.9999961907768526,0,0,0.6535109911733288,0.1380679783964864,DISP3;SIX3
GO_Biological_Process_2023,Negative Regulation Of Protein Depolymerization (GO:1901880),2/23,0.8095545762648398,0.9999961907768526,0,0,0.6535109911733288,0.1380679783964864,TPX2;CKAP2
GO_Biological_Process_2023,Protein N-linked Glycosylation Via Asparagine (GO:0018279),2/23,0.8095545762648398,0.9999961907768526,0,0,0.6535109911733288,0.1380679783964864,DERL3;B4GALNT2
GO_Biological_Process_2023,Regulation Of Axon Extension Involved In Axon Guidance (GO:0048841),2/23,0.8095545762648398,0.9999961907768526,0,0,0.6535109911733288,0.1380679783964864,SEMA4A;SEMA7A
GO_Biological_Process_2023,Regulation Of Cellular Response To Transforming Growth Factor Beta Stimulus (GO:1903844),2/23,0.8095545762648398,0.9999961907768526,0,0,0.6535109911733288,0.1380679783964864,SOX11;NREP
GO_Biological_Process_2023,Positive Regulation Of Immune Response (GO:0050778),8/80,0.813668371857825,0.9999961907768526,0,0,0.7619986850756082,0.1571259588571935,PYCARD;GBP5;IFNL1;IFNG;TNFSF4;IL12B;NOD2;CD177
GO_Biological_Process_2023,Regulation Of Endothelial Cell Apoptotic Process (GO:2000351),4/43,0.8138850968394955,0.9999961907768526,0,0,0.7036083255067107,0.1448983415481325,IL11;SERPINE1;GATA3;PAK4
GO_Biological_Process_2023,Regulation Of Filopodium Assembly (GO:0051489),4/43,0.8138850968394955,0.9999961907768526,0,0,0.7036083255067107,0.1448983415481325,MIEN1;PLPPR5;NEURL1;RAB17
GO_Biological_Process_2023,Cellular Response To Lipid (GO:0071396),25/228,0.8141876419067732,0.9999961907768526,0,0,0.8438748400677683,0.1734706430906688,RET;CXCL9;CD80;SERPINE1;ATP1A3;NOD2;CXCL13;PPM1E;SLC5A5;PYCARD;CARD17P;NLRP7;SPP1;WNT2;H2AZ1;WNT7B;ACOD1;PTK6;POU4F1;PAX2;CXCL10;CXCL11;PTK7;TNFSF4;TNIP3
GO_Biological_Process_2023,Cell-Cell Junction Assembly (GO:0007043),7/71,0.8145862152250402,0.9999961907768526,0,0,0.750141709384858,0.1538353155909499,PARD6B;GJB2;CDH2;CDH1;CDH11;CDH15;PKP3
GO_Biological_Process_2023,Negative Regulation Of Kinase Activity (GO:0033673),6/62,0.816780199025112,0.9999961907768526,0,0,0.7348809054563883,0.1487290591215796,DBNDD1;CAMK2N2;PYDC1;TRIB3;CEP85;PPM1E
GO_Biological_Process_2023,Negative Regulation Of Cell Growth (GO:0030308),13/125,0.8184249247990502,0.9999961907768526,0,0,0.7957545172219085,0.1594482047219248,MINAR1;RTN4R;CDKN2A;INHBA;BRCA1;CYP27B1;DCSTAMP;PSRC1;WT1;CDHR2;TRIM46;ST20;KIAA0319
GO_Biological_Process_2023,Response To Cytokine (GO:0034097),13/125,0.8184249247990502,0.9999961907768526,0,0,0.7957545172219085,0.1594482047219248,SRC;STAT1;SLC11A1;FOXH1;LEF1;MX1;CXCR4;ISG15;POU4F1;CYP27B1;COL3A1;LAMP3;CASP3
GO_Biological_Process_2023,Actin Polymerization Or Depolymerization (GO:0008154),5/53,0.820865841739646,0.9999961907768526,0,0,0.7145143814026793,0.1410419887653242,DIAPH3;SPIRE2;MICAL2;EVL;FHDC1
GO_Biological_Process_2023,Endosome Organization (GO:0007032),5/53,0.820865841739646,0.9999961907768526,0,0,0.7145143814026793,0.1410419887653242,PLEKHF2;LAPTM4B;ATP6V0B;ATP6AP1;HOOK1
GO_Biological_Process_2023,Mitochondrial Transport (GO:0006839),5/53,0.820865841739646,0.9999961907768526,0,0,0.7145143814026793,0.1410419887653242,TOMM40;FLVCR1;TIMM17A;PMAIP1;BAK1
GO_Biological_Process_2023,Cellular Response To Organic Cyclic Compound (GO:0071407),16/152,0.8244195466302545,0.9999961907768526,0,0,0.8063967969459251,0.1556956422712046,H2AZ1;BLM;AQP9;IL18;ATP1A3;BRCA1;POU4F1;SLC5A5;P2RY6;RAD51;CDH1;WT1;CASP3;SPP1;EZR;HCN2
GO_Biological_Process_2023,Histone Deubiquitination (GO:0016578),3/34,0.8249394467334469,0.9999961907768526,0,0,0.6639319278638557,0.127770574549202,BARD1;DEPDC1B;BRCA1
GO_Biological_Process_2023,Negative Regulation Of Mitotic Cell Cycle (GO:0045930),3/34,0.8249394467334469,0.9999961907768526,0,0,0.6639319278638557,0.127770574549202,CHEK1;ZWINT;MAD2L1
GO_Biological_Process_2023,Regulation Of T Cell Receptor Signaling Pathway (GO:0050856),3/34,0.8249394467334469,0.9999961907768526,0,0,0.6639319278638557,0.127770574549202,SLA2;EZR;NECTIN2
GO_Biological_Process_2023,Regulation Of Blood Circulation (GO:1903522),3/34,0.8249394467334469,0.9999961907768526,0,0,0.6639319278638557,0.127770574549202,TH;CACNA1H;MYH6
GO_Biological_Process_2023,Smoothened Signaling Pathway (GO:0007224),3/34,0.8249394467334469,0.9999961907768526,0,0,0.6639319278638557,0.127770574549202,DISP3;STIL;GPC2
GO_Biological_Process_2023,Plasma Membrane Organization (GO:0007009),7/72,0.8257409264813629,0.9999961907768526,0,0,0.7385586022809998,0.1414149197307485,TRIM72;RAB3A;COL5A1;CHMP4C;CXCR4;TLCD1;PACSIN1
GO_Biological_Process_2023,Monoatomic Cation Transmembrane Transport (GO:0098655),31/281,0.8266669819179912,0.9999961907768526,0,0,0.849390127388535,0.1616842537751298,SLC24A2;KCNK6;KCNG3;KCNK9;HPN;ATP1A3;ATP2A1;ATP2C2;SLC8A2;CACNG1;TRPM5;ASIC3;SLC39A4;KCNH1;KCNF1;SLC12A3;ATP6V0B;SLC30A8;KCNH6;ATP6AP1;SLC11A1;SLC12A1;SLC39A11;KCNK15;SLC6A11;MCOLN2;GRIN2D;SLC4A8;SLC6A9;KCNK1;HCN2
GO_Biological_Process_2023,Embryonic Organ Morphogenesis (GO:0048562),4/44,0.8278910120805024,0.9999961907768526,0,0,0.685978731784167,0.129563383163408,FBN2;SIX2;MFAP2;SOX11
GO_Biological_Process_2023,Neural Crest Cell Development (GO:0014032),4/44,0.8278910120805024,0.9999961907768526,0,0,0.685978731784167,0.129563383163408,SEMA4A;SEMA7A;CDH2;GDNF
GO_Biological_Process_2023,Positive Regulation Of Biosynthetic Process (GO:0009891),4/44,0.8278910120805024,0.9999961907768526,0,0,0.685978731784167,0.129563383163408,CREB3L1;F2R;SCX;SUCO
GO_Biological_Process_2023,Positive Regulation Of Nucleocytoplasmic Transport (GO:0046824),4/44,0.8278910120805024,0.9999961907768526,0,0,0.685978731784167,0.129563383163408,IFNG;CDH1;PIK3R2;ECT2
GO_Biological_Process_2023,Amyloid Fibril Formation (GO:1990000),2/24,0.8282229523349679,0.9999961907768526,0,0,0.6237701692247147,0.1175637694446541,NAT8B;CAMP
GO_Biological_Process_2023,Ear Morphogenesis (GO:0042471),2/24,0.8282229523349679,0.9999961907768526,0,0,0.6237701692247147,0.1175637694446541,TFAP2A;PAX2
GO_Biological_Process_2023,Endosome Transport Via Multivesicular Body Sorting Pathway (GO:0032509),2/24,0.8282229523349679,0.9999961907768526,0,0,0.6237701692247147,0.1175637694446541,LAPTM4B;CHMP4C
GO_Biological_Process_2023,Eosinophil Chemotaxis (GO:0048245),2/24,0.8282229523349679,0.9999961907768526,0,0,0.6237701692247147,0.1175637694446541,CCL11;CCL7
GO_Biological_Process_2023,Eosinophil Migration (GO:0072677),2/24,0.8282229523349679,0.9999961907768526,0,0,0.6237701692247147,0.1175637694446541,CCL11;CCL7
GO_Biological_Process_2023,Iron Ion Transport (GO:0006826),2/24,0.8282229523349679,0.9999961907768526,0,0,0.6237701692247147,0.1175637694446541,TFR2;SLC11A1
GO_Biological_Process_2023,Multivesicular Body Sorting Pathway (GO:0071985),2/24,0.8282229523349679,0.9999961907768526,0,0,0.6237701692247147,0.1175637694446541,LAPTM4B;CHMP4C
GO_Biological_Process_2023,Natural Killer Cell Mediated Cytotoxicity (GO:0042267),2/24,0.8282229523349679,0.9999961907768526,0,0,0.6237701692247147,0.1175637694446541,FCGR3A;ULBP1
GO_Biological_Process_2023,Negative Regulation Of Antigen Receptor-Mediated Signaling Pathway (GO:0050858),2/24,0.8282229523349679,0.9999961907768526,0,0,0.6237701692247147,0.1175637694446541,SLA2;EZR
GO_Biological_Process_2023,Negative Regulation Of Cell Junction Assembly (GO:1901889),2/24,0.8282229523349679,0.9999961907768526,0,0,0.6237701692247147,0.1175637694446541,SRC;RCC2
GO_Biological_Process_2023,Negative Regulation Of Ossification (GO:0030279),2/24,0.8282229523349679,0.9999961907768526,0,0,0.6237701692247147,0.1175637694446541,GREM1;KREMEN2
GO_Biological_Process_2023,Positive Regulation Of Lipid Metabolic Process (GO:0045834),2/24,0.8282229523349679,0.9999961907768526,0,0,0.6237701692247147,0.1175637694446541,DISP3;EEF1A2
GO_Biological_Process_2023,Regulation Of Endoplasmic Reticulum Stress-Induced Intrinsic Apoptotic Signaling Pathway (GO:1902235),2/24,0.8282229523349679,0.9999961907768526,0,0,0.6237701692247147,0.1175637694446541,CREB3L1;PMAIP1
GO_Biological_Process_2023,Regulation Of Microtubule Depolymerization (GO:0031114),2/24,0.8282229523349679,0.9999961907768526,0,0,0.6237701692247147,0.1175637694446541,TPX2;CKAP2
GO_Biological_Process_2023,Regulation Of Ruffle Assembly (GO:1900027),2/24,0.8282229523349679,0.9999961907768526,0,0,0.6237701692247147,0.1175637694446541,EPS8L1;EVL
GO_Biological_Process_2023,Regulation Of Ryanodine-Sensitive Calcium-Release Channel Activity (GO:0060314),2/24,0.8282229523349679,0.9999961907768526,0,0,0.6237701692247147,0.1175637694446541,JPH3;JPH1
GO_Biological_Process_2023,Non-Membrane-Bounded Organelle Assembly (GO:0140694),14/135,0.828447162147379,0.9999961907768526,0,0,0.7931269995326935,0.1492682616330419,CDS1;GRB7;CENPW;LSM4;CENPA;SQLE;CENPE;CENPF;MCIDAS;RCC1;NEK2;DLGAP5;MYH6;SMIM22
GO_Biological_Process_2023,GTP Metabolic Process (GO:0046039),1/13,0.8294031919569566,0.9999961907768526,0,0,0.5718922108575925,0.1069717990451178,ENTPD7
GO_Biological_Process_2023,N-terminal Protein Amino Acid Modification (GO:0031365),1/13,0.8294031919569566,0.9999961907768526,0,0,0.5718922108575925,0.1069717990451178,NTMT2
GO_Biological_Process_2023,Amyloid Precursor Protein Catabolic Process (GO:0042987),1/13,0.8294031919569566,0.9999961907768526,0,0,0.5718922108575925,0.1069717990451178,ADAM19
GO_Biological_Process_2023,Antigen Processing And Presentation Of Endogenous Peptide Antigen Via MHC Class I Via ER Pathway (GO:0002484),1/13,0.8294031919569566,0.9999961907768526,0,0,0.5718922108575925,0.1069717990451178,ULBP1
GO_Biological_Process_2023,"Antigen Processing And Presentation Of Endogenous Peptide Antigen Via MHC Class I Via ER Pathway, TAP-independent (GO:0002486)",1/13,0.8294031919569566,0.9999961907768526,0,0,0.5718922108575925,0.1069717990451178,ULBP1
GO_Biological_Process_2023,Antigen Processing And Presentation Of Endogenous Peptide Antigen Via MHC Class Ib (GO:0002476),1/13,0.8294031919569566,0.9999961907768526,0,0,0.5718922108575925,0.1069717990451178,ULBP1
GO_Biological_Process_2023,Antigen Processing And Presentation Of Peptide Antigen Via MHC Class Ib (GO:0002428),1/13,0.8294031919569566,0.9999961907768526,0,0,0.5718922108575925,0.1069717990451178,ULBP1
GO_Biological_Process_2023,Atrial Septum Development (GO:0003283),1/13,0.8294031919569566,0.9999961907768526,0,0,0.5718922108575925,0.1069717990451178,GATA4
GO_Biological_Process_2023,Cardiocyte Differentiation (GO:0035051),1/13,0.8294031919569566,0.9999961907768526,0,0,0.5718922108575925,0.1069717990451178,GREM1
GO_Biological_Process_2023,Cellular Modified Amino Acid Catabolic Process (GO:0042219),1/13,0.8294031919569566,0.9999961907768526,0,0,0.5718922108575925,0.1069717990451178,CBS
GO_Biological_Process_2023,Chondroitin Sulfate Biosynthetic Process (GO:0030206),1/13,0.8294031919569566,0.9999961907768526,0,0,0.5718922108575925,0.1069717990451178,CHST11
GO_Biological_Process_2023,Clathrin Coat Assembly (GO:0048268),1/13,0.8294031919569566,0.9999961907768526,0,0,0.5718922108575925,0.1069717990451178,NSG2
GO_Biological_Process_2023,"Endonucleolytic Cleavage Of Tricistronic rRNA Transcript (SSU-rRNA, 5.8S rRNA, LSU-rRNA) (GO:0000479)",1/13,0.8294031919569566,0.9999961907768526,0,0,0.5718922108575925,0.1069717990451178,RRS1
GO_Biological_Process_2023,Extracellular Transport (GO:0006858),1/13,0.8294031919569566,0.9999961907768526,0,0,0.5718922108575925,0.1069717990451178,CABYR
GO_Biological_Process_2023,Eye Photoreceptor Cell Development (GO:0042462),1/13,0.8294031919569566,0.9999961907768526,0,0,0.5718922108575925,0.1069717990451178,TH
GO_Biological_Process_2023,Glomerular Filtration (GO:0003094),1/13,0.8294031919569566,0.9999961907768526,0,0,0.5718922108575925,0.1069717990451178,SULF1
GO_Biological_Process_2023,Immune Response-Regulating Cell Surface Receptor Signaling Pathway (GO:0002768),1/13,0.8294031919569566,0.9999961907768526,0,0,0.5718922108575925,0.1069717990451178,CD24
GO_Biological_Process_2023,Interleukin-6-Mediated Signaling Pathway (GO:0070102),1/13,0.8294031919569566,0.9999961907768526,0,0,0.5718922108575925,0.1069717990451178,SRC
GO_Biological_Process_2023,Intracellular Potassium Ion Homeostasis (GO:0030007),1/13,0.8294031919569566,0.9999961907768526,0,0,0.5718922108575925,0.1069717990451178,ATP1A3
GO_Biological_Process_2023,Lipid Oxidation (GO:0034440),1/13,0.8294031919569566,0.9999961907768526,0,0,0.5718922108575925,0.1069717990451178,SAMD1
GO_Biological_Process_2023,Membrane Depolarization During Action Potential (GO:0086010),1/13,0.8294031919569566,0.9999961907768526,0,0,0.5718922108575925,0.1069717990451178,HCN2
GO_Biological_Process_2023,Microtubule-Based Transport (GO:0099111),1/13,0.8294031919569566,0.9999961907768526,0,0,0.5718922108575925,0.1069717990451178,CABYR
GO_Biological_Process_2023,Mitochondrial DNA Metabolic Process (GO:0032042),1/13,0.8294031919569566,0.9999961907768526,0,0,0.5718922108575925,0.1069717990451178,PARP1
GO_Biological_Process_2023,Negative Regulation Of NLRP3 Inflammasome Complex Assembly (GO:1900226),1/13,0.8294031919569566,0.9999961907768526,0,0,0.5718922108575925,0.1069717990451178,PYDC1
GO_Biological_Process_2023,Negative Regulation Of Bone Mineralization (GO:0030502),1/13,0.8294031919569566,0.9999961907768526,0,0,0.5718922108575925,0.1069717990451178,GREM1
GO_Biological_Process_2023,Negative Regulation Of Interleukin-12 Production (GO:0032695),1/13,0.8294031919569566,0.9999961907768526,0,0,0.5718922108575925,0.1069717990451178,TIGIT
GO_Biological_Process_2023,Negative Regulation Of Lyase Activity (GO:0051350),1/13,0.8294031919569566,0.9999961907768526,0,0,0.5718922108575925,0.1069717990451178,AKAP5
GO_Biological_Process_2023,Negative Regulation Of Myoblast Differentiation (GO:0045662),1/13,0.8294031919569566,0.9999961907768526,0,0,0.5718922108575925,0.1069717990451178,SOX4
GO_Biological_Process_2023,Negative Regulation Of Toll-Like Receptor Signaling Pathway (GO:0034122),1/13,0.8294031919569566,0.9999961907768526,0,0,0.5718922108575925,0.1069717990451178,SMPDL3B
GO_Biological_Process_2023,Negative Regulation Of Viral Transcription (GO:0032897),1/13,0.8294031919569566,0.9999961907768526,0,0,0.5718922108575925,0.1069717990451178,TRIM11
GO_Biological_Process_2023,Nucleotide-Sugar Metabolic Process (GO:0009225),1/13,0.8294031919569566,0.9999961907768526,0,0,0.5718922108575925,0.1069717990451178,GFUS
GO_Biological_Process_2023,Outer Mitochondrial Membrane Organization (GO:0007008),1/13,0.8294031919569566,0.9999961907768526,0,0,0.5718922108575925,0.1069717990451178,TOMM40
GO_Biological_Process_2023,Plasma Membrane Tubulation (GO:0097320),1/13,0.8294031919569566,0.9999961907768526,0,0,0.5718922108575925,0.1069717990451178,PACSIN1
GO_Biological_Process_2023,Positive Regulation Of T Cell Receptor Signaling Pathway (GO:0050862),1/13,0.8294031919569566,0.9999961907768526,0,0,0.5718922108575925,0.1069717990451178,NECTIN2
GO_Biological_Process_2023,Positive Regulation Of Cyclase Activity (GO:0031281),1/13,0.8294031919569566,0.9999961907768526,0,0,0.5718922108575925,0.1069717990451178,GUCA1A
GO_Biological_Process_2023,Positive Regulation Of Fatty Acid Biosynthetic Process (GO:0045723),1/13,0.8294031919569566,0.9999961907768526,0,0,0.5718922108575925,0.1069717990451178,APOC2
GO_Biological_Process_2023,Positive Regulation Of Leukocyte Degranulation (GO:0043302),1/13,0.8294031919569566,0.9999961907768526,0,0,0.5718922108575925,0.1069717990451178,CD177
GO_Biological_Process_2023,Positive Regulation Of Protein Deacetylation (GO:0090312),1/13,0.8294031919569566,0.9999961907768526,0,0,0.5718922108575925,0.1069717990451178,IFNG
GO_Biological_Process_2023,Positive Regulation Of Superoxide Anion Generation (GO:0032930),1/13,0.8294031919569566,0.9999961907768526,0,0,0.5718922108575925,0.1069717990451178,CLEC7A
GO_Biological_Process_2023,Protein Insertion Into Mitochondrial Outer Membrane (GO:0045040),1/13,0.8294031919569566,0.9999961907768526,0,0,0.5718922108575925,0.1069717990451178,TOMM40
GO_Biological_Process_2023,Regulation Of IRE1-mediated Unfolded Protein Response (GO:1903894),1/13,0.8294031919569566,0.9999961907768526,0,0,0.5718922108575925,0.1069717990451178,BAK1
GO_Biological_Process_2023,Regulation Of cAMP-dependent Protein Kinase Activity (GO:2000479),1/13,0.8294031919569566,0.9999961907768526,0,0,0.5718922108575925,0.1069717990451178,PKIB
GO_Biological_Process_2023,Regulation Of Cellular Ketone Metabolic Process (GO:0010565),1/13,0.8294031919569566,0.9999961907768526,0,0,0.5718922108575925,0.1069717990451178,FGFR4
GO_Biological_Process_2023,Regulation Of Fatty Acid Beta-Oxidation (GO:0031998),1/13,0.8294031919569566,0.9999961907768526,0,0,0.5718922108575925,0.1069717990451178,MFSD2A
GO_Biological_Process_2023,Regulation Of Flagellated Sperm Motility (GO:1901317),1/13,0.8294031919569566,0.9999961907768526,0,0,0.5718922108575925,0.1069717990451178,RNASE10
GO_Biological_Process_2023,Regulation Of Immune Effector Process (GO:0002697),1/13,0.8294031919569566,0.9999961907768526,0,0,0.5718922108575925,0.1069717990451178,SUSD4
GO_Biological_Process_2023,Regulation Of Intrinsic Apoptotic Signaling Pathway In Response To DNA Damage By P53 Class Mediator (GO:1902165),1/13,0.8294031919569566,0.9999961907768526,0,0,0.5718922108575925,0.1069717990451178,MUC1
GO_Biological_Process_2023,Regulation Of Leukocyte Migration (GO:0002685),1/13,0.8294031919569566,0.9999961907768526,0,0,0.5718922108575925,0.1069717990451178,TNFRSF18
GO_Biological_Process_2023,Regulation Of Macrophage Cytokine Production (GO:0010935),1/13,0.8294031919569566,0.9999961907768526,0,0,0.5718922108575925,0.1069717990451178,SEMA7A
GO_Biological_Process_2023,Regulation Of Response To Stress (GO:0080134),1/13,0.8294031919569566,0.9999961907768526,0,0,0.5718922108575925,0.1069717990451178,MACROH2A1
GO_Biological_Process_2023,Regulation Of Transcription Of Nucleolar Large rRNA By RNA Polymerase I (GO:1901836),1/13,0.8294031919569566,0.9999961907768526,0,0,0.5718922108575925,0.1069717990451178,MACROH2A1
GO_Biological_Process_2023,Regulation Of Vasculogenesis (GO:2001212),1/13,0.8294031919569566,0.9999961907768526,0,0,0.5718922108575925,0.1069717990451178,SORD
GO_Biological_Process_2023,Relaxation Of Muscle (GO:0090075),1/13,0.8294031919569566,0.9999961907768526,0,0,0.5718922108575925,0.1069717990451178,ATP2A1
GO_Biological_Process_2023,Secondary Palate Development (GO:0062009),1/13,0.8294031919569566,0.9999961907768526,0,0,0.5718922108575925,0.1069717990451178,LEF1
GO_Biological_Process_2023,Sodium-Independent Organic Anion Transport (GO:0043252),1/13,0.8294031919569566,0.9999961907768526,0,0,0.5718922108575925,0.1069717990451178,SLCO5A1
GO_Biological_Process_2023,Suppression Of Viral Release By Host (GO:0044790),1/13,0.8294031919569566,0.9999961907768526,0,0,0.5718922108575925,0.1069717990451178,TRIM11
GO_Biological_Process_2023,Ubiquinone Biosynthetic Process (GO:0006744),1/13,0.8294031919569566,0.9999961907768526,0,0,0.5718922108575925,0.1069717990451178,PDSS1
GO_Biological_Process_2023,Protein Complex Oligomerization (GO:0051259),10/100,0.8331404082677695,0.9999961907768526,0,0,0.7618107645742861,0.1390709118681254,COMP;PYCARD;TRIM72;POLQ;BLM;CALHM1;BEND3;ECT2;FOXM1;SAMD1
GO_Biological_Process_2023,Response To UV (GO:0009411),10/100,0.8331404082677695,0.9999961907768526,0,0,0.7618107645742861,0.1390709118681254,BRSK1;FEN1;PCNA;PARP1;PCLAF;IL12B;BAK1;CDC25A;AURKB;RHNO1
GO_Biological_Process_2023,Peptidyl-Tyrosine Modification (GO:0018212),5/54,0.8332920541070514,0.9999961907768526,0,0,0.6998922500442257,0.1276401146874613,SRMS;SRC;FGFR4;FGFR3;TTBK1
GO_Biological_Process_2023,Positive Regulation Of Binding (GO:0051099),9/91,0.833407186140313,0.9999961907768526,0,0,0.7525699270410225,0.1371430283677652,CDT1;TERT;NVL;RIPK2;STMN1;PLAUR;TRIB3;MMP9;NME1
GO_Biological_Process_2023,Regulation Of RNA Metabolic Process (GO:0051252),9/91,0.833407186140313,0.9999961907768526,0,0,0.7525699270410225,0.1371430283677652,ESRP2;OAS2;ESRP1;OAS3;ILDR1;ILDR2;OASL;PTBP3;MCM2
GO_Biological_Process_2023,Regulation Of Epithelial Cell Proliferation (GO:0050678),9/91,0.833407186140313,0.9999961907768526,0,0,0.7525699270410225,0.1371430283677652,SIX4;UHRF1;HPN;MARVELD3;EPPK1;NOD2;FUT2;PAX2;NME1
GO_Biological_Process_2023,Protein Autophosphorylation (GO:0046777),17/162,0.8339221936019344,0.9999961907768526,0,0,0.8035165315204631,0.1459307946989919,DDR1;MYLK2;SRMS;EPHA8;SRC;CAMK2A;PTK6;PASK;MAPK15;AURKB;AURKA;GRK1;MELK;NEK2;MAP3K9;FGFR4;FGFR3
GO_Biological_Process_2023,Negative Regulation Of Apoptotic Signaling Pathway (GO:2001234),8/82,0.8343938609600099,0.9999961907768526,0,0,0.741318833626526,0.1342155767129353,SRC;RTKN2;MAZ;PLAUR;GATA4;BAK1;MAPK8IP2;MMP9
GO_Biological_Process_2023,Regulation Of Rho Protein Signal Transduction (GO:0035023),7/73,0.8363611250917004,0.9999961907768526,0,0,0.7273264984227129,0.12996945688307,RTN4R;COL3A1;STMN1;F2R;KCTD13;EPS8L1;F2RL2
GO_Biological_Process_2023,Response To Metal Ion (GO:0010038),6/64,0.8396969781141934,0.9999961907768526,0,0,0.7094586329224036,0.1239524922110607,SLC30A8;TFR2;SLC34A1;ITPKA;TESMIN;ITPR3
GO_Biological_Process_2023,Intrinsic Apoptotic Signaling Pathway By P53 Class Mediator (GO:0072332),3/35,0.8398003968069592,0.9999961907768526,0,0,0.6431471456692913,0.1122877278973316,PYCARD;PMAIP1;POU4F1
GO_Biological_Process_2023,Negative Regulation Of Cell Cycle G1/S Phase Transition (GO:1902807),3/35,0.8398003968069592,0.9999961907768526,0,0,0.6431471456692913,0.1122877278973316,RBL1;INHBA;E2F7
GO_Biological_Process_2023,Skeletal Muscle Organ Development (GO:0060538),3/35,0.8398003968069592,0.9999961907768526,0,0,0.6431471456692913,0.1122877278973316,SIX4;WT1;STRA6
GO_Biological_Process_2023,Determination Of Left/Right Symmetry (GO:0007368),4/45,0.8410093884128521,0.9999961907768526,0,0,0.6692091182432108,0.1158752021867809,STIL;FOXJ1;CFAP45;PIERCE1
GO_Biological_Process_2023,Hexose Metabolic Process (GO:0019318),4/45,0.8410093884128521,0.9999961907768526,0,0,0.6692091182432108,0.1158752021867809,SLC35A2;PMM2;SORD;CHST1
GO_Biological_Process_2023,Organic Hydroxy Compound Transport (GO:0015850),4/45,0.8410093884128521,0.9999961907768526,0,0,0.6692091182432108,0.1158752021867809,SLC10A4;SLC10A5;ABCC11;STRA6
GO_Biological_Process_2023,Regulation Of Apoptotic Signaling Pathway (GO:2001233),4/45,0.8410093884128521,0.9999961907768526,0,0,0.6692091182432108,0.1158752021867809,PYCARD;MAZ;GATA4;MAPK8IP2
GO_Biological_Process_2023,Cell-Cell Adhesion Via Plasma-Membrane Adhesion Molecules (GO:0098742),18/172,0.8427698391702103,0.9999961907768526,0,0,0.800961810466761,0.1370136359529365,GATA5;IGSF9;CLDN6;PSG9;CLDN4;CDH2;CDH1;CLDN9;PTK7;CEACAM6;CLDN14;CEACAM5;CLDN7;CDH11;CDH15;NECTIN4;NECTIN2;CD177
GO_Biological_Process_2023,Cellular Response To Fibroblast Growth Factor Stimulus (GO:0044344),5/55,0.8450047133091748,0.9999961907768526,0,0,0.6858550039401103,0.1155069493671206,TRIM71;FGF5;FGFR4;SHCBP1;FGFR3
GO_Biological_Process_2023,Neuron Migration (GO:0001764),5/55,0.8450047133091748,0.9999961907768526,0,0,0.6858550039401103,0.1155069493671206,CDK5;TRIM46;CELSR1;KIAA0319;CDK5R1
GO_Biological_Process_2023,Cardiac Conduction System Development (GO:0003161),2/25,0.8452250792992645,0.9999961907768526,0,0,0.5966155057064148,0.1003222820645998,GARS1;GATA4
GO_Biological_Process_2023,Cellular Response To Hexose Stimulus (GO:0071331),2/25,0.8452250792992645,0.9999961907768526,0,0,0.5966155057064148,0.1003222820645998,SOX4;PAX2
GO_Biological_Process_2023,Negative Regulation Of Lipid Biosynthetic Process (GO:0051055),2/25,0.8452250792992645,0.9999961907768526,0,0,0.5966155057064148,0.1003222820645998,TRIB3;BRCA1
GO_Biological_Process_2023,Organophosphate Ester Transport (GO:0015748),2/25,0.8452250792992645,0.9999961907768526,0,0,0.5966155057064148,0.1003222820645998,SLC44A4;PRELID3B
GO_Biological_Process_2023,Peptide Hormone Secretion (GO:0030072),2/25,0.8452250792992645,0.9999961907768526,0,0,0.5966155057064148,0.1003222820645998,SLC30A8;PTPRN
GO_Biological_Process_2023,Positive Regulation Of Glucose Import (GO:0046326),2/25,0.8452250792992645,0.9999961907768526,0,0,0.5966155057064148,0.1003222820645998,OCLN;ERFE
GO_Biological_Process_2023,Regulation Of Actin Cytoskeleton Reorganization (GO:2000249),2/25,0.8452250792992645,0.9999961907768526,0,0,0.5966155057064148,0.1003222820645998,BAIAP2L1;CDK5
GO_Biological_Process_2023,Regulation Of Intracellular Estrogen Receptor Signaling Pathway (GO:0033146),2/25,0.8452250792992645,0.9999961907768526,0,0,0.5966155057064148,0.1003222820645998,FOXA1;FOXH1
GO_Biological_Process_2023,Regulation Of Keratinocyte Proliferation (GO:0010837),2/25,0.8452250792992645,0.9999961907768526,0,0,0.5966155057064148,0.1003222820645998,CYP27B1;EPPK1
GO_Biological_Process_2023,Regulation Of Lysosomal Lumen pH (GO:0035751),2/25,0.8452250792992645,0.9999961907768526,0,0,0.5966155057064148,0.1003222820645998,SLC45A2;ATP6V0B
GO_Biological_Process_2023,Regulation Of Myelination (GO:0031641),2/25,0.8452250792992645,0.9999961907768526,0,0,0.5966155057064148,0.1003222820645998,KIF14;TYMP
GO_Biological_Process_2023,Regulation Of Synapse Organization (GO:0050807),2/25,0.8452250792992645,0.9999961907768526,0,0,0.5966155057064148,0.1003222820645998,RAB17;YWHAZ
GO_Biological_Process_2023,Vesicle Cargo Loading (GO:0035459),2/25,0.8452250792992645,0.9999961907768526,0,0,0.5966155057064148,0.1003222820645998,SH2D2A;SEC24D
GO_Biological_Process_2023,Gland Development (GO:0048732),7/74,0.8464597736396088,0.9999961907768526,0,0,0.716429681246763,0.1194235258126875,TG;IGSF3;WT1;SIX3;LSR;EZR;STRA6
GO_Biological_Process_2023,Positive Regulation Of Lymphocyte Proliferation (GO:0050671),7/74,0.8464597736396088,0.9999961907768526,0,0,0.716429681246763,0.1194235258126875,VAV3;FCGR3A;PNP;CD80;IL18;IL12B;AMH
GO_Biological_Process_2023,Intracellular Monoatomic Cation Homeostasis (GO:0030003),20/190,0.8464959272845113,0.9999961907768526,0,0,0.8060898556806789,0.1343347847003498,SLC24A2;ATP6V1G1;SLC30A8;EDN2;CCL11;ATP6AP1;SLC11A1;TMPRSS4;ATP1A3;ATP2A1;ATP2C2;ERFE;SLC8A2;CCL7;TFR2;FLVCR1;TESMIN;TNNI3;SLC39A4;DRD4
GO_Biological_Process_2023,Anterograde Trans-Synaptic Signaling (GO:0098916),21/199,0.8484211800819913,0.9999961907768526,0,0,0.8083004392803999,0.1328668838643803,GABRQ;CHRNA1;SYT5;CHRNB4;CHRNA3;SLC12A5;CHRNA5;GAD1;CHRNA6;HTR1D;CACNA1B;CHRNA9;CACNA1E;CACNB3;GRM4;CHRNG;CDK5;DLG3;NPTX2;GABRD;DRD4
GO_Biological_Process_2023,Chromatin Organization (GO:0006325),29/268,0.8488591864541551,0.9999961907768526,0,0,0.8310315788072151,0.1361744671056767,H2AX;FOXA1;KDM5B;MACROH2A1;CECR2;CHAF1B;H3C14;H2BC21;CHEK1;DPF1;H3C1;H3-3A;HMGN1;H2BC9;H4C9;H2BC8;CBX3;ACTL6A;HMGA2;FOXP3;H2BC17;H1-5;H2BC13;H2BC14;H2BC15;H2BC11;HDGF;ASF1B;EZH2
GO_Biological_Process_2023,Activation Of GTPase Activity (GO:0090630),10/102,0.8505127348912385,0.9999961907768526,0,0,0.7451638373470193,0.1206538687822013,TBC1D30;RASGRF1;ARHGEF16;TBC1D7;FOXJ1;CXCL13;ECT2;RASGRP1;SIPA1L3;RAP1GAP
GO_Biological_Process_2023,2-Oxoglutarate Metabolic Process (GO:0006103),1/14,0.8511084873973427,0.9999961907768526,0,0,0.5278702414815711,0.0851009579690072,IDH2
GO_Biological_Process_2023,"RNA Phosphodiester Bond Hydrolysis, Endonucleolytic (GO:0090502)",1/14,0.8511084873973427,0.9999961907768526,0,0,0.5278702414815711,0.0851009579690072,POP1
GO_Biological_Process_2023,"Blood Coagulation, Fibrin Clot Formation (GO:0072378)",1/14,0.8511084873973427,0.9999961907768526,0,0,0.5278702414815711,0.0851009579690072,F12
GO_Biological_Process_2023,Cardiac Cell Development (GO:0055006),1/14,0.8511084873973427,0.9999961907768526,0,0,0.5278702414815711,0.0851009579690072,MYH6
GO_Biological_Process_2023,Electron Transport Chain (GO:0022900),1/14,0.8511084873973427,0.9999961907768526,0,0,0.5278702414815711,0.0851009579690072,DHRS2
GO_Biological_Process_2023,Histone mRNA Catabolic Process (GO:0071044),1/14,0.8511084873973427,0.9999961907768526,0,0,0.5278702414815711,0.0851009579690072,EXOSC4
GO_Biological_Process_2023,Hyaluronan Metabolic Process (GO:0030212),1/14,0.8511084873973427,0.9999961907768526,0,0,0.5278702414815711,0.0851009579690072,CEMIP
GO_Biological_Process_2023,Icosanoid Transport (GO:0071715),1/14,0.8511084873973427,0.9999961907768526,0,0,0.5278702414815711,0.0851009579690072,ABCC11
GO_Biological_Process_2023,Inner Dynein Arm Assembly (GO:0036159),1/14,0.8511084873973427,0.9999961907768526,0,0,0.5278702414815711,0.0851009579690072,ZMYND10
GO_Biological_Process_2023,Medium-Chain Fatty Acid Metabolic Process (GO:0051791),1/14,0.8511084873973427,0.9999961907768526,0,0,0.5278702414815711,0.0851009579690072,ACOT7
GO_Biological_Process_2023,miRNA-mediated Gene Silencing By Inhibition Of Translation (GO:0035278),1/14,0.8511084873973427,0.9999961907768526,0,0,0.5278702414815711,0.0851009579690072,TRIM71
GO_Biological_Process_2023,Microvillus Assembly (GO:0030033),1/14,0.8511084873973427,0.9999961907768526,0,0,0.5278702414815711,0.0851009579690072,EZR
GO_Biological_Process_2023,Negative Regulation Of Androgen Receptor Signaling Pathway (GO:0060766),1/14,0.8511084873973427,0.9999961907768526,0,0,0.5278702414815711,0.0851009579690072,FOXH1
GO_Biological_Process_2023,Negative Regulation Of Blood Pressure (GO:0045776),1/14,0.8511084873973427,0.9999961907768526,0,0,0.5278702414815711,0.0851009579690072,GPR37L1
GO_Biological_Process_2023,Negative Regulation Of Leukocyte Mediated Cytotoxicity (GO:0001911),1/14,0.8511084873973427,0.9999961907768526,0,0,0.5278702414815711,0.0851009579690072,KIR2DL4
GO_Biological_Process_2023,Negative Regulation Of Nucleocytoplasmic Transport (GO:0046823),1/14,0.8511084873973427,0.9999961907768526,0,0,0.5278702414815711,0.0851009579690072,BARD1
GO_Biological_Process_2023,Negative Regulation Of Smooth Muscle Cell Migration (GO:0014912),1/14,0.8511084873973427,0.9999961907768526,0,0,0.5278702414815711,0.0851009579690072,SERPINE1
GO_Biological_Process_2023,Negative Regulation Of Transcription Elongation By RNA Polymerase II (GO:0034244),1/14,0.8511084873973427,0.9999961907768526,0,0,0.5278702414815711,0.0851009579690072,PARP1
GO_Biological_Process_2023,Odontogenesis Of Dentin-Containing Tooth (GO:0042475),1/14,0.8511084873973427,0.9999961907768526,0,0,0.5278702414815711,0.0851009579690072,ROGDI
GO_Biological_Process_2023,Pathway-Restricted SMAD Protein Phosphorylation (GO:0060389),1/14,0.8511084873973427,0.9999961907768526,0,0,0.5278702414815711,0.0851009579690072,AMH
GO_Biological_Process_2023,Positive Regulation Of Cytoplasmic Translation (GO:2000767),1/14,0.8511084873973427,0.9999961907768526,0,0,0.5278702414815711,0.0851009579690072,IGF2BP1
GO_Biological_Process_2023,Positive Regulation Of Heterotypic Cell-Cell Adhesion (GO:0034116),1/14,0.8511084873973427,0.9999961907768526,0,0,0.5278702414815711,0.0851009579690072,CEACAM6
GO_Biological_Process_2023,Positive Regulation Of Long-Term Synaptic Potentiation (GO:1900273),1/14,0.8511084873973427,0.9999961907768526,0,0,0.5278702414815711,0.0851009579690072,AKAP5
GO_Biological_Process_2023,Positive Regulation Of Lyase Activity (GO:0051349),1/14,0.8511084873973427,0.9999961907768526,0,0,0.5278702414815711,0.0851009579690072,GUCA1A
GO_Biological_Process_2023,Positive Regulation Of Membrane Protein Ectodomain Proteolysis (GO:0051044),1/14,0.8511084873973427,0.9999961907768526,0,0,0.5278702414815711,0.0851009579690072,IFNG
GO_Biological_Process_2023,Positive Regulation Of Mitochondrial Translation (GO:0070131),1/14,0.8511084873973427,0.9999961907768526,0,0,0.5278702414815711,0.0851009579690072,UQCC2
GO_Biological_Process_2023,Positive Regulation Of Protein-Containing Complex Disassembly (GO:0043243),1/14,0.8511084873973427,0.9999961907768526,0,0,0.5278702414815711,0.0851009579690072,SLN
GO_Biological_Process_2023,Positive Regulation Of Transporter Activity (GO:0032411),1/14,0.8511084873973427,0.9999961907768526,0,0,0.5278702414815711,0.0851009579690072,SYNGR3
GO_Biological_Process_2023,Post-Translational Protein Targeting To Endoplasmic Reticulum Membrane (GO:0006620),1/14,0.8511084873973427,0.9999961907768526,0,0,0.5278702414815711,0.0851009579690072,SEC61A2
GO_Biological_Process_2023,Prostanoid Biosynthetic Process (GO:0046457),1/14,0.8511084873973427,0.9999961907768526,0,0,0.5278702414815711,0.0851009579690072,EDN2
GO_Biological_Process_2023,Protein Activation Cascade (GO:0072376),1/14,0.8511084873973427,0.9999961907768526,0,0,0.5278702414815711,0.0851009579690072,F12
GO_Biological_Process_2023,Protein Homotrimerization (GO:0070207),1/14,0.8511084873973427,0.9999961907768526,0,0,0.5278702414815711,0.0851009579690072,AMH
GO_Biological_Process_2023,Protein Trimerization (GO:0070206),1/14,0.8511084873973427,0.9999961907768526,0,0,0.5278702414815711,0.0851009579690072,AMH
GO_Biological_Process_2023,Regulation Of ATP Biosynthetic Process (GO:2001169),1/14,0.8511084873973427,0.9999961907768526,0,0,0.5278702414815711,0.0851009579690072,PARP1
GO_Biological_Process_2023,Regulation Of MHC Class II Biosynthetic Process (GO:0045346),1/14,0.8511084873973427,0.9999961907768526,0,0,0.5278702414815711,0.0851009579690072,IFNG
GO_Biological_Process_2023,Regulation Of Cell Fate Specification (GO:0042659),1/14,0.8511084873973427,0.9999961907768526,0,0,0.5278702414815711,0.0851009579690072,ESRP1
GO_Biological_Process_2023,Regulation Of Cholesterol Storage (GO:0010885),1/14,0.8511084873973427,0.9999961907768526,0,0,0.5278702414815711,0.0851009579690072,MSR1
GO_Biological_Process_2023,Regulation Of Histone H3-K4 Methylation (GO:0051569),1/14,0.8511084873973427,0.9999961907768526,0,0,0.5278702414815711,0.0851009579690072,BRCA1
GO_Biological_Process_2023,Regulation Of Leukocyte Activation (GO:0002694),1/14,0.8511084873973427,0.9999961907768526,0,0,0.5278702414815711,0.0851009579690072,GPR137B
GO_Biological_Process_2023,Regulation Of Macrophage Differentiation (GO:0045649),1/14,0.8511084873973427,0.9999961907768526,0,0,0.5278702414815711,0.0851009579690072,INHBA
GO_Biological_Process_2023,Regulation Of Mast Cell Degranulation (GO:0043304),1/14,0.8511084873973427,0.9999961907768526,0,0,0.5278702414815711,0.0851009579690072,STXBP2
GO_Biological_Process_2023,Regulation Of Microglial Cell Activation (GO:1903978),1/14,0.8511084873973427,0.9999961907768526,0,0,0.5278702414815711,0.0851009579690072,TTBK1
GO_Biological_Process_2023,Regulation Of Neuron Projection Arborization (GO:0150011),1/14,0.8511084873973427,0.9999961907768526,0,0,0.5278702414815711,0.0851009579690072,MFSD2A
GO_Biological_Process_2023,Regulation Of Phosphate Metabolic Process (GO:0019220),1/14,0.8511084873973427,0.9999961907768526,0,0,0.5278702414815711,0.0851009579690072,CD24
GO_Biological_Process_2023,Regulation Of Sensory Perception Of Pain (GO:0051930),1/14,0.8511084873973427,0.9999961907768526,0,0,0.5278702414815711,0.0851009579690072,F2R
GO_Biological_Process_2023,Regulation Of Sequestering Of Triglyceride (GO:0010889),1/14,0.8511084873973427,0.9999961907768526,0,0,0.5278702414815711,0.0851009579690072,APOC4
GO_Biological_Process_2023,Renal Water Homeostasis (GO:0003091),1/14,0.8511084873973427,0.9999961907768526,0,0,0.5278702414815711,0.0851009579690072,MYO5B
GO_Biological_Process_2023,Respiratory Electron Transport Chain (GO:0022904),1/14,0.8511084873973427,0.9999961907768526,0,0,0.5278702414815711,0.0851009579690072,SLC25A22
GO_Biological_Process_2023,Response To Muscle Stretch (GO:0035994),1/14,0.8511084873973427,0.9999961907768526,0,0,0.5278702414815711,0.0851009579690072,CDH2
GO_Biological_Process_2023,Striated Muscle Tissue Development (GO:0014706),1/14,0.8511084873973427,0.9999961907768526,0,0,0.5278702414815711,0.0851009579690072,GATA5
GO_Biological_Process_2023,"Synaptic Transmission, GABAergic (GO:0051932)",1/14,0.8511084873973427,0.9999961907768526,0,0,0.5278702414815711,0.0851009579690072,GABRA5
GO_Biological_Process_2023,Synaptic Vesicle Membrane Organization (GO:0048499),1/14,0.8511084873973427,0.9999961907768526,0,0,0.5278702414815711,0.0851009579690072,STX1A
GO_Biological_Process_2023,tRNA 5'-End Processing (GO:0099116),1/14,0.8511084873973427,0.9999961907768526,0,0,0.5278702414815711,0.0851009579690072,POP1
GO_Biological_Process_2023,Ubiquinone Metabolic Process (GO:0006743),1/14,0.8511084873973427,0.9999961907768526,0,0,0.5278702414815711,0.0851009579690072,PDSS1
GO_Biological_Process_2023,Positive Regulation Of Double-Strand Break Repair (GO:2000781),8/84,0.8532644653267071,0.9999961907768526,0,0,0.7217273954116059,0.1145278444685968,RAD51AP1;PARP1;DPF1;ACTL6A;TIMELESS;SPIRE2;FANCB;FOXM1
GO_Biological_Process_2023,Positive Regulation Of Protein Ubiquitination (GO:0031398),8/84,0.8532644653267071,0.9999961907768526,0,0,0.7217273954116059,0.1145278444685968,FANCI;CENPX;RIPK2;TBC1D7;PLK1;TRIB3;BRCA1;INAVA
GO_Biological_Process_2023,T Cell Differentiation (GO:0030217),4/46,0.8532764317595962,0.9999961907768526,0,0,0.6532380577280144,0.1036504022251017,PIK3R2;GATA3;FOXP3;SOX4
GO_Biological_Process_2023,Epithelial Cell Migration (GO:0010631),4/46,0.8532764317595962,0.9999961907768526,0,0,0.6532380577280144,0.1036504022251017,ANLN;STAT1;KRT2;S100P
GO_Biological_Process_2023,Regulation Of Fibroblast Proliferation (GO:0048145),4/46,0.8532764317595962,0.9999961907768526,0,0,0.6532380577280144,0.1036504022251017,E2F1;FN1;AMH;WNT2
GO_Biological_Process_2023,Negative Regulation Of T Cell Proliferation (GO:0042130),3/36,0.8535567732776385,0.9999961907768526,0,0,0.6236220472440945,0.098746323501928,IL4I1;CD80;FOXP3
GO_Biological_Process_2023,Negative Regulation Of Organelle Assembly (GO:1902116),3/36,0.8535567732776385,0.9999961907768526,0,0,0.6236220472440945,0.098746323501928,TBC1D30;TBC1D7;KIF24
GO_Biological_Process_2023,Receptor Signaling Pathway Via JAK-STAT (GO:0007259),3/36,0.8535567732776385,0.9999961907768526,0,0,0.6236220472440945,0.098746323501928,IFNG;STAT1;PTK6
GO_Biological_Process_2023,Regulation Of T Cell Mediated Cytotoxicity (GO:0001914),3/36,0.8535567732776385,0.9999961907768526,0,0,0.6236220472440945,0.098746323501928,IL12B;CYRIB;ULBP1
GO_Biological_Process_2023,Regulation Of Peptidyl-Threonine Phosphorylation (GO:0010799),3/36,0.8535567732776385,0.9999961907768526,0,0,0.6236220472440945,0.098746323501928,CEMIP;RIPK2;PLK1
GO_Biological_Process_2023,Regulation Of Trans-Synaptic Signaling (GO:0099177),3/36,0.8535567732776385,0.9999961907768526,0,0,0.6236220472440945,0.098746323501928,SLC4A8;CACNA1B;LRP8
GO_Biological_Process_2023,Substrate Adhesion-Dependent Cell Spreading (GO:0034446),3/36,0.8535567732776385,0.9999961907768526,0,0,0.6236220472440945,0.098746323501928,KIF14;FN1;SRCIN1
GO_Biological_Process_2023,Positive Regulation Of Neurogenesis (GO:0050769),7/75,0.856050807962503,0.9999961907768526,0,0,0.7058533586936352,0.1097076461452306,VCAN;IFNG;METRN;NEURL1;SOX11;HAPLN1;PLXNA3
GO_Biological_Process_2023,Regulation Of Stress Fiber Assembly (GO:0051492),7/75,0.856050807962503,0.9999961907768526,0,0,0.7058533586936352,0.1097076461452306,STMN1;LIMK1;RHPN1;RHPN2P1;EVL;RHPN2;PPM1E
GO_Biological_Process_2023,Regulation Of ERK1 And ERK2 Cascade (GO:0070372),26/244,0.8582820731882126,0.9999961907768526,0,0,0.8168563857512038,0.1248340161365065,DDR1;SEMA7A;ARHGAP8;CCL11;PSCA;GATA4;NOD2;PRKCZ;RASGRP1;PYCARD;SPRED3;P2RY6;CCL7;AMH;CCL17;ROS1;CCL20;F2R;FN1;NPNT;YWHAZ;CCNA2;EZR;FGFR4;FGFR3;S100A7
GO_Biological_Process_2023,Positive Regulation Of Macromolecule Metabolic Process (GO:0010604),40/364,0.8601061334038512,0.9999961907768526,0,0,0.8450600020715882,0.1273501083015197,MYLK2;UHRF1;HPN;MAZ;LEF1;SCX;GATA5;BRCA1;TTBK1;FGF5;CYP27B1;CLEC7A;LAMP3;AGR2;DNMT3B;E2F1;AMH;TFAP2A;NAT8B;FOXD1;SLC2A10;SLC11A1;FN1;HMGA2;SOX11;INHBA;POU4F1;ADAM19;GARS1;OCLN;CLDN3;MYCN;IFNG;WT1;DNAJA4;ADM2;PKP3;EZR;BMPR1B;FGFR4
GO_Biological_Process_2023,Cellular Response To BMP Stimulus (GO:0071773),6/66,0.8602372918436075,0.9999961907768526,0,0,0.6857311785573512,0.1032347765694772,GARS1;DLX5;SCX;INHBA;BMPR1B;RUNX2
GO_Biological_Process_2023,Mitotic G1 DNA Damage Checkpoint Signaling (GO:0031571),2/26,0.8606826822777901,0.9999961907768526,0,0,0.5717237308146399,0.0857753614610715,MUC1;GTSE1
GO_Biological_Process_2023,Negative Regulation Of Catalytic Activity (GO:0043086),2/26,0.8606826822777901,0.9999961907768526,0,0,0.5717237308146399,0.0857753614610715,SLN;CAMK2A
GO_Biological_Process_2023,Negative Regulation Of Insulin Receptor Signaling Pathway (GO:0046627),2/26,0.8606826822777901,0.9999961907768526,0,0,0.5717237308146399,0.0857753614610715,GRB7;PRKCZ
GO_Biological_Process_2023,Negative Regulation Of Protein Polymerization (GO:0032272),2/26,0.8606826822777901,0.9999961907768526,0,0,0.5717237308146399,0.0857753614610715,STMN1;CYRIB
GO_Biological_Process_2023,Nuclear Membrane Organization (GO:0071763),2/26,0.8606826822777901,0.9999961907768526,0,0,0.5717237308146399,0.0857753614610715,PLK1;CHMP4C
GO_Biological_Process_2023,Positive Regulation Of Adenylate Cyclase Activity (GO:0045762),2/26,0.8606826822777901,0.9999961907768526,0,0,0.5717237308146399,0.0857753614610715,AKAP5;PRSS8
GO_Biological_Process_2023,Positive Regulation Of Erythrocyte Differentiation (GO:0045648),2/26,0.8606826822777901,0.9999961907768526,0,0,0.5717237308146399,0.0857753614610715,STAT1;INHBA
GO_Biological_Process_2023,Regulation Of Actin Filament Bundle Assembly (GO:0032231),2/26,0.8606826822777901,0.9999961907768526,0,0,0.5717237308146399,0.0857753614610715,LIMK1;SHANK1
GO_Biological_Process_2023,Regulation Of Cardiac Muscle Cell Contraction (GO:0086004),2/26,0.8606826822777901,0.9999961907768526,0,0,0.5717237308146399,0.0857753614610715,DSP;ATP2A1
GO_Biological_Process_2023,Regulation Of Epidermal Growth Factor-Activated Receptor Activity (GO:0007176),2/26,0.8606826822777901,0.9999961907768526,0,0,0.5717237308146399,0.0857753614610715,GPRC5A;CBLC
GO_Biological_Process_2023,Regulation Of Nucleotide-Excision Repair (GO:2000819),2/26,0.8606826822777901,0.9999961907768526,0,0,0.5717237308146399,0.0857753614610715,DPF1;ACTL6A
GO_Biological_Process_2023,Peptidyl-Serine Modification (GO:0018209),17/166,0.8608676386378652,0.9999961907768526,0,0,0.7817649465691041,0.1171197372344499,BRSK1;PLK1;MAST1;CAMK2A;CDC7;TTK;PRKCZ;TTBK1;SRPK1;AURKA;SBK1;CDK5;CDK1;PBK;CLSPN;CAMK1G;CDK5R1
GO_Biological_Process_2023,Inflammatory Response (GO:0006954),25/236,0.8616820878535942,0.9999961907768526,0,0,0.811503148891959,0.120807568088635,ORM1;CXCL9;CCL11;GPR68;CXCR4;FPR3;GATA3;CXCL13;FUT7;CCL7;OLR1;CCL17;RIPK2;CCL20;SLC11A1;F2R;IL18;LYZ;CXCL10;CXCL11;ADORA2A;IFNG;TNFSF4;ADAM8;NOX1
GO_Biological_Process_2023,Protein Monoubiquitination (GO:0006513),4/47,0.8647295221413931,0.9999961907768526,0,0,0.6380098372367806,0.0927274004583145,UHRF1;UBE2T;NEURL1;FANCB
GO_Biological_Process_2023,Protein Localization To Nucleus (GO:0034504),12/122,0.8649862975174376,0.9999961907768526,0,0,0.7476886606084552,0.1084459695030303,COL1A1;MMP12;NUAK2;SIX4;PLK1;RANBP17;RRS1;KPNA7;E2F3;KPNA2;LMNB2;LMNB1
GO_Biological_Process_2023,Wnt Signaling Pathway (GO:0016055),7/76,0.8651489731932359,0.9999961907768526,0,0,0.695583596214511,0.1007577626476157,BCL9;FZD2;WNT7B;LEF1;RAC3;CD24;WNT2
GO_Biological_Process_2023,Positive Regulation Of Interleukin-6 Production (GO:0032755),7/76,0.8651489731932359,0.9999961907768526,0,0,0.695583596214511,0.1007577626476157,PYCARD;IFNG;CLEC7A;TNFSF4;F2R;NOD2;INAVA
GO_Biological_Process_2023,Nervous System Development (GO:0007399),48/433,0.8657256790135551,0.9999961907768526,0,0,0.8530890352132837,0.123004509513911,TRIM71;CHRNA3;DLX5;ROGDI;SLC2A1;CXCR4;PRDM12;WDR62;MSI2;ASCL1;CELSR1;FGF5;DMBX1;GBX2;CDH2;ZIC2;ERBB3;CDH1;DPF1;IGF2BP1;CHAC1;ECT2;GUSBP3;WNT2;MNX1;SOX4;EMX1;ARNT2;MARCKSL1;STIL;ACTL6A;APLP1;LIMK1;FN1;SOX11;INHBA;HPCAL4;POU4F1;GRHL2;CDK5;ADORA2A;GDNF;ARTN;LHX1;NEURL1;EVL;LY6H;PAFAH1B3
GO_Biological_Process_2023,RNA Stabilization (GO:0043489),3/37,0.8662691813407073,0.9999961907768526,0,0,0.6052454840203798,0.0868887909698755,GDNF;SLC11A1;E2F1
GO_Biological_Process_2023,Regulation Of p38MAPK Cascade (GO:1900744),3/37,0.8662691813407073,0.9999961907768526,0,0,0.6052454840203798,0.0868887909698755,SORD;EZR;RASGRP1
GO_Biological_Process_2023,RNA Catabolic Process (GO:0006401),5/57,0.8663898562147251,0.9999961907768526,0,0,0.6594001939746621,0.0945713679255238,FEN1;RNASEH2A;EXOSC4;DNA2;RNASE2
GO_Biological_Process_2023,Membrane Lipid Biosynthetic Process (GO:0046467),5/57,0.8663898562147251,0.9999961907768526,0,0,0.6594001939746621,0.0945713679255238,ALDH3B2;CERS6;DEGS2;PLPP2;CERS2
GO_Biological_Process_2023,Extrinsic Apoptotic Signaling Pathway (GO:0097191),6/67,0.8696631923391763,0.9999961907768526,0,0,0.6744509133674083,0.0941865827825747,MLLT11;IFNG;ERBB3;BAK1;INHBA;FGFR3
GO_Biological_Process_2023,Protein Secretion (GO:0009306),6/67,0.8696631923391763,0.9999961907768526,0,0,0.6744509133674083,0.0941865827825747,RAB3A;SLC30A8;PTPRN;RAB3D;AP1S1;AP1M2
GO_Biological_Process_2023,DNA Double-Strand Break Processing (GO:0000729),1/15,0.8700530999551668,0.9999961907768526,0,0,0.4901371248735529,0.0682275949590457,DNA2
GO_Biological_Process_2023,Golgi To Endosome Transport (GO:0006895),1/15,0.8700530999551668,0.9999961907768526,0,0,0.4901371248735529,0.0682275949590457,DOP1B
GO_Biological_Process_2023,Amyloid-Beta Metabolic Process (GO:0050435),1/15,0.8700530999551668,0.9999961907768526,0,0,0.4901371248735529,0.0682275949590457,NAT8B
GO_Biological_Process_2023,Anterograde Synaptic Vesicle Transport (GO:0048490),1/15,0.8700530999551668,0.9999961907768526,0,0,0.4901371248735529,0.0682275949590457,TRIM46
GO_Biological_Process_2023,Astrocyte Development (GO:0014002),1/15,0.8700530999551668,0.9999961907768526,0,0,0.4901371248735529,0.0682275949590457,IFNG
GO_Biological_Process_2023,Ceramide Catabolic Process (GO:0046514),1/15,0.8700530999551668,0.9999961907768526,0,0,0.4901371248735529,0.0682275949590457,NEU4
GO_Biological_Process_2023,Coenzyme A Metabolic Process (GO:0015936),1/15,0.8700530999551668,0.9999961907768526,0,0,0.4901371248735529,0.0682275949590457,ACOT7
GO_Biological_Process_2023,Dendritic Cell Chemotaxis (GO:0002407),1/15,0.8700530999551668,0.9999961907768526,0,0,0.4901371248735529,0.0682275949590457,CXCR4
GO_Biological_Process_2023,Dendritic Spine Morphogenesis (GO:0060997),1/15,0.8700530999551668,0.9999961907768526,0,0,0.4901371248735529,0.0682275949590457,SHANK1
GO_Biological_Process_2023,Endosome To Lysosome Transport Via Multivesicular Body Sorting Pathway (GO:0032510),1/15,0.8700530999551668,0.9999961907768526,0,0,0.4901371248735529,0.0682275949590457,CHMP4C
GO_Biological_Process_2023,Gas Transport (GO:0015669),1/15,0.8700530999551668,0.9999961907768526,0,0,0.4901371248735529,0.0682275949590457,MB
GO_Biological_Process_2023,Glutamine Family Amino Acid Catabolic Process (GO:0009065),1/15,0.8700530999551668,0.9999961907768526,0,0,0.4901371248735529,0.0682275949590457,GAD1
GO_Biological_Process_2023,Glycosaminoglycan Catabolic Process (GO:0006027),1/15,0.8700530999551668,0.9999961907768526,0,0,0.4901371248735529,0.0682275949590457,CEMIP
GO_Biological_Process_2023,Membrane Repolarization During Action Potential (GO:0086011),1/15,0.8700530999551668,0.9999961907768526,0,0,0.4901371248735529,0.0682275949590457,KCNH6
GO_Biological_Process_2023,miRNA Metabolic Process (GO:0010586),1/15,0.8700530999551668,0.9999961907768526,0,0,0.4901371248735529,0.0682275949590457,TRIM71
GO_Biological_Process_2023,Negative Regulation Of Endoplasmic Reticulum Stress-Induced Intrinsic Apoptotic Signaling Pathway (GO:1902236),1/15,0.8700530999551668,0.9999961907768526,0,0,0.4901371248735529,0.0682275949590457,CREB3L1
GO_Biological_Process_2023,Negative Regulation Of Gluconeogenesis (GO:0045721),1/15,0.8700530999551668,0.9999961907768526,0,0,0.4901371248735529,0.0682275949590457,ERFE
GO_Biological_Process_2023,Negative Regulation Of Synaptic Transmission (GO:0050805),1/15,0.8700530999551668,0.9999961907768526,0,0,0.4901371248735529,0.0682275949590457,SLC24A2
GO_Biological_Process_2023,Negative Regulation Of Telomere Maintenance (GO:0032205),1/15,0.8700530999551668,0.9999961907768526,0,0,0.4901371248735529,0.0682275949590457,PARP1
GO_Biological_Process_2023,Neurotrophin Signaling Pathway (GO:0038179),1/15,0.8700530999551668,0.9999961907768526,0,0,0.4901371248735529,0.0682275949590457,CASP3
GO_Biological_Process_2023,Oogenesis (GO:0048477),1/15,0.8700530999551668,0.9999961907768526,0,0,0.4901371248735529,0.0682275949590457,TRIP13
GO_Biological_Process_2023,"Positive Regulation Of DNA Damage Response, Signal Transduction By P53 Class Mediator (GO:0043517)",1/15,0.8700530999551668,0.9999961907768526,0,0,0.4901371248735529,0.0682275949590457,PMAIP1
GO_Biological_Process_2023,Positive Regulation Of Cell Activation (GO:0050867),1/15,0.8700530999551668,0.9999961907768526,0,0,0.4901371248735529,0.0682275949590457,TTBK1
GO_Biological_Process_2023,Positive Regulation Of Cyclin-Dependent Protein Serine/Threonine Kinase Activity (GO:0045737),1/15,0.8700530999551668,0.9999961907768526,0,0,0.4901371248735529,0.0682275949590457,PSRC1
GO_Biological_Process_2023,Positive Regulation Of Glucose Metabolic Process (GO:0010907),1/15,0.8700530999551668,0.9999961907768526,0,0,0.4901371248735529,0.0682275949590457,PMAIP1
GO_Biological_Process_2023,Positive Regulation Of Sprouting Angiogenesis (GO:1903672),1/15,0.8700530999551668,0.9999961907768526,0,0,0.4901371248735529,0.0682275949590457,GARS1
GO_Biological_Process_2023,Positive Regulation Of Syncytium Formation By Plasma Membrane Fusion (GO:0060143),1/15,0.8700530999551668,0.9999961907768526,0,0,0.4901371248735529,0.0682275949590457,DCSTAMP
GO_Biological_Process_2023,Receptor Catabolic Process (GO:0032801),1/15,0.8700530999551668,0.9999961907768526,0,0,0.4901371248735529,0.0682275949590457,RNF43
GO_Biological_Process_2023,Regulation Of Rac Protein Signal Transduction (GO:0035020),1/15,0.8700530999551668,0.9999961907768526,0,0,0.4901371248735529,0.0682275949590457,RASGRF1
GO_Biological_Process_2023,Regulation Of Amyloid-Beta Clearance (GO:1900221),1/15,0.8700530999551668,0.9999961907768526,0,0,0.4901371248735529,0.0682275949590457,IFNG
GO_Biological_Process_2023,Regulation Of Cholesterol Biosynthetic Process (GO:0045540),1/15,0.8700530999551668,0.9999961907768526,0,0,0.4901371248735529,0.0682275949590457,SH2D2A
GO_Biological_Process_2023,Regulation Of Dephosphorylation (GO:0035303),1/15,0.8700530999551668,0.9999961907768526,0,0,0.4901371248735529,0.0682275949590457,SRC
GO_Biological_Process_2023,Regulation Of Intrinsic Apoptotic Signaling Pathway In Response To DNA Damage (GO:1902229),1/15,0.8700530999551668,0.9999961907768526,0,0,0.4901371248735529,0.0682275949590457,DDIAS
GO_Biological_Process_2023,Regulation Of Lipoprotein Lipase Activity (GO:0051004),1/15,0.8700530999551668,0.9999961907768526,0,0,0.4901371248735529,0.0682275949590457,APOC2
GO_Biological_Process_2023,Regulation Of mRNA Metabolic Process (GO:1903311),1/15,0.8700530999551668,0.9999961907768526,0,0,0.4901371248735529,0.0682275949590457,SRPK1
GO_Biological_Process_2023,Regulation Of miRNA-mediated Gene Silencing (GO:0060964),1/15,0.8700530999551668,0.9999961907768526,0,0,0.4901371248735529,0.0682275949590457,TRIM71
GO_Biological_Process_2023,Regulation Of Multicellular Organism Growth (GO:0040014),1/15,0.8700530999551668,0.9999961907768526,0,0,0.4901371248735529,0.0682275949590457,MFSD2A
GO_Biological_Process_2023,Renal Filtration (GO:0097205),1/15,0.8700530999551668,0.9999961907768526,0,0,0.4901371248735529,0.0682275949590457,SULF1
GO_Biological_Process_2023,Retrograde Axonal Transport (GO:0008090),1/15,0.8700530999551668,0.9999961907768526,0,0,0.4901371248735529,0.0682275949590457,KIF1A
GO_Biological_Process_2023,Synaptic Vesicle Transport Along Microtubule (GO:0099517),1/15,0.8700530999551668,0.9999961907768526,0,0,0.4901371248735529,0.0682275949590457,TRIM46
GO_Biological_Process_2023,Negative Regulation Of Binding (GO:0051100),8/86,0.8703695622910567,0.9999961907768526,0,0,0.7031406463359126,0.0976222003880381,SLN;LEF1;E2F1;XIRP1;HMGA2;AURKB;TTBK1;AURKA
GO_Biological_Process_2023,Regulation Of Cell Motility (GO:2000145),12/123,0.8719526215465775,0.9999961907768526,0,0,0.7409100131344304,0.1015196305044026,FGF5;CAMSAP3;PARD6B;RCC2;KIF14;TNR;SPINT2;GATA3;CYRIB;SRCIN1;FUT3;PLXNA3
GO_Biological_Process_2023,Chemical Synaptic Transmission (GO:0007268),29/273,0.8737211324007997,0.9999961907768526,0,0,0.8137658619925141,0.1098535288901515,CHRNA1;BRSK1;CHRNA3;CHRNA5;STXBP2;CHRNA6;CACNA1B;CHRNA9;CACNA1E;GRM4;CHRNG;NPTX2;GABRD;PPFIA3;DRD4;GABRQ;SYT5;CHRNB4;UNC13A;SLC12A5;GABRA5;GAD1;HTR1D;GRIN2D;CACNB3;SLC6A9;TH;CDK5;DLG3
GO_Biological_Process_2023,Sphingolipid Biosynthetic Process (GO:0030148),7/77,0.8737696702784948,0.9999961907768526,0,0,0.6856072555205047,0.0925147962806445,ALDH3B2;CERS6;DEGS2;TLCD3B;PLPP2;PNPLA1;CERS2
GO_Biological_Process_2023,DNA Synthesis Involved In DNA Repair (GO:0000731),2/27,0.8747134824062218,0.9999961907768526,0,0,0.548823297914207,0.0734648801685215,PCNA;PCLAF
GO_Biological_Process_2023,Activation Of Phospholipase C Activity (GO:0007202),2/27,0.8747134824062218,0.9999961907768526,0,0,0.548823297914207,0.0734648801685215,P2RY6;LPAR2
GO_Biological_Process_2023,Negative Regulation Of Notch Signaling Pathway (GO:0045746),2/27,0.8747134824062218,0.9999961907768526,0,0,0.548823297914207,0.0734648801685215,NEURL1;CHAC1
GO_Biological_Process_2023,Negative Regulation Of Cellular Response To Insulin Stimulus (GO:1900077),2/27,0.8747134824062218,0.9999961907768526,0,0,0.548823297914207,0.0734648801685215,GRB7;PRKCZ
GO_Biological_Process_2023,Positive Regulation Of TORC1 Signaling (GO:1904263),2/27,0.8747134824062218,0.9999961907768526,0,0,0.548823297914207,0.0734648801685215,GPR137B;GPR137C
GO_Biological_Process_2023,Positive Regulation Of Calcium Ion Transmembrane Transporter Activity (GO:1901021),2/27,0.8747134824062218,0.9999961907768526,0,0,0.548823297914207,0.0734648801685215,P2RY6;ATP2A1
GO_Biological_Process_2023,Positive Regulation Of Cytosolic Calcium Ion Concentration Involved In Phospholipase C-activating G Protein-Coupled Signaling Pathway (GO:0051482),2/27,0.8747134824062218,0.9999961907768526,0,0,0.548823297914207,0.0734648801685215,F2R;F2RL2
GO_Biological_Process_2023,Positive Regulation Of Immune System Process (GO:0002684),2/27,0.8747134824062218,0.9999961907768526,0,0,0.548823297914207,0.0734648801685215,IFNL1;TNFRSF18
GO_Biological_Process_2023,Positive Regulation Of Nitric Oxide Biosynthetic Process (GO:0045429),2/27,0.8747134824062218,0.9999961907768526,0,0,0.548823297914207,0.0734648801685215,IFNG;CLEC7A
GO_Biological_Process_2023,Regulation Of SMAD Protein Signal Transduction (GO:0060390),2/27,0.8747134824062218,0.9999961907768526,0,0,0.548823297914207,0.0734648801685215,SLC2A10;KIAA0319
GO_Biological_Process_2023,Regulation Of Immunoglobulin Production (GO:0002637),2/27,0.8747134824062218,0.9999961907768526,0,0,0.548823297914207,0.0734648801685215,TNFSF4;MZB1
GO_Biological_Process_2023,Regulation Of Mitochondrial Fission (GO:0090140),2/27,0.8747134824062218,0.9999961907768526,0,0,0.548823297914207,0.0734648801685215,CYRIB;MYO19
GO_Biological_Process_2023,Respiratory Tube Development (GO:0030323),2/27,0.8747134824062218,0.9999961907768526,0,0,0.548823297914207,0.0734648801685215,WNT7B;STRA6
GO_Biological_Process_2023,"Synaptic Transmission, Glutamatergic (GO:0035249)",2/27,0.8747134824062218,0.9999961907768526,0,0,0.548823297914207,0.0734648801685215,UNC13A;GRIN2D
GO_Biological_Process_2023,Ventricular Septum Morphogenesis (GO:0060412),2/27,0.8747134824062218,0.9999961907768526,0,0,0.548823297914207,0.0734648801685215,SOX11;SOX4
GO_Biological_Process_2023,Cellular Defense Response (GO:0006968),4/48,0.8754067399455226,0.9999961907768526,0,0,0.6234738085860575,0.0829635741760422,CXCL9;ADORA2A;CLEC5A;KIR2DL4
GO_Biological_Process_2023,Positive Regulation Of Reactive Oxygen Species Metabolic Process (GO:2000379),4/48,0.8754067399455226,0.9999961907768526,0,0,0.6234738085860575,0.0829635741760422,CLEC7A;SORD;ACOD1;CD177
GO_Biological_Process_2023,Positive Regulation Of Supramolecular Fiber Organization (GO:1902905),9/96,0.8756804790757188,0.9999961907768526,0,0,0.7091146612960292,0.0941378109343962,PYCARD;OCLN;BAIAP2L1;PSRC1;CCL11;CRACD;LIMK1;EVL;CDK5R1
GO_Biological_Process_2023,Regulation Of Phagocytosis (GO:0050764),5/58,0.8761148998257531,0.9999961907768526,0,0,0.6469215100286959,0.0855605660739777,PYCARD;IFNG;CLEC7A;SLC11A1;SIRPG
GO_Biological_Process_2023,Heart Looping (GO:0001947),3/38,0.8779981145930262,0.9999961907768526,0,0,0.5879190101237345,0.0764946319895109,STIL;MICAL2;GATA4
GO_Biological_Process_2023,Lymphocyte Proliferation (GO:0046651),3/38,0.8779981145930262,0.9999961907768526,0,0,0.5879190101237345,0.0764946319895109,HELLS;CTPS1;RASGRP1
GO_Biological_Process_2023,Regulation Of Intracellular Transport (GO:0032386),3/38,0.8779981145930262,0.9999961907768526,0,0,0.5879190101237345,0.0764946319895109,MYLK2;SPAG5;DYNLT2B
GO_Biological_Process_2023,Neuropeptide Signaling Pathway (GO:0007218),6/68,0.8785528002542747,0.9999961907768526,0,0,0.6635345276997215,0.0859139665478837,PYY;NXPH4;NMU;KISS1R;AGRP;GPR84
GO_Biological_Process_2023,Enzyme-Linked Receptor Protein Signaling Pathway (GO:0007167),12/124,0.878628973040733,0.9999961907768526,0,0,0.7342524129367274,0.095006807922076,DDR1;RET;CNKSR1;SRMS;ERBB3;PTK6;SAMD12;SH2D6;FGFR4;ROS1;FGFR3;SAMD10
GO_Biological_Process_2023,Positive Regulation Of Defense Response (GO:0031349),12/124,0.878628973040733,0.9999961907768526,0,0,0.7342524129367274,0.095006807922076,PYCARD;GBP5;AIM2;IFNG;TNFSF4;SERPINE1;IL18;IGF2BP1;CCN4;IL12B;ACOD1;ADAM8
GO_Biological_Process_2023,Regulation Of G1/S Transition Of Mitotic Cell Cycle (GO:2000045),10/106,0.8809561847653637,0.9999961907768526,0,0,0.7139508487958942,0.0904914051072569,STIL;RBL1;RRM2;CDKN2A;DPF1;ACTL6A;KIF14;E2F1;INHBA;E2F7
GO_Biological_Process_2023,Regulation Of GTPase Activity (GO:0043087),22/214,0.882951189525781,0.9999961907768526,0,0,0.7847208449028164,0.097686255234269,VAV3;RTN4R;ARHGAP11A;CCL11;CCL20;RCC2;F2R;RASGRF1;RASGRP1;GPR137B;RAP1GAP;VAV2;FGD6;CCL7;TBC1D30;TBC1D7;RGS8;ECT2;CCL17;PROM2;EZH2;PLXNA3
GO_Biological_Process_2023,Positive Regulation Of Multicellular Organismal Process (GO:0051240),42/387,0.8842022075779337,0.9999961907768526,0,0,0.8329468212714914,0.1025103495683482,IL20;SERPINE1;LEF1;SCX;GATA5;CXCR4;MACROH2A1;CYP27B1;MUC1;TERT;SLN;SIX4;SPP1;ZBED2;IL12B;TNFSF11;CACNG1;NKX6-1;AMH;STRA6;FOXD1;SLC11A1;ACTL6A;F2R;DIO2;IL18;FOXJ1;SOX11;INHBA;PRLR;PAX2;COL1A1;DCSTAMP;GDNF;IFNG;LHX1;APOC2;MFAP2;ADAM8;BMPR1B;GAPDH;EZH2
GO_Biological_Process_2023,Transmembrane Receptor Protein Tyrosine Kinase Signaling Pathway (GO:0007169),30/284,0.8842227216083896,0.9999961907768526,0,0,0.8085357714686778,0.099487335547332,DDR1;RET;TRIM71;GRB7;CHRNA3;EPHA10;SRC;PIK3R2;EFNA4;FGF5;ERBB3;CASP3;STMN1;SAMD12;SH2D6;ROS1;SAMD10;SRMS;EPHA8;PTK6;SULF1;PRLR;MMP9;SHCBP1;VAV2;CNKSR1;EFNA3;FGFR4;FGFR3;CDK5R1
GO_Biological_Process_2023,Negative Regulation Of Protein-Containing Complex Assembly (GO:0031333),5/59,0.8852309363070893,0.9999961907768526,0,0,0.6349049995622099,0.0773991879349546,SRC;KIF14;PYDC1;PRKCZ;TRIM11
GO_Biological_Process_2023,Positive Regulation Of Protein Binding (GO:0032092),5/59,0.8852309363070893,0.9999961907768526,0,0,0.6349049995622099,0.0773991879349546,TERT;NVL;RIPK2;TRIB3;MMP9
GO_Biological_Process_2023,Heterophilic Cell-Cell Adhesion Via Plasma Membrane Cell Adhesion Molecules (GO:0007157),4/49,0.8853464536904018,0.9999961907768526,0,0,0.6095838256531443,0.0742328247187213,PSG9;CEACAM6;CEACAM5;NECTIN4
GO_Biological_Process_2023,Interferon-Mediated Signaling Pathway (GO:0140888),4/49,0.8853464536904018,0.9999961907768526,0,0,0.6095838256531443,0.0742328247187213,IFNL1;IFNG;OAS2;STAT1
GO_Biological_Process_2023,Intrinsic Apoptotic Signaling Pathway In Response To DNA Damage (GO:0008630),4/49,0.8853464536904018,0.9999961907768526,0,0,0.6095838256531443,0.0742328247187213,PYCARD;E2F1;BRCA1;BAK1
GO_Biological_Process_2023,Regulation Of Cell Communication (GO:0010646),4/49,0.8853464536904018,0.9999961907768526,0,0,0.6095838256531443,0.0742328247187213,GRK1;IGFBPL1;HCN2;TYMP
GO_Biological_Process_2023,DNA Repair-Dependent Chromatin Remodeling (GO:0140861),1/16,0.8865880376487337,0.9999961907768526,0,0,0.4574350904799371,0.0550636800125674,DEPDC1B
GO_Biological_Process_2023,acetyl-CoA Metabolic Process (GO:0006084),1/16,0.8865880376487337,0.9999961907768526,0,0,0.4574350904799371,0.0550636800125674,TDO2
GO_Biological_Process_2023,Activin Receptor Signaling Pathway (GO:0032924),1/16,0.8865880376487337,0.9999961907768526,0,0,0.4574350904799371,0.0550636800125674,INHBA
GO_Biological_Process_2023,Antifungal Innate Immune Response (GO:0061760),1/16,0.8865880376487337,0.9999961907768526,0,0,0.4574350904799371,0.0550636800125674,CLEC7A
GO_Biological_Process_2023,Cell Communication By Electrical Coupling Involved In Cardiac Conduction (GO:0086064),1/16,0.8865880376487337,0.9999961907768526,0,0,0.4574350904799371,0.0550636800125674,ATP1A3
GO_Biological_Process_2023,Chondroitin Sulfate Metabolic Process (GO:0030204),1/16,0.8865880376487337,0.9999961907768526,0,0,0.4574350904799371,0.0550636800125674,CHST11
GO_Biological_Process_2023,Endoplasmic Reticulum Tubular Network Organization (GO:0071786),1/16,0.8865880376487337,0.9999961907768526,0,0,0.4574350904799371,0.0550636800125674,REEP4
GO_Biological_Process_2023,Extrinsic Apoptotic Signaling Pathway In Absence Of Ligand (GO:0097192),1/16,0.8865880376487337,0.9999961907768526,0,0,0.4574350904799371,0.0550636800125674,ERBB3
GO_Biological_Process_2023,Heart Process (GO:0003015),1/16,0.8865880376487337,0.9999961907768526,0,0,0.4574350904799371,0.0550636800125674,TNNI3
GO_Biological_Process_2023,Late Endosome To Lysosome Transport (GO:1902774),1/16,0.8865880376487337,0.9999961907768526,0,0,0.4574350904799371,0.0550636800125674,CHMP4C
GO_Biological_Process_2023,Lymphocyte Mediated Immunity (GO:0002449),1/16,0.8865880376487337,0.9999961907768526,0,0,0.4574350904799371,0.0550636800125674,SLA2
GO_Biological_Process_2023,Maturation Of 5.8S rRNA (GO:0000460),1/16,0.8865880376487337,0.9999961907768526,0,0,0.4574350904799371,0.0550636800125674,EXOSC4
GO_Biological_Process_2023,Membrane Depolarization During Cardiac Muscle Cell Action Potential (GO:0086012),1/16,0.8865880376487337,0.9999961907768526,0,0,0.4574350904799371,0.0550636800125674,HCN2
GO_Biological_Process_2023,Negative Regulation Of Chemokine Production (GO:0032682),1/16,0.8865880376487337,0.9999961907768526,0,0,0.4574350904799371,0.0550636800125674,OAS3
GO_Biological_Process_2023,Negative Regulation Of Cytokine Production Involved In Immune Response (GO:0002719),1/16,0.8865880376487337,0.9999961907768526,0,0,0.4574350904799371,0.0550636800125674,FOXP3
GO_Biological_Process_2023,Negative Regulation Of Intrinsic Apoptotic Signaling Pathway By P53 Class Mediator (GO:1902254),1/16,0.8865880376487337,0.9999961907768526,0,0,0.4574350904799371,0.0550636800125674,MUC1
GO_Biological_Process_2023,Negative Regulation Of Natural Killer Cell Mediated Cytotoxicity (GO:0045953),1/16,0.8865880376487337,0.9999961907768526,0,0,0.4574350904799371,0.0550636800125674,KIR2DL4
GO_Biological_Process_2023,Negative Regulation Of Release Of Cytochrome C From Mitochondria (GO:0090201),1/16,0.8865880376487337,0.9999961907768526,0,0,0.4574350904799371,0.0550636800125674,BAK1
GO_Biological_Process_2023,Positive Regulation Of Muscle Hypertrophy (GO:0014742),1/16,0.8865880376487337,0.9999961907768526,0,0,0.4574350904799371,0.0550636800125674,PARP1
GO_Biological_Process_2023,Positive Regulation Of Myeloid Leukocyte Cytokine Production Involved In Immune Response (GO:0061081),1/16,0.8865880376487337,0.9999961907768526,0,0,0.4574350904799371,0.0550636800125674,SEMA7A
GO_Biological_Process_2023,Positive Regulation Of Positive Chemotaxis (GO:0050927),1/16,0.8865880376487337,0.9999961907768526,0,0,0.4574350904799371,0.0550636800125674,F7
GO_Biological_Process_2023,Protein Kinase A Signaling (GO:0010737),1/16,0.8865880376487337,0.9999961907768526,0,0,0.4574350904799371,0.0550636800125674,EZR
GO_Biological_Process_2023,Protein Localization To Mitochondrion (GO:0070585),1/16,0.8865880376487337,0.9999961907768526,0,0,0.4574350904799371,0.0550636800125674,ISG15
GO_Biological_Process_2023,Regulation Of Golgi Organization (GO:1903358),1/16,0.8865880376487337,0.9999961907768526,0,0,0.4574350904799371,0.0550636800125674,CAMSAP3
GO_Biological_Process_2023,Regulation Of Blood Vessel Endothelial Cell Proliferation Involved In Sprouting Angiogenesis (GO:1903587),1/16,0.8865880376487337,0.9999961907768526,0,0,0.4574350904799371,0.0550636800125674,IL12B
GO_Biological_Process_2023,Regulation Of Establishment Of Endothelial Barrier (GO:1903140),1/16,0.8865880376487337,0.9999961907768526,0,0,0.4574350904799371,0.0550636800125674,PROC
GO_Biological_Process_2023,Regulation Of Natural Killer Cell Activation (GO:0032814),1/16,0.8865880376487337,0.9999961907768526,0,0,0.4574350904799371,0.0550636800125674,IL12B
GO_Biological_Process_2023,Regulation Of Protein Kinase C Signaling (GO:0090036),1/16,0.8865880376487337,0.9999961907768526,0,0,0.4574350904799371,0.0550636800125674,SEZ6L2
GO_Biological_Process_2023,Regulation Of Response To Cytokine Stimulus (GO:0060759),1/16,0.8865880376487337,0.9999961907768526,0,0,0.4574350904799371,0.0550636800125674,CD24
GO_Biological_Process_2023,"Regulation Of Synaptic Transmission, GABAergic (GO:0032228)",1/16,0.8865880376487337,0.9999961907768526,0,0,0.4574350904799371,0.0550636800125674,SLC38A1
GO_Biological_Process_2023,Regulation Of Transforming Growth Factor Beta Production (GO:0071634),1/16,0.8865880376487337,0.9999961907768526,0,0,0.4574350904799371,0.0550636800125674,FN1
GO_Biological_Process_2023,Regulation Of Triglyceride Biosynthetic Process (GO:0010866),1/16,0.8865880376487337,0.9999961907768526,0,0,0.4574350904799371,0.0550636800125674,MFSD2A
GO_Biological_Process_2023,Response To UV-B (GO:0010224),1/16,0.8865880376487337,0.9999961907768526,0,0,0.4574350904799371,0.0550636800125674,IL12B
GO_Biological_Process_2023,Reverse Cholesterol Transport (GO:0043691),1/16,0.8865880376487337,0.9999961907768526,0,0,0.4574350904799371,0.0550636800125674,APOC2
GO_Biological_Process_2023,Vasculature Development (GO:0001944),1/16,0.8865880376487337,0.9999961907768526,0,0,0.4574350904799371,0.0550636800125674,STRA6
GO_Biological_Process_2023,Regulation Of Endopeptidase Activity (GO:0052548),6/69,0.8869266358002078,0.9999961907768526,0,0,0.6529646939579932,0.0783511994290341,SERPINA12;SERPINE1;SERPINA9;SERPINB7;GAPDH;SERPINA4
GO_Biological_Process_2023,Regulation Of Heart Contraction (GO:0008016),6/69,0.8869266358002078,0.9999961907768526,0,0,0.6529646939579932,0.0783511994290341,TH;ATP2A1;MYH6;CACNA1H;CORIN;SLC8A2
GO_Biological_Process_2023,RNA Phosphodiester Bond Hydrolysis (GO:0090501),2/28,0.8874302466239175,0.9999961907768526,0,0,0.5276844367753458,0.0630189017569601,POP1;RNASE2
GO_Biological_Process_2023,Diterpenoid Metabolic Process (GO:0016101),2/28,0.8874302466239175,0.9999961907768526,0,0,0.5276844367753458,0.0630189017569601,E2F1;LRP8
GO_Biological_Process_2023,Hematopoietic Progenitor Cell Differentiation (GO:0002244),2/28,0.8874302466239175,0.9999961907768526,0,0,0.5276844367753458,0.0630189017569601,TMEM190;INHBA
GO_Biological_Process_2023,Membrane Fusion (GO:0061025),2/28,0.8874302466239175,0.9999961907768526,0,0,0.5276844367753458,0.0630189017569601,DCSTAMP;RABIF
GO_Biological_Process_2023,Positive Regulation Of Defense Response To Virus By Host (GO:0002230),2/28,0.8874302466239175,0.9999961907768526,0,0,0.5276844367753458,0.0630189017569601,STAT1;IL12B
GO_Biological_Process_2023,Positive Regulation Of Nitric Oxide Metabolic Process (GO:1904407),2/28,0.8874302466239175,0.9999961907768526,0,0,0.5276844367753458,0.0630189017569601,IFNG;CLEC7A
GO_Biological_Process_2023,"Regulation Of DNA Damage Response, Signal Transduction By P53 Class Mediator (GO:0043516)",2/28,0.8874302466239175,0.9999961907768526,0,0,0.5276844367753458,0.0630189017569601,PMAIP1;SOX4
GO_Biological_Process_2023,Regulation Of Cardiac Muscle Cell Action Potential (GO:0098901),2/28,0.8874302466239175,0.9999961907768526,0,0,0.5276844367753458,0.0630189017569601,DSP;HCN2
GO_Biological_Process_2023,Regulation Of Chemotaxis (GO:0050920),2/28,0.8874302466239175,0.9999961907768526,0,0,0.5276844367753458,0.0630189017569601,CXCR4;CYRIB
GO_Biological_Process_2023,Regulation Of Plasma Membrane Bounded Cell Projection Organization (GO:0120035),2/28,0.8874302466239175,0.9999961907768526,0,0,0.5276844367753458,0.0630189017569601,BRSK1;BRSK2
GO_Biological_Process_2023,Sterol Biosynthetic Process (GO:0016126),2/28,0.8874302466239175,0.9999961907768526,0,0,0.5276844367753458,0.0630189017569601,SQLE;DHCR7
GO_Biological_Process_2023,Positive Regulation Of T Cell Activation (GO:0050870),10/107,0.8877218823392146,0.9999961907768526,0,0,0.7065498308920192,0.0841478101997004,PYCARD;PNP;CD80;SIRPG;ACTL6A;IL12B;TNFSF11;GATA3;NOD2;CYRIB
GO_Biological_Process_2023,Anterograde Axonal Transport (GO:0008089),3/39,0.8888033301702053,0.9999961907768526,0,0,0.5715551181102362,0.0673745137178011,KIF4A;TRIM46;KIF1A
GO_Biological_Process_2023,Positive Regulation Of Lipid Biosynthetic Process (GO:0046889),3/39,0.8888033301702053,0.9999961907768526,0,0,0.5715551181102362,0.0673745137178011,APOC2;CGA;MFSD2A
GO_Biological_Process_2023,Regulation Of Mitochondrial Membrane Potential (GO:0051881),3/39,0.8888033301702053,0.9999961907768526,0,0,0.5715551181102362,0.0673745137178011,PMAIP1;PYCR1;BAK1
GO_Biological_Process_2023,Positive Regulation Of Endocytosis (GO:0045807),7/79,0.8896427024357066,0.9999961907768526,0,0,0.6664859358569927,0.0779357693780953,PYCARD;IFNG;TFR2;CLEC7A;SLC11A1;SERPINE1;SIRPG
GO_Biological_Process_2023,Regulation Of Neuron Differentiation (GO:0045664),7/79,0.8896427024357066,0.9999961907768526,0,0,0.6664859358569927,0.0779357693780953,DISP3;SIX3;SOX11;NREP;ASCL1;ECT2;CDK5R1
GO_Biological_Process_2023,Negative Regulation Of Apoptotic Process (GO:0043066),53/482,0.8896948410195449,0.9999961907768526,0,0,0.8448563484708063,0.0987440644880842,ARL6IP1;KIF14;SCX;COMP;SIX4;LAMP3;CLEC5A;AMH;MAGEA4;NAT8B;UNC5B;F2R;PLAUR;VSTM2L;MAPK8IP2;PRLR;MMP9;YWHAZ;PAX2;GREM1;PAX7;CEACAM6;CEACAM5;BIRC5;DPEP1;ADAM8;CARD14;SRC;HPN;MAZ;LEF1;IFI6;GATA4;ASCL1;MIEN1;NUAK2;ERBB3;PRAME;BARD1;TFAP2A;STIL;CBX4;PLK1;ASNS;HMGA2;DHRS2;POU4F1;KRT18;PROC;GDNF;WT1;CDK1;MAD2L1
GO_Biological_Process_2023,Positive Regulation Of Developmental Process (GO:0051094),24/233,0.8897532612501522,0.9999961907768526,0,0,0.7862769269342471,0.0918458642817844,FOXD1;SRC;KRT2;ACTL6A;LEF1;SCX;FOXO6;LRP8;PAX2;AURKA;CDC20;GDNF;WT1;BASP1;LHX1;DPF1;NEURL1;AGR2;FBXO5;INSM1;BMPR1B;ODAPH;PACSIN1;SHANK1
GO_Biological_Process_2023,Cellular Response To Metal Ion (GO:0071248),13/135,0.8902787722835183,0.9999961907768526,0,0,0.7301075617183956,0.0848535666436007,SYT5;TFAP2A;CPNE7;GUCA1A;SYT13;MMP9;CACNA1H;CDH1;TFR2;ITPKA;DPEP1;ECT2;KCNH1
GO_Biological_Process_2023,protein-DNA Complex Organization (GO:0071824),5/60,0.8937653255642077,0.9999961907768526,0,0,0.6233254531126872,0.0700069517497854,H1-5;CBX3;HMGA2;HMGN1;EZH2
GO_Biological_Process_2023,Positive Regulation Of Metabolic Process (GO:0009893),10/108,0.894168317807241,0.9999961907768526,0,0,0.6992998541698559,0.078224553419223,DISP3;MUC1;SLN;IFNG;CLEC7A;MFAP2;DIO2;IL18;CXCR4;PRLR
GO_Biological_Process_2023,Response To Tumor Necrosis Factor (GO:0034612),10/108,0.894168317807241,0.9999961907768526,0,0,0.6992998541698559,0.078224553419223,PYCARD;DCSTAMP;CCL11;CCL7;CCL20;CASP3;GATA3;BRCA1;NPNT;CCL17
GO_Biological_Process_2023,Positive Regulation Of Transport (GO:0051050),4/50,0.8945869648167316,0.9999961907768526,0,0,0.596297755021662,0.0664234906676503,SPAG5;TFR2;BAK1;SYNGR3
GO_Biological_Process_2023,Regulation Of Actin Filament Polymerization (GO:0030833),6/70,0.8948055036429301,0.9999961907768526,0,0,0.6427251675206938,0.071438194529571,PYCARD;BAIAP2L1;CCL11;CRACD;EVL;CYRIB
GO_Biological_Process_2023,Regulation Of Actin Filament-Based Process (GO:0032970),6/70,0.8948055036429301,0.9999961907768526,0,0,0.6427251675206938,0.071438194529571,BAIAP2L1;RAC3;ABRACL;CELSR1;EZR;SMIM22
GO_Biological_Process_2023,Proteolysis (GO:0006508),35/330,0.8953543396758079,0.9999961907768526,0,0,0.8118698132079042,0.0897406214991493,RET;ADAMDEC1;PRSS1;COLEC10;HPN;TMPRSS4;HTRA4;KLK4;CXCR4;ECE2;PRSS22;LRP8;DPP3;ADAMTS4;ADAMTS14;CAPN9;CASP3;OLR1;ADAMTS6;ST14;MMP1;F12;MMP3;MMP9;ADAMTS20;MMP12;ADAM19;CAPN13;F7;PROC;ADAM12;TLL2;REN;ADAM8;FBXL6
GO_Biological_Process_2023,Regulation Of Small GTPase Mediated Signal Transduction (GO:0051056),11/118,0.8984007881249273,0.9999961907768526,0,0,0.7044410978724661,0.0754731135904812,ARHGAP11A;VAV3;ARHGAP8;RACGAP1;SRC;RASGRF1;ARHGAP39;ECT2;CYRIB;FOXM1;VAV2
GO_Biological_Process_2023,Aortic Valve Development (GO:0003176),3/40,0.8987433435335505,0.9999961907768526,0,0,0.5560757608001703,0.0593654116966818,GATA5;GATA4;GATA3
GO_Biological_Process_2023,Positive Regulation Of Cell Cycle G1/S Phase Transition (GO:1902808),3/40,0.8987433435335505,0.9999961907768526,0,0,0.5560757608001703,0.0593654116966818,STIL;RRM2;EZH2
GO_Biological_Process_2023,Positive Regulation Of Monoatomic Ion Transport (GO:0043270),3/40,0.8987433435335505,0.9999961907768526,0,0,0.5560757608001703,0.0593654116966818,CAMK2A;F2R;PRSS8
GO_Biological_Process_2023,Regulation Of Cytokine-Mediated Signaling Pathway (GO:0001959),3/40,0.8987433435335505,0.9999961907768526,0,0,0.5560757608001703,0.0593654116966818,PYCARD;IGF2BP1;CD24
GO_Biological_Process_2023,RNA Biosynthetic Process (GO:0032774),2/29,0.898940144410258,0.9999961907768526,0,0,0.5081114172023263,0.0541335943313051,PRIM2;NAT14
GO_Biological_Process_2023,TOR Signaling (GO:0031929),2/29,0.898940144410258,0.9999961907768526,0,0,0.5081114172023263,0.0541335943313051,GATA3;RHEBL1
GO_Biological_Process_2023,Heterotypic Cell-Cell Adhesion (GO:0034113),2/29,0.898940144410258,0.9999961907768526,0,0,0.5081114172023263,0.0541335943313051,DSP;RNASE10
GO_Biological_Process_2023,Phosphatidic Acid Biosynthetic Process (GO:0006654),2/29,0.898940144410258,0.9999961907768526,0,0,0.5081114172023263,0.0541335943313051,MBOAT2;LCLAT1
GO_Biological_Process_2023,Positive Regulation Of Dephosphorylation (GO:0035306),2/29,0.898940144410258,0.9999961907768526,0,0,0.5081114172023263,0.0541335943313051,CDCA2;SRC
GO_Biological_Process_2023,Positive Regulation Of Viral Genome Replication (GO:0045070),2/29,0.898940144410258,0.9999961907768526,0,0,0.5081114172023263,0.0541335943313051,TOP2A;SRPK1
GO_Biological_Process_2023,Protein Acetylation (GO:0006473),2/29,0.898940144410258,0.9999961907768526,0,0,0.5081114172023263,0.0541335943313051,DSCC1;ESCO2
GO_Biological_Process_2023,Regulation Of Peptidyl-Tyrosine Phosphorylation (GO:0050730),8/90,0.8996872178936348,0.9999961907768526,0,0,0.6686871602443835,0.0706856570515974,IL11;RIPK2;SRC;CD80;IL12B;AMH;LRP8;PRKCZ
GO_Biological_Process_2023,Regulation Of Phosphatidylinositol 3-Kinase Signaling (GO:0014066),8/90,0.8996872178936348,0.9999961907768526,0,0,0.6686871602443835,0.0706856570515974,DDR1;ERBB3;UNC5B;SRC;F2R;MAZ;IL18;FN1
GO_Biological_Process_2023,Cell-Matrix Adhesion (GO:0007160),10/109,0.9003052929266131,0.9999961907768526,0,0,0.6921963416238979,0.072695400364188,DDR1;COL3A1;COL13A1;ACTN2;SRC;RCC2;CDH11;MSLNL;FN1;NPNT
GO_Biological_Process_2023,Cellular Response To Salt (GO:1902075),10/109,0.9003052929266131,0.9999961907768526,0,0,0.6921963416238979,0.072695400364188,SYT5;CDH1;CPNE7;ITPKA;GUCA1A;DPEP1;SYT13;ECT2;CACNA1H;KCNH1
GO_Biological_Process_2023,Negative Regulation Of Developmental Process (GO:0051093),10/109,0.9003052929266131,0.9999961907768526,0,0,0.6921963416238979,0.072695400364188,GREM1;ZNF296;PARP1;ACTL6A;FOXJ1;PRAME;AMH;KIAA0319;FGFR3;HOPX
GO_Biological_Process_2023,NAD Biosynthetic Process (GO:0009435),1/17,0.9010196950233468,0.9999961907768526,0,0,0.4288208103855232,0.0446952051259492,QPRT
GO_Biological_Process_2023,Rac Protein Signal Transduction (GO:0016601),1/17,0.9010196950233468,0.9999961907768526,0,0,0.4288208103855232,0.0446952051259492,RAC3
GO_Biological_Process_2023,Amyloid Precursor Protein Metabolic Process (GO:0042982),1/17,0.9010196950233468,0.9999961907768526,0,0,0.4288208103855232,0.0446952051259492,ADAM19
GO_Biological_Process_2023,cGMP-mediated Signaling (GO:0019934),1/17,0.9010196950233468,0.9999961907768526,0,0,0.4288208103855232,0.0446952051259492,GUCY1B2
GO_Biological_Process_2023,Carbohydrate Derivative Transport (GO:1901264),1/17,0.9010196950233468,0.9999961907768526,0,0,0.4288208103855232,0.0446952051259492,MFSD2A
GO_Biological_Process_2023,Carboxylic Acid Catabolic Process (GO:0046395),1/17,0.9010196950233468,0.9999961907768526,0,0,0.4288208103855232,0.0446952051259492,IL4I1
GO_Biological_Process_2023,Cell Migration Involved In Sprouting Angiogenesis (GO:0002042),1/17,0.9010196950233468,0.9999961907768526,0,0,0.4288208103855232,0.0446952051259492,GREM1
GO_Biological_Process_2023,Cellular Response To Unfolded Protein (GO:0034620),1/17,0.9010196950233468,0.9999961907768526,0,0,0.4288208103855232,0.0446952051259492,BAK1
GO_Biological_Process_2023,Detection Of Visible Light (GO:0009584),1/17,0.9010196950233468,0.9999961907768526,0,0,0.4288208103855232,0.0446952051259492,RGS9BP
GO_Biological_Process_2023,Embryo Development Ending In Birth Or Egg Hatching (GO:0009792),1/17,0.9010196950233468,0.9999961907768526,0,0,0.4288208103855232,0.0446952051259492,CAMSAP3
GO_Biological_Process_2023,Embryonic Axis Specification (GO:0000578),1/17,0.9010196950233468,0.9999961907768526,0,0,0.4288208103855232,0.0446952051259492,STIL
GO_Biological_Process_2023,Epoxygenase P450 Pathway (GO:0019373),1/17,0.9010196950233468,0.9999961907768526,0,0,0.4288208103855232,0.0446952051259492,CYP2B6
GO_Biological_Process_2023,Intracellular Zinc Ion Homeostasis (GO:0006882),1/17,0.9010196950233468,0.9999961907768526,0,0,0.4288208103855232,0.0446952051259492,SLC30A8
GO_Biological_Process_2023,Leukocyte Tethering Or Rolling (GO:0050901),1/17,0.9010196950233468,0.9999961907768526,0,0,0.4288208103855232,0.0446952051259492,PODXL2
GO_Biological_Process_2023,Megakaryocyte Differentiation (GO:0030219),1/17,0.9010196950233468,0.9999961907768526,0,0,0.4288208103855232,0.0446952051259492,IL11
GO_Biological_Process_2023,Muscle Tissue Morphogenesis (GO:0060415),1/17,0.9010196950233468,0.9999961907768526,0,0,0.4288208103855232,0.0446952051259492,MYLK2
GO_Biological_Process_2023,ncRNA Metabolic Process (GO:0034660),1/17,0.9010196950233468,0.9999961907768526,0,0,0.4288208103855232,0.0446952051259492,TRIM71
GO_Biological_Process_2023,Negative Regulation Of Calcium Ion Transport (GO:0051926),1/17,0.9010196950233468,0.9999961907768526,0,0,0.4288208103855232,0.0446952051259492,SLN
GO_Biological_Process_2023,Negative Regulation Of Insulin Secretion (GO:0046676),1/17,0.9010196950233468,0.9999961907768526,0,0,0.4288208103855232,0.0446952051259492,BMP8A
GO_Biological_Process_2023,Negative Regulation Of Leukocyte Activation (GO:0002695),1/17,0.9010196950233468,0.9999961907768526,0,0,0.4288208103855232,0.0446952051259492,FN1
GO_Biological_Process_2023,Negative Regulation Of Striated Muscle Cell Differentiation (GO:0051154),1/17,0.9010196950233468,0.9999961907768526,0,0,0.4288208103855232,0.0446952051259492,CEACAM5
GO_Biological_Process_2023,"Nuclear-Transcribed mRNA Catabolic Process, Exonucleolytic (GO:0000291)",1/17,0.9010196950233468,0.9999961907768526,0,0,0.4288208103855232,0.0446952051259492,EXOSC4
GO_Biological_Process_2023,Peptidyl-Threonine Dephosphorylation (GO:0035970),1/17,0.9010196950233468,0.9999961907768526,0,0,0.4288208103855232,0.0446952051259492,PPM1E
GO_Biological_Process_2023,Positive Regulation Of SMAD Protein Signal Transduction (GO:0060391),1/17,0.9010196950233468,0.9999961907768526,0,0,0.4288208103855232,0.0446952051259492,KIAA0319
GO_Biological_Process_2023,Positive Regulation Of Cardiac Muscle Hypertrophy (GO:0010613),1/17,0.9010196950233468,0.9999961907768526,0,0,0.4288208103855232,0.0446952051259492,PARP1
GO_Biological_Process_2023,Positive Regulation Of Cell Cycle Phase Transition (GO:1901989),1/17,0.9010196950233468,0.9999961907768526,0,0,0.4288208103855232,0.0446952051259492,EZH2
GO_Biological_Process_2023,Positive Regulation Of Dendrite Extension (GO:1903861),1/17,0.9010196950233468,0.9999961907768526,0,0,0.4288208103855232,0.0446952051259492,UNC13A
GO_Biological_Process_2023,Positive Regulation Of Dendrite Morphogenesis (GO:0050775),1/17,0.9010196950233468,0.9999961907768526,0,0,0.4288208103855232,0.0446952051259492,LRP8
GO_Biological_Process_2023,Positive Regulation Of Fatty Acid Metabolic Process (GO:0045923),1/17,0.9010196950233468,0.9999961907768526,0,0,0.4288208103855232,0.0446952051259492,APOC2
GO_Biological_Process_2023,Positive Regulation Of Glial Cell Differentiation (GO:0045687),1/17,0.9010196950233468,0.9999961907768526,0,0,0.4288208103855232,0.0446952051259492,CXCR4
GO_Biological_Process_2023,Positive Regulation Of Leukocyte Adhesion To Vascular Endothelial Cell (GO:1904996),1/17,0.9010196950233468,0.9999961907768526,0,0,0.4288208103855232,0.0446952051259492,FUT7
GO_Biological_Process_2023,Positive Regulation Of Leukocyte Proliferation (GO:0070665),1/17,0.9010196950233468,0.9999961907768526,0,0,0.4288208103855232,0.0446952051259492,IL12B
GO_Biological_Process_2023,Positive Regulation Of Macrophage Activation (GO:0043032),1/17,0.9010196950233468,0.9999961907768526,0,0,0.4288208103855232,0.0446952051259492,TTBK1
GO_Biological_Process_2023,Positive Regulation Of Nitric-Oxide Synthase Activity (GO:0051000),1/17,0.9010196950233468,0.9999961907768526,0,0,0.4288208103855232,0.0446952051259492,TERT
GO_Biological_Process_2023,Positive Regulation Of Peptidyl-Serine Phosphorylation Of STAT Protein (GO:0033141),1/17,0.9010196950233468,0.9999961907768526,0,0,0.4288208103855232,0.0446952051259492,IFNG
GO_Biological_Process_2023,Regulation Of DNA Methylation-Dependent Heterochromatin Formation (GO:0090308),1/17,0.9010196950233468,0.9999961907768526,0,0,0.4288208103855232,0.0446952051259492,SAMD1
GO_Biological_Process_2023,Regulation Of Adenylate Cyclase Activity (GO:0045761),1/17,0.9010196950233468,0.9999961907768526,0,0,0.4288208103855232,0.0446952051259492,AKAP5
GO_Biological_Process_2023,Regulation Of Cellular Respiration (GO:0043457),1/17,0.9010196950233468,0.9999961907768526,0,0,0.4288208103855232,0.0446952051259492,IFNG
GO_Biological_Process_2023,Regulation Of Hematopoietic Progenitor Cell Differentiation (GO:1901532),1/17,0.9010196950233468,0.9999961907768526,0,0,0.4288208103855232,0.0446952051259492,MYB
GO_Biological_Process_2023,Regulation Of Telomere Maintenance Via Telomere Lengthening (GO:1904356),1/17,0.9010196950233468,0.9999961907768526,0,0,0.4288208103855232,0.0446952051259492,PARP1
GO_Biological_Process_2023,Regulation Of Vacuole Organization (GO:0044088),1/17,0.9010196950233468,0.9999961907768526,0,0,0.4288208103855232,0.0446952051259492,LAPTM4B
GO_Biological_Process_2023,Regulation Of Viral Transcription (GO:0046782),1/17,0.9010196950233468,0.9999961907768526,0,0,0.4288208103855232,0.0446952051259492,TRIM11
GO_Biological_Process_2023,Transepithelial Transport (GO:0070633),1/17,0.9010196950233468,0.9999961907768526,0,0,0.4288208103855232,0.0446952051259492,RHBG
GO_Biological_Process_2023,Protein Localization To Plasma Membrane (GO:0072659),13/137,0.901439494734084,0.9999961907768526,0,0,0.718248756853245,0.0745271823461699,RAB3A;ACTN2;RAB3D;ZDHHC23;NKD2;CACNB3;CDH1;MAP7;PKP3;EZR;RAMP1;PACSIN1;CRB3
GO_Biological_Process_2023,Positive Regulation Of Interleukin-8 Production (GO:0032757),5/61,0.9017454482594818,0.9999961907768526,0,0,0.6121594618935045,0.0633113722426012,PYCARD;CLEC7A;SERPINE1;F2R;NOD2
GO_Biological_Process_2023,Regulation Of Cilium Assembly (GO:1902017),6/71,0.902210342110742,0.9999961907768526,0,0,0.6328007034353113,0.0651199958854038,MCIDAS;TBC1D30;TBC1D7;DYNLT2B;KIF24;MAPK15
GO_Biological_Process_2023,SMAD Protein Signal Transduction (GO:0060395),4/51,0.9031662049730034,0.9999961907768526,0,0,0.5835770490979025,0.0594365543689893,GARS1;BMP8A;INHBA;RUNX2
GO_Biological_Process_2023,Negative Regulation Of NF-kappaB Transcription Factor Activity (GO:0032088),7/81,0.903801104518079,0.9999961907768526,0,0,0.6483982010401569,0.0655828584567461,PYCARD;AIM2;CDKN2A;FOXJ1;PYDC1;FOXP3;ZNF675
GO_Biological_Process_2023,Spindle Assembly (GO:0051225),7/81,0.903801104518079,0.9999961907768526,0,0,0.6483982010401569,0.0655828584567461,TPX2;KIFC2;KIFC1;RCC1;NEK2;KIF11;MISP
GO_Biological_Process_2023,Neuron Projection Development (GO:0031175),19/192,0.9045777673990156,0.9999961907768526,0,0,0.7520771690041498,0.0754235626818313,CNTNAP2;UNC5A;EPHA8;RASGRF1;BICDL1;STMND1;PRDM12;POU4F1;SHTN1;CDK5;GDNF;GPRIN1;STMN1;KIF20B;MNX1;PACSIN1;PLXNA3;SHANK1;CDK5R1
GO_Biological_Process_2023,Regulation Of Cell Cycle (GO:0051726),31/298,0.9051351592739422,0.9999961907768526,0,0,0.7945233664925213,0.0791909378017281,CCNF;GATA3;BRCA1;LIN9;FOXM1;CDC20;MCIDAS;CHEK1;PCLAF;FBXO5;DLGAP5;MAGEA4;BARD1;CDT1;CDKN2A;PLK1;ACTL6A;HMGA2;PTK6;POU4F1;BOP1;CDK5;CKS2;NUPR2;TTLL12;INSM1;KIF20B;PRR11;CDKN3;MCM2;SMIM22
GO_Biological_Process_2023,Response To Lipid (GO:0033993),10/110,0.9061427518428704,0.9999961907768526,0,0,0.6852348993288591,0.06753567079544,FOXA1;CYP27B1;SLC11A1;F2R;ILDR1;SPP1;S100A14;FGFR4;ASCL1;S100A7
GO_Biological_Process_2023,Regulation Of Cell Population Proliferation (GO:0042127),86/766,0.9075570942819308,0.9999961907768526,0,0,0.863572266513443,0.0837654744397375,TRIM71;CXCL9;EPO;RTKN2;SIRPG;KIF14;SCX;FOXM1;HOXC10;FGF5;ESM1;SIX4;SIX3;FBXO5;AMH;SOX4;KCNH1;MINAR1;IL11;H2AC8;EDN2;H2AC6;ACTL6A;F2R;NCCRP1;FOXP3;NME1;GREM1;CLDN3;SAPCD2;IFNG;CEACAM6;MZB1;TIMELESS;BIRC5;NUPR2;KIF20B;IL9R;SMIM22;UHRF1;MAZ;TTK;GATA3;FUT3;CYP27B1;IFNL1;RAB25;ERBB3;EPCAM;CLEC7A;NACC1;PRAME;CGA;WNT2;S100A11;E2F7;TFAP2A;EGLN3;CDKN2A;STAT1;TNFRSF9;FN1;HMGA1;CDC7;CDC6;INHBA;DHRS2;MAPK15;SHCBP1;SLURP1;SQLE;CXCL10;CXCL11;DLG3;GDNF;FABP6;WT1;PRC1;TNFSF4;NEURL1;INSM1;FGFR4;FGFR3;NOX1;EZH2;CDKN3
GO_Biological_Process_2023,O-glycan Processing (GO:0016266),3/41,0.9078750265558604,0.9999961907768526,0,0,0.5414111065064235,0.0523265961266496,GALNT7;GALNT6;GCNT3
GO_Biological_Process_2023,Heart Contraction (GO:0060047),3/41,0.9078750265558604,0.9999961907768526,0,0,0.5414111065064235,0.0523265961266496,MYLK2;TNNI3;MYH6
GO_Biological_Process_2023,Regulation Of Heart Rate By Cardiac Conduction (GO:0086091),3/41,0.9078750265558604,0.9999961907768526,0,0,0.5414111065064235,0.0523265961266496,DSP;KCNH6;HCN2
GO_Biological_Process_2023,Visual System Development (GO:0150063),3/41,0.9078750265558604,0.9999961907768526,0,0,0.5414111065064235,0.0523265961266496,SIX3;BMPR1B;SIPA1L3
GO_Biological_Process_2023,Regulation Of Cell Differentiation (GO:0045595),19/193,0.9089444437991314,0.9999961907768526,0,0,0.7477116235859883,0.0713850041722144,TFAP2A;UQCC2;ACTL6A;LEF1;MBOAT2;GATA3;NREP;RUNX2;ELL3;HOPX;GREM1;GDNF;TRPS1;DPF1;TNR;PRAME;INSM1;CD24;CDK5R1
GO_Biological_Process_2023,Cholesterol Homeostasis (GO:0042632),6/72,0.9091620882894944,0.9999961907768526,0,0,0.6231769806858495,0.0593463190272908,DISP3;APOC2;IL18;TMEM97;CD24;FGFR4
GO_Biological_Process_2023,Immunoglobulin Mediated Immune Response (GO:0016064),2/30,0.9093443478047384,0.9999961907768526,0,0,0.4899364704559509,0.0465593663713569,IL21R;IL9R
GO_Biological_Process_2023,"Maturation Of SSU-rRNA From Tricistronic rRNA Transcript (SSU-rRNA, 5.8S rRNA, LSU-rRNA) (GO:0000462)",2/30,0.9093443478047384,0.9999961907768526,0,0,0.4899364704559509,0.0465593663713569,RRS1;DCAF13
GO_Biological_Process_2023,Negative Regulation Of Calcium Ion Transmembrane Transporter Activity (GO:1901020),2/30,0.9093443478047384,0.9999961907768526,0,0,0.4899364704559509,0.0465593663713569,SLN;DRD4
GO_Biological_Process_2023,Prostaglandin Metabolic Process (GO:0006693),2/30,0.9093443478047384,0.9999961907768526,0,0,0.4899364704559509,0.0465593663713569,EDN2;AMH
GO_Biological_Process_2023,Protein Palmitoylation (GO:0018345),2/30,0.9093443478047384,0.9999961907768526,0,0,0.4899364704559509,0.0465593663713569,ZDHHC23;ZDHHC13
GO_Biological_Process_2023,Regulation Of Macrophage Derived Foam Cell Differentiation (GO:0010743),2/30,0.9093443478047384,0.9999961907768526,0,0,0.4899364704559509,0.0465593663713569,MSR1;IL18
GO_Biological_Process_2023,Cellular Response To Organic Substance (GO:0071310),7/82,0.9102790967544916,0.9999961907768526,0,0,0.6397160883280757,0.0601358882884122,FOXH1;LEF1;IL18;CXCR4;POU4F1;RAMP1;CACNA1H
GO_Biological_Process_2023,Regulation Of Phosphorylation (GO:0042325),7/82,0.9102790967544916,0.9999961907768526,0,0,0.6397160883280757,0.0601358882884122,BARD1;CDKN2A;SLAMF8;FN1;INHBA;AMH;CD24
GO_Biological_Process_2023,Regulation Of Protein Localization To Nucleus (GO:1900180),4/52,0.9111214813020156,0.9999961907768526,0,0,0.5713863725876329,0.0531840957231674,NVL;PLK1;CDK1;YWHAZ
GO_Biological_Process_2023,Sprouting Angiogenesis (GO:0002040),4/52,0.9111214813020156,0.9999961907768526,0,0,0.5713863725876329,0.0531840957231674,GREM1;ESM1;E2F7;E2F8
GO_Biological_Process_2023,T Cell Activation (GO:0042110),10/111,0.9116907324375396,0.9999961907768526,0,0,0.6784113073762963,0.062722148088006,CLEC7A;CD80;TNFSF4;PIK3R2;CTPS1;GATA3;SLA2;FOXP3;RASGRP1;SOX4
GO_Biological_Process_2023,Positive Regulation Of Neuron Projection Development (GO:0010976),8/92,0.9121152072546274,0.9999961907768526,0,0,0.652690898844745,0.0600403655637715,DDR1;RET;PTK7;PLPPR5;GPC2;PTK6;LRP8;PACSIN1
GO_Biological_Process_2023,Transmembrane Receptor Protein Serine/Threonine Kinase Signaling Pathway (GO:0007178),12/130,0.9130012535016346,0.9999961907768526,0,0,0.6966764660581669,0.0634101163111244,GARS1;COL3A1;COL1A2;DLX5;SRC;FOXH1;BMP8A;SCX;INHBA;BMPR1B;AMH;RUNX2
GO_Biological_Process_2023,Antigen Processing And Presentation Of Peptide Antigen Via MHC Class I (GO:0002474),1/18,0.91361552142526,0.9999961907768526,0,0,0.4035729161845698,0.0364609770933497,IFI30
GO_Biological_Process_2023,Dendritic Cell Migration (GO:0036336),1/18,0.91361552142526,0.9999961907768526,0,0,0.4035729161845698,0.0364609770933497,CXCR4
GO_Biological_Process_2023,Establishment Of Vesicle Localization (GO:0051650),1/18,0.91361552142526,0.9999961907768526,0,0,0.4035729161845698,0.0364609770933497,CDK5
GO_Biological_Process_2023,Icosanoid Biosynthetic Process (GO:0046456),1/18,0.91361552142526,0.9999961907768526,0,0,0.4035729161845698,0.0364609770933497,PYCARD
GO_Biological_Process_2023,Lysosomal Lumen Acidification (GO:0007042),1/18,0.91361552142526,0.9999961907768526,0,0,0.4035729161845698,0.0364609770933497,ATP6V0B
GO_Biological_Process_2023,Maintenance Of Protein Location In Nucleus (GO:0051457),1/18,0.91361552142526,0.9999961907768526,0,0,0.4035729161845698,0.0364609770933497,BARD1
GO_Biological_Process_2023,Membrane Repolarization (GO:0086009),1/18,0.91361552142526,0.9999961907768526,0,0,0.4035729161845698,0.0364609770933497,KCNH6
GO_Biological_Process_2023,"Negative Regulation Of DNA-templated Transcription, Elongation (GO:0032785)",1/18,0.91361552142526,0.9999961907768526,0,0,0.4035729161845698,0.0364609770933497,PARP1
GO_Biological_Process_2023,Negative Regulation Of ERBB Signaling Pathway (GO:1901185),1/18,0.91361552142526,0.9999961907768526,0,0,0.4035729161845698,0.0364609770933497,CBLC
GO_Biological_Process_2023,Negative Regulation Of Lipid Catabolic Process (GO:0050995),1/18,0.91361552142526,0.9999961907768526,0,0,0.4035729161845698,0.0364609770933497,MFSD2A
GO_Biological_Process_2023,Negative Regulation Of Nervous System Development (GO:0051961),1/18,0.91361552142526,0.9999961907768526,0,0,0.4035729161845698,0.0364609770933497,CCL11
GO_Biological_Process_2023,Negative Regulation Of Peptide Hormone Secretion (GO:0090278),1/18,0.91361552142526,0.9999961907768526,0,0,0.4035729161845698,0.0364609770933497,BMP8A
GO_Biological_Process_2023,Neutrophil Activation (GO:0042119),1/18,0.91361552142526,0.9999961907768526,0,0,0.4035729161845698,0.0364609770933497,CAMP
GO_Biological_Process_2023,Nucleosome Disassembly (GO:0006337),1/18,0.91361552142526,0.9999961907768526,0,0,0.4035729161845698,0.0364609770933497,HMGA1
GO_Biological_Process_2023,Positive Regulation Of CREB Transcription Factor Activity (GO:0032793),1/18,0.91361552142526,0.9999961907768526,0,0,0.4035729161845698,0.0364609770933497,LRP8
GO_Biological_Process_2023,Positive Regulation Of Glycolytic Process (GO:0045821),1/18,0.91361552142526,0.9999961907768526,0,0,0.4035729161845698,0.0364609770933497,IFNG
GO_Biological_Process_2023,Pulmonary Valve Morphogenesis (GO:0003184),1/18,0.91361552142526,0.9999961907768526,0,0,0.4035729161845698,0.0364609770933497,STRA6
GO_Biological_Process_2023,Regulation Of RIG-I Signaling Pathway (GO:0039535),1/18,0.91361552142526,0.9999961907768526,0,0,0.4035729161845698,0.0364609770933497,OASL
GO_Biological_Process_2023,Regulation Of Dendrite Extension (GO:1903859),1/18,0.91361552142526,0.9999961907768526,0,0,0.4035729161845698,0.0364609770933497,UNC13A
GO_Biological_Process_2023,Regulation Of Lymphocyte Activation (GO:0051249),1/18,0.91361552142526,0.9999961907768526,0,0,0.4035729161845698,0.0364609770933497,CLEC7A
GO_Biological_Process_2023,Regulation Of Mitochondrial Outer Membrane Permeabilization Involved In Apoptotic Signaling Pathway (GO:1901028),1/18,0.91361552142526,0.9999961907768526,0,0,0.4035729161845698,0.0364609770933497,BAK1
GO_Biological_Process_2023,Regulation Of Peptidyl-Serine Phosphorylation Of STAT Protein (GO:0033139),1/18,0.91361552142526,0.9999961907768526,0,0,0.4035729161845698,0.0364609770933497,IFNG
GO_Biological_Process_2023,Regulation Of Protein Deacetylation (GO:0090311),1/18,0.91361552142526,0.9999961907768526,0,0,0.4035729161845698,0.0364609770933497,IFNG
GO_Biological_Process_2023,Regulation Of Ventricular Cardiac Muscle Cell Membrane Repolarization (GO:0060307),1/18,0.91361552142526,0.9999961907768526,0,0,0.4035729161845698,0.0364609770933497,KCNH6
GO_Biological_Process_2023,Renal Absorption (GO:0070293),1/18,0.91361552142526,0.9999961907768526,0,0,0.4035729161845698,0.0364609770933497,CLDN4
GO_Biological_Process_2023,Positive Regulation Of Cell Motility (GO:2000147),22/221,0.913619543853802,0.9999961907768526,0,0,0.7568106299047798,0.0683710655755821,RET;GRB7;LRRC15;SEMA4A;CEMIP;SEMA7A;CCL11;F2R;MAZ;LEF1;CXCR4;COL1A1;CCNA2;F7;CLDN4;CLDN3;MIEN1;CCL7;CEACAM6;CLEC7A;CGA;SMIM22
GO_Biological_Process_2023,Positive Regulation Of Secretion By Cell (GO:1903532),6/73,0.9156815586851544,0.9999961907768526,0,0,0.6138405332423417,0.0540711366301836,RAB3A;CADPS;SOX11;ADAM8;EZR;STX1A
GO_Biological_Process_2023,Sterol Homeostasis (GO:0055092),6/73,0.9156815586851544,0.9999961907768526,0,0,0.6138405332423417,0.0540711366301836,DISP3;APOC2;IL18;TMEM97;CD24;FGFR4
GO_Biological_Process_2023,Protein Polymerization (GO:0051258),5/63,0.9161514270740256,0.9999961907768526,0,0,0.5909825819950545,0.0517544808539096,DIAPH3;UBE2C;UBE2S;SPIRE2;FHDC1
GO_Biological_Process_2023,Regulation Of Cellular Catabolic Process (GO:0031329),5/63,0.9161514270740256,0.9999961907768526,0,0,0.5909825819950545,0.0517544808539096,LAMP3;TRIB3;PIK3R2;MAPK15;GPR137B
GO_Biological_Process_2023,Determination Of Heart Left/Right Asymmetry (GO:0061371),3/42,0.9162532965705936,0.9999961907768526,0,0,0.5274984857662023,0.0461362982752633,STIL;MICAL2;GATA4
GO_Biological_Process_2023,Embryonic Heart Tube Morphogenesis (GO:0003143),3/42,0.9162532965705936,0.9999961907768526,0,0,0.5274984857662023,0.0461362982752633,STIL;MICAL2;GATA4
GO_Biological_Process_2023,Positive Regulation Of Neuron Differentiation (GO:0045666),3/42,0.9162532965705936,0.9999961907768526,0,0,0.5274984857662023,0.0461362982752633,SOX11;ASCL1;ECT2
GO_Biological_Process_2023,Actin Cytoskeleton Reorganization (GO:0031532),4/53,0.9184892646571028,0.9999961907768526,0,0,0.5596932747104356,0.0475879555526047,BRSK2;PTK7;PLEK2;EZR
GO_Biological_Process_2023,Blood Vessel Morphogenesis (GO:0048514),4/53,0.9184892646571028,0.9999961907768526,0,0,0.5596932747104356,0.0475879555526047,CDH2;WT1;TNNI3;STRA6
GO_Biological_Process_2023,Positive Regulation Of NIK/NF-kappaB Signaling (GO:1901224),4/53,0.9184892646571028,0.9999961907768526,0,0,0.5596932747104356,0.0475879555526047,PYCARD;RTKN2;IL12B;NOD2
GO_Biological_Process_2023,Protein Homotetramerization (GO:0051289),4/53,0.9184892646571028,0.9999961907768526,0,0,0.5596932747104356,0.0475879555526047,GBP5;TDO2;TK1;HPRT1
GO_Biological_Process_2023,Regulation Of Receptor Signaling Pathway Via JAK-STAT (GO:0046425),4/53,0.9184892646571028,0.9999961907768526,0,0,0.5596932747104356,0.0475879555526047,IFNL1;F2R;CAMK2A;OCIAD2
GO_Biological_Process_2023,B Cell Proliferation (GO:0042100),2/31,0.9187378231602338,0.9999961907768526,0,0,0.4730149683127739,0.0400901387339897,CTPS1;RASGRP1
GO_Biological_Process_2023,Central Nervous System Neuron Differentiation (GO:0021953),2/31,0.9187378231602338,0.9999961907768526,0,0,0.4730149683127739,0.0400901387339897,LHX1;CEND1
GO_Biological_Process_2023,Negative Regulation Of DNA Biosynthetic Process (GO:2000279),2/31,0.9187378231602338,0.9999961907768526,0,0,0.4730149683127739,0.0400901387339897,PIF1;SRC
GO_Biological_Process_2023,Negative Regulation Of Chemotaxis (GO:0050922),2/31,0.9187378231602338,0.9999961907768526,0,0,0.4730149683127739,0.0400901387339897,SEMA4A;SEMA7A
GO_Biological_Process_2023,Negative Regulation Of Intracellular Steroid Hormone Receptor Signaling Pathway (GO:0033144),2/31,0.9187378231602338,0.9999961907768526,0,0,0.4730149683127739,0.0400901387339897,FOXH1;BRCA1
GO_Biological_Process_2023,Positive Regulation Of Glucose Transmembrane Transport (GO:0010828),2/31,0.9187378231602338,0.9999961907768526,0,0,0.4730149683127739,0.0400901387339897,OCLN;ERFE
GO_Biological_Process_2023,Positive Regulation Of Lamellipodium Organization (GO:1902745),2/31,0.9187378231602338,0.9999961907768526,0,0,0.4730149683127739,0.0400901387339897,OCLN;SRC
GO_Biological_Process_2023,Receptor Signaling Pathway Via STAT (GO:0097696),2/31,0.9187378231602338,0.9999961907768526,0,0,0.4730149683127739,0.0400901387339897,IFNG;STAT1
GO_Biological_Process_2023,Regulation Of Transmembrane Receptor Protein Serine/Threonine Kinase Signaling Pathway (GO:0090092),2/31,0.9187378231602338,0.9999961907768526,0,0,0.4730149683127739,0.0400901387339897,SOX11;NREP
GO_Biological_Process_2023,Positive Regulation Of Cytokine Production (GO:0001819),33/320,0.920218260072516,0.9999961907768526,0,0,0.786554131904438,0.0653975696866537,ORM1;CD80;SERPINE1;GATA4;GATA3;BRCA1;NOD2;PRKCZ;RASGRP1;INAVA;PYCARD;PNP;IFNL1;CLEC7A;IL12B;AMH;TIGIT;GBP5;GARIN5A;RIPK2;SLC11A1;F2R;IL18;ISG15;TRAF2;SULF1;CYRIB;SLC7A5;IFNG;TNFSF4;IRF7;GAPDH;NOX1
GO_Biological_Process_2023,Negative Regulation Of Cytokine Production (GO:0001818),17/178,0.9217090516321974,0.9999961907768526,0,0,0.722995136296799,0.0589426610474025,ORM1;SLC2A10;SLC11A1;LEF1;FN1;ACOD1;FOXJ1;INHBA;FOXP3;PYCARD;IFNL1;IFNG;NLRP7;TNFSF4;IL12B;EZR;TIGIT
GO_Biological_Process_2023,Regulation Of Cell Cycle G1/S Phase Transition (GO:1902806),6/74,0.9217893444429632,0.9999961907768526,0,0,0.6047786871942312,0.0492523043595297,CDKN2A;DPF1;ACTL6A;KIF14;E2F1;EZH2
GO_Biological_Process_2023,Endocytic Recycling (GO:0032456),5/64,0.9226305967330684,0.9999961907768526,0,0,0.580932537297485,0.0467803738114899,DENND1C;ATP6AP1;RAB17;ANKRD50;RAB11FIP4
GO_Biological_Process_2023,Sphingolipid Metabolic Process (GO:0006665),8/94,0.923203084527896,0.9999961907768526,0,0,0.6374386496032292,0.0509351995761306,ALDH3B2;FUT5;CERS6;FUT7;DEGS2;PLPP2;CERS2;FUT3
GO_Biological_Process_2023,Intracellular Glucose Homeostasis (GO:0001678),3/43,0.923930883625506,0.9999961907768526,0,0,0.5142814960629921,0.0406889292731061,PIK3R2;SOX4;PAX2
GO_Biological_Process_2023,Positive Regulation Of Stress Fiber Assembly (GO:0051496),3/43,0.923930883625506,0.9999961907768526,0,0,0.5142814960629921,0.0406889292731061,LIMK1;EVL;PPM1E
GO_Biological_Process_2023,Regulation Of Cellular Component Size (GO:0032535),3/43,0.923930883625506,0.9999961907768526,0,0,0.5142814960629921,0.0406889292731061,VAV3;EZR;VAV2
GO_Biological_Process_2023,Regulation Of Chromosome Organization (GO:0033044),3/43,0.923930883625506,0.9999961907768526,0,0,0.5142814960629921,0.0406889292731061,PIF1;RMI2;BUB1
GO_Biological_Process_2023,Regulation Of Primary Metabolic Process (GO:0080090),3/43,0.923930883625506,0.9999961907768526,0,0,0.5142814960629921,0.0406889292731061,FGFR4;MACROH2A1;CERS2
GO_Biological_Process_2023,Organonitrogen Compound Biosynthetic Process (GO:1901566),11/123,0.9243641369983422,0.9999961907768526,0,0,0.672798888512751,0.0529150925339714,ALDH3B2;MUC1;SLC44A4;CERS6;PAH;INHBA;DEGS2;GAL3ST2;PLPP2;MFSD2A;CERS2
GO_Biological_Process_2023,Bicarbonate Transport (GO:0015701),1/19,0.9246089694340442,0.9999961907768526,0,0,0.3811303435615001,0.0298746605700644,SLC4A8
GO_Biological_Process_2023,Cellular Response To Catecholamine Stimulus (GO:0071870),1/19,0.9246089694340442,0.9999961907768526,0,0,0.3811303435615001,0.0298746605700644,APLP1
GO_Biological_Process_2023,Cortical Actin Cytoskeleton Organization (GO:0030866),1/19,0.9246089694340442,0.9999961907768526,0,0,0.3811303435615001,0.0298746605700644,LLGL2
GO_Biological_Process_2023,Fluid Transport (GO:0042044),1/19,0.9246089694340442,0.9999961907768526,0,0,0.3811303435615001,0.0298746605700644,AQP9
GO_Biological_Process_2023,Ganglioside Metabolic Process (GO:0001573),1/19,0.9246089694340442,0.9999961907768526,0,0,0.3811303435615001,0.0298746605700644,NEU4
GO_Biological_Process_2023,Heme Biosynthetic Process (GO:0006783),1/19,0.9246089694340442,0.9999961907768526,0,0,0.3811303435615001,0.0298746605700644,FLVCR1
GO_Biological_Process_2023,Inositol Phosphate-Mediated Signaling (GO:0048016),1/19,0.9246089694340442,0.9999961907768526,0,0,0.3811303435615001,0.0298746605700644,EDN2
GO_Biological_Process_2023,Intrinsic Apoptotic Signaling Pathway In Response To DNA Damage By P53 Class Mediator (GO:0042771),1/19,0.9246089694340442,0.9999961907768526,0,0,0.3811303435615001,0.0298746605700644,PYCARD
GO_Biological_Process_2023,Leukocyte Adhesion To Vascular Endothelial Cell (GO:0061756),1/19,0.9246089694340442,0.9999961907768526,0,0,0.3811303435615001,0.0298746605700644,PODXL2
GO_Biological_Process_2023,Multicellular Organismal-Level Water Homeostasis (GO:0050891),1/19,0.9246089694340442,0.9999961907768526,0,0,0.3811303435615001,0.0298746605700644,MYO5B
GO_Biological_Process_2023,Negative Regulation Of RNA Splicing (GO:0033119),1/19,0.9246089694340442,0.9999961907768526,0,0,0.3811303435615001,0.0298746605700644,PTBP3
GO_Biological_Process_2023,Positive Regulation Of Histone Methylation (GO:0031062),1/19,0.9246089694340442,0.9999961907768526,0,0,0.3811303435615001,0.0298746605700644,BRCA1
GO_Biological_Process_2023,rRNA Catabolic Process (GO:0016075),1/19,0.9246089694340442,0.9999961907768526,0,0,0.3811303435615001,0.0298746605700644,EXOSC4
GO_Biological_Process_2023,Regulation Of Acute Inflammatory Response (GO:0002673),1/19,0.9246089694340442,0.9999961907768526,0,0,0.3811303435615001,0.0298746605700644,F12
GO_Biological_Process_2023,Regulation Of Cellular Response To Growth Factor Stimulus (GO:0090287),1/19,0.9246089694340442,0.9999961907768526,0,0,0.3811303435615001,0.0298746605700644,SULF1
GO_Biological_Process_2023,Regulation Of Protein-Containing Complex Disassembly (GO:0043244),1/19,0.9246089694340442,0.9999961907768526,0,0,0.3811303435615001,0.0298746605700644,SLN
GO_Biological_Process_2023,Response To Fatty Acid (GO:0070542),1/19,0.9246089694340442,0.9999961907768526,0,0,0.3811303435615001,0.0298746605700644,ILDR1
GO_Biological_Process_2023,Sphingosine Metabolic Process (GO:0006670),1/19,0.9246089694340442,0.9999961907768526,0,0,0.3811303435615001,0.0298746605700644,PLPP2
GO_Biological_Process_2023,Vesicle Docking (GO:0048278),1/19,0.9246089694340442,0.9999961907768526,0,0,0.3811303435615001,0.0298746605700644,STX1A
GO_Biological_Process_2023,Water Transport (GO:0006833),1/19,0.9246089694340442,0.9999961907768526,0,0,0.3811303435615001,0.0298746605700644,AQP9
GO_Biological_Process_2023,Xenobiotic Catabolic Process (GO:0042178),1/19,0.9246089694340442,0.9999961907768526,0,0,0.3811303435615001,0.0298746605700644,CYP2B6
GO_Biological_Process_2023,Protein Localization To Cell Periphery (GO:1990778),13/142,0.9252980380946962,0.9999961907768526,0,0,0.6902104972883537,0.0535875219951758,RAB3A;ACTN2;RAB3D;ZDHHC23;NKD2;CACNB3;CDH1;MAP7;PKP3;EZR;RAMP1;PACSIN1;CRB3
GO_Biological_Process_2023,Endoplasmic Reticulum Organization (GO:0007029),4/54,0.925305017749414,0.9999961907768526,0,0,0.5484679007483261,0.042578576104107,SHTN1;DOP1B;REEP4;MAPK15
GO_Biological_Process_2023,Protein K63-linked Ubiquitination (GO:0070534),4/54,0.925305017749414,0.9999961907768526,0,0,0.5484679007483261,0.042578576104107,TRAF4;UBE2S;UBE2T;TRAF2
GO_Biological_Process_2023,Cellular Component Assembly (GO:0022607),26/260,0.9254950654918518,0.9999961907768526,0,0,0.7602966494504039,0.058867092337539,ARL6IP1;SYCP2;SLC2A1;ESPN;SYCE3;PARD6B;BAIAP2L1;RAC3;KNTC1;PLS1;PIERCE1;TEX11;SHROOM2;FOXJ1;P3H4;TRAF2;GRHL2;YWHAZ;OCLN;RSPH1;CLDN14;EPPK1;TLCD1;TRIP13;EZR;SHANK1
GO_Biological_Process_2023,Response To Endoplasmic Reticulum Stress (GO:0034976),10/114,0.926698674067867,0.9999961907768526,0,0,0.6587278690515959,0.0501468587074467,BRSK2;CREB3L1;RASGRF1;ERP27;TRIB3;PIK3R2;ATP2A1;TRAF2;CHAC1;BAK1
GO_Biological_Process_2023,Negative Regulation Of Cell Motility (GO:2000146),12/133,0.9268740069888448,0.9999961907768526,0,0,0.6792859451887504,0.0515833698268363,CLDN3;CDH1;SERPINE1;CDH11;DPEP1;EPPK1;SPINT2;GATA3;AMH;SULF1;MAPK15;SLURP1
GO_Biological_Process_2023,NIK/NF-kappaB Signaling (GO:0038061),2/32,0.9272092734630552,0.9999961907768526,0,0,0.4572215663124754,0.0345549704333109,TRAF2;CARD14
GO_Biological_Process_2023,miRNA Processing (GO:0035196),2/32,0.9272092734630552,0.9999961907768526,0,0,0.4572215663124754,0.0345549704333109,TRIM71;GARS1
GO_Biological_Process_2023,Mitochondrial Membrane Organization (GO:0007006),2/32,0.9272092734630552,0.9999961907768526,0,0,0.4572215663124754,0.0345549704333109,PMAIP1;BAK1
GO_Biological_Process_2023,Negative Regulation Of Fat Cell Differentiation (GO:0045599),2/32,0.9272092734630552,0.9999961907768526,0,0,0.4572215663124754,0.0345549704333109,E2F1;TRIB3
GO_Biological_Process_2023,Positive Regulation Of Synapse Assembly (GO:0051965),2/32,0.9272092734630552,0.9999961907768526,0,0,0.4572215663124754,0.0345549704333109,SEMA4A;SYNDIG1
GO_Biological_Process_2023,Protein Transmembrane Import Into Intracellular Organelle (GO:0044743),2/32,0.9272092734630552,0.9999961907768526,0,0,0.4572215663124754,0.0345549704333109,TOMM40;TIMM17A
GO_Biological_Process_2023,Purine Ribonucleoside Triphosphate Metabolic Process (GO:0009205),2/32,0.9272092734630552,0.9999961907768526,0,0,0.4572215663124754,0.0345549704333109,ENTPD7;MYH6
GO_Biological_Process_2023,Regulation Of Transcription By RNA Polymerase I (GO:0006356),2/32,0.9272092734630552,0.9999961907768526,0,0,0.4572215663124754,0.0345549704333109,PRR7;BEND3
GO_Biological_Process_2023,Regulation Of BMP Signaling Pathway (GO:0030510),6/75,0.9275057201765448,0.9999961907768526,0,0,0.5959795033504138,0.0448512225567738,CCNA2;GREM1;SCUBE3;FOXD1;SOX11;SULF1
GO_Biological_Process_2023,Calcium-Mediated Signaling (GO:0019722),7/85,0.9275084194971748,0.9999961907768526,0,0,0.6150054598398447,0.0462812561253582,FCGR3A;GPR143;EDN2;CCL20;TNFSF11;CXCR4;TNNI3
GO_Biological_Process_2023,Response To Interleukin-1 (GO:0070555),7/85,0.9275084194971748,0.9999961907768526,0,0,0.6150054598398447,0.0462812561253582,PYCARD;CCL11;CCL7;SRC;NLRP7;CCL20;CCL17
GO_Biological_Process_2023,Positive Regulation Of NF-kappaB Transcription Factor Activity (GO:0051092),14/152,0.9281102225879868,0.9999961907768526,0,0,0.6947410043495452,0.0518309990281996,RIPK2;RFPL2;RTKN2;CAMK2A;IL18;TRAF2;NOD2;PRKCZ;PYCARD;AIM2;CLEC7A;TNFSF11;RHEBL1;CARD14
GO_Biological_Process_2023,Negative Regulation Of Cell Differentiation (GO:0045596),20/207,0.928141988733704,0.9999961907768526,0,0,0.7320883168963186,0.0545922304886838,FOXA1;HPN;ACTL6A;SORD;GATA3;ASCL1;HOPX;SPRED3;GREM1;DISP3;COL5A1;IFNG;MYB;COL5A2;SIX3;E2F1;TRIB3;PRAME;SOX4;NKX3-2
GO_Biological_Process_2023,DNA Damage Response (GO:0006974),40/384,0.9285457756266374,0.9999961907768526,0,0,0.7949994889853107,0.0589377631485584,H2AX;TOP2A;BRSK1;FEN1;BLM;MCM10;BRCA1;MACROH2A1;RECQL4;RAD51AP1;EXO1;CHEK1;PCLAF;E2F1;FBXO5;BAK1;BARD1;VAV3;WDHD1;POLQ;RMI2;RFC4;PARP1;LIG1;CBX3;RFC2;XRCC2;MAPK15;WDR76;TRAIP;TICRR;DEPDC1B;AIM2;RAD51;UBE2T;POLE2;TIMELESS;CDK1;IRF7;NUPR2
GO_Biological_Process_2023,Canonical Wnt Signaling Pathway (GO:0060070),5/65,0.9286618730623218,0.9999961907768526,0,0,0.5712174940898345,0.0422761352662139,FZD2;WNT7B;LEF1;GATA3;WNT2
GO_Biological_Process_2023,Negative Regulation Of Growth (GO:0045926),11/124,0.9288162199061312,0.9999961907768526,0,0,0.6668064701030352,0.049239914004427,MINAR1;CYP27B1;DCSTAMP;PSRC1;CDKN2A;WT1;TMPRSS4;ST20;INHBA;BRCA1;FGFR3
GO_Biological_Process_2023,Regulation Of DNA Metabolic Process (GO:0051052),11/124,0.9288162199061312,0.9999961907768526,0,0,0.6668064701030352,0.049239914004427,BARD1;CCNA2;PIF1;DEPDC1B;DSCC1;ACTL6A;FBXO5;ESCO2;BRCA1;KPNA2;GRHL2
GO_Biological_Process_2023,Cellular Response To Organonitrogen Compound (GO:0071417),9/105,0.92956270248152,0.9999961907768526,0,0,0.6423021902131019,0.0469144044268181,P2RY6;CDH1;WT1;AQP9;NEURL1;BRCA1;EZR;HCN2;SLC5A5
GO_Biological_Process_2023,Autophagosome Maturation (GO:0097352),3/44,0.9309581635550148,0.9999961907768526,0,0,0.5017092375648166,0.0358927503717722,VAMP8;LIX1;CHMP4C
GO_Biological_Process_2023,Phosphatidylinositol Phosphate Biosynthetic Process (GO:0046854),3/44,0.9309581635550148,0.9999961907768526,0,0,0.5017092375648166,0.0358927503717722,ITPKA;PIK3R2;SLA2
GO_Biological_Process_2023,Positive Regulation Of Cytokine-Mediated Signaling Pathway (GO:0001961),3/44,0.9309581635550148,0.9999961907768526,0,0,0.5017092375648166,0.0358927503717722,RBM47;IGF2BP1;CXCR4
GO_Biological_Process_2023,Regulation Of B Cell Proliferation (GO:0030888),3/44,0.9309581635550148,0.9999961907768526,0,0,0.5017092375648166,0.0358927503717722,VAV3;MZB1;AMH
GO_Biological_Process_2023,Exocytosis (GO:0006887),7/86,0.9325713393141836,0.9999961907768526,0,0,0.6071856406979994,0.042387403160277,RAB3A;RAB31;RAB25;RAB26;CADPS;SYNGR3;STX1A
GO_Biological_Process_2023,Regulation Of Ras Protein Signal Transduction (GO:0046578),6/76,0.9328505656533927,0.9999961907768526,0,0,0.587431724759277,0.040832529801454,EPO;RASGRF1;KIF14;EPS8L1;FOXM1;RASGRP1
GO_Biological_Process_2023,Regulation Of Macroautophagy (GO:0016241),8/96,0.9330604791925368,0.9999961907768526,0,0,0.622879684418146,0.0431563796067194,ATP6V0B;ATP6V1G1;CDK5;RUFY4;CASP3;ATP6V0D2;GAPDH;CDK5R1
GO_Biological_Process_2023,Positive Regulation Of Cell Growth (GO:0030307),9/106,0.93407257118743,0.9999961907768526,0,0,0.6356439027168651,0.043351641613709,SHTN1;SEMA7A;UNC13A;SLC44A4;EXOSC4;HPN;LIMK1;H3-3A;MFSD2A
GO_Biological_Process_2023,Response To Calcium Ion (GO:0051592),9/106,0.93407257118743,0.9999961907768526,0,0,0.6356439027168651,0.043351641613709,SYT5;CPNE7;ITPKA;GUCA1A;DPEP1;ITPR3;SYT13;ECT2;KCNH1
GO_Biological_Process_2023,Activation Of Adenylate Cyclase Activity (GO:0007190),1/20,0.9342038150927654,0.9999961907768526,0,0,0.3610501470040167,0.0245733066461254,PRSS8
GO_Biological_Process_2023,Cell Projection Organization (GO:0030030),1/20,0.9342038150927654,0.9999961907768526,0,0,0.3610501470040167,0.0245733066461254,RAC3
GO_Biological_Process_2023,Cellular Response To pH (GO:0071467),1/20,0.9342038150927654,0.9999961907768526,0,0,0.3610501470040167,0.0245733066461254,GPR68
GO_Biological_Process_2023,Endoplasmic Reticulum Calcium Ion Homeostasis (GO:0032469),1/20,0.9342038150927654,0.9999961907768526,0,0,0.3610501470040167,0.0245733066461254,BAK1
GO_Biological_Process_2023,Endothelial Cell Development (GO:0001885),1/20,0.9342038150927654,0.9999961907768526,0,0,0.3610501470040167,0.0245733066461254,MARVELD2
GO_Biological_Process_2023,Epithelial Cilium Movement Involved In Extracellular Fluid Movement (GO:0003351),1/20,0.9342038150927654,0.9999961907768526,0,0,0.3610501470040167,0.0245733066461254,CABYR
GO_Biological_Process_2023,Gamma-Aminobutyric Acid Signaling Pathway (GO:0007214),1/20,0.9342038150927654,0.9999961907768526,0,0,0.3610501470040167,0.0245733066461254,GABRA5
GO_Biological_Process_2023,Glutamate Metabolic Process (GO:0006536),1/20,0.9342038150927654,0.9999961907768526,0,0,0.3610501470040167,0.0245733066461254,GAD1
GO_Biological_Process_2023,Hydrogen Peroxide Catabolic Process (GO:0042744),1/20,0.9342038150927654,0.9999961907768526,0,0,0.3610501470040167,0.0245733066461254,PXDNL
GO_Biological_Process_2023,Late Endosome To Vacuole Transport (GO:0045324),1/20,0.9342038150927654,0.9999961907768526,0,0,0.3610501470040167,0.0245733066461254,CHMP4C
GO_Biological_Process_2023,Lipopolysaccharide-Mediated Signaling Pathway (GO:0031663),1/20,0.9342038150927654,0.9999961907768526,0,0,0.3610501470040167,0.0245733066461254,IL18
GO_Biological_Process_2023,Microglial Cell Activation (GO:0001774),1/20,0.9342038150927654,0.9999961907768526,0,0,0.3610501470040167,0.0245733066461254,IFNG
GO_Biological_Process_2023,Mitochondrial RNA Metabolic Process (GO:0000959),1/20,0.9342038150927654,0.9999961907768526,0,0,0.3610501470040167,0.0245733066461254,MTERF3
GO_Biological_Process_2023,Myoblast Differentiation (GO:0045445),1/20,0.9342038150927654,0.9999961907768526,0,0,0.3610501470040167,0.0245733066461254,SDC1
GO_Biological_Process_2023,Negative Regulation Of Protein Localization To Plasma Membrane (GO:1903077),1/20,0.9342038150927654,0.9999961907768526,0,0,0.3610501470040167,0.0245733066461254,LRRC15
GO_Biological_Process_2023,Negative Regulation Of Small GTPase Mediated Signal Transduction (GO:0051058),1/20,0.9342038150927654,0.9999961907768526,0,0,0.3610501470040167,0.0245733066461254,CYRIB
GO_Biological_Process_2023,Phosphatidylserine Metabolic Process (GO:0006658),1/20,0.9342038150927654,0.9999961907768526,0,0,0.3610501470040167,0.0245733066461254,MBOAT2
GO_Biological_Process_2023,Positive Regulation Of Antigen Receptor-Mediated Signaling Pathway (GO:0050857),1/20,0.9342038150927654,0.9999961907768526,0,0,0.3610501470040167,0.0245733066461254,NECTIN2
GO_Biological_Process_2023,Positive Regulation Of Lipid Catabolic Process (GO:0050996),1/20,0.9342038150927654,0.9999961907768526,0,0,0.3610501470040167,0.0245733066461254,APOC2
GO_Biological_Process_2023,protein-DNA Complex Disassembly (GO:0032986),1/20,0.9342038150927654,0.9999961907768526,0,0,0.3610501470040167,0.0245733066461254,HMGA1
GO_Biological_Process_2023,Pulmonary Valve Development (GO:0003177),1/20,0.9342038150927654,0.9999961907768526,0,0,0.3610501470040167,0.0245733066461254,STRA6
GO_Biological_Process_2023,Regulation Of Calcium Ion Transmembrane Transport (GO:1903169),1/20,0.9342038150927654,0.9999961907768526,0,0,0.3610501470040167,0.0245733066461254,CACNG1
GO_Biological_Process_2023,Regulation Of Cardiac Muscle Contraction By Calcium Ion Signaling (GO:0010882),1/20,0.9342038150927654,0.9999961907768526,0,0,0.3610501470040167,0.0245733066461254,TNNI3
GO_Biological_Process_2023,Regulation Of Meiotic Cell Cycle (GO:0051445),1/20,0.9342038150927654,0.9999961907768526,0,0,0.3610501470040167,0.0245733066461254,CDC20
GO_Biological_Process_2023,Regulation Of Membrane Depolarization (GO:0003254),1/20,0.9342038150927654,0.9999961907768526,0,0,0.3610501470040167,0.0245733066461254,HCN2
GO_Biological_Process_2023,Sulfur Compound Catabolic Process (GO:0044273),1/20,0.9342038150927654,0.9999961907768526,0,0,0.3610501470040167,0.0245733066461254,DPEP1
GO_Biological_Process_2023,Transport Along Microtubule (GO:0010970),1/20,0.9342038150927654,0.9999961907768526,0,0,0.3610501470040167,0.0245733066461254,CAMSAP3
GO_Biological_Process_2023,Regulation Of Endocytosis (GO:0030100),5/66,0.9342704246115828,0.9999961907768526,0,0,0.5618209768889922,0.0381978423691501,TFR2;SRC;RAB17;CD177;PACSIN1
GO_Biological_Process_2023,Carboxylic Acid Metabolic Process (GO:0019752),2/33,0.9348411947620556,0.9999961907768526,0,0,0.4424470934734864,0.0298114698439943,SLC2A1;AMH
GO_Biological_Process_2023,Epithelial Tube Morphogenesis (GO:0060562),2/33,0.9348411947620556,0.9999961907768526,0,0,0.4424470934734864,0.0298114698439943,LHX1;GATA3
GO_Biological_Process_2023,ncRNA Catabolic Process (GO:0034661),2/33,0.9348411947620556,0.9999961907768526,0,0,0.4424470934734864,0.0298114698439943,EXOSC4;POP1
GO_Biological_Process_2023,Negative Regulation Of Endocytosis (GO:0045806),2/33,0.9348411947620556,0.9999961907768526,0,0,0.4424470934734864,0.0298114698439943,APOC2;PROM2
GO_Biological_Process_2023,Phosphatidic Acid Metabolic Process (GO:0046473),2/33,0.9348411947620556,0.9999961907768526,0,0,0.4424470934734864,0.0298114698439943,MBOAT2;LCLAT1
GO_Biological_Process_2023,Positive Regulation Of Ion Transmembrane Transporter Activity (GO:0032414),2/33,0.9348411947620556,0.9999961907768526,0,0,0.4424470934734864,0.0298114698439943,IFNG;ACTN2
GO_Biological_Process_2023,Positive Regulation Of Small Molecule Metabolic Process (GO:0062013),2/33,0.9348411947620556,0.9999961907768526,0,0,0.4424470934734864,0.0298114698439943,IFNG;PMAIP1
GO_Biological_Process_2023,Regulation Of Amyloid-Beta Formation (GO:1902003),2/33,0.9348411947620556,0.9999961907768526,0,0,0.4424470934734864,0.0298114698439943,IFNG;CASP3
GO_Biological_Process_2023,Regulation Of Protein Polymerization (GO:0032271),2/33,0.9348411947620556,0.9999961907768526,0,0,0.4424470934734864,0.0298114698439943,CAMSAP3;TTBK1
GO_Biological_Process_2023,Negative Regulation Of Response To Biotic Stimulus (GO:0002832),3/45,0.9373830485759802,0.9999961907768526,0,0,0.4897356580427446,0.0316679125641657,PARP1;YWHAZ;AURKB
GO_Biological_Process_2023,Positive Regulation Of Innate Immune Response (GO:0045089),3/45,0.9373830485759802,0.9999961907768526,0,0,0.4897356580427446,0.0316679125641657,GBP5;RBM47;IGF2BP1
GO_Biological_Process_2023,Zymogen Activation (GO:0031638),3/45,0.9373830485759802,0.9999961907768526,0,0,0.4897356580427446,0.0316679125641657,RIPK2;F12;BAK1
GO_Biological_Process_2023,Pattern Recognition Receptor Signaling Pathway (GO:0002221),4/56,0.9374164474923512,0.9999961907768526,0,0,0.5273123882812737,0.0340789593020126,PYCARD;COLEC10;NOD2;INAVA
GO_Biological_Process_2023,Negative Regulation Of Cell Population Proliferation (GO:0008285),39/379,0.9376516810867564,0.9999961907768526,0,0,0.7841136534485998,0.050478681633957,HPN;SIRPG;GATA3;CYP27B1;IFNL1;MARVELD3;E2F1;IL12B;E2F3;SOX4;S100A11;E2F7;MINAR1;TFAP2A;H2AC8;H2AC6;CDKN2A;F2R;KDF1;HMGA1;SOX11;CDC6;INHBA;DHRS2;FOXP3;SLURP1;NME1;GREM1;CLDN3;DLG3;IFNG;FABP6;WT1;NEURL1;EPPK1;NUPR2;INSM1;BMPR1B;CDKN3
GO_Biological_Process_2023,Embryonic Organ Development (GO:0048568),6/77,0.9378432988930314,0.9999961907768526,0,0,0.579124728663665,0.0371638252904529,STIL;GDNF;WNT7B;GATA3;MFSD2A;STRA6
GO_Biological_Process_2023,Negative Regulation Of Blood Vessel Morphogenesis (GO:2000181),6/77,0.9378432988930314,0.9999961907768526,0,0,0.579124728663665,0.0371638252904529,MINAR1;CXCL10;EFNA3;STAT1;THBS2;SULF1
GO_Biological_Process_2023,Positive Regulation Of JNK Cascade (GO:0046330),6/77,0.9378432988930314,0.9999961907768526,0,0,0.579124728663665,0.0371638252904529,PYCARD;TRAF4;WNT7B;TRAF2;NOD2;RASGRP1
GO_Biological_Process_2023,Regulation Of T Cell Proliferation (GO:0042129),6/77,0.9378432988930314,0.9999961907768526,0,0,0.579124728663665,0.0371638252904529,IL4I1;PNP;CD80;IL12B;FOXP3;IDO1
GO_Biological_Process_2023,Activation Of Cysteine-Type Endopeptidase Activity Involved In Apoptotic Process (GO:0006919),5/67,0.9394806646737888,0.9999961907768526,0,0,0.5527275731462417,0.0345056994784893,PYCARD;EGLN3;F2R;SORD;ST20
GO_Biological_Process_2023,Positive Regulation Of Cell Differentiation (GO:0045597),28/283,0.940372219805184,0.9999961907768526,0,0,0.7510326277628347,0.0461731131277953,CDS1;FBN2;LEF1;GATA5;ASCL1;MACROH2A1;SCUBE3;DPF1;CCN4;FBXO5;ECT2;SOX4;MSR1;WNT7B;ACTL6A;IL18;SUCO;SOX11;NPNT;RUNX2;PAX2;COL1A1;CCNA2;GDNF;ADAM8;INSM1;BMPR1B;EZH2
GO_Biological_Process_2023,Regulation Of Response To External Stimulus (GO:0032101),11/127,0.9408488318702408,0.9999961907768526,0,0,0.6494491202266165,0.0395987303830613,GRK1;SEMA7A;IL20;NLRP7;TNFSF4;F2R;IGF2BP1;CXCR4;NOD2;CYRIB;LRP8
GO_Biological_Process_2023,Regulation Of Tumor Necrosis Factor Production (GO:0032680),11/127,0.9408488318702408,0.9999961907768526,0,0,0.6494491202266165,0.0395987303830613,PYCARD;ORM1;FCGR3A;IFNG;CLEC7A;OAS2;OAS3;IL12B;NOD2;AMH;RASGRP1
GO_Biological_Process_2023,ATP Metabolic Process (GO:0046034),2/34,0.941710020386637,0.9999961907768526,0,0,0.4285960251869343,0.0257405711268,PARP1;MYH6
GO_Biological_Process_2023,Cellular Response To Amyloid-Beta (GO:1904646),2/34,0.941710020386637,0.9999961907768526,0,0,0.4285960251869343,0.0257405711268,CDK5;ATP1A3
GO_Biological_Process_2023,Cellular Response To Hydrogen Peroxide (GO:0070301),2/34,0.941710020386637,0.9999961907768526,0,0,0.4285960251869343,0.0257405711268,ECT2;PAX2
GO_Biological_Process_2023,Membrane Protein Proteolysis (GO:0033619),2/34,0.941710020386637,0.9999961907768526,0,0,0.4285960251869343,0.0257405711268,RET;ADAM19
GO_Biological_Process_2023,Negative Regulation Of JNK Cascade (GO:0046329),2/34,0.941710020386637,0.9999961907768526,0,0,0.4285960251869343,0.0257405711268,MARVELD3;ZNF675
GO_Biological_Process_2023,Negative Regulation Of Ras Protein Signal Transduction (GO:0046580),2/34,0.941710020386637,0.9999961907768526,0,0,0.4285960251869343,0.0257405711268,STMN1;KCTD13
GO_Biological_Process_2023,Negative Regulation Of Interleukin-6 Production (GO:0032715),2/34,0.941710020386637,0.9999961907768526,0,0,0.4285960251869343,0.0257405711268,ORM1;FOXJ1
GO_Biological_Process_2023,Organophosphate Biosynthetic Process (GO:0090407),2/34,0.941710020386637,0.9999961907768526,0,0,0.4285960251869343,0.0257405711268,ITPKA;GK3
GO_Biological_Process_2023,Positive Regulation Of Carbohydrate Metabolic Process (GO:0045913),2/34,0.941710020386637,0.9999961907768526,0,0,0.4285960251869343,0.0257405711268,IFNG;PMAIP1
GO_Biological_Process_2023,Positive Regulation Of Immunoglobulin Production (GO:0002639),2/34,0.941710020386637,0.9999961907768526,0,0,0.4285960251869343,0.0257405711268,TNFSF4;MZB1
GO_Biological_Process_2023,Regulation Of calcineurin-NFAT Signaling Cascade (GO:0070884),2/34,0.941710020386637,0.9999961907768526,0,0,0.4285960251869343,0.0257405711268,CLEC7A;AKAP5
GO_Biological_Process_2023,Regulation Of Metal Ion Transport (GO:0010959),2/34,0.941710020386637,0.9999961907768526,0,0,0.4285960251869343,0.0257405711268,NKAIN1;SLN
GO_Biological_Process_2023,Superoxide Metabolic Process (GO:0006801),2/34,0.941710020386637,0.9999961907768526,0,0,0.4285960251869343,0.0257405711268,NOXO1;NOX1
GO_Biological_Process_2023,Regulation Of Signal Transduction (GO:0009966),18/193,0.94190757092001,0.9999961907768526,0,0,0.7039909476661952,0.0421325412354242,SRMS;SRC;CD80;GATA3;MAPK8IP2;SULF1;SLC8A2;RGS4;GRK1;FUT7;IGFBPL1;GDNF;ERBB3;MZB1;CD24;RGS8;LLGL2;CD177
GO_Biological_Process_2023,Glycerophospholipid Biosynthetic Process (GO:0046474),9/108,0.9423438689371044,0.9999961907768526,0,0,0.6227308602999211,0.0369808906232104,CDS1;MUC1;SLC44A4;ETNK2;MBOAT7;MBOAT2;LCLAT1;SELENOI;MFSD2A
GO_Biological_Process_2023,Lipid Transport (GO:0006869),9/108,0.9423438689371044,0.9999961907768526,0,0,0.6227308602999211,0.0369808906232104,SLC10A4;SLC10A5;LYPLA1;CRABP2;FABP6;ABCA12;ABCC11;MFSD2A;PRELID3B
GO_Biological_Process_2023,Regulation Of Innate Immune Response (GO:0045088),6/78,0.942502820886876,0.9999961907768526,0,0,0.5710484824595979,0.0338154163299717,GBP5;PARP1;ADAM8;YWHAZ;LRP8;AURKB
GO_Biological_Process_2023,Aminoglycan Biosynthetic Process (GO:0006023),1/21,0.9425779289170948,0.9999961907768526,0,0,0.3429779701022816,0.0202825784227597,HS3ST3A1
GO_Biological_Process_2023,Antigen Processing And Presentation Of Endogenous Peptide Antigen (GO:0002483),1/21,0.9425779289170948,0.9999961907768526,0,0,0.3429779701022816,0.0202825784227597,ULBP1
GO_Biological_Process_2023,Chaperone-Mediated Protein Complex Assembly (GO:0051131),1/21,0.9425779289170948,0.9999961907768526,0,0,0.3429779701022816,0.0202825784227597,HOPX
GO_Biological_Process_2023,Endocardial Cushion Morphogenesis (GO:0003203),1/21,0.9425779289170948,0.9999961907768526,0,0,0.3429779701022816,0.0202825784227597,GATA5
GO_Biological_Process_2023,Histone H2A Acetylation (GO:0043968),1/21,0.9425779289170948,0.9999961907768526,0,0,0.3429779701022816,0.0202825784227597,ACTL6A
GO_Biological_Process_2023,"Maturation Of 5.8S rRNA From Tricistronic rRNA Transcript (SSU-rRNA, 5.8S rRNA, LSU-rRNA) (GO:0000466)",1/21,0.9425779289170948,0.9999961907768526,0,0,0.3429779701022816,0.0202825784227597,RRS1
GO_Biological_Process_2023,Mitochondrial Calcium Ion Homeostasis (GO:0051560),1/21,0.9425779289170948,0.9999961907768526,0,0,0.3429779701022816,0.0202825784227597,ATP2A1
GO_Biological_Process_2023,Negative Regulation Of GTPase Activity (GO:0034260),1/21,0.9425779289170948,0.9999961907768526,0,0,0.3429779701022816,0.0202825784227597,RCC2
GO_Biological_Process_2023,Peptide Catabolic Process (GO:0043171),1/21,0.9425779289170948,0.9999961907768526,0,0,0.3429779701022816,0.0202825784227597,DPEP1
GO_Biological_Process_2023,Porphyrin-Containing Compound Biosynthetic Process (GO:0006779),1/21,0.9425779289170948,0.9999961907768526,0,0,0.3429779701022816,0.0202825784227597,FLVCR1
GO_Biological_Process_2023,Positive Regulation Of Signal Transduction By P53 Class Mediator (GO:1901798),1/21,0.9425779289170948,0.9999961907768526,0,0,0.3429779701022816,0.0202825784227597,PMAIP1
GO_Biological_Process_2023,Positive Regulation Of Smoothened Signaling Pathway (GO:0045880),1/21,0.9425779289170948,0.9999961907768526,0,0,0.3429779701022816,0.0202825784227597,TEDC2
GO_Biological_Process_2023,Regulation Of Cell-Substrate Junction Assembly (GO:0090109),1/21,0.9425779289170948,0.9999961907768526,0,0,0.3429779701022816,0.0202825784227597,CAMSAP3
GO_Biological_Process_2023,Regulation Of Histone Deacetylation (GO:0031063),1/21,0.9425779289170948,0.9999961907768526,0,0,0.3429779701022816,0.0202825784227597,FOXP3
GO_Biological_Process_2023,Regulation Of Membrane Protein Ectodomain Proteolysis (GO:0051043),1/21,0.9425779289170948,0.9999961907768526,0,0,0.3429779701022816,0.0202825784227597,IFNG
GO_Biological_Process_2023,Regulation Of Transferase Activity (GO:0051338),1/21,0.9425779289170948,0.9999961907768526,0,0,0.3429779701022816,0.0202825784227597,SLAMF8
GO_Biological_Process_2023,Sulfur Compound Transport (GO:0072348),1/21,0.9425779289170948,0.9999961907768526,0,0,0.3429779701022816,0.0202825784227597,RACGAP1
GO_Biological_Process_2023,Regulation Of Calcium Ion Transport (GO:0051924),4/57,0.9427769216612932,0.9999961907768526,0,0,0.5173333729666263,0.0304841725366606,PLPP4;SLN;F2R;CAMK2A
GO_Biological_Process_2023,Antiviral Innate Immune Response (GO:0140374),3/46,0.9432509248572905,0.9999961907768526,0,0,0.4783189891961179,0.0279448014332711,CXCL10;MX1;IGF2BP1
GO_Biological_Process_2023,Cardiac Conduction (GO:0061337),3/46,0.9432509248572905,0.9999961907768526,0,0,0.4783189891961179,0.0279448014332711,DSP;KCNH6;HCN2
GO_Biological_Process_2023,Intracellular Protein Transmembrane Transport (GO:0065002),3/46,0.9432509248572905,0.9999961907768526,0,0,0.4783189891961179,0.0279448014332711,SEC61A2;TOMM40;TIMM17A
GO_Biological_Process_2023,Response To Glucose (GO:0009749),3/46,0.9432509248572905,0.9999961907768526,0,0,0.4783189891961179,0.0279448014332711,SLC30A8;SOX4;PAX2
GO_Biological_Process_2023,Positive Regulation Of Hydrolase Activity (GO:0051345),16/176,0.9465070591158738,0.9999961907768526,0,0,0.6844875346260387,0.0376309686788451,RTN4R;ARHGAP11A;CCL11;CCL20;F2R;RASGRF1;PRSS22;RASGRP1;RAP1GAP;CCL7;TBC1D30;TBC1D7;RGS8;ECT2;CCL17;EZH2
GO_Biological_Process_2023,Positive Regulation Of Protein Localization To Membrane (GO:1905477),6/79,0.9468474699524784,0.9999961907768526,0,0,0.5631935032748203,0.0307600890087862,CEMIP;IFNG;ARHGEF16;AKAP5;PLS1;NKD2
GO_Biological_Process_2023,Positive Regulation Of Protein Modification By Small Protein Conjugation Or Removal (GO:1903322),6/79,0.9468474699524784,0.9999961907768526,0,0,0.5631935032748203,0.0307600890087862,FANCI;CENPX;RIPK2;TBC1D7;BRCA1;INAVA
GO_Biological_Process_2023,Regulation Of Protein Kinase Activity (GO:0045859),10/119,0.9468565817914938,0.9999961907768526,0,0,0.6283298985501472,0.0343116141874085,CCNA2;CENPE;DBNDD1;TRAF4;CAMK2N2;PYDC1;TRIB3;CEP85;ECT2;PPM1E
GO_Biological_Process_2023,Regulation Of MAPK Cascade (GO:0043408),19/204,0.9470150355595056,0.9999961907768526,0,0,0.7028054996359275,0.0382609484822683,RET;IL11;EPHA8;F2R;FN1;PIK3R2;GPR37L1;RASGRP1;YWHAZ;INAVA;SPRED3;CCNA2;GREM1;GRM4;REN;CD24;ROS1;FGFR3;PAK4
GO_Biological_Process_2023,Memory (GO:0007613),4/58,0.9477148261476922,0.9999961907768526,0,0,0.5077239508117807,0.0272656079532553,TH;RASGRF1;SLC8A2;SHANK1
GO_Biological_Process_2023,Muscle Organ Development (GO:0007517),4/58,0.9477148261476922,0.9999961907768526,0,0,0.5077239508117807,0.0272656079532553,TRIM72;CXCL10;MYH6;CACNA1H
GO_Biological_Process_2023,Action Potential (GO:0001508),2/35,0.947886327939407,0.9999961907768526,0,0,0.4155844155844156,0.0222423651546909,CHRNA1;KCNH6
GO_Biological_Process_2023,Dendrite Morphogenesis (GO:0048813),2/35,0.947886327939407,0.9999961907768526,0,0,0.4155844155844156,0.0222423651546909,MAPK8IP2;SHANK1
GO_Biological_Process_2023,Protein Methylation (GO:0006479),2/35,0.947886327939407,0.9999961907768526,0,0,0.4155844155844156,0.0222423651546909,NTMT2;PRDM12
GO_Biological_Process_2023,Regulation Of Sodium Ion Transport (GO:0002028),2/35,0.947886327939407,0.9999961907768526,0,0,0.4155844155844156,0.0222423651546909,NKAIN1;PRSS8
GO_Biological_Process_2023,tRNA Aminoacylation For Protein Translation (GO:0006418),2/35,0.947886327939407,0.9999961907768526,0,0,0.4155844155844156,0.0222423651546909,GARS1;DARS2
GO_Biological_Process_2023,Negative Regulation Of Macromolecule Metabolic Process (GO:0010605),17/186,0.9484426771354704,0.9999961907768526,0,0,0.688451934203807,0.0364424642318628,MSR1;SLC2A10;SORD;GATA5;SOX11;POU4F1;TTBK1;AURKA;SLC7A5;OCLN;CLDN3;MYCN;RBL1;TERT;IFNG;CREB3L1;AMH
GO_Biological_Process_2023,Golgi To Plasma Membrane Transport (GO:0006893),3/47,0.9486046299191468,0.9999961907768526,0,0,0.4674212598425197,0.024662634293224,KRT18;RAB31;RAB26
GO_Biological_Process_2023,Epithelial To Mesenchymal Transition (GO:0001837),3/47,0.9486046299191468,0.9999961907768526,0,0,0.4674212598425197,0.024662634293224,LEF1;HMGA2;HNRNPAB
GO_Biological_Process_2023,Positive Regulation Of Epithelial To Mesenchymal Transition (GO:0010718),3/47,0.9486046299191468,0.9999961907768526,0,0,0.4674212598425197,0.024662634293224,COL1A1;LEF1;EZH2
GO_Biological_Process_2023,Regulation Of T Cell Differentiation (GO:0045580),3/47,0.9486046299191468,0.9999961907768526,0,0,0.4674212598425197,0.024662634293224,IFNL1;ACTL6A;GATA3
GO_Biological_Process_2023,Secondary Alcohol Metabolic Process (GO:1902652),3/47,0.9486046299191468,0.9999961907768526,0,0,0.4674212598425197,0.024662634293224,SQLE;SH2D2A;IDH2
GO_Biological_Process_2023,Regulation Of JNK Cascade (GO:0046328),9/110,0.9496902943321476,0.9999961907768526,0,0,0.6103292255034501,0.0315048000458225,PYCARD;TRAF4;WNT7B;MARVELD3;TRAF2;NOD2;MAPK8IP2;ZNF675;RASGRP1
GO_Biological_Process_2023,Blood Vessel Endothelial Cell Migration (GO:0043534),1/22,0.9498865680709638,0.9999961907768526,0,0,0.3266269529054738,0.0167927747002233,GREM1
GO_Biological_Process_2023,Cellular Response To Topologically Incorrect Protein (GO:0035967),1/22,0.9498865680709638,0.9999961907768526,0,0,0.3266269529054738,0.0167927747002233,BAK1
GO_Biological_Process_2023,Inositol Phosphate Metabolic Process (GO:0043647),1/22,0.9498865680709638,0.9999961907768526,0,0,0.3266269529054738,0.0167927747002233,ITPKA
GO_Biological_Process_2023,Membrane Protein Ectodomain Proteolysis (GO:0006509),1/22,0.9498865680709638,0.9999961907768526,0,0,0.3266269529054738,0.0167927747002233,ADAM19
GO_Biological_Process_2023,Natural Killer Cell Activation Involved In Immune Response (GO:0002323),1/22,0.9498865680709638,0.9999961907768526,0,0,0.3266269529054738,0.0167927747002233,FCGR3A
GO_Biological_Process_2023,Negative Regulation Of Cell Development (GO:0010721),1/22,0.9498865680709638,0.9999961907768526,0,0,0.3266269529054738,0.0167927747002233,CCL11
GO_Biological_Process_2023,Negative Regulation Of Protein Localization To Nucleus (GO:1900181),1/22,0.9498865680709638,0.9999961907768526,0,0,0.3266269529054738,0.0167927747002233,YWHAZ
GO_Biological_Process_2023,Oxoacid Metabolic Process (GO:0043436),1/22,0.9498865680709638,0.9999961907768526,0,0,0.3266269529054738,0.0167927747002233,AMH
GO_Biological_Process_2023,peptidyl-L-cysteine S-palmitoylation (GO:0018230),1/22,0.9498865680709638,0.9999961907768526,0,0,0.3266269529054738,0.0167927747002233,ZDHHC23
GO_Biological_Process_2023,peptidyl-S-diacylglycerol-L-cysteine Biosynthetic Process From Peptidyl-Cysteine (GO:0018231),1/22,0.9498865680709638,0.9999961907768526,0,0,0.3266269529054738,0.0167927747002233,ZDHHC23
GO_Biological_Process_2023,Positive Regulation Of Cilium Assembly (GO:0045724),1/22,0.9498865680709638,0.9999961907768526,0,0,0.3266269529054738,0.0167927747002233,ZMYND10
GO_Biological_Process_2023,Positive Regulation Of Phosphatase Activity (GO:0010922),1/22,0.9498865680709638,0.9999961907768526,0,0,0.3266269529054738,0.0167927747002233,IFNG
GO_Biological_Process_2023,Positive Regulation Of Protein Autophosphorylation (GO:0031954),1/22,0.9498865680709638,0.9999961907768526,0,0,0.3266269529054738,0.0167927747002233,GREM1
GO_Biological_Process_2023,Positive Regulation Of Receptor Internalization (GO:0002092),1/22,0.9498865680709638,0.9999961907768526,0,0,0.3266269529054738,0.0167927747002233,GREM1
GO_Biological_Process_2023,Regulation Of Cardiac Muscle Cell Membrane Repolarization (GO:0099623),1/22,0.9498865680709638,0.9999961907768526,0,0,0.3266269529054738,0.0167927747002233,KCNH6
GO_Biological_Process_2023,Regulation Of Mitochondrial Translation (GO:0070129),1/22,0.9498865680709638,0.9999961907768526,0,0,0.3266269529054738,0.0167927747002233,UQCC2
GO_Biological_Process_2023,Regulation Of Protein Export From Nucleus (GO:0046825),1/22,0.9498865680709638,0.9999961907768526,0,0,0.3266269529054738,0.0167927747002233,BARD1
GO_Biological_Process_2023,Response To Gamma Radiation (GO:0010332),1/22,0.9498865680709638,0.9999961907768526,0,0,0.3266269529054738,0.0167927747002233,FANCD2
GO_Biological_Process_2023,Ribosomal Large Subunit Assembly (GO:0000027),1/22,0.9498865680709638,0.9999961907768526,0,0,0.3266269529054738,0.0167927747002233,RRS1
GO_Biological_Process_2023,Negative Regulation Of Protein Serine/Threonine Kinase Activity (GO:0071901),6/80,0.9508949849479515,0.9999961907768526,0,0,0.5555508208247665,0.0279728996298197,PYCARD;PKIB;CDKN2A;PLK1;CBLC;MACROH2A1
GO_Biological_Process_2023,DNA-templated Transcription Initiation (GO:0006352),4/59,0.9522590863122076,0.9999961907768526,0,0,0.4984639621898385,0.024383925764618,MAZ;E2F2;E2F3;NAT14
GO_Biological_Process_2023,Cilium Movement (GO:0003341),4/59,0.9522590863122076,0.9999961907768526,0,0,0.4984639621898385,0.024383925764618,CAMSAP3;CABYR;TEKT5;PIERCE1
GO_Biological_Process_2023,Phospholipid Transport (GO:0015914),4/59,0.9522590863122076,0.9999961907768526,0,0,0.4984639621898385,0.024383925764618,APOC2;ABCA12;MFSD2A;PRELID3B
GO_Biological_Process_2023,Regulation Of Notch Signaling Pathway (GO:0008593),5/70,0.9529531094722936,0.9999961907768526,0,0,0.5271261441474208,0.0254019872881895,SRC;NEURL1;CHAC1;NOD2;LLGL2
GO_Biological_Process_2023,Sulfur Compound Biosynthetic Process (GO:0044272),5/70,0.9529531094722936,0.9999961907768526,0,0,0.5271261441474208,0.0254019872881895,CHST6;CHPF;CHST11;CBS;CHST1
GO_Biological_Process_2023,COPII-coated Vesicle Budding (GO:0090114),2/36,0.9534350926097334,0.9999961907768526,0,0,0.403338194782045,0.0192327498562813,SH2D2A;SEC24D
GO_Biological_Process_2023,Negative Regulation Of Sequestering Of Calcium Ion (GO:0051283),2/36,0.9534350926097334,0.9999961907768526,0,0,0.403338194782045,0.0192327498562813,F2R;PLCH1
GO_Biological_Process_2023,Positive Regulation Of Myeloid Cell Differentiation (GO:0045639),2/36,0.9534350926097334,0.9999961907768526,0,0,0.403338194782045,0.0192327498562813,STAT1;INHBA
GO_Biological_Process_2023,Positive Regulation Of Phospholipase C Activity (GO:0010863),2/36,0.9534350926097334,0.9999961907768526,0,0,0.403338194782045,0.0192327498562813,P2RY6;LPAR2
GO_Biological_Process_2023,Positive Regulation Of Signaling Receptor Activity (GO:2000273),2/36,0.9534350926097334,0.9999961907768526,0,0,0.403338194782045,0.0192327498562813,GREM1;IFNG
GO_Biological_Process_2023,Regulation Of Erythrocyte Differentiation (GO:0045646),2/36,0.9534350926097334,0.9999961907768526,0,0,0.403338194782045,0.0192327498562813,STAT1;INHBA
GO_Biological_Process_2023,Regulation Of Glucose Import (GO:0046324),2/36,0.9534350926097334,0.9999961907768526,0,0,0.403338194782045,0.0192327498562813,OCLN;ERFE
GO_Biological_Process_2023,Cytoplasmic Microtubule Organization (GO:0031122),3/48,0.9534844626371431,0.9999961907768526,0,0,0.457007874015748,0.0217682672218208,HOOK1;FSD1;EZR
GO_Biological_Process_2023,Myelination (GO:0042552),3/48,0.9534844626371431,0.9999961907768526,0,0,0.457007874015748,0.0217682672218208,CXCR4;MAL2;BCAS1
GO_Biological_Process_2023,Negative Regulation Of ERK1 And ERK2 Cascade (GO:0070373),3/48,0.9534844626371431,0.9999961907768526,0,0,0.457007874015748,0.0217682672218208,SPRED3;PSCA;EZR
GO_Biological_Process_2023,Positive Regulation Of MAP Kinase Activity (GO:0043406),7/91,0.9534896482300668,0.9999961907768526,0,0,0.5708793375394322,0.0271891049979484,TNFSF11;TRAF2;NOD2;CD24;RASGRP1;DRD4;EZH2
GO_Biological_Process_2023,Cellular Response To Interleukin-1 (GO:0071347),6/81,0.954662477485183,0.9999961907768526,0,0,0.5481119432400473,0.0254309842516473,PYCARD;CCL11;CCL7;NLRP7;CCL20;CCL17
GO_Biological_Process_2023,Positive Regulation Of Growth (GO:0045927),6/81,0.954662477485183,0.9999961907768526,0,0,0.5481119432400473,0.0254309842516473,SLC44A4;EXOSC4;HPN;AGR2;H3-3A;MFSD2A
GO_Biological_Process_2023,Cellular Lipid Catabolic Process (GO:0044242),1/23,0.9562652505347892,0.9999961907768526,0,0,0.3117623918174665,0.0139419972324092,SMPDL3B
GO_Biological_Process_2023,Cellular Response To Interleukin-6 (GO:0071354),1/23,0.9562652505347892,0.9999961907768526,0,0,0.3117623918174665,0.0139419972324092,SRC
GO_Biological_Process_2023,Cholesterol Efflux (GO:0033344),1/23,0.9562652505347892,0.9999961907768526,0,0,0.3117623918174665,0.0139419972324092,APOC2
GO_Biological_Process_2023,Endocardial Cushion Development (GO:0003197),1/23,0.9562652505347892,0.9999961907768526,0,0,0.3117623918174665,0.0139419972324092,GATA4
GO_Biological_Process_2023,Hepaticobiliary System Development (GO:0061008),1/23,0.9562652505347892,0.9999961907768526,0,0,0.3117623918174665,0.0139419972324092,LSR
GO_Biological_Process_2023,Histone mRNA Metabolic Process (GO:0008334),1/23,0.9562652505347892,0.9999961907768526,0,0,0.3117623918174665,0.0139419972324092,EXOSC4
GO_Biological_Process_2023,Long-Chain Fatty Acid Transport (GO:0015909),1/23,0.9562652505347892,0.9999961907768526,0,0,0.3117623918174665,0.0139419972324092,MFSD2A
GO_Biological_Process_2023,Microtubule Nucleation (GO:0007020),1/23,0.9562652505347892,0.9999961907768526,0,0,0.3117623918174665,0.0139419972324092,TPX2
GO_Biological_Process_2023,Negative Regulation Of Actin Filament Polymerization (GO:0030837),1/23,0.9562652505347892,0.9999961907768526,0,0,0.3117623918174665,0.0139419972324092,CYRIB
GO_Biological_Process_2023,Positive Regulation Of Lamellipodium Assembly (GO:0010592),1/23,0.9562652505347892,0.9999961907768526,0,0,0.3117623918174665,0.0139419972324092,OCLN
GO_Biological_Process_2023,Positive Regulation Of Neutrophil Migration (GO:1902624),1/23,0.9562652505347892,0.9999961907768526,0,0,0.3117623918174665,0.0139419972324092,FUT7
GO_Biological_Process_2023,Positive Regulation Of Protein Targeting To Membrane (GO:0090314),1/23,0.9562652505347892,0.9999961907768526,0,0,0.3117623918174665,0.0139419972324092,CEMIP
GO_Biological_Process_2023,Protein Alkylation (GO:0008213),1/23,0.9562652505347892,0.9999961907768526,0,0,0.3117623918174665,0.0139419972324092,PRDM12
GO_Biological_Process_2023,Regulation Of Cardiac Muscle Hypertrophy (GO:0010611),1/23,0.9562652505347892,0.9999961907768526,0,0,0.3117623918174665,0.0139419972324092,PARP1
GO_Biological_Process_2023,Regulation Of Cholesterol Metabolic Process (GO:0090181),1/23,0.9562652505347892,0.9999961907768526,0,0,0.3117623918174665,0.0139419972324092,SH2D2A
GO_Biological_Process_2023,Regulation Of Cholesterol Transport (GO:0032374),1/23,0.9562652505347892,0.9999961907768526,0,0,0.3117623918174665,0.0139419972324092,APOC2
GO_Biological_Process_2023,Regulation Of Myotube Differentiation (GO:0010830),1/23,0.9562652505347892,0.9999961907768526,0,0,0.3117623918174665,0.0139419972324092,CEACAM5
GO_Biological_Process_2023,"Regulation Of Nuclear-Transcribed mRNA Catabolic Process, Deadenylation-Dependent Decay (GO:1900151)",1/23,0.9562652505347892,0.9999961907768526,0,0,0.3117623918174665,0.0139419972324092,IGF2BP1
GO_Biological_Process_2023,Regulation Of Extrinsic Apoptotic Signaling Pathway (GO:2001236),4/60,0.9564371894453996,0.9999961907768526,0,0,0.4895346874472514,0.0218039529765842,PYCARD;TNFRSF12A;SRC;TRAF2
GO_Biological_Process_2023,Cellular Response To Oxygen-Containing Compound (GO:1901701),41/406,0.9564408025769362,0.9999961907768526,0,0,0.767355430723914,0.0341752343152298,RET;CXCL9;CPNE7;CD80;SERPINE1;AQP9;GUCA1A;NOD2;CXCL13;PPM1E;CACNA1H;SLC5A5;PYCARD;P2RY6;CDH1;CARD17P;NLRP7;ECT2;WNT2;KCNH1;H2AZ1;SYT5;WNT7B;MMP3;ACOD1;PTK6;SYT13;POU4F1;MMP9;PAX2;CXCL10;CXCL11;WT1;PTK7;TNFSF4;TNIP3;ITPKA;NEURL1;DPEP1;EZR;HCN2
GO_Biological_Process_2023,Negative Regulation Of Supramolecular Fiber Organization (GO:1902904),5/71,0.9567972386405972,0.9999961907768526,0,0,0.5191095350669819,0.022925840250546,TPX2;STMN1;CKAP2;CYRIB;SHANK1
GO_Biological_Process_2023,Steroid Metabolic Process (GO:0008202),7/92,0.9568969388645604,0.9999961907768526,0,0,0.564130636481722,0.0248553618504203,CYP27B1;HSD11B2;CYP2B6;SRD5A2;RDH16;HSD17B6;PRLR
GO_Biological_Process_2023,Circulatory System Development (GO:0072359),11/132,0.9569965062057904,0.9999961907768526,0,0,0.6224328593996841,0.0273593713989212,COL3A1;TH;ERBB3;SLC2A10;WT1;FN1;MICAL2;TNNI3;POU4F1;SOX4;STRA6
GO_Biological_Process_2023,Nuclear Export (GO:0051168),3/49,0.9579282195817226,0.9999961907768526,0,0,0.4470472440944882,0.0192151774062688,DDX39A;RANBP17;RAE1
GO_Biological_Process_2023,Positive Regulation Of Nervous System Development (GO:0051962),3/49,0.9579282195817226,0.9999961907768526,0,0,0.4470472440944882,0.0192151774062688,IFNG;SYNDIG1;SOX11
GO_Biological_Process_2023,Positive Regulation Of Pathway-Restricted SMAD Protein Phosphorylation (GO:0010862),3/49,0.9579282195817226,0.9999961907768526,0,0,0.4470472440944882,0.0192151774062688,BMP8A;TTK;INHBA
GO_Biological_Process_2023,Proton Transmembrane Transport (GO:1902600),3/49,0.9579282195817226,0.9999961907768526,0,0,0.4470472440944882,0.0192151774062688,ATP6V0B;ATP6AP1;ATP1A3
GO_Biological_Process_2023,Muscle Tissue Development (GO:0060537),2/37,0.9584159696107516,0.9999961907768526,0,0,0.3917917580255242,0.0166407237367068,SIX4;STRA6
GO_Biological_Process_2023,Negative Regulation Of Smooth Muscle Cell Proliferation (GO:0048662),2/37,0.9584159696107516,0.9999961907768526,0,0,0.3917917580255242,0.0166407237367068,IFNG;IL12B
GO_Biological_Process_2023,Protein Acylation (GO:0043543),2/37,0.9584159696107516,0.9999961907768526,0,0,0.3917917580255242,0.0166407237367068,ZDHHC23;ZDHHC13
GO_Biological_Process_2023,Regulation Of Defense Response To Virus By Host (GO:0050691),2/37,0.9584159696107516,0.9999961907768526,0,0,0.3917917580255242,0.0166407237367068,STAT1;IL12B
GO_Biological_Process_2023,Regulation Of Vascular Associated Smooth Muscle Cell Proliferation (GO:1904705),2/37,0.9584159696107516,0.9999961907768526,0,0,0.3917917580255242,0.0166407237367068,P2RY6;MMP9
GO_Biological_Process_2023,Type I Interferon-Mediated Signaling Pathway (GO:0060337),2/37,0.9584159696107516,0.9999961907768526,0,0,0.3917917580255242,0.0166407237367068,STAT1;OAS2
GO_Biological_Process_2023,Regulation Of Protein Ubiquitination (GO:0031396),9/113,0.9591589755481036,0.9999961907768526,0,0,0.5926211219719507,0.0247113796329869,MINAR1;FANCI;CENPX;RIPK2;TBC1D7;ISG15;BRCA1;SOX4;INAVA
GO_Biological_Process_2023,Positive Regulation Of MAPK Cascade (GO:0043410),30/310,0.9599030826960387,0.9999961907768526,0,0,0.7323489284293104,0.0299698823460871,DDR1;RET;SEMA7A;ARHGAP8;CCL11;GATA4;NOD2;PRKCZ;RASGRP1;INAVA;PYCARD;P2RY6;GRM4;CCL7;TNFSF11;AMH;CCL17;DRD4;IL11;EPHA8;CCL20;F2R;GPR37L1;NPNT;ADAM8;CD24;FGFR4;FGFR3;EZH2;S100A7
GO_Biological_Process_2023,Positive Regulation Of Cell Junction Assembly (GO:1901890),4/61,0.9602751840821302,0.9999961907768526,0,0,0.4809187205903691,0.0194942257385822,CNTNAP2;CLDN3;SYNDIG1;CRB3
GO_Biological_Process_2023,Positive Regulation Of Organelle Assembly (GO:1902117),4/61,0.9602751840821302,0.9999961907768526,0,0,0.4809187205903691,0.0194942257385822,PLK4;STIL;SPAG5;SDC1
GO_Biological_Process_2023,Regulation Of Pathway-Restricted SMAD Protein Phosphorylation (GO:0060393),4/61,0.9602751840821302,0.9999961907768526,0,0,0.4809187205903691,0.0194942257385822,GREM1;BMP8A;TTK;INHBA
GO_Biological_Process_2023,Transforming Growth Factor Beta Receptor Signaling Pathway (GO:0007179),5/72,0.9603520809338296,0.9999961907768526,0,0,0.5113322277501382,0.0206861041876168,GARS1;COL3A1;COL1A2;SRC;FOXH1
GO_Biological_Process_2023,ERK1 And ERK2 Cascade (GO:0070371),1/24,0.9618322634140783,0.9999961907768526,0,0,0.2981904012588513,0.0116041408548598,CDK1
GO_Biological_Process_2023,Acylglycerol Catabolic Process (GO:0046464),1/24,0.9618322634140783,0.9999961907768526,0,0,0.2981904012588513,0.0116041408548598,PNPLA1
GO_Biological_Process_2023,Early Endosome To Late Endosome Transport (GO:0045022),1/24,0.9618322634140783,0.9999961907768526,0,0,0.2981904012588513,0.0116041408548598,HOOK1
GO_Biological_Process_2023,Fat-Soluble Vitamin Metabolic Process (GO:0006775),1/24,0.9618322634140783,0.9999961907768526,0,0,0.2981904012588513,0.0116041408548598,CYP27B1
GO_Biological_Process_2023,Outflow Tract Septum Morphogenesis (GO:0003148),1/24,0.9618322634140783,0.9999961907768526,0,0,0.2981904012588513,0.0116041408548598,NELL2
GO_Biological_Process_2023,Positive Regulation Of Cellular Response To Transforming Growth Factor Beta Stimulus (GO:1903846),1/24,0.9618322634140783,0.9999961907768526,0,0,0.2981904012588513,0.0116041408548598,SLC2A10
GO_Biological_Process_2023,Positive Regulation Of p38MAPK Cascade (GO:1900745),1/24,0.9618322634140783,0.9999961907768526,0,0,0.2981904012588513,0.0116041408548598,SORD
GO_Biological_Process_2023,Positive Regulation Of Transforming Growth Factor Beta Receptor Signaling Pathway (GO:0030511),1/24,0.9618322634140783,0.9999961907768526,0,0,0.2981904012588513,0.0116041408548598,SLC2A10
GO_Biological_Process_2023,Protein K48-linked Deubiquitination (GO:0071108),1/24,0.9618322634140783,0.9999961907768526,0,0,0.2981904012588513,0.0116041408548598,OTUB2
GO_Biological_Process_2023,Protein Kinase B Signaling (GO:0043491),1/24,0.9618322634140783,0.9999961907768526,0,0,0.2981904012588513,0.0116041408548598,PAX2
GO_Biological_Process_2023,Regulation Of Cytoplasmic Translation (GO:2000765),1/24,0.9618322634140783,0.9999961907768526,0,0,0.2981904012588513,0.0116041408548598,IGF2BP1
GO_Biological_Process_2023,Regulation Of Heterotypic Cell-Cell Adhesion (GO:0034114),1/24,0.9618322634140783,0.9999961907768526,0,0,0.2981904012588513,0.0116041408548598,CEACAM6
GO_Biological_Process_2023,Regulation Of Supramolecular Fiber Organization (GO:1902903),1/24,0.9618322634140783,0.9999961907768526,0,0,0.2981904012588513,0.0116041408548598,CAMSAP3
GO_Biological_Process_2023,Response To Hexose (GO:0009746),1/24,0.9618322634140783,0.9999961907768526,0,0,0.2981904012588513,0.0116041408548598,SLC30A8
GO_Biological_Process_2023,Secondary Alcohol Biosynthetic Process (GO:1902653),1/24,0.9618322634140783,0.9999961907768526,0,0,0.2981904012588513,0.0116041408548598,DHCR7
GO_Biological_Process_2023,Stress Granule Assembly (GO:0034063),1/24,0.9618322634140783,0.9999961907768526,0,0,0.2981904012588513,0.0116041408548598,GRB7
GO_Biological_Process_2023,Regulation Of Apoptotic Process (GO:0042981),75/705,0.9618391987621444,0.9999961907768526,0,0,0.8116751562861774,0.0315806531999697,TOP2A;FOXA1;PRR7;RTKN;ARL6IP1;KIF14;SCX;PYCARD;COMP;GRM4;SIX4;CASP3;CLEC5A;PLEKHN1;AMH;SOX4;MAGEA4;NAT8B;TNFRSF12A;ACTN2;ACTL6A;PLAUR;TRAF2;PRLR;MMP9;YWHAZ;PAX2;NME1;GREM1;MELK;PAX7;CEACAM5;BIRC5;DPEP1;CARD14;MCM2;SRC;HPN;HTRA4;LEF1;IFI6;ASCL1;LRP8;MIEN1;NUAK2;ERBB3;E2F1;IGF2BP1;PMAIP1;PRAME;BAK1;ECT2;SPDEF;BARD1;TFAP2A;EGLN3;STIL;CBX4;BIK;STAT1;PLK1;ASNS;HMGA2;DHRS2;POU4F1;MLLT11;CXCL10;KRT18;PROC;CDK5;GDNF;WT1;NEURL1;CDK1;MAD2L1
GO_Biological_Process_2023,Regulation Of Interleukin-6 Production (GO:0032675),9/114,0.9619412734033366,0.9999961907768526,0,0,0.5869432856015334,0.0227745009027852,PYCARD;ORM1;IFNG;CLEC7A;TNFSF4;F2R;FOXJ1;NOD2;INAVA
GO_Biological_Process_2023,Cell Chemotaxis (GO:0060326),3/50,0.9619712524737124,0.9999961907768526,0,0,0.4375104707656224,0.0169625923918358,CCL20;ARHGEF16;LEF1
GO_Biological_Process_2023,Steroid Biosynthetic Process (GO:0006694),3/50,0.9619712524737124,0.9999961907768526,0,0,0.4375104707656224,0.0169625923918358,SQLE;SRD5A2;PRLR
GO_Biological_Process_2023,Ras Protein Signal Transduction (GO:0007265),12/144,0.9627768696551492,0.9999961907768526,0,0,0.6222836823389964,0.0236054586750016,CCNA2;SHTN1;RTKN;COL1A2;RACGAP1;CDKN2A;RASGRF1;LIMK1;RAC3;EPS8L1;CELSR1;RASGRP1
GO_Biological_Process_2023,RNA 3'-End Processing (GO:0031123),2/38,0.9628835965361484,0.9999961907768526,0,0,0.3808867899776991,0.0144061859731938,INTS7;INTS8
GO_Biological_Process_2023,Cellular Response To Type I Interferon (GO:0071357),2/38,0.9628835965361484,0.9999961907768526,0,0,0.3808867899776991,0.0144061859731938,STAT1;OAS2
GO_Biological_Process_2023,Connective Tissue Development (GO:0061448),2/38,0.9628835965361484,0.9999961907768526,0,0,0.3808867899776991,0.0144061859731938,SCX;SULF1
GO_Biological_Process_2023,Membrane Assembly (GO:0071709),2/38,0.9628835965361484,0.9999961907768526,0,0,0.3808867899776991,0.0144061859731938,CHMP4C;TLCD1
GO_Biological_Process_2023,Positive Regulation Of Cation Channel Activity (GO:2001259),2/38,0.9628835965361484,0.9999961907768526,0,0,0.3808867899776991,0.0144061859731938,P2RY6;AKAP5
GO_Biological_Process_2023,Positive Regulation Of Myoblast Differentiation (GO:0045663),2/38,0.9628835965361484,0.9999961907768526,0,0,0.3808867899776991,0.0144061859731938,ACTL6A;SOX4
GO_Biological_Process_2023,Response To Transforming Growth Factor Beta (GO:0071559),2/38,0.9628835965361484,0.9999961907768526,0,0,0.3808867899776991,0.0144061859731938,WNT2;MXRA5
GO_Biological_Process_2023,Glycerophospholipid Metabolic Process (GO:0006650),4/62,0.9637976906272966,0.9999961907768526,0,0,0.4725998560388966,0.0174265860745566,PLA2G4F;PLA2G4D;PLAAT1;GDPD1
GO_Biological_Process_2023,Positive Regulation Of Apoptotic Signaling Pathway (GO:2001235),4/62,0.9637976906272966,0.9999961907768526,0,0,0.4725998560388966,0.0174265860745566,PYCARD;TNFRSF12A;PMAIP1;TRAF2
GO_Biological_Process_2023,Positive Regulation Of Stress-Activated MAPK Cascade (GO:0032874),8/105,0.9649567816575776,0.9999961907768526,0,0,0.5647939161024015,0.0201473085211447,PYCARD;TRAF4;WNT7B;SORD;TRAF2;NOD2;RASGRP1;INAVA
GO_Biological_Process_2023,Positive Regulation Of Actin Filament Bundle Assembly (GO:0032233),3/51,0.9656465423359092,0.9999961907768526,0,0,0.4283710629921259,0.0149747428510339,LIMK1;EVL;PPM1E
GO_Biological_Process_2023,Positive Regulation Of Epithelial Cell Migration (GO:0010634),7/95,0.9658099611530044,0.9999961907768526,0,0,0.5448048107255521,0.0189527741989121,NELL2;IFNG;RAB25;SRC;GATA3;GFUS;MMP9
GO_Biological_Process_2023,Import Into Nucleus (GO:0051170),5/74,0.9666690534280562,0.9999961907768526,0,0,0.4964539007092198,0.0168293317947915,MMP12;RANBP17;KPNA7;E2F3;KPNA2
GO_Biological_Process_2023,Activation Of Protein Kinase B Activity (GO:0032148),1/25,0.9666908535085884,0.9999961907768526,0,0,0.285749409913454,0.0096801987768103,IL18
GO_Biological_Process_2023,Cholesterol Biosynthetic Process (GO:0006695),1/25,0.9666908535085884,0.9999961907768526,0,0,0.285749409913454,0.0096801987768103,DHCR7
GO_Biological_Process_2023,Late Endosome To Vacuole Transport Via Multivesicular Body Sorting Pathway (GO:0032511),1/25,0.9666908535085884,0.9999961907768526,0,0,0.285749409913454,0.0096801987768103,CHMP4C
GO_Biological_Process_2023,Negative Regulation Of Intracellular Protein Transport (GO:0090317),1/25,0.9666908535085884,0.9999961907768526,0,0,0.285749409913454,0.0096801987768103,BARD1
GO_Biological_Process_2023,Negative Regulation Of Protein Localization To Membrane (GO:1905476),1/25,0.9666908535085884,0.9999961907768526,0,0,0.285749409913454,0.0096801987768103,LRRC15
GO_Biological_Process_2023,Negative Regulation Of Proteolysis Involved In Protein Catabolic Process (GO:1903051),1/25,0.9666908535085884,0.9999961907768526,0,0,0.285749409913454,0.0096801987768103,LAMP3
GO_Biological_Process_2023,Negative Regulation Of Response To Endoplasmic Reticulum Stress (GO:1903573),1/25,0.9666908535085884,0.9999961907768526,0,0,0.285749409913454,0.0096801987768103,CREB3L1
GO_Biological_Process_2023,Purine Nucleoside Bisphosphate Metabolic Process (GO:0034032),1/25,0.9666908535085884,0.9999961907768526,0,0,0.285749409913454,0.0096801987768103,ACOT7
GO_Biological_Process_2023,Regulation Of Double-Strand Break Repair Via Nonhomologous End Joining (GO:2001032),1/25,0.9666908535085884,0.9999961907768526,0,0,0.285749409913454,0.0096801987768103,HMGA2
GO_Biological_Process_2023,Regulation Of Glycogen Biosynthetic Process (GO:0005979),1/25,0.9666908535085884,0.9999961907768526,0,0,0.285749409913454,0.0096801987768103,PASK
GO_Biological_Process_2023,Response To dsRNA (GO:0043331),1/25,0.9666908535085884,0.9999961907768526,0,0,0.285749409913454,0.0096801987768103,PMAIP1
GO_Biological_Process_2023,Response To Zinc Ion (GO:0010043),1/25,0.9666908535085884,0.9999961907768526,0,0,0.285749409913454,0.0096801987768103,SLC30A8
GO_Biological_Process_2023,Ribonucleoside Bisphosphate Metabolic Process (GO:0033875),1/25,0.9666908535085884,0.9999961907768526,0,0,0.285749409913454,0.0096801987768103,ACOT7
GO_Biological_Process_2023,Sterol Transport (GO:0015918),1/25,0.9666908535085884,0.9999961907768526,0,0,0.285749409913454,0.0096801987768103,MSR1
GO_Biological_Process_2023,Vesicle-Mediated Transport Between Endosomal Compartments (GO:0098927),1/25,0.9666908535085884,0.9999961907768526,0,0,0.285749409913454,0.0096801987768103,HOOK1
GO_Biological_Process_2023,RNA Transport (GO:0050658),2/39,0.9668879040152192,0.9999961907768526,0,0,0.3705712796621888,0.0124781398417302,DDX39A;RAE1
GO_Biological_Process_2023,Axonal Transport (GO:0098930),2/39,0.9668879040152192,0.9999961907768526,0,0,0.3705712796621888,0.0124781398417302,KIF4A;KIF1A
GO_Biological_Process_2023,Internal Peptidyl-Lysine Acetylation (GO:0018393),2/39,0.9668879040152192,0.9999961907768526,0,0,0.3705712796621888,0.0124781398417302,NAT8B;ACTL6A
GO_Biological_Process_2023,Negative Regulation Of Cell-Substrate Adhesion (GO:0010812),2/39,0.9668879040152192,0.9999961907768526,0,0,0.3705712796621888,0.0124781398417302,CDKN2A;RCC2
GO_Biological_Process_2023,Neuron Projection Extension (GO:1990138),2/39,0.9668879040152192,0.9999961907768526,0,0,0.3705712796621888,0.0124781398417302,NELL2;CDK5
GO_Biological_Process_2023,Nuclear Transport (GO:0051169),2/39,0.9668879040152192,0.9999961907768526,0,0,0.3705712796621888,0.0124781398417302,NUP210;RAE1
GO_Biological_Process_2023,Organelle Transport Along Microtubule (GO:0072384),2/39,0.9668879040152192,0.9999961907768526,0,0,0.3705712796621888,0.0124781398417302,BICDL1;BICDL2
GO_Biological_Process_2023,Positive Regulation Of ATP-dependent Activity (GO:0032781),2/39,0.9668879040152192,0.9999961907768526,0,0,0.3705712796621888,0.0124781398417302,UHRF1;ATP2A1
GO_Biological_Process_2023,Positive Regulation Of Lymphocyte Differentiation (GO:0045621),2/39,0.9668879040152192,0.9999961907768526,0,0,0.3705712796621888,0.0124781398417302,ACTL6A;GATA3
GO_Biological_Process_2023,Positive Regulation Of Pattern Recognition Receptor Signaling Pathway (GO:0062208),2/39,0.9668879040152192,0.9999961907768526,0,0,0.3705712796621888,0.0124781398417302,TREML4;OASL
GO_Biological_Process_2023,Regulation Of Monoatomic Cation Transmembrane Transport (GO:1904062),2/39,0.9668879040152192,0.9999961907768526,0,0,0.3705712796621888,0.0124781398417302,HCN2;GRIN2D
GO_Biological_Process_2023,Regulation Of Nitric Oxide Biosynthetic Process (GO:0045428),2/39,0.9668879040152192,0.9999961907768526,0,0,0.3705712796621888,0.0124781398417302,IFNG;CLEC7A
GO_Biological_Process_2023,Release Of Sequestered Calcium Ion Into Cytosol (GO:0051209),2/39,0.9668879040152192,0.9999961907768526,0,0,0.3705712796621888,0.0124781398417302,F2R;PLCH1
GO_Biological_Process_2023,Phosphatidylinositol Metabolic Process (GO:0046488),4/63,0.9670279239672348,0.9999961907768526,0,0,0.4645629868959486,0.015575824639183,CDS1;PLA2G4D;MBOAT7;LCLAT1
GO_Biological_Process_2023,Integrin-Mediated Signaling Pathway (GO:0007229),6/85,0.9672515129152016,0.9999961907768526,0,0,0.5202396930492009,0.0173222760488485,SEMA7A;COL3A1;SRC;RCC2;FN1;ISG15
GO_Biological_Process_2023,Macromolecule Catabolic Process (GO:0009057),6/85,0.9672515129152016,0.9999961907768526,0,0,0.5202396930492009,0.0173222760488485,RNASEH2A;EXOSC4;CASP3;RNASE2;DNASE1L2;SLC16A3
GO_Biological_Process_2023,Positive Regulation Of B Cell Activation (GO:0050871),3/52,0.96898478620518,0.9999961907768526,0,0,0.419604692270609,0.0132202197339287,VAV3;TNFSF4;NOD2
GO_Biological_Process_2023,Negative Regulation Of Phosphorylation (GO:0042326),5/75,0.9694664152570056,0.9999961907768526,0,0,0.4893335584824946,0.0151739626566851,OCLN;CDKN2A;SORD;INHBA;INSM1
GO_Biological_Process_2023,Regulation Of Cellular Response To Stress (GO:0080135),8/107,0.9698333611864022,0.9999961907768526,0,0,0.5533201840894149,0.0169487587668409,BARD1;DEPDC1B;RAD51;ACTL6A;BRCA1;BRCA2;SOX4;WDR76
GO_Biological_Process_2023,Cellular Response To Virus (GO:0098586),4/64,0.9699877242493748,0.9999961907768526,0,0,0.4567940133910989,0.013919364585135,CXCL10;IFNL1;IFNG;IFI6
GO_Biological_Process_2023,Notch Signaling Pathway (GO:0007219),2/40,0.9704744292027704,0.9999961907768526,0,0,0.3607986909422316,0.0108132178697951,ASCL1;DLL3
GO_Biological_Process_2023,Cyclic-Nucleotide-Mediated Signaling (GO:0019935),2/40,0.9704744292027704,0.9999961907768526,0,0,0.3607986909422316,0.0108132178697951,GUCY1B2;PRSS8
GO_Biological_Process_2023,Endothelial Cell Migration (GO:0043542),2/40,0.9704744292027704,0.9999961907768526,0,0,0.3607986909422316,0.0108132178697951,STAT1;S100P
GO_Biological_Process_2023,Negative Regulation Of Protein Localization (GO:1903828),2/40,0.9704744292027704,0.9999961907768526,0,0,0.3607986909422316,0.0108132178697951,MACROH2A1;YWHAZ
GO_Biological_Process_2023,Positive Regulation Of Catalytic Activity (GO:0043085),2/40,0.9704744292027704,0.9999961907768526,0,0,0.3607986909422316,0.0108132178697951,NOD2;FGFR4
GO_Biological_Process_2023,Positive Regulation Of Insulin Secretion (GO:0032024),2/40,0.9704744292027704,0.9999961907768526,0,0,0.3607986909422316,0.0108132178697951,SLC30A8;SOX4
GO_Biological_Process_2023,Retinoid Metabolic Process (GO:0001523),2/40,0.9704744292027704,0.9999961907768526,0,0,0.3607986909422316,0.0108132178697951,E2F1;LRP8
GO_Biological_Process_2023,Regulation Of Defense Response (GO:0031347),7/97,0.970783187392276,0.9999961907768526,0,0,0.532636698212408,0.0157938091995968,SEMA7A;IL20;NLRP7;TNFSF4;IGF2BP1;NOD2;LRP8
GO_Biological_Process_2023,DNA-templated Transcription Elongation (GO:0006354),1/26,0.970931138676418,0.9999961907768526,0,0,0.2743036978756884,0.0080918853406643,ELL3
GO_Biological_Process_2023,Acute Inflammatory Response (GO:0002526),1/26,0.970931138676418,0.9999961907768526,0,0,0.2743036978756884,0.0080918853406643,TNFSF4
GO_Biological_Process_2023,Antigen Processing And Presentation Of Exogenous Peptide Antigen Via MHC Class II (GO:0019886),1/26,0.970931138676418,0.9999961907768526,0,0,0.2743036978756884,0.0080918853406643,IFI30
GO_Biological_Process_2023,cAMP-mediated Signaling (GO:0019933),1/26,0.970931138676418,0.9999961907768526,0,0,0.2743036978756884,0.0080918853406643,PRSS8
GO_Biological_Process_2023,Cardiac Muscle Cell Development (GO:0055013),1/26,0.970931138676418,0.9999961907768526,0,0,0.2743036978756884,0.0080918853406643,MYH6
GO_Biological_Process_2023,Dendritic Spine Organization (GO:0097061),1/26,0.970931138676418,0.9999961907768526,0,0,0.2743036978756884,0.0080918853406643,SHANK1
GO_Biological_Process_2023,miRNA-mediated Gene Silencing (GO:0035195),1/26,0.970931138676418,0.9999961907768526,0,0,0.2743036978756884,0.0080918853406643,TRIM71
GO_Biological_Process_2023,Negative Regulation Of Lipid Metabolic Process (GO:0045833),1/26,0.970931138676418,0.9999961907768526,0,0,0.2743036978756884,0.0080918853406643,APOC2
GO_Biological_Process_2023,Negative Regulation Of Receptor-Mediated Endocytosis (GO:0048261),1/26,0.970931138676418,0.9999961907768526,0,0,0.2743036978756884,0.0080918853406643,APOC2
GO_Biological_Process_2023,Organelle Membrane Fusion (GO:0090174),1/26,0.970931138676418,0.9999961907768526,0,0,0.2743036978756884,0.0080918853406643,VAMP8
GO_Biological_Process_2023,Positive Regulation Of Nuclear Division (GO:0051785),1/26,0.970931138676418,0.9999961907768526,0,0,0.2743036978756884,0.0080918853406643,NUSAP1
GO_Biological_Process_2023,Protein Export From Nucleus (GO:0006611),1/26,0.970931138676418,0.9999961907768526,0,0,0.2743036978756884,0.0080918853406643,RANBP17
GO_Biological_Process_2023,Protein Localization To Cell Surface (GO:0034394),1/26,0.970931138676418,0.9999961907768526,0,0,0.2743036978756884,0.0080918853406643,CD177
GO_Biological_Process_2023,Regulation Of Vasoconstriction (GO:0019229),1/26,0.970931138676418,0.9999961907768526,0,0,0.2743036978756884,0.0080918853406643,F2R
GO_Biological_Process_2023,Respiratory Chain Complex IV Assembly (GO:0008535),1/26,0.970931138676418,0.9999961907768526,0,0,0.2743036978756884,0.0080918853406643,COA6
GO_Biological_Process_2023,Regulation Of Cell Migration (GO:0030334),43/434,0.9709663953853276,0.9999961907768526,0,0,0.7507294117647059,0.0221190556226419,RET;LRRC15;GRB7;CEMIP;SEMA7A;CCL11;SRC;SERPINE1;MAZ;CAMK2A;LEF1;KIF14;CXCR4;FUT3;FGF5;PARD6B;MIEN1;CCL7;CDH1;CLEC7A;TNR;CGA;AMH;PLXNA3;SEMA4A;RCC2;F2R;SULF1;CYRIB;SRCIN1;MAPK15;SLURP1;COL1A1;CAMSAP3;CCNA2;F7;CLDN4;CLDN3;CEACAM6;CDH11;DPEP1;EPPK1;SMIM22
GO_Biological_Process_2023,Positive Regulation Of Cell Projection Organization (GO:0031346),9/118,0.9714449759253692,0.9999961907768526,0,0,0.565273744958473,0.0163763478385089,DDR1;RET;PTK7;METRN;PLPPR5;GPC2;PTK6;PLXNA3;PROM2
GO_Biological_Process_2023,Regulation Of Protein Binding (GO:0043393),9/118,0.9714449759253692,0.9999961907768526,0,0,0.565273744958473,0.0163763478385089,TERT;NVL;RIPK2;PLK1;XIRP1;TRIB3;TTBK1;AURKB;AURKA
GO_Biological_Process_2023,Glycoprotein Metabolic Process (GO:0009100),3/53,0.9720144926119254,0.9999961907768526,0,0,0.4111889763779527,0.0116714200374288,NEU4;GAL3ST2;NCCRP1
GO_Biological_Process_2023,"Regulation Of Alternative mRNA Splicing, Via Spliceosome (GO:0000381)",3/53,0.9720144926119254,0.9999961907768526,0,0,0.4111889763779527,0.0116714200374288,RBM47;CELF3;RBM11
GO_Biological_Process_2023,Spermatid Development (GO:0007286),3/53,0.9720144926119254,0.9999961907768526,0,0,0.4111889763779527,0.0116714200374288,RSPH1;TDRD5;NECTIN2
GO_Biological_Process_2023,Negative Regulation Of Macromolecule Biosynthetic Process (GO:0010558),7/98,0.97301308071719,0.9999961907768526,0,0,0.5267532152390196,0.0144107844542786,TRIM71;GRB7;IGF2BP1;PASK;TYMS;MRPL13;GAPDH
GO_Biological_Process_2023,Positive Regulation Of Cold-Induced Thermogenesis (GO:0120162),7/98,0.97301308071719,0.9999961907768526,0,0,0.5267532152390196,0.0144107844542786,MUC1;SLN;MFAP2;DIO2;IL18;CXCR4;PRLR
GO_Biological_Process_2023,Negative Regulation Of DNA-binding Transcription Factor Activity (GO:0043433),12/149,0.9731186560645516,0.9999961907768526,0,0,0.5993995622168324,0.0163331918488349,PYCARD;HES6;AIM2;CDKN2A;TNFSF4;FOXH1;E2F1;PYDC1;E2F2;FOXJ1;FOXP3;ZNF675
GO_Biological_Process_2023,Positive Regulation Of Programmed Cell Death (GO:0043068),22/245,0.973287875563579,0.9999961907768526,0,0,0.6744209625691279,0.0182602015934444,BARD1;TOP2A;FOXA1;GBP5;PRR7;TNFRSF12A;HTRA4;MLLT11;PYCARD;MELK;IFNG;CLEC7A;CASP3;NEURL1;E2F1;IGF2BP1;PMAIP1;PLEKHN1;BAK1;ECT2;SOX4;SPDEF
GO_Biological_Process_2023,Carbohydrate Catabolic Process (GO:0016052),2/41,0.9736846249408262,0.9999961907768526,0,0,0.3515272606181697,0.0093744662270717,NEU4;GAPDH
GO_Biological_Process_2023,Positive Regulation Of Response To Biotic Stimulus (GO:0002833),2/41,0.9736846249408262,0.9999961907768526,0,0,0.3515272606181697,0.0093744662270717,GBP5;ADAM8
GO_Biological_Process_2023,Positive Regulation Of Viral Process (GO:0048524),2/41,0.9736846249408262,0.9999961907768526,0,0,0.3515272606181697,0.0093744662270717,KPNA2;SRPK1
GO_Biological_Process_2023,Regulation Of Amide Metabolic Process (GO:0034248),2/41,0.9736846249408262,0.9999961907768526,0,0,0.3515272606181697,0.0093744662270717,MSI2;PKP3
GO_Biological_Process_2023,Positive Regulation Of Cysteine-Type Endopeptidase Activity Involved In Apoptotic Process (GO:0043280),8/109,0.9740843875256784,0.9999961907768526,0,0,0.5423008573046654,0.0142393774082346,PYCARD;PRR7;EGLN3;CLEC7A;F2R;SORD;PMAIP1;ST20
GO_Biological_Process_2023,Negative Regulation Of Transforming Growth Factor Beta Receptor Signaling Pathway (GO:0030512),5/77,0.974420075345646,0.9999961907768526,0,0,0.4756862358812713,0.0123263525235043,SPRED3;FBN2;SLC2A10;HTRA4;ASPN
GO_Biological_Process_2023,Positive Regulation Of Plasma Membrane Bounded Cell Projection Assembly (GO:0120034),6/88,0.9744931801424176,0.9999961907768526,0,0,0.5011200092292606,0.0129478177146492,ANLN;OCLN;MIEN1;PLPPR5;NEURL1;EPS8L1
GO_Biological_Process_2023,T Cell Activation Involved In Immune Response (GO:0002286),1/27,0.974631777153052,0.9999961907768526,0,0,0.2637384252254433,0.006776902250762,SLC11A1
GO_Biological_Process_2023,Cellular Response To Acid Chemical (GO:0071229),1/27,0.974631777153052,0.9999961907768526,0,0,0.2637384252254433,0.006776902250762,NEURL1
GO_Biological_Process_2023,Cellular Response To Epidermal Growth Factor Stimulus (GO:0071364),1/27,0.974631777153052,0.9999961907768526,0,0,0.2637384252254433,0.006776902250762,KNSTRN
GO_Biological_Process_2023,Establishment Of Protein Localization To Vacuole (GO:0072666),1/27,0.974631777153052,0.9999961907768526,0,0,0.2637384252254433,0.006776902250762,CACNG4
GO_Biological_Process_2023,mRNA Modification (GO:0016556),1/27,0.974631777153052,0.9999961907768526,0,0,0.2637384252254433,0.006776902250762,HNRNPAB
GO_Biological_Process_2023,Negative Regulation Of Neurogenesis (GO:0050768),1/27,0.974631777153052,0.9999961907768526,0,0,0.2637384252254433,0.006776902250762,CCL11
GO_Biological_Process_2023,Peptidyl-Lysine Methylation (GO:0018022),1/27,0.974631777153052,0.9999961907768526,0,0,0.2637384252254433,0.006776902250762,SMYD3
GO_Biological_Process_2023,Phospholipid Biosynthetic Process (GO:0008654),1/27,0.974631777153052,0.9999961907768526,0,0,0.2637384252254433,0.006776902250762,SRD5A3
GO_Biological_Process_2023,Regulation Of Androgen Receptor Signaling Pathway (GO:0060765),1/27,0.974631777153052,0.9999961907768526,0,0,0.2637384252254433,0.006776902250762,FOXH1
GO_Biological_Process_2023,Regulation Of Chromatin Organization (GO:1902275),1/27,0.974631777153052,0.9999961907768526,0,0,0.2637384252254433,0.006776902250762,MKI67
GO_Biological_Process_2023,Regulation Of Insulin Secretion Involved In Cellular Response To Glucose Stimulus (GO:0061178),1/27,0.974631777153052,0.9999961907768526,0,0,0.2637384252254433,0.006776902250762,BRSK2
GO_Biological_Process_2023,Regulation Of Peptidase Activity (GO:0052547),1/27,0.974631777153052,0.9999961907768526,0,0,0.2637384252254433,0.006776902250762,PRSS22
GO_Biological_Process_2023,ERBB Signaling Pathway (GO:0038127),3/54,0.9747620843367664,0.9999961907768526,0,0,0.4031032885595182,0.0103040673389016,GRB7;SRC;PTK6
GO_Biological_Process_2023,Mesenchymal Cell Differentiation (GO:0048762),3/54,0.9747620843367664,0.9999961907768526,0,0,0.4031032885595182,0.0103040673389016,LEF1;HMGA2;HNRNPAB
GO_Biological_Process_2023,Negative Regulation Of TOR Signaling (GO:0032007),3/54,0.9747620843367664,0.9999961907768526,0,0,0.4031032885595182,0.0103040673389016,MINAR1;NUAK2;TBC1D7
GO_Biological_Process_2023,Negative Regulation Of Protein Modification By Small Protein Conjugation Or Removal (GO:1903321),3/54,0.9747620843367664,0.9999961907768526,0,0,0.4031032885595182,0.0103040673389016,MINAR1;ISG15;SOX4
GO_Biological_Process_2023,Organelle Disassembly (GO:1903008),3/54,0.9747620843367664,0.9999961907768526,0,0,0.4031032885595182,0.0103040673389016,PLAAT1;CDK1;AURKA
GO_Biological_Process_2023,Regulation Of Focal Adhesion Assembly (GO:0051893),3/54,0.9747620843367664,0.9999961907768526,0,0,0.4031032885595182,0.0103040673389016,CAMSAP3;SRC;RCC2
GO_Biological_Process_2023,Protein Phosphorylation (GO:0006468),50/500,0.9751055746089766,0.9999961907768526,0,0,0.7579890359673753,0.0191085490065044,DDR1;MYLK2;MAST1;CHEK1;PBK;NEK2;MAP3K9;AMH;ROS1;EPHA8;LMTK3;PASK;HASPIN;YWHAZ;MELK;CCNE1;BIRC5;CAMK1G;BRSK1;BRSK2;CCL11;EPHA10;SRC;CAMK2A;CDCA8;TTK;PRKCZ;TTBK1;AURKB;AURKA;GRK1;NUAK2;CLSPN;PAK4;PLK4;SRMS;PLK1;LIMK1;CDC7;PTK6;MAPK15;SRPK1;SBK1;CDK5;ADM2;CDK1;BMPR1B;FGFR4;FGFR3;CDK5R1
GO_Biological_Process_2023,DNA-templated Transcription (GO:0006351),17/199,0.9752202327083124,0.9999961907768526,0,0,0.6387960811951311,0.0160286417508595,MTERF3;PARP1;SCX;HSF2BP;NAT14;ELL3;PAX1;SPOCD1;ETV7;GARS1;LHX1;NFE2L3;E2F1;DPEP1;TRIP13;POLR3K;NKX3-2
GO_Biological_Process_2023,Negative Regulation Of Nucleic Acid-Templated Transcription (GO:1903507),45/456,0.97547754343262,0.9999961907768526,0,0,0.7471378562704178,0.0185500431119776,LEF1;GATA3;BRCA1;ASCL1;FOXM1;CIART;DMBX1;CYP27B1;IFNL1;SIX4;ZIC2;BASP1;CREB3L1;MYB;NACC1;SIX3;MAEL;E2F1;PRAME;TFAP2A;FOXD1;MTERF3;PARP1;CBX4;CDKN2A;CBX3;HMGA1;HMGA2;FOXP3;PAX2;RUNX2;CENPF;CDK5;IFNG;WT1;TNFSF4;LHX1;DEPDC1;TIMELESS;BIRC5;DPEP1;TRIB3;RCOR2;EZH2;CDK5R1
GO_Biological_Process_2023,Adenylate Cyclase-Activating G Protein-Coupled Receptor Signaling Pathway (GO:0007189),8/110,0.9759976356955974,0.9999961907768526,0,0,0.5369532428355958,0.0130453407923756,CXCL10;CXCL11;CXCL9;ADORA2A;ADGRF4;ADM2;GPHA2;RAMP1
GO_Biological_Process_2023,Cellular Response To Glucose Starvation (GO:0042149),2/42,0.9765561617670204,0.9999961907768526,0,0,0.3427194018103109,0.0081303381915886,NUAK2;PMAIP1
GO_Biological_Process_2023,Organic Hydroxy Compound Biosynthetic Process (GO:1901617),2/42,0.9765561617670204,0.9999961907768526,0,0,0.3427194018103109,0.0081303381915886,SQLE;SRD5A2
GO_Biological_Process_2023,Skeletal Muscle Tissue Development (GO:0007519),2/42,0.9765561617670204,0.9999961907768526,0,0,0.3427194018103109,0.0081303381915886,MYLK2;SIX4
GO_Biological_Process_2023,Cellular Response To Chemical Stress (GO:0062197),6/89,0.976557141461446,0.9999961907768526,0,0,0.4950539248044602,0.0117436760239999,PARP1;PYCR1;DHRS2;LRRC8E;NOX1;RBM11
GO_Biological_Process_2023,Purine Ribonucleotide Biosynthetic Process (GO:0009152),3/55,0.9772520040608206,0.9999961907768526,0,0,0.3953285887341005,0.0090967968851936,ACOT7;ADSS2;PAICS
GO_Biological_Process_2023,Response To Peptide Hormone (GO:0043434),3/55,0.9772520040608206,0.9999961907768526,0,0,0.3953285887341005,0.0090967968851936,SRC;STAT1;SLC2A1
GO_Biological_Process_2023,Antigen Processing And Presentation Of Peptide Antigen Via MHC Class II (GO:0002495),1/28,0.9778614238315908,0.9999961907768526,0,0,0.2539557653641052,0.005685387057657,IFI30
GO_Biological_Process_2023,Glycosaminoglycan Metabolic Process (GO:0030203),1/28,0.9778614238315908,0.9999961907768526,0,0,0.2539557653641052,0.005685387057657,HS3ST3A1
GO_Biological_Process_2023,Positive Regulation Of mRNA Processing (GO:0050685),1/28,0.9778614238315908,0.9999961907768526,0,0,0.2539557653641052,0.005685387057657,CELF3
GO_Biological_Process_2023,Protein Insertion Into Mitochondrial Membrane (GO:0051204),1/28,0.9778614238315908,0.9999961907768526,0,0,0.2539557653641052,0.005685387057657,TOMM40
GO_Biological_Process_2023,Protein Localization To Golgi Apparatus (GO:0034067),1/28,0.9778614238315908,0.9999961907768526,0,0,0.2539557653641052,0.005685387057657,GBP5
GO_Biological_Process_2023,Regulation Of Glucose Metabolic Process (GO:0010906),1/28,0.9778614238315908,0.9999961907768526,0,0,0.2539557653641052,0.005685387057657,PMAIP1
GO_Biological_Process_2023,Regulation Of Nitric-Oxide Synthase Activity (GO:0050999),1/28,0.9778614238315908,0.9999961907768526,0,0,0.2539557653641052,0.005685387057657,TERT
GO_Biological_Process_2023,Regulation Of Protein Targeting To Membrane (GO:0090313),1/28,0.9778614238315908,0.9999961907768526,0,0,0.2539557653641052,0.005685387057657,CEMIP
GO_Biological_Process_2023,Regulation Of Sodium Ion Transmembrane Transport (GO:1902305),1/28,0.9778614238315908,0.9999961907768526,0,0,0.2539557653641052,0.005685387057657,FXYD3
GO_Biological_Process_2023,Transcription By RNA Polymerase III (GO:0006383),1/28,0.9778614238315908,0.9999961907768526,0,0,0.2539557653641052,0.005685387057657,POLR3K
GO_Biological_Process_2023,Transcription Elongation By RNA Polymerase II (GO:0006368),1/28,0.9778614238315908,0.9999961907768526,0,0,0.2539557653641052,0.005685387057657,ELL3
GO_Biological_Process_2023,Negative Regulation Of Cellular Component Organization (GO:0051129),5/79,0.9786168750591344,0.9999961907768526,0,0,0.4627766063936276,0.0100029423521389,SLN;CRACD;SRC;DNAJA4;PRKCZ
GO_Biological_Process_2023,Protein Import Into Nucleus (GO:0006606),5/79,0.9786168750591344,0.9999961907768526,0,0,0.4627766063936276,0.0100029423521389,MMP12;RANBP17;KPNA7;E2F3;KPNA2
GO_Biological_Process_2023,Response To Insulin (GO:0032868),5/79,0.9786168750591344,0.9999961907768526,0,0,0.4627766063936276,0.0100029423521389,RAB31;PARP1;SLC2A1;TRIB3;PIK3R2
GO_Biological_Process_2023,Positive Regulation Of Macromolecule Biosynthetic Process (GO:0010557),9/122,0.9787415589483228,0.9999961907768526,0,0,0.5451383310866027,0.0117137449486606,HSPH1;IFNL1;SLC6A9;IFNG;NOD2;PASK;FGFR4;SOX4;NOX1
GO_Biological_Process_2023,mRNA Destabilization (GO:0061157),2/43,0.9791232195501416,0.9999961907768526,0,0,0.3343411946516159,0.0070538575399283,TRIM71;PLEKHN1
GO_Biological_Process_2023,Positive Regulation Of Cell-Matrix Adhesion (GO:0001954),2/43,0.9791232195501416,0.9999961907768526,0,0,0.3343411946516159,0.0070538575399283,CEACAM6;GFUS
GO_Biological_Process_2023,Positive Regulation Of Receptor-Mediated Endocytosis (GO:0048260),2/43,0.9791232195501416,0.9999961907768526,0,0,0.3343411946516159,0.0070538575399283,GREM1;SERPINE1
GO_Biological_Process_2023,Regulation Of JUN Kinase Activity (GO:0043506),2/43,0.9791232195501416,0.9999961907768526,0,0,0.3343411946516159,0.0070538575399283,TRAF2;ZNF675
GO_Biological_Process_2023,Small GTPase Mediated Signal Transduction (GO:0007264),8/112,0.9794408138995472,0.9999961907768526,0,0,0.526566530116826,0.0109386130855385,CCNA2;SHTN1;ARHGAP8;CDKN2A;RASGRF1;RHEBL1;RUNDC3A;RASGRP1
GO_Biological_Process_2023,Negative Regulation Of Cell Migration (GO:0030336),13/163,0.9794706783223712,0.9999961907768526,0,0,0.5928616600790514,0.0122977160151399,SERPINE1;SULF1;MAPK15;SLURP1;COL3A1;CLDN3;CDH1;CDH11;MARVELD3;DPEP1;EVL;EPPK1;AMH
GO_Biological_Process_2023,"Positive Regulation Of DNA-templated Transcription, Elongation (GO:0032786)",3/56,0.979506823189208,0.9999961907768526,0,0,0.3878472738077552,0.0080307949842593,PARP1;ELL3;HMGN1
GO_Biological_Process_2023,Regulation Of Intracellular Signal Transduction (GO:1902531),27/297,0.9797865019929068,0.9999961907768526,0,0,0.6831081081081081,0.0139494679786736,ARHGAP11A;ARHGAP8;JPT2;GATA4;ARHGAP39;AKAP5;SEZ6L2;AURKB;AURKA;PYCARD;NUAK2;RACGAP1;CLEC7A;CHEK1;RRS1;TNFSF11;ECT2;ROS1;PAK4;VAV3;VAV2;BOP1;GPR143;TRAF4;REN;EZR;CD24
GO_Biological_Process_2023,Positive Regulation Of Cellular Process (GO:0048522),60/594,0.9799792231428388,0.9999961907768526,0,0,0.7657916529026594,0.0154873002547416,SLC44A4;EPO;RTKN2;SIRPG;KIF14;SCX;FOXM1;HOXC10;FGF5;ESM1;IBSP;CHEK1;DPF1;IL12B;FBXO5;AMH;SOX4;H3-3A;MAGEA4;MFSD2A;IL11;EDN2;TNFRSF18;ACTL6A;F2R;NCCRP1;GREM1;SAPCD2;IFNG;CEACAM6;BIRC5;ADAM8;KIF20B;HPN;MAZ;LEF1;TTK;EXOSC4;FUT7;RAB25;ERBB3;EPCAM;CLEC7A;NACC1;PRAME;CGA;WNT2;SPAG5;FN1;CDC7;PTK6;MAPK15;GDNF;PRC1;TNFSF4;INSM1;FGFR4;FGFR3;NOX1;EZH2
GO_Biological_Process_2023,Positive Regulation Of Epithelial Cell Proliferation (GO:0050679),9/123,0.9802763548826552,0.9999961907768526,0,0,0.5403252606654758,0.0107636856750185,MMP12;NELL2;CCL11;PTPRN;HPN;SOX11;NOD2;PAX2;NME1
GO_Biological_Process_2023,Regulation Of RNA Splicing (GO:0043484),7/102,0.9804558344860396,0.9999961907768526,0,0,0.5044579113398638,0.0099568279344304,ESRP2;ESRP1;ILDR1;ILDR2;SRPK1;PTBP3;MCM2
GO_Biological_Process_2023,Regulation Of Organelle Assembly (GO:1902115),5/80,0.980464983094005,0.9999961907768526,0,0,0.4565799842395587,0.0090075684989056,STIL;MCIDAS;DYNLT2B;EZR;MAPK15
GO_Biological_Process_2023,JNK Cascade (GO:0007254),1/29,0.9806800022413406,0.9999961907768526,0,0,0.2448718669214342,0.0047772219282126,MAPK8IP2
GO_Biological_Process_2023,RNA-mediated Gene Silencing (GO:0031047),1/29,0.9806800022413406,0.9999961907768526,0,0,0.2448718669214342,0.0047772219282126,MAEL
GO_Biological_Process_2023,Cardiac Muscle Cell Action Potential (GO:0086001),1/29,0.9806800022413406,0.9999961907768526,0,0,0.2448718669214342,0.0047772219282126,HCN2
GO_Biological_Process_2023,Glycolytic Process (GO:0006096),1/29,0.9806800022413406,0.9999961907768526,0,0,0.2448718669214342,0.0047772219282126,GAPDH
GO_Biological_Process_2023,Integrated Stress Response Signaling (GO:0140467),1/29,0.9806800022413406,0.9999961907768526,0,0,0.2448718669214342,0.0047772219282126,NFE2L3
GO_Biological_Process_2023,mRNA Splice Site Recognition (GO:0006376),1/29,0.9806800022413406,0.9999961907768526,0,0,0.2448718669214342,0.0047772219282126,CELF3
GO_Biological_Process_2023,Modified Amino Acid Transport (GO:0072337),1/29,0.9806800022413406,0.9999961907768526,0,0,0.2448718669214342,0.0047772219282126,SLC7A11
GO_Biological_Process_2023,Multivesicular Body Assembly (GO:0036258),1/29,0.9806800022413406,0.9999961907768526,0,0,0.2448718669214342,0.0047772219282126,CHMP4C
GO_Biological_Process_2023,Positive Regulation Of B Cell Proliferation (GO:0030890),1/29,0.9806800022413406,0.9999961907768526,0,0,0.2448718669214342,0.0047772219282126,VAV3
GO_Biological_Process_2023,Protein Insertion Into ER Membrane (GO:0045048),1/29,0.9806800022413406,0.9999961907768526,0,0,0.2448718669214342,0.0047772219282126,RAB5IF
GO_Biological_Process_2023,Response To Alcohol (GO:0097305),1/29,0.9806800022413406,0.9999961907768526,0,0,0.2448718669214342,0.0047772219282126,TH
GO_Biological_Process_2023,Response To Steroid Hormone (GO:0048545),1/29,0.9806800022413406,0.9999961907768526,0,0,0.2448718669214342,0.0047772219282126,ATP1A3
GO_Biological_Process_2023,Phagocytosis (GO:0006909),4/69,0.9814036192186828,0.9999961907768526,0,0,0.4215348259460114,0.0079128272942784,MSR1;P2RY6;ADORA2A;SLC11A1
GO_Biological_Process_2023,Establishment Of Protein Localization To Mitochondrion (GO:0072655),2/44,0.9814167652056832,0.9999961907768526,0,0,0.3263619497385731,0.0061219211221788,TOMM40;TIMM17A
GO_Biological_Process_2023,Positive Regulation Of Chemotaxis (GO:0050921),2/44,0.9814167652056832,0.9999961907768526,0,0,0.3263619497385731,0.0061219211221788,F7;EDN2
GO_Biological_Process_2023,Regulation Of Cell-Substrate Adhesion (GO:0010810),2/44,0.9814167652056832,0.9999961907768526,0,0,0.3263619497385731,0.0061219211221788,AGR2;NPNT
GO_Biological_Process_2023,Response To Unfolded Protein (GO:0006986),2/44,0.9814167652056832,0.9999961907768526,0,0,0.3263619497385731,0.0061219211221788,HSPH1;BAK1
GO_Biological_Process_2023,Cellular Response To Cytokine Stimulus (GO:0071345),28/308,0.9814574803739232,0.9999961907768526,0,0,0.6829821073558648,0.0127830942160377,CCL11;CAMK2A;LEF1;CXCR4;GATA3;BRCA1;LRP8;PYCARD;CCL7;NLRP7;IL21R;IL12B;TNFSF11;CCL17;GBP5;EDN2;CCL20;STAT1;FOXH1;NPNT;POU4F1;PRLR;DCSTAMP;AIM2;RUFY4;ZNF675;GAPDH;IL9R
GO_Biological_Process_2023,Endosome To Lysosome Transport (GO:0008333),3/57,0.981547349897114,0.9999961907768526,0,0,0.3806430446194225,0.0070894858597719,PLEKHF2;HOOK1;CACNG4
GO_Biological_Process_2023,Post-Transcriptional Regulation Of Gene Expression (GO:0010608),3/57,0.981547349897114,0.9999961907768526,0,0,0.3806430446194225,0.0070894858597719,TRIM71;MSI2;PKP3
GO_Biological_Process_2023,Positive Regulation Of Response To External Stimulus (GO:0032103),12/155,0.9820658638045608,0.9999961907768526,0,0,0.5740509983892046,0.0103885445418861,PYCARD;GBP5;AIM2;IFNG;TNFSF4;SERPINE1;IL18;IGF2BP1;CCN4;IL12B;ACOD1;ADAM8
GO_Biological_Process_2023,Regulation Of Interleukin-8 Production (GO:0032677),5/81,0.982162498676879,0.9999961907768526,0,0,0.4505464310895442,0.0081091631162393,PYCARD;CLEC7A;SERPINE1;F2R;NOD2
GO_Biological_Process_2023,Regulation Of MAP Kinase Activity (GO:0043405),8/114,0.9824234138176112,0.9999961907768526,0,0,0.516571768821406,0.009160309625181,CBLC;TNFSF11;TRIB3;NOD2;CD24;RASGRP1;DRD4;EZH2
GO_Biological_Process_2023,Regulation Of Cytoskeleton Organization (GO:0051493),8/114,0.9824234138176112,0.9999961907768526,0,0,0.516571768821406,0.009160309625181,CAMSAP3;BAIAP2L1;RAC3;TRIM36;CELSR1;EZR;PLXNA3;SMIM22
GO_Biological_Process_2023,Artery Morphogenesis (GO:0048844),1/30,0.9831398146986436,0.9999961907768526,0,0,0.2364144442334301,0.0040199761490382,STRA6
GO_Biological_Process_2023,Multivesicular Body Organization (GO:0036257),1/30,0.9831398146986436,0.9999961907768526,0,0,0.2364144442334301,0.0040199761490382,CHMP4C
GO_Biological_Process_2023,Negative Regulation Of Carbohydrate Metabolic Process (GO:0045912),1/30,0.9831398146986436,0.9999961907768526,0,0,0.2364144442334301,0.0040199761490382,ERFE
GO_Biological_Process_2023,Positive Regulation Of JUN Kinase Activity (GO:0043507),1/30,0.9831398146986436,0.9999961907768526,0,0,0.2364144442334301,0.0040199761490382,TRAF2
GO_Biological_Process_2023,Regulation Of Vasculature Development (GO:1901342),1/30,0.9831398146986436,0.9999961907768526,0,0,0.2364144442334301,0.0040199761490382,CXCL13
GO_Biological_Process_2023,Response To Amino Acid (GO:0043200),1/30,0.9831398146986436,0.9999961907768526,0,0,0.2364144442334301,0.0040199761490382,NEURL1
GO_Biological_Process_2023,Response To Epidermal Growth Factor (GO:0070849),1/30,0.9831398146986436,0.9999961907768526,0,0,0.2364144442334301,0.0040199761490382,KNSTRN
GO_Biological_Process_2023,Negative Regulation Of Amide Metabolic Process (GO:0034249),6/93,0.983357987637011,0.9999961907768526,0,0,0.4721840892718796,0.00792421532263,TRIM71;GRB7;IGF2BP1;TYMS;GAPDH;MRPL13
GO_Biological_Process_2023,Positive Regulation Of Protein Kinase B Signaling (GO:0051897),6/93,0.983357987637011,0.9999961907768526,0,0,0.4721840892718796,0.00792421532263,RET;F7;SRC;MAZ;IL18;GATA3
GO_Biological_Process_2023,Protein O-linked Glycosylation (GO:0006493),6/93,0.983357987637011,0.9999961907768526,0,0,0.4721840892718796,0.00792421532263,GALNT7;FUT5;GALNT6;TET3;GCNT3;FUT3
GO_Biological_Process_2023,Regulation Of Endothelial Cell Proliferation (GO:0001936),6/93,0.983357987637011,0.9999961907768526,0,0,0.4721840892718796,0.00792421532263,NELL2;CCL11;STAT1;SORD;FUT2;SULF1
GO_Biological_Process_2023,Negative Regulation Of Response To External Stimulus (GO:0032102),11/146,0.9834502597355916,0.9999961907768526,0,0,0.5574337370545901,0.0093025752672671,RTN4R;CLDN3;PROC;PARP1;SERPINE1;EPPK1;GATA3;SMPDL3B;YWHAZ;AURKB;CERS2
GO_Biological_Process_2023,I-kappaB kinase/NF-kappaB Signaling (GO:0007249),2/45,0.9834648171531633,0.9999961907768526,0,0,0.3187538324959044,0.0053147148988729,RIPK2;ZNF675
GO_Biological_Process_2023,Epidermal Growth Factor Receptor Signaling Pathway (GO:0007173),2/45,0.9834648171531633,0.9999961907768526,0,0,0.3187538324959044,0.0053147148988729,GRB7;SRC
GO_Biological_Process_2023,Establishment Of Protein Localization To Extracellular Region (GO:0035592),2/45,0.9834648171531633,0.9999961907768526,0,0,0.3187538324959044,0.0053147148988729,RAB3A;RAB3D
GO_Biological_Process_2023,Regulation Of Cellular Metabolic Process (GO:0031323),2/45,0.9834648171531633,0.9999961907768526,0,0,0.3187538324959044,0.0053147148988729,MBOAT7;FOXM1
GO_Biological_Process_2023,Triglyceride Metabolic Process (GO:0006641),2/45,0.9834648171531633,0.9999961907768526,0,0,0.3187538324959044,0.0053147148988729,GK3;PNPLA1
GO_Biological_Process_2023,Negative Regulation Of Protein Binding (GO:0032091),4/71,0.9846998312402644,0.9999961907768526,0,0,0.4089046692492637,0.0063046656111563,XIRP1;AURKB;TTBK1;AURKA
GO_Biological_Process_2023,Positive Regulation Of Cell-Substrate Adhesion (GO:0010811),4/71,0.9846998312402644,0.9999961907768526,0,0,0.4089046692492637,0.0063046656111563,AGR2;FN1;RAC3;NPNT
GO_Biological_Process_2023,Synapse Assembly (GO:0007416),4/71,0.9846998312402644,0.9999961907768526,0,0,0.4089046692492637,0.0063046656111563,CDH2;CDK5;CDH1;POU4F1
GO_Biological_Process_2023,Cellular Response To Hormone Stimulus (GO:0032870),6/94,0.9847429809229292,0.9999961907768526,0,0,0.4667914860070949,0.0071767346830615,SRC;WT1;ATP1A3;RAMP1;CACNA1H;SLC5A5
GO_Biological_Process_2023,Positive Regulation Of DNA-binding Transcription Factor Activity (GO:0051091),21/246,0.9849799487437996,0.9999961907768526,0,0,0.637716098334655,0.0096511920028951,FOXA1;FZD2;RIPK2;RFPL2;RTKN2;CAMK2A;IL18;TRAF2;NOD2;PRKCZ;LRP8;PYCARD;AIM2;ZIC2;CLEC7A;TNFSF11;ADAM8;NKX6-1;RHEBL1;CARD14;WNT2
GO_Biological_Process_2023,Regulation Of Cell Death (GO:0010941),3/59,0.985060588950938,0.9999961907768526,0,0,0.3670064679415073,0.0055242283603568,CHMP4C;AGR2;CCN4
GO_Biological_Process_2023,Regulation Of Type I Interferon Production (GO:0032479),3/59,0.985060588950938,0.9999961907768526,0,0,0.3670064679415073,0.0055242283603568,GARIN5A;IRF7;GAPDH
GO_Biological_Process_2023,Positive Regulation Of Proteasomal Ubiquitin-Dependent Protein Catabolic Process (GO:0032436),5/83,0.9851500156456346,0.9999961907768526,0,0,0.4389434442625932,0.0065671861744231,CDC20;CDC20B;PLK1;TRIB3;NKD2
GO_Biological_Process_2023,Regulation Of NIK/NF-kappaB Signaling (GO:1901222),5/83,0.9851500156456346,0.9999961907768526,0,0,0.4389434442625932,0.0065671861744231,PYCARD;RTKN2;IL12B;NOD2;EZR
GO_Biological_Process_2023,acyl-CoA Metabolic Process (GO:0006637),1/31,0.9852865109611932,0.9999961907768526,0,0,0.2285208497246262,0.0033873202300632,ACOT7
GO_Biological_Process_2023,Antigen Processing And Presentation Of Exogenous Peptide Antigen (GO:0002478),1/31,0.9852865109611932,0.9999961907768526,0,0,0.2285208497246262,0.0033873202300632,IFI30
GO_Biological_Process_2023,Organic Cation Transport (GO:0015695),1/31,0.9852865109611932,0.9999961907768526,0,0,0.2285208497246262,0.0033873202300632,SLC44A4
GO_Biological_Process_2023,Phospholipid Translocation (GO:0045332),1/31,0.9852865109611932,0.9999961907768526,0,0,0.2285208497246262,0.0033873202300632,MFSD2A
GO_Biological_Process_2023,Regulation Of Dendrite Morphogenesis (GO:0048814),1/31,0.9852865109611932,0.9999961907768526,0,0,0.2285208497246262,0.0033873202300632,CHRNA3
GO_Biological_Process_2023,Regulation Of Gluconeogenesis (GO:0006111),1/31,0.9852865109611932,0.9999961907768526,0,0,0.2285208497246262,0.0033873202300632,ERFE
GO_Biological_Process_2023,Regulation Of Long-Term Synaptic Potentiation (GO:1900271),1/31,0.9852865109611932,0.9999961907768526,0,0,0.2285208497246262,0.0033873202300632,AKAP5
GO_Biological_Process_2023,Regulation Of Macrophage Activation (GO:0043030),1/31,0.9852865109611932,0.9999961907768526,0,0,0.2285208497246262,0.0033873202300632,GPR137B
GO_Biological_Process_2023,Regulation Of Protein Localization To Cell Surface (GO:2000008),1/31,0.9852865109611932,0.9999961907768526,0,0,0.2285208497246262,0.0033873202300632,ACTN2
GO_Biological_Process_2023,Regulation Of Response To Biotic Stimulus (GO:0002831),1/31,0.9852865109611932,0.9999961907768526,0,0,0.2285208497246262,0.0033873202300632,LRP8
GO_Biological_Process_2023,Toll-Like Receptor Signaling Pathway (GO:0002224),1/31,0.9852865109611932,0.9999961907768526,0,0,0.2285208497246262,0.0033873202300632,TNIP3
GO_Biological_Process_2023,Homotypic Cell-Cell Adhesion (GO:0034109),2/46,0.9852926939985384,0.9999961907768526,0,0,0.311491538764266,0.0046152239416548,CEACAM5;CDHR2
GO_Biological_Process_2023,Protein Sumoylation (GO:0016925),2/46,0.9852926939985384,0.9999961907768526,0,0,0.311491538764266,0.0046152239416548,CBX4;STX1A
GO_Biological_Process_2023,Response To Hydrogen Peroxide (GO:0042542),2/46,0.9852926939985384,0.9999961907768526,0,0,0.311491538764266,0.0046152239416548,ECT2;PAX2
GO_Biological_Process_2023,Cellular Response To Hypoxia (GO:0071456),4/72,0.9861320325578744,0.9999961907768526,0,0,0.4028681972986122,0.0056260648839997,EGLN3;TERT;PMAIP1;ADAM8
GO_Biological_Process_2023,Regulation Of Cellular Localization (GO:0060341),4/72,0.9861320325578744,0.9999961907768526,0,0,0.4028681972986122,0.0056260648839997,PARD6B;PARP1;RFPL2;TRIM46
GO_Biological_Process_2023,Second-Messenger-Mediated Signaling (GO:0019932),4/72,0.9861320325578744,0.9999961907768526,0,0,0.4028681972986122,0.0056260648839997,FCGR3A;EDN2;TNFSF11;CXCR4
GO_Biological_Process_2023,Purine Ribonucleotide Metabolic Process (GO:0009150),5/84,0.9864603708113332,0.9999961907768526,0,0,0.4333622607255788,0.005907648868329,ACOT7;ENTPD7;HPRT1;ADSS2;MYH6
GO_Biological_Process_2023,Negative Regulation Of Protein Phosphorylation (GO:0001933),11/149,0.986659531983749,0.9999961907768526,0,0,0.5452211690363349,0.0073224573992033,GREM1;DBNDD1;OCLN;CAMK2N2;SORD;PYDC1;TRIB3;CEP85;INSM1;PRKCZ;PPM1E
GO_Biological_Process_2023,Insulin Receptor Signaling Pathway (GO:0008286),2/47,0.9869232477873356,0.9999961907768526,0,0,0.3045520136429227,0.0040088198932834,GRB7;PIK3R2
GO_Biological_Process_2023,Negative Regulation Of Hydrolase Activity (GO:0051346),2/47,0.9869232477873356,0.9999961907768526,0,0,0.3045520136429227,0.0040088198932834,RCC2;CAMK2A
GO_Biological_Process_2023,Positive Regulation Of TOR Signaling (GO:0032008),2/47,0.9869232477873356,0.9999961907768526,0,0,0.3045520136429227,0.0040088198932834,GPR137B;GPR137C
GO_Biological_Process_2023,Intracellular Calcium Ion Homeostasis (GO:0006874),10/139,0.9870249156210956,0.9999961907768526,0,0,0.53030233476253,0.0069257464115716,SLC24A2;EDN2;CCL11;CCL7;ATP2A1;TNNI3;ATP2C2;BAK1;DRD4;SLC8A2
GO_Biological_Process_2023,Amide Transport (GO:0042886),1/32,0.9871599344544983,0.9999961907768526,0,0,0.2211365193776807,0.0028577940519856,SLC38A5
GO_Biological_Process_2023,Female Gamete Generation (GO:0007292),1/32,0.9871599344544983,0.9999961907768526,0,0,0.2211365193776807,0.0028577940519856,TRIP13
GO_Biological_Process_2023,Histone Lysine Methylation (GO:0034968),1/32,0.9871599344544983,0.9999961907768526,0,0,0.2211365193776807,0.0028577940519856,SMYD3
GO_Biological_Process_2023,Negative Regulation Of Osteoblast Differentiation (GO:0045668),1/32,0.9871599344544983,0.9999961907768526,0,0,0.2211365193776807,0.0028577940519856,GREM1
GO_Biological_Process_2023,Vesicle Budding From Membrane (GO:0006900),1/32,0.9871599344544983,0.9999961907768526,0,0,0.2211365193776807,0.0028577940519856,CHMP4C
GO_Biological_Process_2023,Cellular Response To Transforming Growth Factor Beta Stimulus (GO:0071560),6/96,0.9871949068258028,0.9999961907768526,0,0,0.4563657863618447,0.0058815441617422,GARS1;COL3A1;COL1A2;SRC;FOXH1;WNT2
GO_Biological_Process_2023,Cellular Response To Decreased Oxygen Levels (GO:0036294),4/73,0.9874360931737276,0.9999961907768526,0,0,0.3970066955494289,0.0050195541847389,EGLN3;TERT;PMAIP1;ADAM8
GO_Biological_Process_2023,Protein Tetramerization (GO:0051262),4/73,0.9874360931737276,0.9999961907768526,0,0,0.3970066955494289,0.0050195541847389,GBP5;TDO2;TK1;HPRT1
GO_Biological_Process_2023,Ubiquitin-Dependent ERAD Pathway (GO:0030433),4/73,0.9874360931737276,0.9999961907768526,0,0,0.3970066955494289,0.0050195541847389,FOXRED2;DERL3;NCCRP1;CLGN
GO_Biological_Process_2023,Regulation Of DNA Repair (GO:0006282),9/129,0.9875354779194028,0.9999961907768526,0,0,0.513131412786109,0.006436133340235,BARD1;H2AX;DEPDC1B;PPP4C;PCNA;PARP1;DPF1;ACTL6A;BRCA1
GO_Biological_Process_2023,Establishment Of Protein Localization To Organelle (GO:0072594),5/85,0.9876609075770938,0.9999961907768526,0,0,0.4279206067769897,0.0053129985359312,MMP12;RANBP17;KPNA7;E2F3;KPNA2
GO_Biological_Process_2023,Heart Development (GO:0007507),13/171,0.9880408349339967,0.9999961907768526,0,0,0.5625831790663931,0.0067685795389667,FN1;GATA5;MICAL2;GATA4;POU4F1;COL3A1;TH;ERBB3;WT1;TNNI3;SOX4;MYH6;STRA6
GO_Biological_Process_2023,Negative Regulation Of Intracellular Signal Transduction (GO:1902532),19/231,0.9883537134610348,0.9999961907768526,0,0,0.6123385312322459,0.0071733228358859,MINAR1;SLC2A10;STAT1;SRC;RTKN2;PLAUR;SORD;PIK3R2;SLA2;CYRIB;MMP9;CIT;PYCARD;SPRED3;NUAK2;AIM2;TNIP3;TBC1D7;TRIM59
GO_Biological_Process_2023,Positive Regulation Of Phosphorylation (GO:0042327),19/231,0.9883537134610348,0.9999961907768526,0,0,0.6123385312322459,0.0071733228358859,DDR1;RET;PLAUR;CDCA8;RASGRP1;MMP9;AURKB;FGF5;CCNA2;CLDN3;ERBB3;BIRC5;FGFR4;AMH;ROS1;CARD14;FGFR3;DRD4;PROM2
GO_Biological_Process_2023,Cellular Response To Mechanical Stimulus (GO:0071260),2/48,0.9883770817035846,0.9999961907768526,0,0,0.2979142070051161,0.0034829127315109,CHEK1;BAK1
GO_Biological_Process_2023,Negative Regulation Of Cellular Process (GO:0048523),52/537,0.9884294294346416,0.9999961907768526,0,0,0.7305011443257583,0.0085015945894448,ADAMDEC1;SIRPG;SPINT2;BRCA1;RND1;MCIDAS;CCN4;MYBL1;SOX4;MINAR1;H2AC8;H2AC6;ACTL6A;F2R;FOXP3;TEX19;NME1;VAMP8;DCSTAMP;CLDN3;PSRC1;CHMP4C;NUPR2;BLM;GATA3;CYP27B1;IFNL1;ERBB3;AGR2;PRAME;S100A11;E2F7;PLXNA3;BARD1;TFAP2A;CDT1;CDKN2A;HMGA1;CDC6;INHBA;DHRS2;HOPX;SLURP1;DLG3;FABP6;WT1;NEURL1;ST20;INSM1;APOBEC3A;CDKN3;APOBEC3B
GO_Biological_Process_2023,Negative Regulation Of Gene Expression (GO:0010629),30/336,0.9884647305088544,0.9999961907768526,0,0,0.6691088691744107,0.007763213085195,TRIM71;GRB7;GATA5;TYMS;MRPL13;MACROH2A1;TTBK1;AURKA;TERT;CREB3L1;CHEK1;MAEL;IGF2BP1;AMH;MSR1;SLC2A10;SLC11A1;SORD;SOX11;POU4F1;FOXP3;PTBP3;SLC7A5;OCLN;CLDN3;MYCN;RBL1;IFNG;GAPDH;EZH2
GO_Biological_Process_2023,Regulation Of mRNA Stability (GO:0043488),4/74,0.9886227623674751,0.9999961907768526,0,0,0.3913126652787936,0.0044775769856376,GDNF;SLC11A1;E2F1;IGF2BP1
GO_Biological_Process_2023,Glycolipid Metabolic Process (GO:0006664),1/33,0.9887948601152222,0.9999961907768526,0,0,0.2142137096774193,0.0024138437087687,FUT2
GO_Biological_Process_2023,Negative Regulation Of Small Molecule Metabolic Process (GO:0062014),1/33,0.9887948601152222,0.9999961907768526,0,0,0.2142137096774193,0.0024138437087687,ERFE
GO_Biological_Process_2023,Positive Regulation Of Protein Dephosphorylation (GO:0035307),1/33,0.9887948601152222,0.9999961907768526,0,0,0.2142137096774193,0.0024138437087687,CDCA2
GO_Biological_Process_2023,Regulation Of Lamellipodium Assembly (GO:0010591),1/33,0.9887948601152222,0.9999961907768526,0,0,0.2142137096774193,0.0024138437087687,OCLN
GO_Biological_Process_2023,Ubiquitin-Dependent Protein Catabolic Process Via The Multivesicular Body Sorting Pathway (GO:0043162),1/33,0.9887948601152222,0.9999961907768526,0,0,0.2142137096774193,0.0024138437087687,CHMP4C
GO_Biological_Process_2023,Regulation Of Macromolecule Metabolic Process (GO:0060255),12/162,0.9890178750121316,0.9999961907768526,0,0,0.5470406953773213,0.0060409013070223,TCF19;GDNF;CDH1;LHX1;TMPRSS4;CAVIN4;IGF2BP1;INSM1;ASCL1;HNRNPAB;TRIM11;SLC8A2
GO_Biological_Process_2023,Protein-Containing Complex Disassembly (GO:0032984),3/62,0.989153854958364,0.9999961907768526,0,0,0.3482850660616575,0.0037981856162277,VAMP8;LIX1;CHMP4C
GO_Biological_Process_2023,Regulation Of Embryonic Development (GO:0045995),3/62,0.989153854958364,0.9999961907768526,0,0,0.3482850660616575,0.0037981856162277,RACGAP1;LHX1;CDK1
GO_Biological_Process_2023,Regulation Of Plasma Membrane Bounded Cell Projection Assembly (GO:0120032),4/75,0.98970197465027,0.9999961907768526,0,0,0.3857790302270495,0.0039933595656904,MCIDAS;DYNLT2B;RAB17;MAPK15
GO_Biological_Process_2023,Adenylate Cyclase-Modulating G Protein-Coupled Receptor Signaling Pathway (GO:0007188),12/163,0.9897765826864146,0.9999961907768526,0,0,0.5433865105800655,0.00558385900548,CXCL10;CXCL11;CXCL9;ADORA2A;ADGRF4;ADM2;HTR1D;GRM8;GPR37L1;AKAP5;GPHA2;RAMP1
GO_Biological_Process_2023,Nitrogen Compound Transport (GO:0071705),12/163,0.9897765826864146,0.9999961907768526,0,0,0.5433865105800655,0.00558385900548,SLC7A5;SLC38A1;CENPF;RACGAP1;SLC11A1;SLC52A2;AQP9;SLC52A3;FLVCR1;RHBG;RAMP1;SLC38A5
GO_Biological_Process_2023,Cilium Assembly (GO:0060271),20/243,0.9898347508256946,0.9999961907768526,0,0,0.6126239493520597,0.0062593431618469,DYNC2I2;PLK4;DNAAF3;DYNLT2B;KIF24;FOXJ1;FHDC1;RSPH1;MCIDAS;TBC1D31;NME8;CFAP47;POC1A;HYLS1;TEKT5;ZMYND10;RAB17;CIBAR2;SSX2IP;PIERCE1
GO_Biological_Process_2023,Embryonic Limb Morphogenesis (GO:0030326),1/34,0.9902216394156153,0.9999961907768526,0,0,0.2077104642014162,0.0020410632857624,TFAP2A
GO_Biological_Process_2023,Microtubule Polymerization (GO:0046785),1/34,0.9902216394156153,0.9999961907768526,0,0,0.2077104642014162,0.0020410632857624,TPX2
GO_Biological_Process_2023,Positive Regulation Of Organelle Organization (GO:0010638),1/34,0.9902216394156153,0.9999961907768526,0,0,0.2077104642014162,0.0020410632857624,PLXNA3
GO_Biological_Process_2023,Regulation Of DNA Biosynthetic Process (GO:2000278),1/34,0.9902216394156153,0.9999961907768526,0,0,0.2077104642014162,0.0020410632857624,FGFR4
GO_Biological_Process_2023,Transcription Initiation-Coupled Chromatin Remodeling (GO:0045815),1/34,0.9902216394156153,0.9999961907768526,0,0,0.2077104642014162,0.0020410632857624,MACROH2A1
GO_Biological_Process_2023,Positive Regulation Of GTPase Activity (GO:0043547),19/234,0.9903024283996812,0.9999961907768526,0,0,0.6036892345114805,0.0058828907819065,RTN4R;ARHGAP11A;CCL11;CCL20;F2R;RASGRF1;ARHGEF16;FOXJ1;CXCL13;SIPA1L3;RASGRP1;RAP1GAP;CCL7;TBC1D30;TBC1D7;RGS8;ECT2;CCL17;EZH2
GO_Biological_Process_2023,Positive Regulation Of Protein Secretion (GO:0050714),4/76,0.9906829007638894,0.9999961907768526,0,0,0.3803991072600761,0.0035608304167083,SLC30A8;ADAM8;EZR;SOX4
GO_Biological_Process_2023,Transcription Initiation At RNA Polymerase II Promoter (GO:0006367),4/76,0.9906829007638894,0.9999961907768526,0,0,0.3803991072600761,0.0035608304167083,TAF7L;MAZ;E2F2;E2F3
GO_Biological_Process_2023,Regulation Of Transforming Growth Factor Beta Receptor Signaling Pathway (GO:0017015),7/111,0.990801912867164,0.9999961907768526,0,0,0.4605640317884009,0.0042559113610919,SPRED3;BCL9;SLC2A10;HTRA4;SOX11;NREP;ASPN
GO_Biological_Process_2023,"G Protein-Coupled Receptor Signaling Pathway, Coupled To Cyclic Nucleotide Second Messenger (GO:0007187)",2/50,0.990826956090976,0.9999961907768526,0,0,0.2854683195592286,0.0026306977144892,HTR1D;DRD4
GO_Biological_Process_2023,Dicarboxylic Acid Metabolic Process (GO:0043648),2/50,0.990826956090976,0.9999961907768526,0,0,0.2854683195592286,0.0026306977144892,MTHFD2;IDH2
GO_Biological_Process_2023,Nucleocytoplasmic Transport (GO:0006913),2/50,0.990826956090976,0.9999961907768526,0,0,0.2854683195592286,0.0026306977144892,NUP210;RAE1
GO_Biological_Process_2023,Positive Regulation Of Cell Death (GO:0010942),2/50,0.990826956090976,0.9999961907768526,0,0,0.2854683195592286,0.0026306977144892,IFNG;MMP3
GO_Biological_Process_2023,Pyruvate Metabolic Process (GO:0006090),2/50,0.990826956090976,0.9999961907768526,0,0,0.2854683195592286,0.0026306977144892,SDS;GAPDH
GO_Biological_Process_2023,Regulation Of TORC1 Signaling (GO:1903432),2/50,0.990826956090976,0.9999961907768526,0,0,0.2854683195592286,0.0026306977144892,GPR137B;GPR137C
GO_Biological_Process_2023,Regulation Of Mitochondrion Organization (GO:0010821),2/50,0.990826956090976,0.9999961907768526,0,0,0.2854683195592286,0.0026306977144892,CYRIB;MYO19
GO_Biological_Process_2023,Ribosome Assembly (GO:0042255),2/50,0.990826956090976,0.9999961907768526,0,0,0.2854683195592286,0.0026306977144892,MTERF3;RRS1
GO_Biological_Process_2023,Positive Regulation Of I-kappaB kinase/NF-kappaB Signaling (GO:0043123),13/175,0.990953332419387,0.9999961907768526,0,0,0.5485653637827551,0.0049852726999921,CANT1;PARP1;RIPK2;SLC20A1;RFPL2;F2R;ZDHHC13;TRAF2;NOD2;INAVA;CLEC7A;ECT2;GAPDH
GO_Biological_Process_2023,ncRNA Processing (GO:0034470),6/100,0.9910287525237588,0.9999961907768526,0,0,0.4368453274515888,0.0039367327658971,EXOSC4;POP1;NVL;INTS7;INTS8;DCAF13
GO_Biological_Process_2023,Positive Regulation Of Protein Metabolic Process (GO:0051247),15/196,0.991350768460294,0.9999961907768526,0,0,0.5663420518917407,0.0049197302841145,BARD1;UHRF1;CD80;PLK1;IL18;INHBA;PASK;RASGRP1;SLC6A9;TFR2;IL12B;BAK1;EZR;FGFR4;SOX4
GO_Biological_Process_2023,Cellular Response To Amino Acid Stimulus (GO:0071230),1/35,0.9914667623720572,0.9999961907768526,0,0,0.2015897625769426,0.001727594864217,NEURL1
GO_Biological_Process_2023,Hexose Biosynthetic Process (GO:0019319),1/35,0.9914667623720572,0.9999961907768526,0,0,0.2015897625769426,0.001727594864217,SORD
GO_Biological_Process_2023,One-Carbon Compound Transport (GO:0019755),1/35,0.9914667623720572,0.9999961907768526,0,0,0.2015897625769426,0.001727594864217,SLC4A8
GO_Biological_Process_2023,Positive Regulation Of Substrate Adhesion-Dependent Cell Spreading (GO:1900026),1/35,0.9914667623720572,0.9999961907768526,0,0,0.2015897625769426,0.001727594864217,RAC3
GO_Biological_Process_2023,Regulation Of Cardiac Muscle Contraction (GO:0055117),1/35,0.9914667623720572,0.9999961907768526,0,0,0.2015897625769426,0.001727594864217,TNNI3
GO_Biological_Process_2023,Regulation Of mRNA Processing (GO:0050684),1/35,0.9914667623720572,0.9999961907768526,0,0,0.2015897625769426,0.001727594864217,SRPK1
GO_Biological_Process_2023,Response To Nutrient Levels (GO:0031667),1/35,0.9914667623720572,0.9999961907768526,0,0,0.2015897625769426,0.001727594864217,LGSN
GO_Biological_Process_2023,ERAD Pathway (GO:0036503),5/89,0.9915271685396402,0.9999961907768526,0,0,0.4074496228751548,0.0034669602974536,FOXRED2;BRSK2;DERL3;NCCRP1;CLGN
GO_Biological_Process_2023,Cellular Response To Peptide Hormone Stimulus (GO:0071375),5/89,0.9915271685396402,0.9999961907768526,0,0,0.4074496228751548,0.0034669602974536,RAB31;PARP1;SRC;TRIB3;PIK3R2
GO_Biological_Process_2023,Positive Regulation Of Peptidyl-Serine Phosphorylation (GO:0033138),5/89,0.9915271685396402,0.9999961907768526,0,0,0.4074496228751548,0.0034669602974536,TCL1B;IL11;IFNG;RIPK2;AMH
GO_Biological_Process_2023,Regulation Of Transcription Elongation By RNA Polymerase II (GO:0034243),4/77,0.9915739965217998,0.9999961907768526,0,0,0.3751665794428828,0.0031745481417771,PARP1;INTS7;INTS8;ELL3
GO_Biological_Process_2023,Antigen Receptor-Mediated Signaling Pathway (GO:0050851),9/134,0.9915945057072252,0.9999961907768526,0,0,0.49246408839779,0.0041568990580412,IGHG3;VAV3;IGHG4;IGHG1;IGHG2;RIPK2;IGHE;GATA3;SLA2
GO_Biological_Process_2023,Hemopoiesis (GO:0030097),6/101,0.9918012055602125,0.9999961907768526,0,0,0.4322220608675808,0.003558306756876,MELK;RTKN2;MYB;TMEM190;INHBA;RUNX2
GO_Biological_Process_2023,Cholesterol Transport (GO:0030301),2/51,0.991854703257388,0.9999961907768526,0,0,0.2796263723907509,0.0022869664865117,MSR1;APOC2
GO_Biological_Process_2023,Negative Regulation Of MAP Kinase Activity (GO:0043407),2/51,0.991854703257388,0.9999961907768526,0,0,0.2796263723907509,0.0022869664865117,CBLC;ZNF675
GO_Biological_Process_2023,Receptor Internalization (GO:0031623),2/51,0.991854703257388,0.9999961907768526,0,0,0.2796263723907509,0.0022869664865117,RAB31;RAMP1
GO_Biological_Process_2023,Regulation Of Substrate Adhesion-Dependent Cell Spreading (GO:1900024),2/51,0.991854703257388,0.9999961907768526,0,0,0.2796263723907509,0.0022869664865117,RCC2;RAC3
GO_Biological_Process_2023,Regulation Of Synapse Assembly (GO:0051963),2/51,0.991854703257388,0.9999961907768526,0,0,0.2796263723907509,0.0022869664865117,SYNDIG1;RAB17
GO_Biological_Process_2023,Regulation Of Cell Growth (GO:0001558),18/227,0.9918912120399324,0.9999961907768526,0,0,0.5883064095883273,0.0047898984188009,MINAR1;SLC44A4;CDKN2A;HPN;KIF14;TMEM97;BRCA1;INHBA;CYP27B1;DCSTAMP;EXOSC4;PSRC1;WT1;ST20;ROS1;H3-3A;MFSD2A;PAK4
GO_Biological_Process_2023,Regulation Of Cytokine Production (GO:0001817),12/167,0.992350220873744,0.9999961907768526,0,0,0.5292412791068174,0.0040641436857828,IFNG;SLC11A1;ZBTB32;IRF7;IGF2BP1;CCN4;IL12B;ISG15;GATA3;AMH;FOXP3;GAPDH
GO_Biological_Process_2023,Negative Regulation Of Protein Modification Process (GO:0031400),4/78,0.9923830504648508,0.9999961907768526,0,0,0.3700754712964244,0.0028296365215128,OCLN;SORD;INSM1;FOXP3
GO_Biological_Process_2023,Regulation Of TOR Signaling (GO:0032006),4/78,0.9923830504648508,0.9999961907768526,0,0,0.3700754712964244,0.0028296365215128,MINAR1;NUAK2;TBC1D7;ROS1
GO_Biological_Process_2023,Blood Vessel Diameter Maintenance (GO:0097746),1/36,0.9925533492095316,0.9999961907768526,0,0,0.1958188153310104,0.0014636507729728,EDN2
GO_Biological_Process_2023,Lytic Vacuole Organization (GO:0080171),1/36,0.9925533492095316,0.9999961907768526,0,0,0.1958188153310104,0.0014636507729728,HOOK1
GO_Biological_Process_2023,Negative Regulation Of Protein Kinase B Signaling (GO:0051898),1/36,0.9925533492095316,0.9999961907768526,0,0,0.1958188153310104,0.0014636507729728,SORD
GO_Biological_Process_2023,Protein Destabilization (GO:0031648),1/36,0.9925533492095316,0.9999961907768526,0,0,0.1958188153310104,0.0014636507729728,PLK1
GO_Biological_Process_2023,Regulation Of Intracellular Protein Transport (GO:0033157),1/36,0.9925533492095316,0.9999961907768526,0,0,0.1958188153310104,0.0014636507729728,KIF20B
GO_Biological_Process_2023,Regulation Of Receptor Internalization (GO:0002090),1/36,0.9925533492095316,0.9999961907768526,0,0,0.1958188153310104,0.0014636507729728,GREM1
GO_Biological_Process_2023,Arachidonic Acid Metabolic Process (GO:0019369),2/52,0.992769475659622,0.9999961907768526,0,0,0.2740181031090122,0.0019884921795279,CYP2B6;FAAH2
GO_Biological_Process_2023,Icosanoid Metabolic Process (GO:0006690),2/52,0.992769475659622,0.9999961907768526,0,0,0.2740181031090122,0.0019884921795279,PYCARD;FAAH2
GO_Biological_Process_2023,Regulation Of Protein Kinase B Signaling (GO:0051896),9/136,0.992839987127612,0.9999961907768526,0,0,0.4846528161880317,0.0034826030756759,RET;F7;AIM2;SRC;MAZ;IL18;SORD;GATA4;GATA3
GO_Biological_Process_2023,Response To Reactive Oxygen Species (GO:0000302),3/66,0.992963608329127,0.9999961907768526,0,0,0.3260967379077615,0.0023026550961834,PTPRN;MMP9;S100A7
GO_Biological_Process_2023,Protein Glycosylation (GO:0006486),10/147,0.9929651987274528,0.9999961907768526,0,0,0.4991052414695364,0.0035235143819938,GALNT7;FUT5;GALNT6;FUT7;PMM2;TET3;ALG3;GCNT3;FUT2;FUT3
GO_Biological_Process_2023,Lymphocyte Differentiation (GO:0030098),5/91,0.9929970629583438,0.9999961907768526,0,0,0.3979282350138362,0.0027964695958552,TPD52;IL11;PIK3R2;GATA3;SOX4
GO_Biological_Process_2023,Regulation Of Actin Cytoskeleton Organization (GO:0032956),5/91,0.9929970629583438,0.9999961907768526,0,0,0.3979282350138362,0.0027964695958552,BAIAP2L1;RAC3;CELSR1;EZR;SMIM22
GO_Biological_Process_2023,Regulation Of Inflammatory Response (GO:0050727),19/240,0.9933305013409692,0.9999961907768526,0,0,0.5870951086761658,0.0039287460352934,SEMA7A;IL20;SERPINE1;MMP3;IL18;ACOD1;GATA3;NOD2;MMP9;PYCARD;PROC;AIM2;IFNG;NLRP7;TNFSF4;IGF2BP1;CCN4;IL12B;SMPDL3B
GO_Biological_Process_2023,Negative Regulation Of Cellular Biosynthetic Process (GO:0031327),9/137,0.9933954962799632,0.9999961907768526,0,0,0.4808387184293607,0.0031862344735493,TRIM71;GRB7;IGF2BP1;TRIB3;BRCA1;ERFE;TYMS;MRPL13;GAPDH
GO_Biological_Process_2023,Muscle Cell Differentiation (GO:0042692),1/37,0.993501578201896,0.9999961907768526,0,0,0.1903684762654078,0.001241131736547,ACTN2
GO_Biological_Process_2023,Negative Regulation Of Endothelial Cell Migration (GO:0010596),1/37,0.993501578201896,0.9999961907768526,0,0,0.1903684762654078,0.001241131736547,DNAJA4
GO_Biological_Process_2023,Regulation Of Sodium Ion Transmembrane Transporter Activity (GO:2000649),1/37,0.993501578201896,0.9999961907768526,0,0,0.1903684762654078,0.001241131736547,FXYD3
GO_Biological_Process_2023,Spliceosomal snRNP Assembly (GO:0000387),1/37,0.993501578201896,0.9999961907768526,0,0,0.1903684762654078,0.001241131736547,LSM4
GO_Biological_Process_2023,Positive Regulation Of Apoptotic Process (GO:0043065),22/270,0.993519340552557,0.9999961907768526,0,0,0.6055552712057427,0.0039371690397363,BARD1;TOP2A;FOXA1;TFAP2A;PRR7;TNFRSF12A;HTRA4;MLLT11;PYCARD;MELK;CDK5;CASP3;NEURL1;E2F1;IGF2BP1;PMAIP1;PLEKHN1;BAK1;ECT2;SOX4;SPDEF;CDK5R1
GO_Biological_Process_2023,Protein-Containing Complex Assembly (GO:0065003),28/328,0.9935411240432024,0.9999961907768526,0,0,0.6367077534791252,0.004125754658616,BLM;CHRNA3;SRC;SLC2A1;CENPA;PARD6B;KNTC1;DLGAP5;RAB5IF;CENPW;DNAAF3;FN1;TRAF2;MAPK8IP2;HIGD2B;PRLR;HOPX;VAMP8;ANLN;CENPE;GARS1;OCLN;CENPF;AIM2;NSG2;CLDN14;MZB1;SHANK1
GO_Biological_Process_2023,Negative Regulation Of Metabolic Process (GO:0009892),2/53,0.9935833726628274,0.9999961907768526,0,0,0.2686297659559691,0.0017292510318663,APOC2;HOXC10
GO_Biological_Process_2023,Regulation Of Macromolecule Biosynthetic Process (GO:0010556),2/53,0.9935833726628274,0.9999961907768526,0,0,0.2686297659559691,0.0017292510318663,MSI2;PKP3
GO_Biological_Process_2023,B Cell Activation (GO:0042113),5/92,0.9936373360196832,0.9999961907768526,0,0,0.3933317029428548,0.0025106331130571,TPD52;IL11;CTPS1;PIK3R2;RASGRP1
GO_Biological_Process_2023,Cholesterol Metabolic Process (GO:0008203),3/67,0.9936911102493888,0.9999961907768526,0,0,0.3209830216535433,0.0020314613877683,SQLE;SH2D2A;DHCR7
GO_Biological_Process_2023,Negative Regulation Of Multicellular Organismal Process (GO:0051241),18/231,0.993726550670332,0.9999961907768526,0,0,0.5771245293543439,0.0036319659180908,FOXA1;PARP1;SLC11A1;HPN;F2R;GATA3;KREMEN2;BRCA2;GRHL2;FOXP3;HOXC10;SPRED3;PROC;IFNG;TNNT1;MARVELD3;SLAMF8;EVL
GO_Biological_Process_2023,Positive Regulation Of Vasculature Development (GO:1904018),6/104,0.9937573920080448,0.9999961907768526,0,0,0.4189183753911497,0.0026233399858015,ADM2;SERPINE1;HMGA2;GATA4;BRCA1;PAK4
GO_Biological_Process_2023,Regulation Of I-kappaB kinase/NF-kappaB Signaling (GO:0043122),18/232,0.9941207431135046,0.9999961907768526,0,0,0.5743943740168409,0.0033869783216958,CANT1;PARP1;RIPK2;SLC20A1;STAT1;RFPL2;F2R;ZDHHC13;TRAF2;NOD2;INAVA;PYCARD;TRAF4;CLEC7A;TNIP3;TRIM59;ECT2;GAPDH
GO_Biological_Process_2023,Positive Regulation Of Gene Expression (GO:0010628),44/480,0.9942168870511224,0.9999961907768526,0,0,0.6873611830053122,0.0039866260554796,MYLK2;HPN;MAZ;LEF1;SCX;GATA5;BRCA1;MACROH2A1;TTBK1;FGF5;CYP27B1;CLEC7A;LAMP3;AGR2;DNMT3B;E2F1;AMH;SOX4;TFAP2A;NAT8B;FOXD1;SLC2A10;SLC11A1;FN1;HMGA2;SOX11;INHBA;PASK;POU4F1;ADAM19;GARS1;OCLN;CLDN3;MYCN;IFNG;TFR2;WT1;DNAJA4;ADM2;PKP3;EZR;BMPR1B;FGFR4;GAPDH
GO_Biological_Process_2023,Negative Regulation Of MAPK Cascade (GO:0043409),6/105,0.9943041706735284,0.9999961907768526,0,0,0.4146629877808435,0.0023686016035531,SPRED3;PSCA;CBLC;PIK3R2;EZR;FOXM1
GO_Biological_Process_2023,Negative Regulation Of Protein Catabolic Process (GO:0042177),2/54,0.9943072449847864,0.9999961907768526,0,0,0.2634486725395816,0.0015040338734689,LAMP3;MAD2L1
GO_Biological_Process_2023,Regulation Of Myoblast Differentiation (GO:0045661),2/54,0.9943072449847864,0.9999961907768526,0,0,0.2634486725395816,0.0015040338734689,ACTL6A;SOX4
GO_Biological_Process_2023,Ribosomal Large Subunit Biogenesis (GO:0042273),2/54,0.9943072449847864,0.9999961907768526,0,0,0.2634486725395816,0.0015040338734689,NVL;RRS1
GO_Biological_Process_2023,mRNA Transcription By RNA Polymerase II (GO:0042789),1/38,0.9943290604517858,0.9999961907768526,0,0,0.1852127501222701,0.0010533197968393,CYP27B1
GO_Biological_Process_2023,Maturation Of SSU-rRNA (GO:0030490),1/38,0.9943290604517858,0.9999961907768526,0,0,0.1852127501222701,0.0010533197968393,DCAF13
GO_Biological_Process_2023,Membrane Fission (GO:0090148),1/38,0.9943290604517858,0.9999961907768526,0,0,0.1852127501222701,0.0010533197968393,CHMP4C
GO_Biological_Process_2023,Negative Regulation Of Type I Interferon Production (GO:0032480),1/38,0.9943290604517858,0.9999961907768526,0,0,0.1852127501222701,0.0010533197968393,PYCARD
GO_Biological_Process_2023,Regulation Of Telomere Maintenance (GO:0032204),1/38,0.9943290604517858,0.9999961907768526,0,0,0.1852127501222701,0.0010533197968393,PIF1
GO_Biological_Process_2023,B Cell Differentiation (GO:0030183),3/68,0.994345439328043,0.9999961907768526,0,0,0.3160266505148394,0.0017920633231958,TPD52;IL11;PIK3R2
GO_Biological_Process_2023,Transcription By RNA Polymerase II (GO:0006366),14/192,0.9943719320790484,0.9999961907768526,0,0,0.5373754337327451,0.003032928231455,PARP1;MAZ;HSF2BP;ELL3;PAX1;ETV7;CYP27B1;LHX1;NFE2L3;DPEP1;E2F2;E2F3;TRIP13;NKX3-2
GO_Biological_Process_2023,Protein Maturation (GO:0051604),7/117,0.9945404824912404,0.9999961907768526,0,0,0.4352917981072555,0.0023829941275068,ADAM19;F7;CASP3;F12;TMPRSS4;TLL2;ECE2
GO_Biological_Process_2023,Protein Processing (GO:0016485),7/117,0.9945404824912404,0.9999961907768526,0,0,0.4352917981072555,0.0023829941275068,ADAM19;F7;F12;TMPRSS4;TLL2;MYRFL;ECE2
GO_Biological_Process_2023,Muscle Contraction (GO:0006936),5/94,0.9947538536892928,0.9999961907768526,0,0,0.384448517367475,0.0020221821528541,MYLK2;CHRNG;TPM3;MYH6;CACNA1H
GO_Biological_Process_2023,Vesicle Organization (GO:0016050),5/94,0.9947538536892928,0.9999961907768526,0,0,0.384448517367475,0.0020221821528541,PLEKHF2;VAMP8;LAPTM4B;HOOK1;CHMP4C
GO_Biological_Process_2023,Phospholipid Metabolic Process (GO:0006644),3/69,0.9949336846888016,0.9999961907768526,0,0,0.3112204724409448,0.0015807487201629,PLPPR5;MBOAT2;PLPP2
GO_Biological_Process_2023,Mitochondrion Organization (GO:0007005),11/162,0.9949623407587906,0.9999961907768526,0,0,0.4979075777073329,0.0025146279609577,TOMM40;TERT;PARP1;BIK;TIMM17A;ATP2A1;MTFR1;MTFR2;HIGD2B;RAB5IF;TYMP
GO_Biological_Process_2023,Histone H4 Acetylation (GO:0043967),1/39,0.995051166025911,0.9999961907768526,0,0,0.1803283779866661,0.0008946307233274614,ACTL6A
GO_Biological_Process_2023,Negative Regulation Of Mitochondrion Organization (GO:0010823),1/39,0.995051166025911,0.9999961907768526,0,0,0.1803283779866661,0.0008946307233274614,BAK1
GO_Biological_Process_2023,Negative Regulation Of Proteasomal Protein Catabolic Process (GO:1901799),1/39,0.995051166025911,0.9999961907768526,0,0,0.1803283779866661,0.0008946307233274614,LAMP3
GO_Biological_Process_2023,Negative Regulation Of Transport (GO:0051051),1/39,0.995051166025911,0.9999961907768526,0,0,0.1803283779866661,0.0008946307233274614,ERBB3
GO_Biological_Process_2023,Positive Regulation Of Intrinsic Apoptotic Signaling Pathway (GO:2001244),1/39,0.995051166025911,0.9999961907768526,0,0,0.1803283779866661,0.0008946307233274614,PMAIP1
GO_Biological_Process_2023,Negative Regulation Of Translation (GO:0017148),6/107,0.9952637367107704,0.9999961907768526,0,0,0.4064050078638135,0.001929413840591,TRIM71;GRB7;IGF2BP1;TYMS;MRPL13;GAPDH
GO_Biological_Process_2023,Positive Regulation Of Angiogenesis (GO:0045766),7/119,0.9954260534171104,0.9999961907768526,0,0,0.4274694400630915,0.001959707608046,GARS1;ADM2;SERPINE1;HMGA2;GATA4;BRCA1;PAK4
GO_Biological_Process_2023,Epigenetic Regulation Of Gene Expression (GO:0040029),4/83,0.9954290956810034,0.9999961907768526,0,0,0.3465532627716484,0.0015876931730204,CHEK1;H3C1;MACROH2A1;EZH2
GO_Biological_Process_2023,Phospholipase C-activating G Protein-Coupled Receptor Signaling Pathway (GO:0007200),4/83,0.9954290956810034,0.9999961907768526,0,0,0.3465532627716484,0.0015876931730204,P2RY6;F2R;FPR3;F2RL2
GO_Biological_Process_2023,Vesicle-Mediated Transport To The Plasma Membrane (GO:0098876),4/83,0.9954290956810034,0.9999961907768526,0,0,0.3465532627716484,0.0015876931730204,DENND1C;RAB17;ANKRD50;RAB11FIP4
GO_Biological_Process_2023,Mitochondrial ATP Synthesis Coupled Electron Transport (GO:0042775),3/70,0.9954622842010432,0.9999961907768526,0,0,0.3065577623692561,0.0013942377266994,COX6C;COX6A2;COA6
GO_Biological_Process_2023,Positive Regulation Of Protein Transport (GO:0051222),3/70,0.9954622842010432,0.9999961907768526,0,0,0.3065577623692561,0.0013942377266994,ADAM8;EZR;KIF20B
GO_Biological_Process_2023,Regulation Of G Protein-Coupled Receptor Signaling Pathway (GO:0008277),3/70,0.9954622842010432,0.9999961907768526,0,0,0.3065577623692561,0.0013942377266994,RGS4;GRK1;CAMK2A
GO_Biological_Process_2023,Regulation Of Cellular Biosynthetic Process (GO:0031326),3/70,0.9954622842010432,0.9999961907768526,0,0,0.3065577623692561,0.0013942377266994,MSI2;PKP3;FGFR4
GO_Biological_Process_2023,Nucleotide-Excision Repair (GO:0006289),2/56,0.9955227931500388,0.9999961907768526,0,0,0.2536621627530718,0.0011382479640979,HUS1B;BRCA2
GO_Biological_Process_2023,post-Golgi Vesicle-Mediated Transport (GO:0006892),2/56,0.9955227931500388,0.9999961907768526,0,0,0.2536621627530718,0.0011382479640979,RABIF;DOP1B
GO_Biological_Process_2023,Regulation Of Stem Cell Population Maintenance (GO:2000036),2/56,0.9955227931500388,0.9999961907768526,0,0,0.2536621627530718,0.0011382479640979,ACTL6A;HMGA2
GO_Biological_Process_2023,Regulation Of Protein Metabolic Process (GO:0051246),5/96,0.9956810624262612,0.9999961907768526,0,0,0.3759558014877164,0.0016272461593259,UHRF1;PLAUR;MSI2;PKP3;INHBA
GO_Biological_Process_2023,Positive Regulation Of Stem Cell Population Maintenance (GO:1902459),1/40,0.9956813094344886,0.9999961907768526,0,0,0.1756944864734007,0.00076041330045537,ACTL6A
GO_Biological_Process_2023,Protein Localization To Cilium (GO:0061512),1/40,0.9956813094344886,0.9999961907768526,0,0,0.1756944864734007,0.00076041330045537,MAPK15
GO_Biological_Process_2023,Regulation Of Cytosolic Calcium Ion Concentration (GO:0051480),1/40,0.9956813094344886,0.9999961907768526,0,0,0.1756944864734007,0.00076041330045537,SLC8A2
GO_Biological_Process_2023,Regulation Of Glycolytic Process (GO:0006110),1/40,0.9956813094344886,0.9999961907768526,0,0,0.1756944864734007,0.00076041330045537,IFNG
GO_Biological_Process_2023,Regulation Of Protein Dephosphorylation (GO:0035304),1/40,0.9956813094344886,0.9999961907768526,0,0,0.1756944864734007,0.00076041330045537,CDCA2
GO_Biological_Process_2023,Negative Regulation Of Signal Transduction (GO:0009968),21/267,0.995752258114936,0.9999961907768526,0,0,0.5825661012359529,0.0024798610705905,GRB7;RNF43;SRMS;SLC2A10;MAZ;SORD;GATA4;GATA3;MAPK8IP2;SULF1;PRKCZ;NKD2;ERBB3;CREB3L1;NEURL1;IL12B;PRAME;CHAC1;NOTUM;SMPDL3B;EZH2
GO_Biological_Process_2023,Lipid Biosynthetic Process (GO:0008610),3/71,0.9959370796794994,0.9999961907768526,0,0,0.3020321908290875,0.0012296323696753,SRD5A2;PDSS1;PRLR
GO_Biological_Process_2023,Negative Regulation Of Cellular Response To Growth Factor Stimulus (GO:0090288),3/71,0.9959370796794994,0.9999961907768526,0,0,0.3020321908290875,0.0012296323696753,GREM1;CREB3L1;SULF1
GO_Biological_Process_2023,Positive Regulation Of Wnt Signaling Pathway (GO:0030177),6/109,0.9960675392298292,0.9999961907768526,0,0,0.3984677261959887,0.0015700478044328,COL1A1;DEPDC1B;TERT;PTK7;SULF1;SOX4
GO_Biological_Process_2023,Regulation Of Wnt Signaling Pathway (GO:0030111),6/109,0.9960675392298292,0.9999961907768526,0,0,0.3984677261959887,0.0015700478044328,RNF43;DEPDC1B;TERT;NOTUM;SULF1;NKD2
GO_Biological_Process_2023,Cilium Organization (GO:0044782),17/228,0.9960841492621678,0.9999961907768526,0,0,0.5500744860090133,0.0021582380141223,DYNC2I2;PLK4;DYNLT2B;KIF24;FOXJ1;FHDC1;AURKA;MCIDAS;TBC1D31;NME8;CFAP47;POC1A;HYLS1;TEKT5;RAB17;CIBAR2;SSX2IP
GO_Biological_Process_2023,Acylglycerol Metabolic Process (GO:0006639),1/41,0.9962311979391314,0.9999961907768526,0,0,0.1712922895357986,0.0006467863056126127,GK3
GO_Biological_Process_2023,Double-Strand Break Repair Via Nonhomologous End Joining (GO:0006303),1/41,0.9962311979391314,0.9999961907768526,0,0,0.1712922895357986,0.0006467863056126127,POLQ
GO_Biological_Process_2023,Protein Localization To Lysosome (GO:0061462),1/41,0.9962311979391314,0.9999961907768526,0,0,0.1712922895357986,0.0006467863056126127,CACNG4
GO_Biological_Process_2023,Positive Regulation Of Amide Metabolic Process (GO:0034250),4/85,0.9962832579561196,0.9999961907768526,0,0,0.3379574927428413,0.0012584409238591,IFNG;CASP3;PASK;SOX4
GO_Biological_Process_2023,Phosphatidylinositol Biosynthetic Process (GO:0006661),5/98,0.9964496122141102,0.9999961907768526,0,0,0.3678283637103129,0.0013082571165523,CDS1;MBOAT7;ITPKA;PIK3R2;SLA2
GO_Biological_Process_2023,mRNA Transport (GO:0051028),2/58,0.9964823125539778,0.9999961907768526,0,0,0.2445746893798842,0.000861854071360748,DDX39A;RAE1
GO_Biological_Process_2023,Lysosome Localization (GO:0032418),1/42,0.9967110488122732,0.9999961907768526,0,0,0.1671048339122258,0.0005505054317790559,RAB3A
GO_Biological_Process_2023,Stress-Activated MAPK Cascade (GO:0051403),1/42,0.9967110488122732,0.9999961907768526,0,0,0.1671048339122258,0.0005505054317790559,MAPK8IP2
GO_Biological_Process_2023,Translational Elongation (GO:0006414),1/42,0.9967110488122732,0.9999961907768526,0,0,0.1671048339122258,0.0005505054317790559,EEF1A2
GO_Biological_Process_2023,Negative Regulation Of Inflammatory Response (GO:0050728),6/111,0.9967396323964162,0.9999961907768526,0,0,0.3908328171631285,0.001276340457507,PROC;SRC;RHBDF2;SLAMF8;GATA3;SMPDL3B
GO_Biological_Process_2023,Cellular Response To Reactive Oxygen Species (GO:0034614),3/73,0.9967459471376692,0.9999961907768526,0,0,0.2933689538807649,0.0009561946832442612,ECT2;MMP9;PAX2
GO_Biological_Process_2023,Cellular Response To Insulin Stimulus (GO:0032869),5/99,0.9967826786225428,0.9999961907768526,0,0,0.3638943379776336,0.0011726524457584,GRB7;RAB31;PARP1;TRIB3;PIK3R2
GO_Biological_Process_2023,Aerobic Respiration (GO:0009060),2/59,0.9968830534961032,0.9999961907768526,0,0,0.2402700967294268,0.000750078623685276,MTFR1;MTFR2
GO_Biological_Process_2023,Heart Morphogenesis (GO:0003007),2/59,0.9968830534961032,0.9999961907768526,0,0,0.2402700967294268,0.000750078623685276,MYLK2;TH
GO_Biological_Process_2023,Protein Targeting To Mitochondrion (GO:0006626),2/59,0.9968830534961032,0.9999961907768526,0,0,0.2402700967294268,0.000750078623685276,TOMM40;TIMM17A
GO_Biological_Process_2023,Glucose Homeostasis (GO:0042593),4/87,0.996981969560586,0.9999961907768526,0,0,0.3297759766913261,0.0009967788480354808,SLC30A8;PIK3R2;FGFR4;SOX4
GO_Biological_Process_2023,Negative Regulation Of Defense Response (GO:0031348),6/112,0.9970328456659768,0.9999961907768526,0,0,0.3871234038122578,0.0011503623820246,PROC;PARP1;GATA3;SMPDL3B;YWHAZ;AURKB
GO_Biological_Process_2023,Organic Substance Transport (GO:0071702),14/201,0.997066475509244,0.9999961907768526,0,0,0.5112460167934315,0.0015019568032799,CATSPER1;AQP9;CAMK2A;ATP2A1;SLC50A1;ABCA12;ABCC11;CYP27B1;CENPF;CACNB3;SLN;FLVCR1;RAMP1;MFSD2A
GO_Biological_Process_2023,Negative Regulation Of Protein Metabolic Process (GO:0051248),9/147,0.9971126154117252,0.9999961907768526,0,0,0.4457379636937648,0.0012888785675768,TRIM71;GRB7;CDK5;IGF2BP1;TYMS;MRPL13;GAPDH;CST4;MAD2L1
GO_Biological_Process_2023,Energy Derivation By Oxidation Of Organic Compounds (GO:0015980),1/43,0.9971297793059966,0.9999961907768526,0,0,0.1631167809373946,0.00046885434023844,COX6C
GO_Biological_Process_2023,Intracellular Steroid Hormone Receptor Signaling Pathway (GO:0030518),1/43,0.9971297793059966,0.9999961907768526,0,0,0.1631167809373946,0.00046885434023844,SRC
GO_Biological_Process_2023,Lysosome Organization (GO:0007040),1/43,0.9971297793059966,0.9999961907768526,0,0,0.1631167809373946,0.00046885434023844,HOOK1
GO_Biological_Process_2023,mRNA Catabolic Process (GO:0006402),1/43,0.9971297793059966,0.9999961907768526,0,0,0.1631167809373946,0.00046885434023844,EXOSC4
GO_Biological_Process_2023,mRNA Transcription (GO:0009299),1/43,0.9971297793059966,0.9999961907768526,0,0,0.1631167809373946,0.00046885434023844,CYP27B1
GO_Biological_Process_2023,Negative Regulation Of BMP Signaling Pathway (GO:0030514),1/43,0.9971297793059966,0.9999961907768526,0,0,0.1631167809373946,0.00046885434023844,GREM1
GO_Biological_Process_2023,Positive Regulation Of Transcription Elongation By RNA Polymerase II (GO:0032968),1/43,0.9971297793059966,0.9999961907768526,0,0,0.1631167809373946,0.00046885434023844,ELL3
GO_Biological_Process_2023,Response To Light Stimulus (GO:0009416),2/60,0.9972387563040525,0.9999961907768526,0,0,0.2361139383082956,0.0006528699055236936,BRSK1;PCLAF
GO_Biological_Process_2023,Sterol Metabolic Process (GO:0016125),2/60,0.9972387563040525,0.9999961907768526,0,0,0.2361139383082956,0.0006528699055236936,SQLE;SH2D2A
GO_Biological_Process_2023,Regulation Of Endothelial Cell Migration (GO:0010594),4/88,0.9972817540302052,0.9999961907768526,0,0,0.3258313171664885,0.0008868956117711246,NELL2;DNAJA4;GATA3;GFUS
GO_Biological_Process_2023,Regulation Of Fat Cell Differentiation (GO:0045598),3/75,0.9973969443248986,0.9999961907768526,0,0,0.2851870078740157,0.0007433255384644037,CDS1;E2F1;TRIB3
GO_Biological_Process_2023,Protein Localization To Membrane (GO:0072657),13/192,0.9973984908365536,0.9999961907768526,0,0,0.4959789785148055,0.0012919751296595,RAB3A;ACTN2;RAB3D;ZDHHC23;NKD2;CACNB3;CDH1;MAP7;PKP3;EZR;RAMP1;PACSIN1;CRB3
GO_Biological_Process_2023,Autophagosome Organization (GO:1905037),2/61,0.9975543896664744,0.9999961907768526,0,0,0.2320986666133045,0.0005683181234112687,RUFY4;RAB19
GO_Biological_Process_2023,Positive Regulation Of Intracellular Protein Transport (GO:0090316),7/126,0.997565636297246,0.9999961907768526,0,0,0.4021618110966784,0.0009802016839245828,CEMIP;IFNG;CDH1;PIK3R2;AKAP5;KIF20B;ECT2
GO_Biological_Process_2023,Protein-Containing Complex Organization (GO:0043933),7/126,0.997565636297246,0.9999961907768526,0,0,0.4021618110966784,0.0009802016839245828,OCLN;PARD6B;CLDN14;SLC2A1;KNTC1;TRAF2;SHANK1
GO_Biological_Process_2023,Protein Catabolic Process (GO:0030163),5/102,0.9976107216632588,0.9999961907768526,0,0,0.3525789443753909,0.0008434172147384237,NEU4;CASP3;PMAIP1;NCCRP1;SLC16A3
GO_Biological_Process_2023,Regulation Of Protein Modification Process (GO:0031399),1/45,0.9978140169498776,0.9999961907768526,0,0,0.155684500393391,0.0003406961928953759,FN1
GO_Biological_Process_2023,Regulation Of Stem Cell Differentiation (GO:2000736),1/45,0.9978140169498776,0.9999961907768526,0,0,0.155684500393391,0.0003406961928953759,GDNF
GO_Biological_Process_2023,Fat Cell Differentiation (GO:0045444),2/62,0.99783438719137,0.9999961907768526,0,0,0.2282172373081464,0.0004947661017440433,IL11;HMGA2
GO_Biological_Process_2023,mRNA Export From Nucleus (GO:0006406),2/62,0.99783438719137,0.9999961907768526,0,0,0.2282172373081464,0.0004947661017440433,DDX39A;RAE1
GO_Biological_Process_2023,Protein Lipidation (GO:0006497),2/62,0.99783438719137,0.9999961907768526,0,0,0.2282172373081464,0.0004947661017440433,ZDHHC23;ZDHHC13
GO_Biological_Process_2023,Spliceosomal Complex Assembly (GO:0000245),2/62,0.99783438719137,0.9999961907768526,0,0,0.2282172373081464,0.0004947661017440433,CELF3;SRPK1
GO_Biological_Process_2023,Regulation Of Programmed Cell Death (GO:0043067),13/195,0.9979313551456028,0.9999961907768526,0,0,0.4877188029361942,0.0010099619789453,RTKN;ACTN2;BIK;STAT1;ACTL6A;TRAF2;POU4F1;LRP8;PAX2;NME1;CXCL10;CDK5;MCM2
GO_Biological_Process_2023,Negative Regulation Of Cold-Induced Thermogenesis (GO:0120163),1/46,0.998092242930301,0.9999961907768526,0,0,0.1522161028061893,0.00029066869712396674,HOXC10
GO_Biological_Process_2023,Regulation Of mRNA Catabolic Process (GO:0061013),1/46,0.998092242930301,0.9999961907768526,0,0,0.1522161028061893,0.00029066869712396674,PKP3
GO_Biological_Process_2023,Vacuolar Transport (GO:0007034),1/46,0.998092242930301,0.9999961907768526,0,0,0.1522161028061893,0.00029066869712396674,ATP6V0D2
GO_Biological_Process_2023,Organonitrogen Compound Catabolic Process (GO:1901565),3/78,0.9981415445911218,0.9999961907768526,0,0,0.2737322834645669,0.0005091925453021346,IL4I1;CASP3;SLC16A3
GO_Biological_Process_2023,Proteolysis Involved In Protein Catabolic Process (GO:0051603),3/78,0.9981415445911218,0.9999961907768526,0,0,0.2737322834645669,0.0005091925453021346,CHMP4C;PMAIP1;ISG15
GO_Biological_Process_2023,Positive Regulation Of Protein Catabolic Process (GO:0045732),4/92,0.9982168086211836,0.9999961907768526,0,0,0.31094919259551,0.0005549768816712361,BARD1;IFNG;ADAM8;EZR
GO_Biological_Process_2023,Phosphorylation (GO:0016310),36/429,0.9983175871905482,0.9999961907768526,0,0,0.6235000015224547,0.001049867792613,BRSK1;BRSK2;CCL11;EPHA10;MAST1;CAMK2A;CDCA8;PRKCZ;TTBK1;AURKB;GK3;AURKA;GRK1;NUAK2;CHEK1;NEK2;MAP3K9;ROS1;PAK4;PLK4;EPHA8;PLK1;LIMK1;LMTK3;PTK6;PASK;HASPIN;YWHAZ;SRPK1;MELK;CDK5;CCNE1;ADM2;CDK1;BIRC5;BMPR1B
GO_Biological_Process_2023,Negative Regulation Of Tumor Necrosis Factor Production (GO:0032720),1/47,0.9983350220411804,0.9999961907768526,0,0,0.1488985051140834,0.00024811934310133227,ORM1
GO_Biological_Process_2023,Vesicle Fusion (GO:0006906),3/79,0.9983398562612966,0.9999961907768526,0,0,0.2701150020721094,0.0004488023708062525,VAMP8;CHMP4C;NKD2
GO_Biological_Process_2023,Regulation Of Peptidyl-Serine Phosphorylation (GO:0033135),4/93,0.9983963640657229,0.9999961907768526,0,0,0.3074376800562904,0.0004934138452008253,TCL1B;IL11;RIPK2;AMH
GO_Biological_Process_2023,RNA Export From Nucleus (GO:0006405),2/65,0.9984980108583872,0.9999961907768526,0,0,0.2173122692603212,0.0003266460396254146,DDX39A;RAE1
GO_Biological_Process_2023,Autophagosome Assembly (GO:0000045),2/65,0.9984980108583872,0.9999961907768526,0,0,0.2173122692603212,0.0003266460396254146,RUFY4;RAB19
GO_Biological_Process_2023,Regulation Of Cell-Matrix Adhesion (GO:0001952),2/65,0.9984980108583872,0.9999961907768526,0,0,0.2173122692603212,0.0003266460396254146,CAMSAP3;CDKN2A
GO_Biological_Process_2023,Regulation Of Translational Initiation (GO:0006446),2/65,0.9984980108583872,0.9999961907768526,0,0,0.2173122692603212,0.0003266460396254146,BOLL;BZW2
GO_Biological_Process_2023,"Retrograde Vesicle-Mediated Transport, Golgi To Endoplasmic Reticulum (GO:0006890)",1/48,0.9985468684947272,0.9999961907768526,0,0,0.1457220817918543,0.0002119073500045231,KDELR3
GO_Biological_Process_2023,Peptidyl-Lysine Modification (GO:0018205),4/94,0.998558239098646,0.9999961907768526,0,0,0.3040042011290534,0.0004386176379491609,CBX4;P3H4;LOXL1;STX1A
GO_Biological_Process_2023,"Regulation Of mRNA Splicing, Via Spliceosome (GO:0048024)",4/94,0.998558239098646,0.9999961907768526,0,0,0.3040042011290534,0.0004386176379491609,RBM47;CELF3;RBM11;SRPK1
GO_Biological_Process_2023,Endocytosis (GO:0006897),12/189,0.9985878258479663,0.9999961907768526,0,0,0.4628705743693455,0.0006541158323787472,DENND1C;EPN3;MSR1;P2RY6;ADORA2A;TFR2;SLC11A1;AP1S1;ENTHD1;OCIAD2;RAB17;LRP8
GO_Biological_Process_2023,Macromolecule Modification (GO:0043412),3/81,0.9986762283192142,0.9999961907768526,0,0,0.2631586917019988,0.0003485928032073122,ST6GAL2;PARP1;UBE2S
GO_Biological_Process_2023,Positive Regulation Of Nucleic Acid-Templated Transcription (GO:1903508),49/557,0.9986877261740952,0.9999961907768526,0,0,0.6555110217277371,0.0008607748661756019,RET;EPO;CD80;SCX;MYRFL;HOXC13;BRCA1;FOXM1;BRCA2;NAT14;SIX4;ZIC2;CDH1;MYB;MYBL1;SOX4;ACTL6A;F2R;FOXH1;FOXP3;PAX2;RUNX2;MYCN;PSRC1;IRF7;BLM;DLX5;MAZ;LEF1;GATA4;GATA3;IFNL1;SPP1;E2F1;TFAP2A;ARNT2;FZD2;STAT1;ATAD2;HMGA1;HMGA2;INHBA;HNRNPAB;KLF1;COL1A1;MLLT11;WT1;LHX2;LHX1
GO_Biological_Process_2023,Positive Regulation Of Translation (GO:0045727),5/108,0.9986934313313964,0.9999961907768526,0,0,0.3319256045965403,0.0004339671609975748,BOLL;UQCC2;IGF2BP1;PASK;SOX4
GO_Biological_Process_2023,Plasma Membrane Bounded Cell Projection Assembly (GO:0120031),20/275,0.9987108684179844,0.9999961907768526,0,0,0.5347508801380243,0.0006898089709537672,DYNC2I2;PLK4;ACTN2;DYNLT2B;KIF24;FOXJ1;FHDC1;SHTN1;FGD6;MCIDAS;TBC1D31;NME8;CFAP47;POC1A;HYLS1;TEKT5;RAB17;EZR;CIBAR2;SSX2IP
GO_Biological_Process_2023,Negative Regulation Of Tumor Necrosis Factor Superfamily Cytokine Production (GO:1903556),1/49,0.9987317218267044,0.9999961907768526,0,0,0.1426780094413847,0.00018107025319556976,ORM1
GO_Biological_Process_2023,Unsaturated Fatty Acid Metabolic Process (GO:0033559),1/49,0.9987317218267044,0.9999961907768526,0,0,0.1426780094413847,0.00018107025319556976,FAAH2
GO_Biological_Process_2023,Regulation Of Cold-Induced Thermogenesis (GO:0120161),8/146,0.9988474099546636,0.9999961907768526,0,0,0.3960552268244576,0.0004567525866777188,MUC1;SLN;MFAP2;DIO2;IL18;CXCR4;PRLR;HOXC10
GO_Biological_Process_2023,Positive Regulation Of Fat Cell Differentiation (GO:0045600),1/50,0.9988930199339904,0.9999961907768526,0,0,0.1397581849419547,0.00015479521821886073,CDS1
GO_Biological_Process_2023,tRNA Processing (GO:0008033),1/50,0.9988930199339904,0.9999961907768526,0,0,0.1397581849419547,0.00015479521821886073,POP1
GO_Biological_Process_2023,Positive Regulation Of Ubiquitin-Dependent Protein Catabolic Process (GO:2000060),3/83,0.9989454129711036,0.9999961907768526,0,0,0.2565501968503937,0.0002706972718764271,PLK1;TRIB3;NKD2
GO_Biological_Process_2023,Regulation Of Protein Localization (GO:0032880),4/97,0.9989539008317502,0.9999961907768526,0,0,0.2941467938863408,0.0003078677746296118,PARP1;RFPL2;TRIM46;GPC2
GO_Biological_Process_2023,Aerobic Electron Transport Chain (GO:0019646),2/68,0.99895984867908,0.9999961907768526,0,0,0.2073986619441165,0.00021583826387587408,COX6C;COX6A2
GO_Biological_Process_2023,RNA Modification (GO:0009451),1/51,0.9990337630337724,0.9999961907768526,0,0,0.1369551534225019,0.00013239510477985176,HNRNPAB
GO_Biological_Process_2023,Regulation Of Smoothened Signaling Pathway (GO:0008589),1/51,0.9990337630337724,0.9999961907768526,0,0,0.1369551534225019,0.00013239510477985176,TEDC2
GO_Biological_Process_2023,Negative Regulation Of Transmembrane Receptor Protein Serine/Threonine Kinase Signaling Pathway (GO:0090101),5/111,0.9990374776791012,0.9999961907768526,0,0,0.3224757274335756,0.00031053956021851045,SPRED3;GREM1;SLC2A10;HTRA4;ASPN
GO_Biological_Process_2023,Regulation Of Angiogenesis (GO:0045765),13/205,0.9990532921908468,0.9999961907768526,0,0,0.4620491600790514,0.0004376327359251584,MINAR1;STAT1;SERPINE1;HMGA2;GATA4;BRCA1;SULF1;CXCL13;THBS2;CXCL10;EFNA3;ADM2;PAK4
GO_Biological_Process_2023,RNA Splicing (GO:0008380),4/98,0.999060452551274,0.9999961907768526,0,0,0.2910008128514325,0.000273537592196729,WT1;CELF3;LSM4;SRPK1
GO_Biological_Process_2023,Cellular Respiration (GO:0045333),3/85,0.999160560217412,0.9999961907768526,0,0,0.2502640676013059,0.00021016983930563835,MTFR1;MTFR2;COX6C
GO_Biological_Process_2023,Positive Regulation Of Canonical Wnt Signaling Pathway (GO:0090263),3/85,0.999160560217412,0.9999961907768526,0,0,0.2502640676013059,0.00021016983930563835,COL1A1;PTK7;SOX4
GO_Biological_Process_2023,Positive Regulation Of Endothelial Cell Migration (GO:0010595),3/85,0.999160560217412,0.9999961907768526,0,0,0.2502640676013059,0.00021016983930563835,NELL2;GATA3;GFUS
GO_Biological_Process_2023,Positive Regulation Of Protein Localization (GO:1903829),3/85,0.999160560217412,0.9999961907768526,0,0,0.2502640676013059,0.00021016983930563835,PLK1;CDK1;GPR137B
GO_Biological_Process_2023,Protein K48-linked Ubiquitination (GO:0070936),2/70,0.9991864003426512,0.9999961907768526,0,0,0.2012755515429312,0.00016382437253527134,UBE2C;UBE2T
GO_Biological_Process_2023,Regulation Of Organelle Organization (GO:0033043),4/100,0.9992426167789612,0.9999961907768526,0,0,0.2849054745962978,0.0002158643823946777,CAMSAP3;ARL6IP1;EZR;MAPK15
GO_Biological_Process_2023,NADH Dehydrogenase Complex Assembly (GO:0010257),1/53,0.9992637239122002,0.9999961907768526,0,0,0.1316725170973794,9.698303328621886e-05,NDUFAF6
GO_Biological_Process_2023,Mitochondrial Respiratory Chain Complex I Assembly (GO:0032981),1/53,0.9992637239122002,0.9999961907768526,0,0,0.1316725170973794,9.698303328621886e-05,NDUFAF6
GO_Biological_Process_2023,Regulation Of Proteasomal Protein Catabolic Process (GO:0061136),1/53,0.9992637239122002,0.9999961907768526,0,0,0.1316725170973794,9.698303328621886e-05,LAMP3
GO_Biological_Process_2023,Protein Targeting To Membrane (GO:0006612),2/72,0.9993638969142362,0.9999961907768526,0,0,0.1955023331646708,0.00012439920695571456,ARL6IP1;ZDHHC23
GO_Biological_Process_2023,Positive Regulation Of Signal Transduction (GO:0009967),18/266,0.9994465072758278,0.9999961907768526,0,0,0.494669434685404,0.0002738717329682501,TEDC2;SRC;CD80;GATA3;NOD2;ERFE;SULF1;PRKCZ;GRIN2D;CYP27B1;F7;DEPDC1B;ESM1;P2RY6;TERT;TNFSF11;BAK1;SHANK1
GO_Biological_Process_2023,Cellular Response To Oxidative Stress (GO:0034599),5/117,0.9994809782371412,0.9999961907768526,0,0,0.3050947033659799,0.00015839189875771744,PARP1;PYCR1;MMP9;DHRS2;RBM11
GO_Biological_Process_2023,Membrane Organization (GO:0061024),9/167,0.9994966128804448,0.9999961907768526,0,0,0.3888658547550778,0.00019579934808906457,DCSTAMP;RABIF;REEP4;CHMP4C;KIF20A;TLCD1;LMNB2;CEP55;LMNB1
GO_Biological_Process_2023,Macroautophagy (GO:0016236),4/104,0.999509014201925,0.9999961907768526,0,0,0.2734462386766443,0.0001342911899592387,VAMP8;LIX1;SRC;CHMP4C
GO_Biological_Process_2023,RNA Polymerase II Preinitiation Complex Assembly (GO:0051123),1/56,0.9995099777610876,0.9999961907768526,0,0,0.1244689221085759,6.100748862080397e-05,TAF7L
GO_Biological_Process_2023,Peptide Metabolic Process (GO:0006518),1/56,0.9995099777610876,0.9999961907768526,0,0,0.1244689221085759,6.100748862080397e-05,NAT8B
GO_Biological_Process_2023,Positive Regulation Of Proteasomal Protein Catabolic Process (GO:1901800),3/90,0.9995269124438896,0.9999961907768526,0,0,0.2358131957643225,0.00011158668570061536,PLK1;TRIB3;NKD2
GO_Biological_Process_2023,Positive Regulation Of Protein Modification Process (GO:0031401),14/225,0.9995365236265658,0.9999961907768526,0,0,0.4524651483549124,0.00020975551818403596,CDCA2;PLAUR;CDCA8;RASGRP1;MMP9;AURKB;FGF5;CCNA2;CLDN3;IFNG;BIRC5;RAMP1;CARD14;PROM2
GO_Biological_Process_2023,rRNA Metabolic Process (GO:0016072),3/91,0.9995783479612336,0.9999961907768526,0,0,0.2331200787401574,9.831628556622695e-05,EXOSC4;NVL;DCAF13
GO_Biological_Process_2023,Negative Regulation Of DNA-templated Transcription (GO:0045892),97/1025,0.9996227172773884,0.9999961907768526,0,0,0.7063401366058589,0.0002665402134995727,EPO;SLA2;BASP1;CREB3L1;MYB;MAEL;SOX4;MAGEA4;ZBTB32;ZFP69B;SOX11;SOX12;FOXP3;RUNX2;TIMELESS;DPEP1;TRIB3;NUPR2;EZR;ZNF675;MAGEA12;DLX4;MAZ;GATA5;GATA4;GATA3;PRDM12;HOXB13;MACROH2A1;CYP27B1;NACC1;ZBED2;MAGEA11;NKX6-1;TFAP2A;CBX8;MTERF3;CBX4;CBX3;CBX2;PLK1;HMGA1;HMGA2;SCRT1;H1-5;CDK5;TNFSF4;LHX1;GTF2IRD1;RCOR2;EZH2;BRCA1;FOXM1;DMBX1;ZIC2;SIX4;TRPS1;SIX3;DNMT3B;ZNF124;FOXD3;FOXD1;PARP1;YWHAZ;PAX2;ETV7;RIPPLY3;IFNG;DEPDC1;IRF7;ZNF239;BIRC5;UHRF1;LEF1;ASCL1;ASCL2;AURKB;CIART;MUC1;IFNL1;BEND3;E2F1;PRAME;ZNF469;SAMD1;E2F7;SPDEF;E2F8;STAT1;CDKN2A;FOXJ1;POU4F1;CENPF;WT1;HDGF;INSM1;CDK5R1
GO_Biological_Process_2023,Positive Regulation Of Endothelial Cell Proliferation (GO:0001938),2/77,0.999656612277477,0.9999961907768526,0,0,0.1824163715072806,6.265029965036707e-05,NELL2;CCL11
GO_Biological_Process_2023,Glucose Metabolic Process (GO:0006006),1/59,0.9996735445793584,0.9999961907768526,0,0,0.1180105266013728,3.853146584698856e-05,SORD
GO_Biological_Process_2023,Transcription Preinitiation Complex Assembly (GO:0070897),1/59,0.9996735445793584,0.9999961907768526,0,0,0.1180105266013728,3.853146584698856e-05,TAF7L
GO_Biological_Process_2023,Regulation Of Autophagy (GO:0010506),15/241,0.9996867675264252,0.9999961907768526,0,0,0.452393371233337,0.00014172649252916104,ATP6V1G1;ATP6V0B;RFPL2;PIK3R2;MAPK15;GPR137B;CDK5;IFNG;LAMP3;CASP3;EEF1A2;TRIB3;ATP6V0D2;GAPDH;CDK5R1
GO_Biological_Process_2023,Receptor-Mediated Endocytosis (GO:0006898),5/122,0.9996913475052184,0.9999961907768526,0,0,0.2919722777878806,9.013188237710324e-05,MSR1;RAB31;TFR2;AP1S1;RAMP1
GO_Biological_Process_2023,Endomembrane System Organization (GO:0010256),11/196,0.9996917483194656,0.9999961907768526,0,0,0.4056018103411468,0.00012504671358555755,PLEKHF2;LAPTM4B;HOOK1;REEP4;DOP1B;TMED3;ZFP69B;TLCD1;MAPK15;LMNB2;LMNB1
GO_Biological_Process_2023,Cellular Response To Nutrient Levels (GO:0031669),2/78,0.9996964662739458,0.9999961907768526,0,0,0.1800057996230245,5.464612496152312e-05,NUPR2;MFSD2A
GO_Biological_Process_2023,Histone Acetylation (GO:0016573),1/60,0.9997147922098418,0.9999961907768526,0,0,0.1160036805398125,3.3089872345994304e-05,ACTL6A
GO_Biological_Process_2023,Positive Regulation Of Catabolic Process (GO:0009896),2/79,0.9997316869572452,0.9999961907768526,0,0,0.1776578399955023,4.767431172428456e-05,BARD1;EZR
GO_Biological_Process_2023,RNA Metabolic Process (GO:0016070),4/111,0.9997712573520452,0.9999961907768526,0,0,0.2554541673261605,5.843994677420439e-05,RNASEH2A;EXOSC4;RNASE2;LAGE3
GO_Biological_Process_2023,Histone Modification (GO:0016570),2/81,0.999790300145111,0.9999961907768526,0,0,0.1731402467881179,3.6311291996312456e-05,ACTL6A;AURKB
GO_Biological_Process_2023,Negative Regulation Of Transcription By RNA Polymerase II (GO:0000122),67/763,0.9997916491025104,0.9999961907768526,0,0,0.6516506740571556,0.00013578614886383762,EPO;SLA2;FOXM1;TRPS1;MYB;DNMT3B;ZNF124;SOX4;MAGEA4;FOXD3;PARP1;ZBTB32;ZFP69B;SOX11;SOX12;YWHAZ;ETV7;RIPPLY3;IFNG;IRF7;ZNF239;TRIB3;NUPR2;EZR;ZNF675;MAGEA12;DLX4;UHRF1;MAZ;LEF1;GATA5;GATA4;GATA3;PRDM12;ASCL1;HOXB13;ASCL2;MACROH2A1;AURKB;CYP27B1;BEND3;E2F1;ZBED2;ZNF469;SAMD1;NKX6-1;MAGEA11;E2F7;SPDEF;E2F8;CBX8;TFAP2A;CBX4;STAT1;CBX3;CBX2;PLK1;FOXJ1;HMGA2;POU4F1;SCRT1;H1-5;WT1;GTF2IRD1;HDGF;INSM1;EZH2
GO_Biological_Process_2023,Cellular Response To Starvation (GO:0009267),5/126,0.9997967306917288,0.9999961907768526,0,0,0.2822551758721972,5.737964631360248e-05,NUAK2;PMAIP1;ASNS;NUPR2;MFSD2A
GO_Biological_Process_2023,MAPK Cascade (GO:0000165),3/98,0.99981190994022,0.9999961907768526,0,0,0.2158557811852466,4.060414552477528e-05,CDK1;IL18;FGFR3
GO_Biological_Process_2023,Regulation Of Translation (GO:0006417),11/202,0.999816355836605,0.9999961907768526,0,0,0.3927239191748757,7.21280787351446e-05,TRIM71;GRB7;IGF2BP1;MSI2;PKP3;PASK;TYMS;BZW2;MRPL13;GAPDH;SOX4
GO_Biological_Process_2023,Positive Regulation Of Macroautophagy (GO:0016239),1/64,0.9998334652547995,0.9999961907768526,0,0,0.1086133902813682,1.808940957527102e-05,RUFY4
GO_Biological_Process_2023,Protein Targeting (GO:0006605),5/129,0.9998514232418316,0.9999961907768526,0,0,0.2753787589923485,4.091792308097166e-05,TOMM40;TIMM17A;ZDHHC23;AP1S3;AP1M2
GO_Biological_Process_2023,Endoplasmic Reticulum To Golgi Vesicle-Mediated Transport (GO:0006888),4/115,0.9998522723112048,0.9999961907768526,0,0,0.2461918397326038,3.6372038128632416e-05,GOLT1A;TMED3;KDELR3;SEC24D
GO_Biological_Process_2023,Fatty Acid Biosynthetic Process (GO:0006633),1/65,0.9998543131902085,0.9999961907768526,0,0,0.1069101593233674,1.5576534721517246e-05,ACOT7
GO_Biological_Process_2023,Monocarboxylic Acid Biosynthetic Process (GO:0072330),1/65,0.9998543131902085,0.9999961907768526,0,0,0.1069101593233674,1.5576534721517246e-05,SDS
GO_Biological_Process_2023,Golgi Organization (GO:0007030),5/130,0.9998661457684982,0.9999961907768526,0,0,0.2731599684791174,3.65660649736927e-05,ZFP69B;CDK1;TMED3;FHDC1;YWHAZ
GO_Biological_Process_2023,rRNA Processing (GO:0006364),3/101,0.9998668339385048,0.9999961907768526,0,0,0.2092117949542021,2.786176591437662e-05,EXOSC4;NVL;DCAF13
GO_Biological_Process_2023,Regulation Of Protein Phosphorylation (GO:0001932),16/265,0.999886097305162,0.9999961907768526,0,0,0.4375682389232434,4.984304027112626e-05,FN1;PLAUR;SORD;CDCA8;RASGRP1;MMP9;AURKB;FGF5;CCNA2;OCLN;CLDN3;BIRC5;INSM1;ECT2;CARD14;PROM2
GO_Biological_Process_2023,Negative Regulation Of Cellular Catabolic Process (GO:0031330),1/67,0.9998883667102098,0.9999961907768526,0,0,0.1036585365853658,1.1572389397835286e-05,MFSD2A
GO_Biological_Process_2023,tRNA Modification (GO:0006400),1/67,0.9998883667102098,0.9999961907768526,0,0,0.1036585365853658,1.1572389397835286e-05,PUSL1
GO_Biological_Process_2023,Mitochondrial Gene Expression (GO:0140053),3/103,0.9998941166714306,0.9999961907768526,0,0,0.205003937007874,2.170764847955013e-05,MTERF3;MRPS23;MRPL13
GO_Biological_Process_2023,Organelle Assembly (GO:0070925),21/322,0.9999029988235923,0.9999961907768526,0,0,0.4745956512918872,4.603856942706668e-05,DYNC2I2;PLK4;DYNLT2B;KIF24;FOXJ1;FHDC1;MCIDAS;TBC1D31;RUFY4;NME8;CHMP4C;CFAP47;POC1A;AP1S1;HYLS1;RAB19;AP1S3;TEKT5;RAB17;CIBAR2;SSX2IP
GO_Biological_Process_2023,Dephosphorylation (GO:0016311),6/147,0.9999057464117502,0.9999961907768526,0,0,0.2904418856246697,2.737648008416352e-05,PLPP4;PLPPR5;PPM1J;PPEF1;PLPP2;PPM1E
GO_Biological_Process_2023,Establishment Of Protein Localization To Membrane (GO:0090150),1/69,0.9999142809510936,0.9999961907768526,0,0,0.100598185773129,8.623550412722988e-06,ZDHHC23
GO_Biological_Process_2023,Positive Regulation Of Cellular Biosynthetic Process (GO:0031328),8/174,0.9999144808569168,0.9999961907768526,0,0,0.3287184239918252,2.8112920048951743e-05,IFNG;CLEC7A;APOC2;TYRP1;PASK;FGFR4;SOX4;MFSD2A
GO_Biological_Process_2023,Lysosomal Transport (GO:0007041),3/105,0.9999157041845098,0.9999961907768526,0,0,0.2009610930986567,1.6940893257788843e-05,PLEKHF2;HOOK1;CHMP4C
GO_Biological_Process_2023,Mitochondrial Respiratory Chain Complex Assembly (GO:0033108),2/90,0.9999300406373826,0.9999961907768526,0,0,0.1553522235340417,1.0868722728534646e-05,NDUFAF6;UQCC2
GO_Biological_Process_2023,Regulation Of Protein Catabolic Process (GO:0042176),4/122,0.9999308144585284,0.9999961907768526,0,0,0.2314937817504556,1.601657670187242e-05,BARD1;EEF1A2;EZR;MAD2L1
GO_Biological_Process_2023,Positive Regulation Of Autophagy (GO:0010508),3/107,0.9999327710486556,0.9999961907768526,0,0,0.1970737431859479,1.3249506472125728e-05,IFNG;RUFY4;RFPL2
GO_Biological_Process_2023,Protein Polyubiquitination (GO:0000209),12/226,0.999935010717348,0.9999961907768526,0,0,0.382021808084426,2.482813005477873e-05,BARD1;TRIM71;TRAF4;RUSC1;UBE2C;UBE2S;UBE2T;RFPL2;MKRN3;PRAME;TRAF2;BRCA1
GO_Biological_Process_2023,Protein Localization To Organelle (GO:0033365),5/137,0.9999351288820116,0.9999961907768526,0,0,0.2585697399527187,1.6774252196851356e-05,COL1A1;GBP5;NUAK2;SIX4;ISG15
GO_Biological_Process_2023,Positive Regulation Of Transcription By RNA Polymerase II (GO:0045944),83/938,0.999936144944385,0.9999961907768526,0,0,0.6551447725003566,4.183564160672255e-05,FOXA1;ONECUT2;PTPRN;SCX;BRCA1;FOXM1;HOXC11;HOXC10;IL4I1;MCIDAS;CREB3L4;MYB;TNFSF11;MYBL2;MYBL1;SOX4;FOXD3;IL11;FOXD2;PARP1;RIPK2;SLC11A1;FOXH1;IL18;CKAP2;SOX11;SOX12;FOXP3;PAX2;RUNX2;MMP12;CCNA2;GREM1;ISL2;MYCN;TFR2;TET3;IRF7;DLX5;UHRF1;STXBP2;LEF1;GATA5;GATA4;PIK3R2;GATA3;NOD2;ASCL1;ASCL2;CYP27B1;MUC1;EPCAM;E2F1;E2F2;E2F3;OTX1;CGA;NKX6-1;WNT2;E2F7;E2F8;H2AZ1;TFAP2A;ARNT2;STAT1;CDX1;ATAD2;HMGA1;FOXJ1;MICAL2;HMGA2;INHBA;POU4F1;GRHL2;POU2F3;ELL3;CXCL10;GARS1;BCL9;GDNF;WT1;TLX2;BMPR1B
GO_Biological_Process_2023,Negative Regulation Of Catabolic Process (GO:0009895),1/72,0.9999420117110652,0.9999961907768526,0,0,0.0963309360490242,5.586228122449363e-06,MAD2L1
GO_Biological_Process_2023,Proteasome-Mediated Ubiquitin-Dependent Protein Catabolic Process (GO:0043161),20/319,0.999944722810233,0.9999961907768526,0,0,0.4548919174365072,2.514584184572597e-05,TRIM71;TRIM72;UBE2C;DERL3;FBXL19;CCNF;KIF14;FBXL16;NCCRP1;KCTD5;CLGN;CDC20;CDC20B;FOXRED2;PSMB3;UBE2S;PSMD3;KCTD13;PRAME;FBXL6
GO_Biological_Process_2023,Chromatin Remodeling (GO:0006338),12/228,0.9999449088564816,0.9999961907768526,0,0,0.3784406690372712,2.0849303522443307e-05,FOXA1;KDM5B;CECR2;DEPDC1B;CBX3;CHEK1;DPF1;ACTL6A;H3C1;HDGF;FOXP3;MACROH2A1
GO_Biological_Process_2023,Regulation Of Proteasomal Ubiquitin-Dependent Protein Catabolic Process (GO:0032434),3/109,0.9999462527639008,0.9999961907768526,0,0,0.1933330857227752,1.0391398261117604e-05,PLK1;TRIB3;NKD2
GO_Biological_Process_2023,Negative Regulation Of Wnt Signaling Pathway (GO:0030178),5/140,0.9999521325073848,0.9999961907768526,0,0,0.2527799667279573,1.2100232796806866e-05,GREM1;RNF43;NOTUM;TPBGL;NKD2
GO_Biological_Process_2023,Cellular Response To Growth Factor Stimulus (GO:0071363),6/155,0.999956981469408,0.9999961907768526,0,0,0.2747207106633899,1.1818335501425186e-05,IBSP;DLX5;BMPR1B;KNSTRN;WNT2;RUNX2
GO_Biological_Process_2023,Positive Regulation Of Protein Phosphorylation (GO:0001934),25/377,0.9999574267217975,0.9999961907768526,0,0,0.4824637609213661,2.054050115764387e-05,CEMIP;SRC;CD80;CDCA8;TTK;RASGRP1;LRP8;AURKB;FGF5;TCL1B;AMH;PROM2;IL11;RIPK2;PLK1;BMP8A;PLAUR;INHBA;MMP9;CCNA2;CENPE;CLDN3;TRAF4;BIRC5;CARD14
GO_Biological_Process_2023,Proteasomal Protein Catabolic Process (GO:0010498),11/220,0.9999604395474272,0.9999961907768526,0,0,0.3585266483744907,1.4183757028919648e-05,TRIM71;TRIM72;BRSK2;PSMB3;FBXL19;PSMD3;KCTD13;KIF14;PMAIP1;PRAME;KCTD5
GO_Biological_Process_2023,T Cell Receptor Signaling Pathway (GO:0050852),2/95,0.9999611965930094,0.9999961907768526,0,0,0.146957636693707,5.702567627242114e-06,RIPK2;GATA3
GO_Biological_Process_2023,Protein Deubiquitination (GO:0016579),3/112,0.9999613390399276,0.9999961907768526,0,0,0.1879794842158491,7.267607820979713e-06,OTUB2;DEPDC1B;CDK1
GO_Biological_Process_2023,Macromolecule Biosynthetic Process (GO:0009059),8/183,0.9999623408179286,0.9999961907768526,0,0,0.311650605804452,1.1736727905837094e-05,TERT;COL5A1;SLC11A1;EEF1A2;INHBA;GAL3ST2;TYMS;MRPL13
GO_Biological_Process_2023,Vesicle-Mediated Transport (GO:0016192),28/411,0.9999627465320432,0.9999961907768526,0,0,0.496314021873978,1.848976291648111e-05,DENND1C;PLEKHF2;RAB3A;STXBP2;RASEF;LRP8;CECR2;RAB25;AP1S1;AP1S3;CHML;KIF1A;AP1M2;SPTBN2;ARL11;CACFD1;CADPS;VAMP8;EPN3;NSG2;HOOK1;MYO5B;SPIRE2;CHMP4C;ENTHD1;OCIAD2;RAB17;STX1A
GO_Biological_Process_2023,Phosphate-Containing Compound Metabolic Process (GO:0006796),8/184,0.999965507841272,0.9999961907768526,0,0,0.309861932938856,1.068799130172361e-05,PFKFB4;CDK5;SLC20A1;SLC34A1;PLPPR5;MBOAT2;PLPP2;GK3
GO_Biological_Process_2023,Negative Regulation Of Canonical Wnt Signaling Pathway (GO:0090090),3/114,0.999968789398558,0.9999961907768526,0,0,0.1845711853585869,5.76066760133455e-06,GREM1;TPBGL;NKD2
GO_Biological_Process_2023,Protein Modification By Small Protein Removal (GO:0070646),3/114,0.999968789398558,0.9999961907768526,0,0,0.1845711853585869,5.76066760133455e-06,OTUB2;DEPDC1B;CDK1
GO_Biological_Process_2023,Mitochondrial Translation (GO:0032543),2/98,0.999972361659046,0.9999961907768526,0,0,0.142340613931523,3.934112785880307e-06,MRPS23;MRPL13
GO_Biological_Process_2023,Long-Chain Fatty Acid Metabolic Process (GO:0001676),1/78,0.9999726141812784,0.9999961907768526,0,0,0.0887939754973586,2.431729014141097e-06,FAAH2
GO_Biological_Process_2023,Organelle Organization (GO:0006996),28/418,0.9999753379069743,0.9999961907768526,0,0,0.4872059948004282,1.20156677327358e-05,CCL11;MAST1;CDCA8;SIPA1L3;CECR2;STRIP2;FGD6;TERT;CCL7;TMED3;CEP55;PAK4;PACSIN1;CENPW;PARP1;ZFP69B;PLAAT1;MICAL2;MAPK15;KISS1;RAB31;DIAPH3;DOP1B;KIF4A;CHMP4C;MTFR1;MTFR2;NECTIN2
GO_Biological_Process_2023,Positive Regulation Of Intracellular Signal Transduction (GO:1902533),38/525,0.999978445255422,0.9999961907768526,0,0,0.5286019337095829,1.1394002462330288e-05,RET;DDR1;CANT1;SRC;SLC20A1;RTKN2;MAZ;GATA3;NOD2;INAVA;PYCARD;GRM4;ERBB3;CLEC7A;IL12B;TNFSF11;PMAIP1;AMH;ECT2;KIAA0319;IL11;PARP1;UNC5B;RIPK2;EPHA8;RFPL2;F2R;FN1;IL18;ZDHHC13;SOX11;TRAF2;GPR37L1;RUNDC3A;F7;ADAM8;GAPDH;FGFR3
GO_Biological_Process_2023,Ribonucleoprotein Complex Biogenesis (GO:0022613),3/118,0.9999792765038646,0.9999961907768526,0,0,0.1781102362204724,3.691105038414779e-06,BOP1;NVL;RRS1
GO_Biological_Process_2023,protein-RNA Complex Assembly (GO:0022618),5/150,0.9999814124990956,0.9999961907768526,0,0,0.235210999701095,4.372025302317146e-06,BOP1;CELF3;RRS1;LSM4;SRPK1
GO_Biological_Process_2023,Protein Ubiquitination (GO:0016567),29/434,0.9999814913687788,0.9999961907768526,0,0,0.485683137393559,8.989413271558005e-06,TRIM71;TRIM72;UHRF1;CCNF;CBLC;BRCA1;BRCA2;RUSC1;MARVELD3;PRAME;BARD1;RNF43;UBE2C;RFPL2;PLK1;TRAF2;ISG15;FANCB;TRAIP;BSPRY;RNF223;DEPDC1B;RAD51;UBE2S;UBE2T;NEURL1;KCTD13;MKRN3;TRIM11
GO_Biological_Process_2023,Modification-Dependent Protein Catabolic Process (GO:0019941),8/192,0.9999821660139204,0.9999961907768526,0,0,0.2962524654832347,5.283409457765766e-06,RNF43;UBE2C;UBE2S;UHRF1;PSMD3;MARVELD3;CBLC;ISG15
GO_Biological_Process_2023,Intracellular Protein Transport (GO:0006886),19/325,0.9999821938392052,0.9999961907768526,0,0,0.4219220968894689,7.512879588075639e-06,ARL11;ATP6AP1;STXBP2;RANBP17;MMP12;CAMSAP3;RAB31;SYNDIG1;TMED3;TIMM17A;KPNA7;RAB19;E2F3;AP1S3;RAB17;KPNA2;STX1A;AP1M2;CACNG4
GO_Biological_Process_2023,Endosomal Transport (GO:0016197),7/180,0.9999840028053656,0.9999961907768526,0,0,0.2757699531372513,4.411580901211843e-06,DENND1C;LAPTM4B;NSG2;MYO5B;RAB17;ANKRD50;RAB11FIP4
GO_Biological_Process_2023,mRNA Metabolic Process (GO:0016071),1/85,0.9999874051228508,0.9999961907768526,0,0,0.081361694953355,1.0247470058755784e-06,HNRNPAB
GO_Biological_Process_2023,Nuclear-Transcribed mRNA Catabolic Process (GO:0000956),1/85,0.9999874051228508,0.9999961907768526,0,0,0.081361694953355,1.0247470058755784e-06,EXOSC4
GO_Biological_Process_2023,Ribosome Biogenesis (GO:0042254),5/155,0.999987601328684,0.9999961907768526,0,0,0.2273049645390071,2.8182970154130684e-06,BOP1;EXOSC4;NVL;RRS1;DCAF13
GO_Biological_Process_2023,Protein Dephosphorylation (GO:0006470),3/124,0.9999880006516636,0.9999961907768526,0,0,0.1692197566213314,2.0305389876968688e-06,PPM1J;PPEF1;PPM1E
GO_Biological_Process_2023,Protein Transport (GO:0015031),17/313,0.9999899075758084,0.9999961907768526,0,0,0.3901813036314224,3.937895099362357e-06,ARL11;RAB3A;RAB3D;STXBP2;ABCA12;CENPF;KRT18;RAB31;TFR2;RAB26;SYNDIG1;TMED3;TIMM17A;RAB19;RAB17;RAMP1;STX1A
GO_Biological_Process_2023,Protein Modification Process (GO:0036211),54/711,0.999990370712264,0.9999961907768526,0,0,0.5547697540410683,5.342063309041266e-06,MAST1;LOXL1;CHEK1;NEK2;MAP3K9;ROS1;DSP;PARP1;EPHA8;KRT2;LMTK3;ALG3;PASK;HASPIN;YWHAZ;CCNA2;MELK;CCNE1;BIRC5;PPEF1;BRSK1;BRSK2;CCL11;EPHA10;CAMK2A;CDCA8;PPM1J;FUT2;PRKCZ;PPM1E;EVPL;TTBK1;AURKB;AURKA;GRK1;FUT5;NUAK2;FUT7;PAK4;PLK4;EGLN3;GAD1;PLK1;PMM2;LIMK1;FN1;PTK6;SRPK1;COL3A1;CDK5;UBE2S;ADM2;CDK1;BMPR1B
GO_Biological_Process_2023,Positive Regulation Of DNA-templated Transcription (GO:0045893),108/1243,0.9999910786559636,0.9999961907768526,0,0,0.6378261223529837,5.690291655550781e-06,FOXA1;EPO;CD80;SCX;MYRFL;IL4I1;MCIDAS;CREB3L4;CDH1;MYB;TNFSF11;SOX4;HMGN1;SLC11A1;FOXH1;F2R;SOX11;SOX12;FOXP3;RUNX2;ISL2;MYCN;TFR2;BLM;DLX5;MAZ;STXBP2;GATA5;GATA4;PIK3R2;GATA3;CYP27B1;TERT;OTX1;CGA;NKX6-1;WNT2;TFAP2A;FZD2;HMGA1;MICAL2;HMGA2;INHBA;POU2F3;ELL3;COL1A1;MLLT11;CXCL10;BCL9;GDNF;LHX2;TLX2;LHX1;BMPR1B;RET;ONECUT2;PTPRN;HOXC13;BRCA1;FOXM1;BRCA2;HOXC11;NAT14;HOXC10;ZIC2;SIX4;MYBL2;MYBL1;FOXD3;IL11;FOXD2;PARP1;RIPK2;ACTL6A;IL18;CKAP2;PAX2;MMP12;CCNA2;GREM1;PSRC1;TET3;IRF7;UHRF1;LEF1;NOD2;ASCL1;ASCL2;IFNL1;EPCAM;SPP1;E2F1;E2F2;E2F3;E2F7;E2F8;H2AZ1;ARNT2;STAT1;CDX1;ATAD2;FOXJ1;HNRNPAB;POU4F1;GRHL2;KLF1;GARS1;WT1
GO_Biological_Process_2023,Regulation Of Gene Expression (GO:0010468),95/1127,0.9999917054650972,0.9999961907768526,0,0,0.6176434963520292,5.123086784756463e-06,TRIM71;MYLK2;SCX;BRCA1;BRCA2;ELAVL2;SLC8A2;TPRXL;FGF5;CDH1;CREB3L1;LAMP3;MYB;ZNF724;DNMT3B;CCN4;IL12B;AMH;SOX4;TCF19;HES6;NAT8B;FOXD1;SLC2A10;SLC11A1;ACTL6A;ZBTB32;SORD;SOX11;FOXP3;MYT1;PTBP3;ADAM19;SLC7A5;CLDN3;MYCN;RBL1;IFNG;ESRP2;ESRP1;TESMIN;PKP3;EZR;ZNF675;TRIM11;MCM2;CRABP2;DLX4;PERM1;HPN;MAZ;TMPRSS4;LEF1;ILDR1;GATA5;ILDR2;GATA4;GATA3;ASCL1;MACROH2A1;TTBK1;AURKA;CYP27B1;TERT;CLEC7A;AGR2;E2F1;IGF2BP1;H3C1;TFAP2A;MSR1;ARNT2;CAVIN4;FN1;HMGA1;HMGA2;INHBA;HNRNPAB;POU4F1;SCRT1;KLF1;GARS1;OCLN;GDNF;WT1;DNAJA4;ADM2;LHX1;GTF2IRD1;INSM1;BMPR1B;FGFR4;ZNF730;EZH2;ZNF695
GO_Biological_Process_2023,Regulation Of Transcription By RNA Polymerase II (GO:0006357),176/2028,0.9999918483253882,0.9999961907768526,0,0,0.6265232621694447,5.107234586193724e-06,FOXA1;ZNF296;EPO;SCX;SLA2;IL4I1;ERFL;MCIDAS;SALL3;CREB3L4;SALL4;CREB3L1;MYB;DPF1;TNFSF11;PITX1;SOX4;MAGEA4;HES6;SLC11A1;FOXH1;ZBTB32;ZFP69B;SOX11;SOX12;OVOL1;FOXP3;RUNX2;ISL2;MYCN;TFR2;TRIB3;NUPR2;EZR;ZNF675;DLX3;MAGEA12;DLX4;DLX5;STXBP2;MAZ;GATA5;FOXO6;GATA4;PIK3R2;GATA3;PRDM12;HOXB13;MACROH2A1;CYP27B1;RAD21;NACC1;ZBED2;OTX1;MAGEA11;CGA;NKX6-1;WNT2;NKX2-2;TFAP2A;CBX8;CBX4;CBX3;CBX2;PLK1;HMGA1;MICAL2;HMGA2;INHBA;POU2F3;ELL3;SCRT1;HOPX;H1-5;BCL9;CXCL10;GDNF;LHX2;TLX2;LHX1;TLX1;NFE2L3;GTF2IRD1;BMPR1B;SIM2;RCOR2;EZH2;ONECUT2;PTPRN;TCF24;HMGB3;HOXC13;BRCA1;FOXM1;HOXC11;HOXC10;DMBX1;ZIC2;SIX4;SIX2;TRPS1;SIX3;DNMT3B;MYBL2;MYBL1;ZNF367;NKX3-2;ZNF124;FOXD4;IL11;FOXD3;FOXD2;FOXD1;PARP1;RIPK2;ACTL6A;IL18;CKAP2;YWHAZ;PAX2;PAX1;KLF17;MMP12;ETV7;GREM1;CCNA2;DMRTA2;FOXD4L5;RIPPLY3;FOXD4L6;TAL2;IFNG;PAX7;TET3;IRF7;ZNF239;FOXD4L3;FOXD4L1;MCM2;UHRF1;LEF1;NOD2;LIN9;ASCL1;BARX1;ASCL2;AURKB;MUC1;GBX2;EPCAM;E2F1;BEND3;E2F2;ZNF469;E2F3;SAMD1;HES2;E2F7;SPDEF;E2F8;H2AZ1;ARNT2;IRX5;STAT1;CDX1;FBXL19;ATAD2;FOXJ1;GRHL2;POU4F1;KLF1;GARS1;WT1;TNIP3;HDGF;INSM1
GO_Biological_Process_2023,Positive Regulation Of Cellular Catabolic Process (GO:0031331),4/146,0.9999919130559072,0.9999961907768526,0,0,0.192101803416006,1.5535228260114725e-06,IFNG;RFPL2;APOC2;ADAM8
GO_Biological_Process_2023,Regulation Of DNA-templated Transcription (GO:0006355),154/1922,0.9999919415831696,0.9999961907768526,0,0,0.5720283766660542,4.609661671230287e-06,FOXA1;ZNF296;EPO;CD80;SCX;MYRFL;ERFL;SALL3;CREB3L4;CDH1;BASP1;SALL4;CREB3L1;MYB;DPF1;ZNF724;MAEL;PITX1;SOX4;HES6;FOXH1;F2R;OVOL1;FOXP3;MYT1;RUNX2;MYCN;TIMELESS;DPEP1;TRIB3;NUPR2;ZNF675;BLM;DLX3;CRABP2;DLX4;DLX5;MAZ;FOXO6;GATA4;GATA3;HOXB13;CYP27B1;RAD21;NACC1;OTX1;NKX6-1;NKX2-2;TFAP2A;FZD2;MTERF3;CBX4;CBX3;HMGA1;HMGA2;INHBA;POU2F3;SCRT1;HOPX;COL1A1;MLLT11;CDK5;LHX2;TLX2;LHX1;TLX1;TNFSF4;NFE2L3;GTF2IRD1;SIM2;RCOR2;EZH2;RET;PRR7;ONECUT2;TCF24;HMGB3;HOXC13;BRCA1;FOXM1;BRCA2;HOXC11;NAT14;HOXC10;ELAVL2;DMBX1;ZIC2;SIX4;SIX2;TRPS1;SIX3;MYBL1;ZNF367;NKX3-2;FOXD4;FOXD3;FOXD2;FOXD1;PARP1;ACTL6A;PAX2;PAX1;KLF17;ETV7;DMRTA2;FOXD4L5;FOXD4L6;PSRC1;TAL2;IFNG;PAX7;DEPDC1;IRF7;ZNF239;BIRC5;TESMIN;FOXD4L3;FOXD4L1;MCM2;PERM1;LEF1;LIN9;ASCL1;BARX1;CIART;IFNL1;GBX2;SPP1;E2F1;E2F2;E2F3;PRAME;HES2;E2F7;SPDEF;E2F8;ARNT2;IRX5;CDKN2A;STAT1;CDX1;FBXL19;ATAD2;HNRNPAB;GRHL2;POU4F1;KLF1;GARS1;CENPF;WT1;TNIP3;ZNF730;ZNF695;CDK5R1
GO_Biological_Process_2023,Golgi Vesicle Transport (GO:0048193),7/197,0.9999936727982194,0.9999961907768526,0,0,0.2508488294869666,1.5871761817937566e-06,RABIF;GOLT1A;TMED3;SPIRE2;KDELR3;SEC24D;NKD2
GO_Biological_Process_2023,Regulation Of Nucleic Acid-Templated Transcription (GO:1903506),26/452,0.9999941185257064,0.9999961907768526,0,0,0.4129720716032388,2.428891765890052e-06,CRABP2;DLX4;PERM1;GATA4;BRCA2;ELAVL2;MYB;E2F1;ZNF724;SOX4;HES6;ARNT2;ACTL6A;HMGA1;HMGA2;FOXP3;MYT1;SCRT1;KLF1;WT1;GTF2IRD1;TESMIN;ZNF675;ZNF730;EZH2;ZNF695
GO_Biological_Process_2023,Protein Modification By Small Protein Conjugation (GO:0032446),18/364,0.9999945468594256,0.9999961907768526,0,0,0.3525416356664568,1.9224643393674367e-06,BARD1;RNF43;TRIM72;CBX4;UBE2C;CCNF;PLK1;CBLC;ISG15;BRCA1;TRAIP;BSPRY;RNF223;MARVELD3;KCTD13;MKRN3;STX1A;TRIM11
GO_Biological_Process_2023,Protein Localization (GO:0008104),17/351,0.9999945898564504,0.9999961907768526,0,0,0.3450237292635631,1.866632952714912e-06,ARL11;STXBP2;SHROOM2;FOXJ1;CELSR1;OCLN;RAB31;HOOK1;MARVELD3;SYNDIG1;TMED3;TIMM17A;RAB19;RAB17;STX1A;CD177;PACSIN1
GO_Biological_Process_2023,Ubiquitin-Dependent Protein Catabolic Process (GO:0006511),16/367,0.9999946770554852,0.9999961907768526,0,0,0.3085716991534166,1.6425144049164408e-06,TRIM71;RNF43;TRIM72;UBE2C;UHRF1;FBXL19;KIF14;CBLC;KCTD5;PSMB3;UBE2S;PSMD3;MARVELD3;KCTD13;CHMP4C;PRAME
GO_Biological_Process_2023,Monocarboxylic Acid Metabolic Process (GO:0032787),1/97,0.9999947379864488,0.9999961907768526,0,0,0.0711423092053501,3.743527800372109e-07,ACBD7
GO_Biological_Process_2023,Protein Stabilization (GO:0050821),7/208,0.9999949393949008,0.9999961907768526,0,0,0.2369697255049672,1.1992132356462511e-06,H1-5;CCT3;TSPAN1;GAPDH;SOX4;CPN2;CCT5
GO_Biological_Process_2023,Gene Expression (GO:0010467),7/296,0.999995012825818,0.9999961907768526,0,0,0.163972362001026,8.177607695038659e-07,DDX39A;EXOSC4;CASP3;EEF1A2;H3C1;MRPL13;RAE1
GO_Biological_Process_2023,Translation (GO:0006412),4/234,0.9999953570548368,0.9999961907768526,0,0,0.1179992122883024,5.478651438000814e-07,GARS1;MRPS23;EEF1A2;MRPL13
GO_Biological_Process_2023,RNA Processing (GO:0006396),5/183,0.999995363873738,0.9999961907768526,0,0,0.1912392311029652,8.866112768430172e-07,EXOSC4;WT1;CELF3;LSM4;SRPK1
GO_Biological_Process_2023,Sensory Perception Of Smell (GO:0007608),2/230,0.9999953819543492,0.9999961907768526,0,0,0.0594772054102197,2.746690839758508e-07,OR2W6P;OR2B6
GO_Biological_Process_2023,Regulation Of Canonical Wnt Signaling Pathway (GO:0060828),6/207,0.9999954053536853,0.9999961907768526,0,0,0.2030368457280017,9.328846381439624e-07,COL1A1;GREM1;PTK7;SOX4;TPBGL;NKD2
GO_Biological_Process_2023,mRNA Processing (GO:0006397),3/214,0.9999954848836832,0.9999961907768526,0,0,0.0965369257752733,4.3587643277218333e-07,DDX39A;SNRPGP15;LSM4
GO_Biological_Process_2023,"mRNA Splicing, Via Spliceosome (GO:0000398)",4/211,0.99999550338586,0.9999961907768526,0,0,0.1312852829197847,5.903405868383609e-07,DDX39A;SNRPGP15;LSM4;SRPK1
GO_Biological_Process_2023,Cytosolic Transport (GO:0016482),2/127,0.9999956127253616,0.9999961907768526,0,0,0.1091349862258953,4.788062075426949e-07,HOOK1;DOP1B
GO_Biological_Process_2023,"RNA Splicing, Via Transesterification Reactions With Bulged Adenosine As Nucleophile (GO:0000377)",3/180,0.9999957198795084,0.9999961907768526,0,0,0.1153076204457493,4.935315653065179e-07,DDX39A;SNRPGP15;LSM4
GO_Biological_Process_2023,Peptide Biosynthetic Process (GO:0043043),2/158,0.9999958960694696,0.9999961907768526,0,0,0.0872914963824054,3.582389721528775e-07,EEF1A2;MRPL13
GO_Biological_Process_2023,Detection Of Chemical Stimulus Involved In Sensory Perception Of Smell (GO:0050911),2/139,0.9999959551704278,0.9999961907768526,0,0,0.0995067750210417,4.0248876023610186e-07,OR2W6P;OR2B6
GO_Biological_Process_2023,Detection Of Chemical Stimulus Involved In Sensory Perception (GO:0050907),2/141,0.9999959644053664,0.9999961907768526,0,0,0.0980636978020889,3.9574613114582506e-07,OR2W6P;OR2B6
GO_Biological_Process_2023,Sensory Perception Of Chemical Stimulus (GO:0007606),1/110,0.9999960782966096,0.9999961907768526,0,0,0.0626105284432542,2.4554040314396065e-07,ITPR3
GO_Biological_Process_2023,Fatty Acid Metabolic Process (GO:0006631),1/122,0.9999961907768526,0.9999961907768526,0,0,0.0563622058507975,2.1469662807679958e-07,ACBD7
