Gene_set,Term,Overlap,P-value,Adjusted P-value,Old P-value,Old Adjusted P-value,Odds Ratio,Combined Score,Genes
GO_Biological_Process_2023,Cell-Cell Adhesion Via Plasma-Membrane Adhesion Molecules (GO:0098742),62/172,6.75860933532416e-06,0.0179602567822335,0,0,2.0884238684903136,24.8620458617867,PTPRT;ROBO3;TENM1;ROBO4;TENM2;PTPRS;TENM3;PTPRM;CLDN2;TRO;CDH5;CDH4;MPZ;HMCN2;LGALS7;SCARF1;GRID2;TGFBR2;CLDN11;CLDN5;CLDN10;CLDN8;CDH10;IL1RAPL1;CDH12;CDHR3;CLDN19;PECAM1;CDH13;CLDN18;DSG1;DSCAML1;CRB1;NLGN1;AMIGO1;AMIGO2;NEXN;SLITRK2;CDH22;SLITRK3;CDH23;LRRC4C;LRRC4B;CADM3;CADM2;CNTN6;L1CAM;PCDHB11;SELE;SELP;SDK1;LRFN5;CD209;FAT2;PCDHB5;ESAM;PCDHB4;CNTN4;FAT4;NECTIN3;ADGRL3;CBLN1
GO_Biological_Process_2023,Adenylate Cyclase-Modulating G Protein-Coupled Receptor Signaling Pathway (GO:0007188),59/163,9.634157105445254e-06,0.0179602567822335,0,0,2.101338902975137,24.270875650680487,CHRM2;GLP1R;VIPR1;VIPR2;ADM;ADRA1D;PTH1R;ADRA1B;AKAP12;ADGRE3;GPER1;FFAR3;LHCGR;AVPR2;GLP2R;NPY1R;PTH2R;ADRA2A;ADGRF1;ADRB3;ADGRB3;ADGRF5;PTGER4;PTGFR;ADCYAP1R1;RAMP2;RAMP3;PTGER3;ADCY4;ADRB2;ADCY8;CRHR1;ADCY6;GNAI1;PTHLH;CRHR2;ADCY5;ADGRG3;ADGRG4;ADGRG2;CALCR;GRK5;CNR1;DRD1;P2RY12;PDE2A;SCTR;OPRK1;TSHR;MARCO;ADGRD1;GNAL;ADM5;ADGRD2;ADGRL4;VIP;ADGRL2;ADGRL3;PF4
GO_Biological_Process_2023,Adenylate Cyclase-Activating G Protein-Coupled Receptor Signaling Pathway (GO:0007189),43/110,1.7757608509885983e-05,0.0179602567822335,0,0,2.37385362344902,25.966864287775717,GLP1R;PTGER4;PTGFR;RAMP2;RAMP3;PTGER3;ADCY4;ADRB1;ADM;ADRA1D;ADRB2;PTH1R;ADRA1B;ADCY8;CRHR1;ADCY6;PTHLH;ADCY5;ADGRG3;ADGRG4;ADGRG2;CALCR;GNG2;ADGRE3;GPER1;DRD1;DRD2;LHCGR;ADRA2B;ADRA2A;TSHR;ADGRD1;ADGRF1;ADRB3;ADGRB3;ADM5;ADGRD2;ADGRF5;ADGRL4;VIP;ADGRL2;ADGRL3;PF4
GO_Biological_Process_2023,Chloride Transport (GO:0006821),33/77,1.808961129606711e-05,0.0179602567822335,0,0,2.771623851048786,30.266611240427338,GABRB3;CLIC5;GABRB1;TTYH1;CLCNKB;CLCNKA;SLC1A3;SLC4A1;SLC5A1;SLC1A7;CLCN1;GLRA3;SLC17A7;CLIC2;GABRE;GABRA2;SLC12A4;GABRA4;ANO6;ANO4;ANO5;GABRG3;ANO2;ANO3;GABRG1;CLCN6;CLCN4;GLRB;FXYD1;SLC26A7;NMUR1;CFTR;SLC26A5
GO_Biological_Process_2023,Ethanol Oxidation (GO:0006069),7/7,2.034004165598368e-05,0.0179602567822335,0,0,110068.0,1189055.7016299907,ADH4;ACSS2;ADH1C;ADH1B;ADH1A;ADH7;ADH6
GO_Biological_Process_2023,Regulation Of Angiogenesis (GO:0045765),69/205,2.9853766150585062e-05,0.0219673962591388,0,0,1.8798710832086576,19.586751957169508,SEMA5A;HSPB6;PDE3B;PTPRM;PRL;ISM1;FGF1;FGF2;AQP1;CDH5;BMPER;ADGRA2;HYAL1;ADAMTS1;CCN6;STAB1;KDR;EMILIN2;ITGB8;CD34;HOXA5;PPP1R16B;SEMA6A;PTGIS;ANXA3;SERPINF1;SPINK5;PRKCA;NRG1;DCN;CLDN5;SFRP1;TNMD;RHOJ;COL4A3;APLNR;PPARG;PRKD1;ANGPTL4;RAPGEF3;EPHA2;FOXC1;RAMP2;NPR1;CHRNA7;ECSCR;TWIST1;KLK3;SEMA3E;FOXO4;RRAS;CNMD;SASH1;ANGPT4;TNFSF12;DAB2IP;VEGFB;VEGFD;KLF4;SMOC2;FGF16;IL6;RGCC;LEP;CNTN1;SPRY2;TEK;NODAL;PF4
GO_Biological_Process_2023,Regulation Of Endothelial Cell Proliferation (GO:0001936),37/93,4.255148456200562e-05,0.0268378291916078,0,0,2.442102247834732,24.5792604807068,SEMA5A;FLT4;ITGB3;PTPRM;PRL;FGF2;ATOH8;KDR;CNMD;PPP1R16B;STAT5A;CCL24;EGFL7;EGR3;ANGPT1;CAV2;EGF;CAV1;TIE1;TNFSF12;VEGFB;PRKCA;VEGFD;PROX1;BMP4;FGF16;NR4A1;BMP2;RGCC;TNMD;LEP;CNTN1;CDH13;ANG;PRKD1;TEK;VIP
GO_Biological_Process_2023,Muscle Organ Development (GO:0007517),26/58,5.42177463690323e-05,0.0299214187774097,0,0,2.999941176470588,29.466929043730048,CHODL;TAGLN;CTF1;MSTN;LAMA2;FHL1;TCF21;SGCE;SGCA;CAPN3;DMD;SOX6;SGCG;MEF2C;EGR3;CAV3;IGF1;KY;POU6F1;MYH3;DES;MYMX;ITGA7;MKX;UTRN;HBEGF
GO_Biological_Process_2023,Prostanoid Metabolic Process (GO:0006692),11/16,6.239496295847502e-05,0.030608195717963,0,0,8.108276670574444,78.50454560185636,HPGDS;GSTM1;HPGD;AKR1C1;GSTP1;GSTA1;AKR1C3;AKR1C2;AKR1C4;CYP4F8;CES1
GO_Biological_Process_2023,Positive Regulation Of Epithelial Cell Proliferation (GO:0050679),45/123,7.778252556539288e-05,0.0343409850371209,0,0,2.1334290856862355,20.1856393226892,SEMA5A;YAP1;FLT4;ITGB3;LAMC1;PTN;FGF2;EGFR;TGM1;FGF7;FGF9;HYAL1;MYC;KDR;SCN5A;PPP1R16B;STAT5A;OSR2;CCL24;EGFL7;EGR3;EGF;ODAM;TNFSF12;VEGFB;PRKCA;VEGFD;IGF1;PROX1;BMP6;BMP5;BMP4;NR4A1;SFRP1;BMP2;NR4A3;CNTN1;CDH13;ANG;PRKD1;TEK;VIP;LACRT;NODAL;FGF10
GO_Biological_Process_2023,Positive Regulation Of Fatty Acid Oxidation (GO:0046321),9/12,0.00010774708959283427,0.0432457636865784,0,0,11.052964612139675,100.97683231073556,ABCD2;NR4A3;IRS1;TWIST1;IRS2;MLYCD;PPARA;PPARGC1A;PLIN5
GO_Biological_Process_2023,Prostaglandin Metabolic Process (GO:0006693),16/30,0.00012042174250899692,0.0443051660981017,0,0,4.214621059691482,38.03489182029538,EDN1;GSTM1;PTGIS;HPGD;GSTP1;AKR1C1;AKR1C3;AKR1C2;PLA2G4A;AKR1C4;PTGS2;CYP4F8;HPGDS;GSTA1;PTGDS;CES1
GO_Biological_Process_2023,Transmembrane Receptor Protein Tyrosine Kinase Signaling Pathway (GO:0007169),87/284,0.00015196168485567276,0.0516085260490611,0,0,1.6369304184393982,14.391699313920569,EPHB6;PTPRT;ALK;CSF1;IRS1;FLT4;IRS4;IRS2;PLAT;FGF1;FGF2;GHR;FGF7;FGF8;FGF9;KDR;PDK4;EPHB1;PDK2;EPHA5;EPHA4;PDGFRA;EPHA7;EPHA6;HGF;NRG1;NGF;GFRA2;DOK5;GFRAL;KIT;TYRO3;COL4A6;ROR1;PRKD1;MET;EPHA3;GPLD1;ANGPTL1;RHOQ;EPHA2;DDR2;SHC4;FOXC1;SHC2;SHC3;ARHGEF28;PDGFA;NEDD9;PIK3R1;ADRB2;FOXO4;EFNA5;EGFR;FOXO1;ART4;NTF4;SOCS2;EFNB1;EFNB3;FLRT2;PDGFD;NTF3;FGF20;ALKAL2;ZNF106;FYN;PAK3;KL;NTRK2;ANGPT1;CAV2;RARRES2;NTRK3;TIE1;IGF2;VEGFB;VEGFD;IGF1;SORBS1;MERTK;FGF17;FGF16;GH1;NR4A3;TEK;FGFR1
GO_Biological_Process_2023,Metal Ion Transport (GO:0030001),57/171,0.00018781336355734485,0.0592282857218341,0,0,1.8499644465513156,15.87280934446029,RYR1;KCNK7;KCNC4;CSN2;PKD2;CLU;SLC4A4;RYR3;AQP1;SCN11A;SCN9A;SCN5A;KCNH3;KCNH4;KCND3;CACNA2D1;TRPC1;KCNAB1;KCNK17;SCNN1B;KCNMA1;KCNQ4;SCN4A;SGK1;SCN4B;RAMP2;RAMP3;CHRNA7;KCNA1;KCNA2;ITPR1;KCNA4;ATP1A2;KCNA5;SLC5A1;KCNA6;SLC5A4;CCL8;KCNMB1;KCNMB2;CDH23;SCN7A;FYN;SLC17A7;SCN3B;SCN3A;KCNJ2;KCNJ8;KCNIP2;KCNJ12;CAV1;KCNB2;KCNJ16;KCNS1;NMUR1;SCN2A;KCNK3
GO_Biological_Process_2023,Regulation Of Peptidyl-Tyrosine Phosphorylation (GO:0050730),34/90,0.00027794969041024286,0.0779081868415813,0,0,2.2425069037515994,18.36180446857177,CSF3;ITGB3;PDGFA;EFNA5;EGFR;IL22RA2;GHR;FGF7;RELN;NTF3;ENPP2;PLCG2;FYN;IL6R;ANGPT4;PRNP;EPHA7;DMTN;ANGPT1;HGF;IGF2;LIF;NRG1;IGF1;BMP6;BST1;GH1;SFRP1;IL6;BANK1;PECAM1;CSPG4;LACRT;FGF10
GO_Biological_Process_2023,Negative Regulation Of Peptide Hormone Secretion (GO:0090278),11/18,0.0002955637823841586,0.0779081868415813,0,0,5.790889298274996,47.0603909483166,CHGA;PRKN;CRHBP;SFRP1;IRS1;KCNB1;FFAR4;INHBB;CCN3;FAM3D;FOXO1
GO_Biological_Process_2023,Cellular Response To Hormone Stimulus (GO:0032870),35/94,0.000314932104952128,0.0779081868415813,0,0,2.1911805258593477,17.667824887223027,OXTR;RAMP2;THRB;RAMP3;UCP1;ATP1A2;NR3C1;TFPI;GHR;SOCS2;CRHBP;CYP11A1;GPER1;FFAR4;INPP5K;SLIT2;STAT5B;LHCGR;MEF2C;AKR1C1;CAV1;AVPR2;LMO2;ARID5A;AKR1C3;AKR1C2;AVPR1A;AKR1C4;ESR2;GCK;SFRP1;NR4A3;LEP;KLF9;MGARP
GO_Biological_Process_2023,Negative Regulation Of Blood Vessel Morphogenesis (GO:2000181),30/77,0.000335278720269546,0.0779081868415813,0,0,2.3567111975225745,18.85498193285861,FOXC1;NPR1;PDE3B;ECSCR;PTPRM;KLK3;SEMA3E;PRL;FOXO4;ISM1;CCN6;STAB1;CNMD;HOXA5;ANGPT4;SEMA6A;SERPINF1;SPINK5;DAB2IP;NRG1;KLF4;DCN;CLDN5;RGCC;TNMD;COL4A3;SPRY2;PPARG;TEK;PF4
GO_Biological_Process_2023,Positive Regulation Of Endothelial Cell Proliferation (GO:0001938),30/77,0.000335278720269546,0.0779081868415813,0,0,2.3567111975225745,18.85498193285861,SEMA5A;FLT4;ITGB3;FGF2;KDR;PPP1R16B;STAT5A;CCL24;EGFL7;FGFBP1;EGR3;EGF;TNFSF12;IGF2;VEGFB;PRKCA;VEGFD;PROX1;BMP4;NR4A1;BMP2;AGTR1;APLNR;CNTN1;CDH13;ANG;PRKD1;TEK;VIP;FGFR1
GO_Biological_Process_2023,Carbon Dioxide Transport (GO:0015670),8/11,0.0003819598834460023,0.084317644270705,0,0,9.822555451421431,77.3054265262574,HBZ;HBG2;HBG1;HBE1;HBB;AQP5;HBA1;HBD
GO_Biological_Process_2023,Chloride Transmembrane Transport (GO:1902476),21/48,0.0004166710347113767,0.0853854256521011,0,0,2.8692779736258,22.33220315450325,GABRB3;GABRA2;GABRB1;SLC12A4;GABRA4;SLC1A3;SLC4A1;ANO6;SLC5A1;ANO4;SLC1A7;ANO5;GABRG3;CLCN1;ANO2;ANO3;GABRG1;GLRA3;GLRB;GABRE;CFTR
GO_Biological_Process_2023,"Synaptic Transmission, Glutamatergic (GO:0035249)",14/27,0.0004699420742463001,0.0853854256521011,0,0,3.969858860051258,30.42063589357525,GRIA1;GRIA2;UNC13C;GRID2;GRID1;GRIK5;GRIK3;GRIK1;GRIN2B;GRIN2A;CDHR3;SLC17A7;GRIA3;GRIA4
GO_Biological_Process_2023,Regulation Of Macrophage Derived Foam Cell Differentiation (GO:0010743),15/30,0.0004916424143981919,0.0853854256521011,0,0,3.686693264491904,28.08434044825149,CETP;CSF1;ABCA5;ITGB3;ADIPOQ;PLA2G2A;NR1H3;PLA2G5;ALOX15B;AGTR1;PPARG;CD36;APOB;PPARA;PF4
GO_Biological_Process_2023,Regulation Of Potassium Ion Transport (GO:0043266),15/30,0.0004916424143981919,0.0853854256521011,0,0,3.686693264491904,28.08434044825149,KCNE1;KCNIP1;KCNIP2;KCNE5;FHL1;KCNA5;ANK2;KCNAB1;ADRA2A;DPP6;CASQ2;DRD1;NOS1;DRD2;VIP
GO_Biological_Process_2023,Regulation Of Trans-Synaptic Signaling (GO:0099177),17/36,0.0004953650229643768,0.0853854256521011,0,0,3.299328975173317,25.108604991550767,CX3CR1;GRIA1;NLGN4Y;GRIA2;NLGN1;GRID2;NLGN4X;GRID1;GRIK5;GRIK3;GRIK1;RELN;FABP5;NRG3;LRRC4C;GRIA3;GRIA4
GO_Biological_Process_2023,Cellular Response To Peptide Hormone Stimulus (GO:0071375),33/89,0.0005028360287552956,0.0853854256521011,0,0,2.1760378438436416,16.52754365973164,TRARG1;IRS1;PDE3B;IRS2;SLC2A4;PIK3R1;ADCY8;CRHR1;FOXO1;CRHBP;CYP11A1;GPER1;INPP5K;PCK1;LHCGR;CAV1;ADIPOQ;INHBB;SORBS1;GCK;TSHR;NR4A2;KAT2B;NR4A1;CPEB1;NR4A3;TBC1D4;SCNN1B;PPARG;MGARP;GPLD1;RHOQ;VAMP2
GO_Biological_Process_2023,Sprouting Angiogenesis (GO:0002040),22/52,0.00054054680529972,0.0883894127925282,0,0,2.7054380191192604,20.352819020024967,SEMA5A;CCBE1;RAMP2;EGR3;ANGPT1;FLT4;VEGFB;SEMA3E;VEGFD;FGF2;DLL1;BMP4;NR4A1;BMPER;ADGRA2;KDR;RSPO3;CDH13;SLIT2;TEK;RECK;GPLD1
GO_Biological_Process_2023,Negative Regulation Of Angiogenesis (GO:0016525),32/86,0.0005653624030942006,0.0891455360593177,0,0,2.188012706391594,16.362054439894962,FOXC1;NPR1;PDE3B;ECSCR;PTPRM;KLK3;SEMA3E;PRL;FOXO4;ISM1;CCN6;STAB1;ADAMTS9;CNMD;HOXA5;ANGPT4;SEMA6A;SERPINF1;SPINK5;DAB2IP;NRG1;KLF4;DCN;KLF2;CLDN5;RGCC;TNMD;COL4A3;SPRY2;PPARG;TEK;PF4
GO_Biological_Process_2023,Muscle Contraction (GO:0006936),34/94,0.0007015255559750991,0.1068012182631056,0,0,2.092472104353293,15.19606229562604,RYR1;OXTR;LMOD1;ADRA1D;MYOM2;RYR3;CLCN1;MYLK;CKMT2;SGCA;SCN7A;MYH11;NOS1;APBB1;SNTA1;KCNIP2;KCNJ12;TPM2;TMOD2;TRDN;MYH1;P2RX6;MYH2;MYH3;DES;ASPH;FXYD1;CASQ2;HRC;SSPN;SCN4A;NMUR1;UTRN;CRYAB
GO_Biological_Process_2023,Extracellular Matrix Assembly (GO:0085029),10/17,0.0008594377575454781,0.1264805899854428,0,0,5.263210769539883,37.15422669137111,MFAP4;RAMP2;EFEMP2;TNXB;HAS1;HAS3;MYH11;GAS6;FBLN5;GPM6B
GO_Biological_Process_2023,Regulation Of Endothelial Cell Migration (GO:0010594),32/88,0.0008940429047112422,0.127142206748692,0,0,2.1096001077150937,14.808879684738017,ACVRL1;FLT4;ITGB3;PTPRM;PTN;FGF1;FGF2;DLL4;BMPER;RRAS;ATOH8;KDR;SLIT2;ADAMTS9;SASH1;ANGPT4;EDN1;ANGPT1;ANXA3;EGF;DAB2IP;PRKCA;PROX1;DCN;BMP4;SMOC2;RHOJ;PRKD1;TEK;PLPP3;GPLD1;EPHA2
GO_Biological_Process_2023,Embryonic Organ Morphogenesis (GO:0048562),19/44,0.0009408904367165932,0.127142206748692,0,0,2.8027343199436223,19.531369413590653,MESP1;OSR2;PDGFRA;FOXE1;TCF21;MFAP5;ALDH1A3;HOXA9;EFEMP1;SOX17;HOXA3;RBPMS2;HOXB4;ALX1;HOXD4;HOXD3;DSCAML1;HOXD9;HOXA4
GO_Biological_Process_2023,Positive Regulation Of Cell Differentiation (GO:0045597),83/283,0.0009503268001600992,0.127142206748692,0,0,1.5364798473646557,10.691909431377535,ACVRL1;CSF3;CSF1;TGFB1I1;ADIRF;LAMC1;MEDAG;TMEM100;RPS6KA3;ZFP36;FGF8;BOC;KDR;FFAR4;DPF3;CD36;SOX6;CD34;IL6R;HOXA5;TP63;SOX5;MEF2C;EDN3;TCF15;MMD;HGF;LMO3;SERPINF2;AXIN2;NGF;ADRA2B;TGFBR2;SFRP1;GPRC5B;PCP4;AGTR1;HOXB4;PPARG;PRKD1;DDR2;LTF;YAP1;FOXC1;TNXB;PKDCC;LAMA2;LAMA1;LRP5;TWIST1;PLA2G5;PTN;GDPD5;RANBP3L;BRINP2;RRAS;SMYD1;ALX1;APOB;BRINP3;LAMB2;RARRES2;ZBTB16;PLA2G2A;IGF1;GDF6;ALOX15B;GDF5;BMP6;BMP4;MAPK11;BMP2;IL6;RGCC;FES;VWC2;MYF6;ASB4;HOXD3;CAMK1;FERMT2;PF4;FGFR1
GO_Biological_Process_2023,Monoatomic Anion Transmembrane Transport (GO:0098656),22/54,0.0009985426154175412,0.129663695502013,0,0,2.5360249177244945,17.521938172497205,GABRB3;GABRA2;GABRB1;SLC12A4;GABRA4;SLC1A3;SLC4A1;ANO6;SLC5A1;ANO4;ANO5;GABRG3;SLC1A7;ANO2;CLCN1;ANO3;GABRG1;GLRA3;GLRB;LRRC8C;GABRE;CFTR
GO_Biological_Process_2023,Positive Regulation Of Protein Phosphorylation (GO:0001934),106/377,0.0010801214765823,0.1362496091174642,0,0,1.449483660304229,9.90096160834369,CSF3;CSF1;FGF1;FGF2;FGF7;CCND2;FGF8;FGF9;KDR;ENPP2;LEPR;IL6R;MAP3K5;LIMCH1;HGF;ADIPOQ;MOB3B;MOB3C;APLNR;PRKD1;FAXDC2;CHRNA7;PDGFA;EFNA5;C3;CALCR;PDGFD;PLCG2;FGF20;NIBAN1;PRNP;RBPMS;CAV1;RARRES2;IGF2;LIF;INHBB;IGF1;GDF6;GDF5;BMP6;GDF7;BMP5;BMP4;FGF17;MARCO;BMP3;FGF16;GH1;BMP2;IL6;CSPG4;LACRT;NODAL;FGF10;ACVRL1;TENM1;MSTN;FLT4;ITGB3;LRRK2;ARRB1;CX3CL1;GHR;GPER1;RSPO1;NOS1;MMD;SH2D3C;AXIN2;NGF;TGFBR2;BANK1;CLDN19;PECAM1;PPARG;GAS6;DDR2;CX3CR1;RAMP3;TNXB;PELI2;ITLN1;EGFR;NTF4;RELN;NTF3;LEFTY2;STOX1;SNCA;GDF10;ANGPT4;NTRK2;CCL21;ANGPT1;ODAM;EGF;IL34;NTRK3;VEGFB;VEGFD;SLCO3A1;LEP;NEK10;SPRY2;TEK
GO_Biological_Process_2023,One-Carbon Compound Transport (GO:0019755),16/35,0.0011198588132787,0.1373382405729347,0,0,3.104521868050408,21.09383732029643,HBZ;SLC14A1;SLC14A2;HBG2;HBG1;HBE1;HBB;SLC4A1;AQP5;HBD;HBA1;SLC4A4;CA4;SLC26A7;CFTR;SLC26A5
GO_Biological_Process_2023,Potassium Ion Transport (GO:0006813),41/122,0.0011697400750059,0.1395784440851683,0,0,1.869672190884312,12.622107812526949,KCNE1;KCNK7;SLC24A4;KCNC2;LRRC38;KCNA1;KCNC4;KCNA2;SLC1A3;KCNA4;ATP1A2;KCNA5;KCNA6;PKD2;AQP1;KCNMB1;KCNMB2;SLC17A7;KCNJ2;KCNH3;KCNH4;SLC12A4;KCNH5;KCNJ8;KCND3;KCNB1;KCNIP2;KCNJ12;KCNH8;KCNB2;KCNJ16;ABCC9;KCNAB1;KCNK17;KCNS1;SLC9A9;KCNMA1;KCNQ4;KCNK2;KCNK3;HCN1
GO_Biological_Process_2023,Adenylate Cyclase-Activating Adrenergic Receptor Signaling Pathway (GO:0071880),9/15,0.0013018159830077,0.1418222158571915,0,0,5.525427700960862,36.71091445610004,ADRB3;ADRA1D;ADRB1;ADRB2;DRD1;ADRA1B;DRD2;ADRA2B;ADRA2A
GO_Biological_Process_2023,Gas Transport (GO:0015669),9/15,0.0013018159830077,0.1418222158571915,0,0,5.525427700960862,36.71091445610004,HBZ;HBG2;HBG1;HBE1;HBB;AQP5;HBA1;HBD;CYGB
GO_Biological_Process_2023,Oxygen Transport (GO:0015671),7/10,0.0013157590765166,0.1418222158571915,0,0,8.592722729757163,56.99846458542756,HBZ;HBG2;HBG1;HBE1;HBB;HBA1;HBD
GO_Biological_Process_2023,Positive Regulation Of MAPK Cascade (GO:0043410),89/310,0.001317035300146,0.1418222158571915,0,0,1.4911128714497686,9.88961533666344,TENM1;FLT4;LRRK2;DIRAS2;ADRA1D;ARRB1;HTR2A;FGF1;ADRA1B;FGF2;CX3CL1;GHR;BMPER;GPER1;KDR;FFAR4;CD36;PDGFRA;MEF2C;EDN1;EDN3;SERPINF2;PRKCA;NRG1;MID1;ADRA2B;MTURN;ADRA2A;ADRB3;DOK5;HAND2;GFRAL;KIT;ROR1;GAS6;TLR4;AVPI1;DDR2;CCL14;CCL13;RAMP3;CHRNA7;PELI2;PDGFA;PLA2G5;ADRB2;EGFR;ART4;CALCR;CCL8;PDGFD;NTF3;PLCG2;S100A12;CCL2;ALKAL2;IGFBP6;CCL18;ELANE;CCL16;CCL24;NTRK2;CCL23;CCL21;ANGPT1;CAV2;EGF;IL34;NTRK3;GPR55;PLA2G2A;IGF2;LIF;DAB2IP;IGF1;BMP4;MARCO;GH1;BMP2;IL6;LEP;NEK10;ACKR3;SPRY2;TEK;FERMT2;NODAL;FGF10;FGFR1
GO_Biological_Process_2023,Branching Morphogenesis Of An Epithelial Tube (GO:0048754),18/42,0.0014132554106177,0.1485600628066046,0,0,2.7653828088304366,18.146053272533,CITED1;NOTCH4;TIE1;LRP5;TCF21;SEMA3E;PKD2;FGF2;RASIP1;TGFBR2;DLL4;BMP4;MYC;KDR;SLIT2;MET;EPHA2;FGF10
GO_Biological_Process_2023,Positive Regulation Of Cation Transmembrane Transport (GO:1904064),10/18,0.0015642831785663,0.1598954563016385,0,0,4.605016408813877,29.749914571083707,EDN1;KCNE1;STAC;AMIGO1;KCNE5;AKAP6;ANK2;PDZK1;NOS1;PIRT
GO_Biological_Process_2023,Cellular Response To Metal Ion (GO:0071248),44/135,0.0015935221013073,0.1598954563016385,0,0,1.7861089760900726,11.50577208151851,RYR1;PRKN;CPNE8;NLGN1;CPNE4;MT1L;LRRK2;KCNA1;MT1M;MT1X;AQP2;RASGRP2;PKD2;ADCY8;CLU;RYR3;EGFR;AQP1;CRHBP;MT1DP;CHP2;PLCG2;CAPN3;SCN5A;SLC13A5;SNCA;PRNP;SYT4;SLC13A2;MEF2C;JUN;SYT2;DMTN;AKR1C3;SYT15;FOS;SYT8;F3;BMP6;MT1A;DLG2;RASA4;GPLD1;MT1E
GO_Biological_Process_2023,Neuron Projection Guidance (GO:0097485),41/124,0.0016633740953141,0.1628877112498727,0,0,1.824386566336183,11.674080247316123,EPHB6;SEMA5A;ROBO3;ROBO4;SEMA3C;ARHGEF25;SEMA3D;NRXN1;SEMA3A;MYCBP2;SEMA3B;SEMA3G;NEXN;SEMA3E;EFNA5;EFNB1;EFNB3;RELN;KIF5A;BOC;FYN;SLIT2;ARHGEF40;EPHB1;EPHA5;LGI1;EPHA4;EPHA7;EPHA6;SEMA6A;CNTN6;SEMA6D;L1CAM;NFASC;CXCL12;FEZ1;CNTN1;CNTN4;LGR6;DSCAML1;EPHA3
GO_Biological_Process_2023,Regulation Of Epithelial Cell Proliferation (GO:0050678),32/91,0.0016971313063406,0.1628877112498727,0,0,2.0019489129219314,12.770063597082062,CDKN1C;YAP1;LAMC1;EGFR;EPB41L4B;FGF7;ZFP36;FGF9;HYAL1;MYC;SCN5A;OSR2;KRT4;ANGPT1;TIE1;DAB2IP;IGF1;MCC;GDF5;BMP6;BMP5;TGFBR3;BMP4;FGF16;NR4A1;SFRP1;NR4A3;LEP;PRKD1;LACRT;NODAL;FGF10
GO_Biological_Process_2023,Positive Regulation Of Fatty Acid Beta-Oxidation (GO:0032000),6/8,0.0017816909642524,0.1673652256845632,0,0,11.045901639344262,69.92268245063889,ABCD2;IRS1;TWIST1;IRS2;PPARA;PLIN5
GO_Biological_Process_2023,Chemical Synaptic Transmission (GO:0007268),79/273,0.001870478756809,0.1720450773189966,0,0,1.5068077591013709,9.465104644922322,GABRB3;CHRM2;GABRB1;GRIK5;KCNC4;GRIK3;GRIK1;HTR2A;HTR4;SLC6A2;HAPLN4;CRHBP;RPS6KA3;GRM7;RPS6KA2;MPZ;KIF5A;DLGAP1;DLGAP2;UNC13C;GRID2;NPY5R;GRID1;NPFF;GABRG3;SYN2;GABRG1;SLC5A7;CACNB4;CDHR3;GRIA1;GRIA2;NLGN1;CHRNA2;STXBP1;KCNA1;CHRNA7;NRXN1;SLC1A3;LIN7A;GRIN2A;GLRA3;PTCHD1;KCNMB1;PENK;SNCG;SLC17A7;NPTX1;GABRE;DRD2;PDLIM4;GRIA3;GRIA4;SNCA;GABRA2;NLGN4Y;GABRP;RIC3;SLC12A4;PTPRN2;NLGN4X;KCNIP2;GABRA4;OPRK1;NSG1;PCDHB11;GRIN2B;DLG2;GLRB;PLP1;RIMBP2;PMP22;PCDHB5;PCDHB4;APBA1;PDE7B;KCNK3;SCN2B;CBLN1
GO_Biological_Process_2023,Regulation Of MAP Kinase Activity (GO:0043405),38/114,0.0020457968559246,0.1843304718144371,0,0,1.8461538461538465,11.431325362682744,TENM1;LRRK2;GSTP1;DIRAS2;PDGFA;FGF1;FGF2;EGFR;GHR;RGS2;PDGFD;NTF3;INPP5K;S100A12;ELANE;MEF2C;EDN1;CAV3;EDN3;DUSP1;EGF;IL34;NTRK3;ADIPOQ;DAB2IP;IRAK3;ADRA2A;BMP4;FGF16;GH1;BMP2;KIT;NEK10;SPRY2;PPARG;SPRY1;TLR4;FGFR1
GO_Biological_Process_2023,Elastic Fiber Assembly (GO:0048251),5/6,0.0021991402622063,0.1903765540713901,0,0,18.406696324045893,112.64325306136716,MFAP4;EFEMP2;TNXB;MYH11;FBLN5
GO_Biological_Process_2023,Regulation Of Skeletal Muscle Contraction (GO:0014819),5/6,0.0021991402622063,0.1903765540713901,0,0,18.406696324045893,112.64325306136716,SLC8A3;CAV3;DMD;SCN4A;KCNJ2
GO_Biological_Process_2023,Chemokine-Mediated Signaling Pathway (GO:0070098),22/57,0.0022910621361865,0.1936823654266001,0,0,2.3182080730740817,14.091783571876894,CCL14;CXCL6;CCL13;CCL24;FOXC1;CCL23;CCL21;MPL;GPR75;CXCL1;PPBP;CXCL3;CXCL2;CX3CL1;CXCL5;CCL8;CXCL12;CCL2;CCL18;PF4V1;CCL16;PF4
GO_Biological_Process_2023,Cellular Response To Fatty Acid (GO:0071398),9/16,0.0024128040993121,0.1936823654266001,0,0,4.73577957079246,28.54238094673614,DGAT2;PID1;IRS1;AKR1C3;UCP1;PDK4;AKR1C2;FFAR3;AKR1C4
GO_Biological_Process_2023,Regulation Of Protein Kinase A Signaling (GO:0010738),9/16,0.0024128040993121,0.1936823654266001,0,0,4.73577957079246,28.54238094673614,AKAP12;RAMP3;CALCR;TCIM;LRRK2;ADIPOQ;AKAP7;AKAP6;ADRB2
GO_Biological_Process_2023,Regulation Of Secretion (GO:0051046),9/16,0.0024128040993121,0.1936823654266001,0,0,4.73577957079246,28.54238094673614,PTPRN2;EGF;OPRK1;NRG1;SGK1;LACRT;GPLD1;CES1;FGF10
GO_Biological_Process_2023,Positive Regulation Of Cell Junction Assembly (GO:1901890),23/61,0.0026291357482849,0.2067281851930496,0,0,2.232343732597424,13.262577572113669,GRID2;NLGN1;CLSTN2;MYOC;NRXN1;CAV1;NRG1;PPM1F;ACE2;CLDN5;SFRP1;CUX2;SLITRK2;IL1RAPL1;SLITRK3;KDR;CLDN19;SLITRK5;TEK;EPHB1;FERMT2;EPHA2;LRRC4B
GO_Biological_Process_2023,Regulation Of Vascular Endothelial Growth Factor Signaling Pathway (GO:1900746),10/19,0.0026730193223885,0.2067281851930496,0,0,4.093087461582539,24.24968745773912,CCBE1;SMOC2;SEMA6A;TNXB;MYO1C;DAB2IP;SPRY2;NRG1;DLL1;DCN
GO_Biological_Process_2023,Diterpenoid Metabolic Process (GO:0016101),13/28,0.0027230128169016,0.2067281851930496,0,0,3.19363515521151,18.86166146943036,PECR;LRP1;ADH1B;AKR1C1;RARRES2;AKR1C3;AKR1C4;ADH7;DHRS3;RPE65;ADH4;ALDH1A1;RDH5
GO_Biological_Process_2023,Regulation Of Phosphatidylinositol 3-Kinase Signaling (GO:0014066),31/90,0.0028716761373833,0.2067281851930496,0,0,1.9389311453155256,11.34829137921113,CSF3;PDGFA;TWIST1;SEMA3E;FGF2;EGFR;GPER1;PDGFD;KDR;PIP5K1B;PPP1R16B;PDGFRA;NTRK2;MYOC;EGF;HGF;NTRK3;DAB2IP;IGF1;DCN;SELP;GH1;PIK3IP1;LEP;KIT;ROR1;TEK;NOP53;RAPGEF3;DDR2;FGFR1
GO_Biological_Process_2023,Regulation Of Heart Rate By Cardiac Conduction (GO:0086091),17/41,0.0029118776800516,0.2067281851930496,0,0,2.6111371996556314,15.246318234633462,KCNE1;KCND3;KCNE5;CACNA2D1;CAV1;LOC102723475;KCNA5;ANK2;CACNA1G;BIN1;CTNNA3;SCN5A;SCN3B;SCN4B;KCNJ2;HCN1;SCN2B
GO_Biological_Process_2023,Negative Regulation Of Vascular Permeability (GO:0043116),7/11,0.0029499152134002,0.2067281851930496,0,0,6.444132115249473,37.543377411748494,CLDN5;RAMP2;PDE2A;PDE3A;SLIT2;FERMT2;SH3GL2
GO_Biological_Process_2023,Regulation Of Muscle System Process (GO:0090257),7/11,0.0029499152134002,0.2067281851930496,0,0,6.444132115249473,37.543377411748494,KCNA1;TNNC1;TNNC2;ATP1A2;DMD;PPP1R12B;MYL9
GO_Biological_Process_2023,Smooth Muscle Cell Differentiation (GO:0051145),7/11,0.0029499152134002,0.2067281851930496,0,0,6.444132115249473,37.543377411748494,BMP4;MEF2C;MYOCD;EDNRB;HEY1;HEY2;TBX18
GO_Biological_Process_2023,Myelination (GO:0042552),19/48,0.0031887424669154,0.2199734061161176,0,0,2.4155346569139677,13.884803968661808,HYCC1;ARHGEF10;ABCD2;GAL3ST1;MYOC;LGI4;AMIGO1;SOX10;KLK6;SLC8A3;NFASC;MPZ;PLP1;PMP22;MAL;TPPP;B4GALT6;SCN2A;GPM6B
GO_Biological_Process_2023,Granulocyte Chemotaxis (GO:0071621),26/73,0.0036127177898675,0.2452611486613775,0,0,2.040560700876095,11.47467466299588,CCL14;CXCL6;CCL13;CXCL1;CXCL3;CXCL2;CX3CL1;CXCL5;LGALS3;CCL8;CXCR1;CXCR2;CCL2;S100A12;CCL18;PF4V1;CCL16;CCL24;EDN1;CCL23;ANXA1;EDN3;CCL21;PPBP;SAA1;PF4
GO_Biological_Process_2023,Ethanol Metabolic Process (GO:0006067),8/14,0.0037295259305569,0.2452611486613775,0,0,4.910340518587941,27.45604207624908,ADH4;ACSS2;ADH1C;ADH1B;ADH1A;ADH7;ADH6;SULT1C4
GO_Biological_Process_2023,Regulation Of Sensory Perception Of Pain (GO:0051930),8/14,0.0037295259305569,0.2452611486613775,0,0,4.910340518587941,27.45604207624908,TMEM100;OPRPN;SMR3B;SCN11A;CCN3;SPX;VIP;MGLL
GO_Biological_Process_2023,Cellular Response To Chemokine (GO:1990869),22/59,0.0037775216554866,0.2452611486613775,0,0,2.1926199824648345,12.231940879520112,CCL14;CXCL6;CCL13;CCL24;FOXC1;CCL23;CCL21;DUSP1;GPR75;CXCL1;PPBP;CXCL3;CXCL2;CX3CL1;CXCL5;CCL8;CXCL12;CCL2;CCL18;PF4V1;CCL16;PF4
GO_Biological_Process_2023,Regulation Of Muscle Contraction (GO:0006937),13/29,0.0039801466590266,0.2476863196835715,0,0,2.99384236453202,16.545280051999384,CHRM2;KCNA1;CAV1;KCNB2;TNNC1;TNNC2;ATP1A2;CNN1;MYL2;MYL3;TNNT3;PPP1R12B;MYL9
GO_Biological_Process_2023,Neutrophil Chemotaxis (GO:0030593),25/70,0.0040993896975562,0.2476863196835715,0,0,2.0490603518126456,11.263515031487604,CCL14;CXCL6;CCL13;CXCL1;CXCL3;CXCL2;CX3CL1;CXCL5;LGALS3;CCL8;CXCR1;CXCR2;CCL2;S100A12;CCL18;PF4V1;CCL16;CCL24;EDN1;CCL23;EDN3;CCL21;PPBP;SAA1;PF4
GO_Biological_Process_2023,Regulation Of ERK1 And ERK2 Cascade (GO:0070372),70/244,0.0041077198801967,0.2476863196835715,0,0,1.4873388317728915,8.172759076188099,FLT4;ADRA1D;ARRB1;HTR2A;FGF1;FGF2;CX3CL1;BMPER;GPER1;KDR;FFAR4;SIRPA;CD36;EPHB1;EPHA4;PDGFRA;EPHA7;SEMA6A;LMO3;SERPINF2;ADIPOQ;PRKCA;NRG1;DUSP26;MTURN;DUSP6;TGFBR3;HAND2;ROR1;GAS6;TLR4;EPHA2;DDR2;CCL14;CCL13;RAMP3;GSTP1;CHRNA7;PDGFA;FBLN1;PLA2G5;EGFR;CALCR;CCL8;RRAS;PDGFD;CCL2;ALKAL2;CCL18;CCL16;CCL24;NTRK2;CCL23;CCL21;ANGPT1;NTRK3;GPR55;PLA2G2A;DAB2IP;IGF1;MARCO;BMP2;NEK10;ACKR3;SPRY2;SPRY1;TEK;FERMT2;NODAL;FGF10
GO_Biological_Process_2023,Aorta Morphogenesis (GO:0035909),9/17,0.0041603469102776,0.2476863196835715,0,0,4.143543473166159,22.71555509502097,DLL4;EFEMP2;LRP1;HEY1;HEY2;PROX1;ADAMTS9;MYLK;TGFBR2
GO_Biological_Process_2023,Negative Regulation Of Insulin Secretion (GO:0046676),9/17,0.0041603469102776,0.2476863196835715,0,0,4.143543473166159,22.71555509502097,CHGA;PRKN;SFRP1;IRS1;KCNB1;INHBB;CCN3;FAM3D;FOXO1
GO_Biological_Process_2023,Long-Chain Fatty Acid Transport (GO:0015909),11/23,0.004317938211323,0.2476863196835715,0,0,3.3769441187964047,18.38738392349072,ABCD2;SLC27A1;FABP4;FABP5;ACSL1;FABP9;SLC27A6;PPARG;SPX;CD36;SLC25A20
GO_Biological_Process_2023,Regulation Of Extracellular Matrix Organization (GO:1903053),11/23,0.004317938211323,0.2476863196835715,0,0,3.3769441187964047,18.38738392349072,EFEMP2;LAMA2;LRP1;ANGPTL7;LAMA1;LAMB2;TIE1;PRDM5;AXIN2;LAMC1;DDR2
GO_Biological_Process_2023,Cellular Response To Copper Ion (GO:0071280),10/20,0.0043298571658714,0.2476863196835715,0,0,3.683544303797469,20.046661150140164,PRNP;MT1DP;MT1A;MT1L;MT1M;MT1X;AQP2;AQP1;MT1E;SNCA
GO_Biological_Process_2023,Hydrogen Peroxide Catabolic Process (GO:0042744),10/20,0.0043298571658714,0.2476863196835715,0,0,3.683544303797469,20.046661150140164,HBZ;HBM;HBG2;GPX3;HBG1;HBE1;CAT;HBB;HBA1;HBD
GO_Biological_Process_2023,Cellular Response To Prostaglandin Stimulus (GO:0071379),6/9,0.0043758851495625,0.2476863196835715,0,0,7.363466042154567,39.99574425925852,PTGER4;PTGFR;SFRP1;GNG2;AKR1C3;AKR1C2
GO_Biological_Process_2023,Epidermis Development (GO:0008544),29/85,0.0045003801590502,0.2515085873697091,0,0,1.9104746207406909,10.323428062936332,COL17A1;SPRR2E;SPRR2F;LAMA3;KLK5;LAMC2;GLI1;DLL1;EDA2R;KLK7;PTHLH;NTF4;SCEL;FGF7;STS;SVEP1;TGM5;LAMB3;SPINK5;EMP1;KLK14;KRT5;KRT9;EDAR;FLG2;DCT;FABP5;KRT15;KRT14
GO_Biological_Process_2023,Myofibril Assembly (GO:0030239),18/46,0.0046783129783224,0.2581843974911704,0,0,2.369724216600684,12.713138442088797,FHOD3;PDGFRA;TMOD2;LMOD1;MYOM2;CSRP2;MYH3;OBSCN;CSRP1;SYNPO2L;MYL2;TNNT3;CAPN3;PGM5;FLNC;MYOZ1;MYOZ2;MYL9
GO_Biological_Process_2023,Homophilic Cell Adhesion Via Plasma Membrane Adhesion Molecules (GO:0007156),22/60,0.0047800977871775,0.2605448361776394,0,0,2.1347833617895238,11.40677571567033,PTPRT;ROBO3;ROBO4;CADM3;TENM3;CADM2;CNTN6;AMIGO2;PTPRM;NEXN;L1CAM;TRO;SDK1;CDH4;HMCN2;PECAM1;CDH13;FAT2;ESAM;CNTN4;DSCAML1;NECTIN3
GO_Biological_Process_2023,Striated Muscle Contraction (GO:0006941),21/57,0.0054108251419367,0.274852742103698,0,0,2.1507246376811597,11.225392544044002,RYR1;MYH7B;STAC;TNNC1;KCNE5;TNNC2;ATP1A2;RYR3;MYH3;MYL2;MYL3;TNNT3;STAC2;CASQ2;TNNI2;DMD;NOS1;SCN5A;SCN3B;SCN4B;SCN2B
GO_Biological_Process_2023,Blood Circulation (GO:0008015),19/50,0.005412479433001,0.274852742103698,0,0,2.259405760531042,11.791947083080675,ACVRL1;EDN3;NPR1;AVPR1A;SGCZ;ADCY6;TRDN;DLL4;ACE2;MYL7;PLN;ACTC1;CXCL12;MYL2;COL4A3;AGTR1;SERPING1;LPA;SGCG
GO_Biological_Process_2023,Positive Regulation Of Cell Death (GO:0010942),19/50,0.005412479433001,0.274852742103698,0,0,2.259405760531042,11.791947083080675,HBZ;PRNP;HBG2;HBG1;LRRK2;HBE1;HP;HBB;HBD;AXIN2;HBA1;HPR;CLU;GRIN2B;BMP4;MAP3K20;FYN;MAP3K5;SNCA
GO_Biological_Process_2023,Cardiac Muscle Cell Action Potential Involved In Contraction (GO:0086002),13/30,0.0056669031601339,0.274852742103698,0,0,2.817554608050117,14.575526935072832,KCNE1;CAV3;KCNE5;CACNA2D1;LOC102723475;KCNA5;CACNA1G;SCN5A;SCN3B;SCN4B;KCNJ2;SNTA1;SCN2B
GO_Biological_Process_2023,Embryonic Skeletal System Morphogenesis (GO:0048704),13/30,0.0056669031601339,0.274852742103698,0,0,2.817554608050117,14.575526935072832,OSR2;PDGFRA;NOG;TWIST1;TGFBR2;HOXA9;HOXA3;HOXB4;HOXD4;HOXD3;DSCAML1;HOXD9;HOXA4
GO_Biological_Process_2023,Dendrite Self-Avoidance (GO:0070593),7/12,0.0057772620943096,0.274852742103698,0,0,5.1549777465448585,26.567855218885857,ROBO3;ROBO4;CNTN6;TNN;NEXN;CNTN4;DSCAML1
GO_Biological_Process_2023,Negative Regulation Of Macrophage Derived Foam Cell Differentiation (GO:0010745),7/12,0.0057772620943096,0.274852742103698,0,0,5.1549777465448585,26.567855218885857,CETP;ABCA5;ITGB3;ADIPOQ;NR1H3;PPARG;PPARA
GO_Biological_Process_2023,Negative Regulation Of Potassium Ion Transport (GO:0043267),7/12,0.0057772620943096,0.274852742103698,0,0,5.1549777465448585,26.567855218885857,CAV3;BIN1;CAV1;KCNE5;CASQ2;NOS1;VIP
GO_Biological_Process_2023,Regulation Of Sensory Perception (GO:0051931),7/12,0.0057772620943096,0.274852742103698,0,0,5.1549777465448585,26.567855218885857,TMEM100;OPRPN;SMR3B;SCN11A;SPX;VIP;MGLL
GO_Biological_Process_2023,Relaxation Of Cardiac Muscle (GO:0055119),7/12,0.0057772620943096,0.274852742103698,0,0,5.1549777465448585,26.567855218885857,CHGA;GSTM2;RGS2;GSN;PLN;ATP1A2;KCNJ2
GO_Biological_Process_2023,Regulation Of Protein Kinase B Signaling (GO:0051896),42/136,0.0059761445929965,0.274852742103698,0,0,1.6494135619453465,8.444963848220533,SEMA5A;CX3CR1;CSF3;RAMP3;MSTN;PDGFA;NTS;FGF2;CX3CL1;EGFR;CALCR;RRAS;GPER1;INPP5K;DRD2;PHLDA3;P2RY12;NTRK2;MYOC;ANGPT1;CCL21;F10;EGF;NTRK3;IGF2;AKR1C3;AKR1C2;IGF1;BANK1;SFRP5;LEP;GFRAL;CNTN1;SPRY2;TEK;GAS6;PPARA;NOP53;FERMT2;EPHA2;FGFR1;HBEGF
GO_Biological_Process_2023,Positive Regulation Of Protein Serine/Threonine Kinase Activity (GO:0071902),37/117,0.0062337652996536,0.274852742103698,0,0,1.7068530313753243,8.667015219184423,TENM1;SLC27A1;LRRK2;DIRAS2;PDGFA;ADRB2;FGF1;PKD2;FGF2;EGFR;GHR;CCND2;PDGFD;NTF3;S100A12;ELANE;SNCA;MEF2C;EDN1;EDN3;EGF;IL34;NTRK3;ADIPOQ;DAB2IP;PROX1;ADRA2A;GH1;RGCC;TCIM;KIT;NEK10;CAMK1;TLR4;FERMT2;FGFR1;LTF
GO_Biological_Process_2023,Coronary Vasculature Development (GO:0060976),5/7,0.0063353577672386,0.274852742103698,0,0,9.20276281901194,46.5807870368876,BMP4;MESP1;MYOCD;APLNR;GPC3
GO_Biological_Process_2023,Diacylglycerol Biosynthetic Process (GO:0006651),5/7,0.0063353577672386,0.274852742103698,0,0,9.20276281901194,46.5807870368876,DGAT2;GPAM;MOGAT2;MOGAT1;PNPLA2
GO_Biological_Process_2023,Negative Regulation Of Phospholipase Activity (GO:0010519),5/7,0.0063353577672386,0.274852742103698,0,0,9.20276281901194,46.5807870368876,ANXA8L1;RGS2;ANXA1;ANXA8;PLA2R1
GO_Biological_Process_2023,Regulation Of Phospholipase A2 Activity (GO:0032429),5/7,0.0063353577672386,0.274852742103698,0,0,9.20276281901194,46.5807870368876,ANXA8L1;ANXA1;LRP1;ANXA8;PLA2R1
GO_Biological_Process_2023,Taurine Metabolic Process (GO:0019530),5/7,0.0063353577672386,0.274852742103698,0,0,9.20276281901194,46.5807870368876,GHR;STAT5A;STAT5B;FMO3;CDO1
GO_Biological_Process_2023,Negative Regulation Of Endothelial Cell Proliferation (GO:0001937),15/37,0.006468747079431,0.274852742103698,0,0,2.5125344029357173,12.665115177897851,NGFR;MEF2C;CAV2;CAV1;PTPRM;PRL;DLL4;RGCC;TNMD;ATOH8;COL4A3;MMRN2;CCL2;PPARG;CNMD
GO_Biological_Process_2023,Positive Regulation Of Muscle Cell Differentiation (GO:0051149),8/15,0.0065040598591511,0.274852742103698,0,0,4.208595528183157,21.191661863819327,MESP1;MAPK11;MYOCD;LAMA2;LAMA1;LAMB2;NRG1;LAMC1
GO_Biological_Process_2023,Positive Regulation Of Potassium Ion Transport (GO:0043268),8/15,0.0065040598591511,0.274852742103698,0,0,4.208595528183157,21.191661863819327,KCNE1;AMIGO1;KCNE5;FHL1;AKAP6;ANK2;DRD1;ADRA2A
GO_Biological_Process_2023,Regulation Of Systemic Arterial Blood Pressure By Hormone (GO:0001990),8/15,0.0065040598591511,0.274852742103698,0,0,4.208595528183157,21.191661863819327,ACE2;EDN1;OXTR;EDN3;RASL10B;AVPR2;AGTR1;AVPR1A
GO_Biological_Process_2023,Adrenergic Receptor Signaling Pathway (GO:0071875),9/18,0.006756417613543,0.274852742103698,0,0,3.682915397234591,18.40449488822799,ADRB3;ADRA1D;ADRB1;ADRB2;DRD1;ADRA1B;DRD2;ADRA2B;ADRA2A
GO_Biological_Process_2023,Cardiac Muscle Cell Contraction (GO:0086003),9/18,0.006756417613543,0.274852742103698,0,0,3.682915397234591,18.40449488822799,KCNE1;GSN;CACNA2D1;SCN5A;SCN3B;SCN4B;KCNJ2;CACNA1G;SCN2B
GO_Biological_Process_2023,Energy Reserve Metabolic Process (GO:0006112),9/18,0.006756417613543,0.274852742103698,0,0,3.682915397234591,18.40449488822799,PID1;ADRB3;GBE1;LEP;ADGRF5;LEPR;PYGM;PYGL;MRAP2
GO_Biological_Process_2023,Membrane Repolarization (GO:0086009),9/18,0.006756417613543,0.274852742103698,0,0,3.682915397234591,18.40449488822799,KCNE1;SLC24A4;KCND3;KCNIP2;KCNE5;LOC102723475;ATP1A2;ATP1B2;KCNJ2
GO_Biological_Process_2023,Regulation Of cAMP-mediated Signaling (GO:0043949),9/18,0.006756417613543,0.274852742103698,0,0,3.682915397234591,18.40449488822799,POMC;PDE11A;PDE2A;PDE3B;SCTR;FFAR4;PDE3A;GPR62;GNAI1
GO_Biological_Process_2023,Regulation Of Ventricular Cardiac Muscle Cell Membrane Repolarization (GO:0060307),9/18,0.006756417613543,0.274852742103698,0,0,3.682915397234591,18.40449488822799,KCNE1;CAV3;CACNA2D1;KCNE5;LOC102723475;ANK2;SCN5A;SCN4B;SNTA1
GO_Biological_Process_2023,Cellular Response To Ketone (GO:1901655),17/44,0.0068479731894466,0.274852742103698,0,0,2.320567338881497,11.565249433130711,PTGER4;PTGFR;AKR1C3;AKR1C2;ADCY8;NR3C1;ADCY6;GNAI1;ADCY5;AQP1;SFRP1;GNG2;SCNN1B;KLF9;PCK1;GAS6;CFTR
GO_Biological_Process_2023,Positive Regulation Of Chemotaxis (GO:0050921),17/44,0.0068479731894466,0.274852742103698,0,0,2.320567338881497,11.565249433130711,SEMA5A;P2RY12;CCL21;EDN3;NTRK3;RARRES2;PTN;FGF2;PPM1F;SMOC2;IL6;KDR;CNTN1;CDH13;PRKD1;IL6R;MET
GO_Biological_Process_2023,Axon Guidance (GO:0007411),45/149,0.0071196973378426,0.2821388943240863,0,0,1.597412868388997,7.899031019711373,EPHB6;SEMA5A;ROBO3;ROBO4;SEMA3C;ARHGEF25;SEMA3D;NRXN1;SEMA3A;MYCBP2;SEMA3B;SEMA3G;PTPRM;NEXN;SEMA3E;EFNA5;EFNB1;EFNB3;RELN;KIF5A;BOC;FYN;NCAM1;SLIT2;ARHGEF40;EPHB1;PLXNA4;EPHA5;LGI1;EPHA4;EPHA7;EPHA6;SEMA6A;CNTN6;SEMA6D;L1CAM;NFASC;CXCL12;NFIB;FEZ1;CNTN1;CNTN4;LGR6;DSCAML1;EPHA3
GO_Biological_Process_2023,Cellular Response To Vascular Endothelial Growth Factor Stimulus (GO:0035924),14/34,0.0071573173645068,0.2821388943240863,0,0,2.5792585640544345,12.74055728612823,FOXC1;RAMP2;EGR3;SEMA6A;FLT4;DAB2IP;VEGFB;VEGFD;DLL4;NR4A1;KDR;GAS1;SPRY2;PRKD1
GO_Biological_Process_2023,Heart Contraction (GO:0060047),16/41,0.0076864245122063,0.2932243319194164,0,0,2.358535211267605,11.482055922974826,KCNE5;TNNC1;ATP1A2;SGCZ;TRDN;ACTC1;MYL7;MYL2;MYL3;CASQ2;DMD;SCN5A;SCN3B;SCN4B;SGCG;SCN2B
GO_Biological_Process_2023,Modulation Of Excitatory Postsynaptic Potential (GO:0098815),13/31,0.0078780467456222,0.2932243319194164,0,0,2.6608543800662026,12.888314586427164,NLGN1;NLGN4X;CHRNA7;LRRK2;NRXN1;GRIN2B;SLC8A3;STX1B;GRIN2A;CUX2;RELN;SHANK3;CBLN1
GO_Biological_Process_2023,Negative Chemotaxis (GO:0050919),13/31,0.0078780467456222,0.2932243319194164,0,0,2.6608543800662026,12.888314586427164,EPHA7;SEMA6A;SEMA3C;SEMA3D;ITGB3;SEMA3A;SEMA6D;SEMA3B;SEMA3G;PDGFA;SEMA3E;SLIT2;LGR6
GO_Biological_Process_2023,Positive Regulation Of Cholesterol Transport (GO:0032376),13/31,0.0078780467456222,0.2932243319194164,0,0,2.6608543800662026,12.888314586427164,CETP;LRP1;ABCA5;CAV1;PTCH1;ADIPOQ;NR1H3;ABCA8;CYP8B1;EEPD1;PPARG;PLTP;CES1
GO_Biological_Process_2023,Actomyosin Structure Organization (GO:0031032),26/77,0.0080265517685638,0.2932243319194164,0,0,1.8800369088811997,9.07117857765782,FHOD3;LMOD1;ARRB1;MYOM2;PDLIM1;EPB41L4B;FAM171A1;CSRP2;CSRP1;EPB41L2;CAPN3;PGM5;MYH11;FLNC;MYOZ1;MYOZ2;MYH10;MYH7B;TMOD2;SORBS1;FRMD3;MYH3;OBSCN;SYNPO2L;TNNT3;MYL9
GO_Biological_Process_2023,Neutrophil Migration (GO:1990266),26/77,0.0080265517685638,0.2932243319194164,0,0,1.8800369088811997,9.07117857765782,CCL14;CXCL6;CCL13;CXCL1;CXCL3;CXCL2;CX3CL1;CXCL5;LGALS3;CCL8;CXCR1;CXCR2;CCL2;S100A12;CCL18;PF4V1;CCL16;CCL24;EDN1;CCL23;EDN3;CCL21;PPBP;PECAM1;SAA1;PF4
GO_Biological_Process_2023,Regulation Of Cell Death (GO:0010941),21/59,0.0084760895670228,0.2932243319194164,0,0,2.0372688477951635,9.71880340768158,HBZ;PACRG;HBG2;HBG1;LRRK2;CHRNA7;HBE1;HP;HBB;HBD;AXIN2;HBA1;HPR;OLFM4;CLU;CCN6;CCN5;SNCG;CCN3;CRYAB;SNCA
GO_Biological_Process_2023,Modulation Of Chemical Synaptic Transmission (GO:0050804),38/123,0.0085485449547917,0.2932243319194164,0,0,1.649729339588596,7.85600153224233,GRIA1;CX3CR1;GRIA2;NLGN1;MCTP1;CLSTN2;CHRNA7;GRIK5;LRRK2;PLPPR4;GRIK3;GRIK1;ATP1A2;BEGAIN;RIMS3;RELN;GRM7;DLGAP1;NPTX1;DRD2;LRRC4C;DLGAP2;GRIA3;GRIA4;LGI1;NLGN4Y;MEF2C;FER1L5;GRID2;NLGN4X;GRID1;ADIPOQ;SNCAIP;NPAS4;SLC8A3;NRG3;DGKI;CNTNAP4
GO_Biological_Process_2023,Regulation Of Lipid Biosynthetic Process (GO:0046890),12/28,0.0086112725544847,0.2932243319194164,0,0,2.7628986866791743,13.136707891140867,C3;MLXIPL;GPER1;ASXL3;PDK4;ZBTB20;NR1H3;HSD17B13;THRSP;SORBS1;PCK1;PPARA
GO_Biological_Process_2023,Cellular Response To Granulocyte Macrophage Colony-Stimulating Factor Stimulus (GO:0097011),4/5,0.0086519871078299,0.2932243319194164,0,0,14.72191011235955,69.92857633077321,ZFP36;PDE1B;NPR2;ZFP36L2
GO_Biological_Process_2023,Monoterpenoid Metabolic Process (GO:0016098),4/5,0.0086519871078299,0.2932243319194164,0,0,14.72191011235955,69.92857633077321,CYP2C9;CYP2E1;CYP2C19;CYP3A4
GO_Biological_Process_2023,Positive Regulation Of Peroxisome Proliferator Activated Receptor Signaling Pathway (GO:0035360),4/5,0.0086519871078299,0.2932243319194164,0,0,14.72191011235955,69.92857633077321,BMP2;PTGIS;CITED2;LMO3
GO_Biological_Process_2023,Regulation Of Glutamate Receptor Signaling Pathway (GO:1900449),4/5,0.0086519871078299,0.2932243319194164,0,0,14.72191011235955,69.92857633077321,PRNP;FRRS1L;FYN;SHANK3
GO_Biological_Process_2023,Response To Granulocyte Macrophage Colony-Stimulating Factor (GO:0097012),4/5,0.0086519871078299,0.2932243319194164,0,0,14.72191011235955,69.92857633077321,ZFP36;PDE1B;NPR2;ZFP36L2
GO_Biological_Process_2023,Response To Heparin (GO:0071503),4/5,0.0086519871078299,0.2932243319194164,0,0,14.72191011235955,69.92857633077321,EGR1;SFRP1;SLIT2;GPIHBP1
GO_Biological_Process_2023,Arachidonic Acid Metabolic Process (GO:0019369),19/52,0.0087688670777334,0.2932243319194164,0,0,2.122201578861198,10.051908927711011,PTGIS;PLA2G4B;CYP4A11;AKR1C3;PLA2G4A;ABHD6;CYP2C19;PTGS2;CYP2C18;ALOX15B;CYP4F12;CYP2A7;CYP2C9;CYP2A6;CYP2U1;CYP1A1;CYP2E1;PTGDS;MGLL
GO_Biological_Process_2023,Synapse Organization (GO:0050808),40/131,0.0088051132871097,0.2932243319194164,0,0,1.6222021604457866,7.676946280863448,CX3CR1;GPM6A;NLGN1;PTPRS;CHRNA7;LRRK2;NRXN1;LRP4;SEMA3E;ZDHHC2;CX3CL1;SLITRK2;DNER;SLITRK3;HMCN2;SNCG;DRD1;DRD2;LRRC4C;PAK3;PPFIA2;LRRC4B;SNCA;UNC13C;NLGN4X;FZD5;L1CAM;PCDHB11;KY;SLC8A3;SDK1;LRFN5;CACNB4;ADGRF1;PCDHB5;PCDHB4;PDZRN3;SHANK3;ADGRL3;CBLN1
GO_Biological_Process_2023,Triglyceride Metabolic Process (GO:0006641),17/45,0.0088530274413382,0.2932243319194164,0,0,2.237547378660316,10.57687704935271,CETP;DGAT2;CAV3;MOGAT2;MOGAT1;CAV1;PLAAT3;GCK;LIPF;LIPE;LIPC;CPS1;GPAM;GPAT3;APOB;GPIHBP1;PNPLA2
GO_Biological_Process_2023,Positive Regulation Of Chondrocyte Differentiation (GO:0032332),6/10,0.0089660894244895,0.2932243319194164,0,0,5.522248243559719,26.033566148140277,PKDCC;ZBTB16;GDF6;SOX6;GDF5;SOX5
GO_Biological_Process_2023,Regulation Of Biosynthetic Process (GO:0009889),6/10,0.0089660894244895,0.2932243319194164,0,0,5.522248243559719,26.033566148140277,GSTP1;CCN6;UCP1;THRSP;PCK1;SNCA
GO_Biological_Process_2023,Regulation Of Mitochondrial Depolarization (GO:0051900),6/10,0.0089660894244895,0.2932243319194164,0,0,5.522248243559719,26.033566148140277,MYOC;LRRK2;BCL2;FZD9;KDR;DCN
GO_Biological_Process_2023,Regulation Of Opsonization (GO:1903027),6/10,0.0089660894244895,0.2932243319194164,0,0,5.522248243559719,26.033566148140277,FCN1;COLEC11;FCN2;C4BPB;PLA2G5;CFP
GO_Biological_Process_2023,Regulation Of Peroxisome Proliferator Activated Receptor Signaling Pathway (GO:0035358),6/10,0.0089660894244895,0.2932243319194164,0,0,5.522248243559719,26.033566148140277,BMP2;PTGIS;CITED2;LMO3;TWIST1;PLIN5
GO_Biological_Process_2023,Negative Regulation Of Cell Differentiation (GO:0045596),59/207,0.0091205724257541,0.2960832886742983,0,0,1.4724570432419617,6.916458664316927,CITED1;MSTN;ITGB3;TCF23;HOXA9;EFEMP1;HEY1;TNN;GPER1;TUNAR;SOSTDC1;SOX8;EPHA4;MYOCD;NOG;ADIPOQ;IL17RD;SFRP1;PPARG;HOXB8;PPARA;YAP1;CETP;NOTCH4;TWIST2;LRP5;TWIST1;DTX1;DLL1;EGFR;FOXO1;ZFP36L2;PTHLH;RANBP3L;NPHP3;WNT1;RUNX1T1;MARK1;GDF10;WNT10B;ABCA5;CAV1;PTCH1;ZBTB16;IGF2;DAB2IP;CRIM1;NR1H3;GDF5;MEIS2;BMP5;BMP4;BMP2;IL6;MEIS1;SPRY2;SPRY1;CNTN4;FERMT2
GO_Biological_Process_2023,Positive Regulation Of ERK1 And ERK2 Cascade (GO:0070374),52/179,0.0093342803046847,0.299861294344408,0,0,1.511878131710809,7.06661152143443,FLT4;ADRA1D;ARRB1;HTR2A;FGF1;FGF2;CX3CL1;BMPER;GPER1;KDR;FFAR4;CD36;PDGFRA;SERPINF2;PRKCA;NRG1;MTURN;HAND2;ROR1;GAS6;DDR2;CCL14;CCL13;RAMP3;CHRNA7;PDGFA;PLA2G5;EGFR;CALCR;CCL8;PDGFD;CCL2;ALKAL2;CCL18;CCL16;CCL24;NTRK2;CCL23;ANGPT1;CCL21;NTRK3;GPR55;PLA2G2A;IGF1;MARCO;BMP2;ACKR3;SPRY2;TEK;FERMT2;NODAL;FGF10
GO_Biological_Process_2023,Action Potential (GO:0001508),14/35,0.0096217100057032,0.299861294344408,0,0,2.456280306585328,11.406310592001176,MYH7B;KCNE1;KCNB1;KCNA1;KCNE5;KCNA2;LOC102723475;GPER1;KCNMB2;DMD;SCN4A;SCN5A;SCN3B;KCNJ2
GO_Biological_Process_2023,Regulation Of Postsynaptic Membrane Potential (GO:0060078),14/35,0.0096217100057032,0.299861294344408,0,0,2.456280306585328,11.406310592001176,GABRA2;GRID2;MEF2C;LRRK2;GABRA4;NPFF;GABRG3;GRIN2B;INSYN2B;GABRG1;NPAS4;GRIN2A;DRD2;GABRE
GO_Biological_Process_2023,Enzyme-Linked Receptor Protein Signaling Pathway (GO:0007167),38/124,0.0098389563799532,0.299861294344408,0,0,1.630442178737228,7.534934668266242,SHC4;ALK;PTPRT;SHC2;SHC3;CSF1;LRP1;NPR1;NPR2;FLT4;NEDD9;PTN;EGFR;ART4;NTF4;NPPC;NTF3;KDR;ALKAL2;FYN;PDGFRA;NTRK2;NTRK3;TIE1;LIF;LIFR;NGF;MERTK;GFRA2;DOK5;TYRO3;ROR1;TEK;MET;ANGPTL1;EPHA2;FGFR1;DDR2
GO_Biological_Process_2023,Regulation Of Protein Phosphorylation (GO:0001932),73/265,0.0098450576945762,0.299861294344408,0,0,1.4050430248235388,6.492402726285209,ROPN1B;PID1;FLT4;ITGB3;LRRK2;ARRB1;FGF1;FGF2;KLHL31;CDH5;CCND2;FGF8;BMPER;FGF9;GPER1;KDR;LEPR;SIRPA;RSPO1;SH3GL2;EPHA7;LIMCH1;HGF;ADIPOQ;NRG1;AXIN2;MOB3B;MOB3C;CLDN19;PECAM1;PLPP3;GAS6;ROPN1;PRKN;FAXDC2;CHRNA7;PELI2;ITLN1;PDGFA;FBLN1;EFNA5;EGFR;C3;RELN;FGF20;INPP5K;FYN;SLIT2;NIBAN1;PRNP;NTRK2;ANGPT1;ODAM;IL34;RARRES2;NTRK3;IGF2;DAB2IP;VEGFB;VEGFD;IGF1;BMP4;FGF17;BST1;MARCO;FGF16;BMP2;SLCO3A1;LEP;HRC;TEK;NOP53;FGF10
GO_Biological_Process_2023,Heterophilic Cell-Cell Adhesion Via Plasma Membrane Cell Adhesion Molecules (GO:0007157),18/49,0.0099548839339929,0.299861294344408,0,0,2.139986969499538,9.864680814691212,TENM1;CRB1;TENM2;GRID2;NLGN1;CADM3;TENM3;AMIGO1;AMIGO2;SELE;SELP;CD209;IL1RAPL1;FAT4;LGALS7;SCARF1;NECTIN3;CBLN1
GO_Biological_Process_2023,Positive Regulation Of Pathway-Restricted SMAD Protein Phosphorylation (GO:0010862),18/49,0.0099548839339929,0.299861294344408,0,0,2.139986969499538,9.864680814691212,ACVRL1;GDF10;TNXB;MSTN;RBPMS;INHBB;GDF6;GDF5;BMP6;TGFBR2;BMP5;GDF7;BMP4;BMP3;BMP2;PPARG;LEFTY2;NODAL
GO_Biological_Process_2023,Positive Regulation Of Cholesterol Efflux (GO:0010875),10/22,0.009959969759323,0.299861294344408,0,0,3.0692295671198626,14.146635353079954,EEPD1;LRP1;CAV1;PTCH1;ADIPOQ;NR1H3;PPARG;ABCA8;PLTP;CES1
GO_Biological_Process_2023,Regulation Of Cardiac Muscle Cell Membrane Repolarization (GO:0099623),10/22,0.009959969759323,0.299861294344408,0,0,3.0692295671198626,14.146635353079954,KCNE1;CAV3;CACNA2D1;KCNE5;LOC102723475;ANK2;KCNA5;SCN5A;SCN4B;SNTA1
GO_Biological_Process_2023,Monocyte Chemotaxis (GO:0002548),16/42,0.0099974937129742,0.299861294344408,0,0,2.267677862044059,10.443610898104652,CCL14;CCL13;CCL24;CCL23;CCL21;CX3CL1;LGALS3;IL6;CCL8;CCL2;S100A12;CTSG;CCL18;FOLR2;IL6R;CCL16
GO_Biological_Process_2023,Endothelial Cell Differentiation (GO:0045446),7/13,0.0102242473528748,0.299861294344408,0,0,4.295541500741781,19.686437437887847,ACVRL1;MESP1;SOX18;TIE1;KDR;PROX1;FSTL1
GO_Biological_Process_2023,Nervous System Development (GO:0007399),113/433,0.0102582471142517,0.299861294344408,0,0,1.3066388421811197,5.983979018801932,CHRM2;SEMA5A;CNTFR;CYP46A1;FGF2;ZDHHC2;RPS6KA3;EDNRB;ADGRA2;SOX8;SOX6;EPHB1;CER1;SH3GL2;CDON;MEF2C;SEMA6A;SPINK5;TMOD2;SOX10;POU3F3;FEZ1;TYRO3;MAL;GPM6A;SHC3;EFNA5;KLK6;UGT8;BRINP2;SNTG2;EFNB3;DRD1;NDP;NPTX1;DRD2;BRINP3;GPM6B;SPTBN1;EGR2;FZD5;CNTN6;ZBTB16;ST8SIA2;FZD9;POU6F2;CRIM1;L1CAM;ARHGAP26;DCLK1;FGF17;SDK1;PCDHB5;PCDHB4;FAT4;CNTN4;SCN2A;NES;MESP1;TENM1;NRSN1;GRIK1;CXCL1;VLDLR;LDB2;PKD2;BOC;DNER;EMX2;MAMDC2;NOG;NRG1;PROX1;NAV2;GFRA3;ECRG4;GFRA2;ZEB2;ADGRF1;NAV3;IL1RAPL2;ALDH1A2;GFRAL;DCX;DSCAML1;MET;SHANK3;PRKN;NLGN1;PLPPR1;GSTP1;NRXN1;NTN5;PTN;EGFR;RELN;ACVR1C;PTPRZ1;NTF3;IGF2BP2;LGI1;GSN;MERTK;PCDHB11;S100B;NFASC;GLRB;FABP7;PMP22;APBA1;SCRG1;ADGRL3;CBLN1
GO_Biological_Process_2023,Xenobiotic Catabolic Process (GO:0042178),9/19,0.0104314842657118,0.299861294344408,0,0,3.3144129364893367,15.123423324955784,GSTM4;CYP2C9;GSTM2;CYP2A6;GSTM1;NOS1;CYP2C19;CYP3A4;CYP3A5
GO_Biological_Process_2023,Extracellular Matrix Organization (GO:0030198),51/176,0.0104781039626198,0.299861294344408,0,0,1.5063649704142013,6.866715815082846,VIT;COLGALT2;ECM2;HPSE2;COL14A1;LOXL4;LAMC1;MMP20;ADAMTS5;ADAMTS3;MMP27;ADAMTS1;ADAMTSL4;MMP28;CTSG;ADAMTS8;ADAMTS9;MMP7;MIA;COL23A1;SERPINF2;SPINK5;CCDC80;MMP23B;COL4A3;MMP23A;COL4A6;GAS6;MATN4;DDR2;MATN2;COL17A1;KLK5;DPT;NDNF;KLK7;C6ORF15;FLRT2;ADAMTS18;HAS1;HAS3;ELANE;GPM6B;COL28A1;CRTAP;GSN;CMA1;SMOC2;SMOC1;TLL1;RECK
GO_Biological_Process_2023,Heart Process (GO:0003015),8/16,0.0105953254626789,0.299861294344408,0,0,3.682286785379569,16.7446187147662,RAMP3;ACTC1;MYL7;MYL2;FYN;SGCZ;SGCG;TRDN
GO_Biological_Process_2023,Membrane Depolarization During Cardiac Muscle Cell Action Potential (GO:0086012),8/16,0.0105953254626789,0.299861294344408,0,0,3.682286785379569,16.7446187147662,CACNA2D1;ATP1A2;SCN5A;SCN3B;SCN4B;KCNJ2;CACNA1G;SCN2B
GO_Biological_Process_2023,Positive Regulation Of Positive Chemotaxis (GO:0050927),8/16,0.0105953254626789,0.299861294344408,0,0,3.682286785379569,16.7446187147662,CXCL12;NTRK3;NTF3;VEGFB;CNTN1;KDR;CDH13;VEGFD
GO_Biological_Process_2023,Regulation Of Presynapse Assembly (GO:1905606),8/16,0.0105953254626789,0.299861294344408,0,0,3.682286785379569,16.7446187147662,LRFN5;LRRTM3;SLITRK2;IL1RAPL2;IL1RAPL1;SLITRK3;LRRC4B;SNCA
GO_Biological_Process_2023,Regulation Of Presynapse Organization (GO:0099174),8/16,0.0105953254626789,0.299861294344408,0,0,3.682286785379569,16.7446187147662,LRFN5;LRRTM3;SLITRK2;IL1RAPL2;IL1RAPL1;SLITRK3;LRRC4B;SNCA
GO_Biological_Process_2023,Vasculature Development (GO:0001944),8/16,0.0105953254626789,0.299861294344408,0,0,3.682286785379569,16.7446187147662,ACVRL1;PDGFRA;CDH5;SOX18;FLT4;NOTCH4;APLNR;TCF21
GO_Biological_Process_2023,Odontogenesis (GO:0042476),15/39,0.0112782296854118,0.3157640813660863,0,0,2.302863177657827,10.32806728346972,OSR2;FOXC1;EDA;ODAM;AQP5;AXIN2;TSPEAR;AQP3;AQP1;BMP4;WNT6;BMP2;FGF8;MSX1;SCN5A
GO_Biological_Process_2023,Cardiac Conduction (GO:0061337),17/46,0.0113002774305417,0.3157640813660863,0,0,2.160252932937148,9.68425836487669,KCNE1;KCND3;KCNE5;CACNA2D1;CAV1;LOC102723475;KCNA5;ANK2;CACNA1G;BIN1;CTNNA3;SCN5A;SCN3B;SCN4B;KCNJ2;HCN1;SCN2B
GO_Biological_Process_2023,Potassium Ion Transmembrane Transport (GO:0071805),41/137,0.0115902172939799,0.3218289896410158,0,0,1.5760232192050374,7.025271446271074,KCNE1;KCNK7;SLC24A4;KCNC2;KCNE5;LRRC38;KCNA1;KCNC4;KCNA2;SLC1A3;KCNA4;ATP1A2;KCNA5;KCNA6;PKD2;KCNT2;KCNJ2;KCNH3;KCNH4;SLC12A4;KCNH5;KCNJ8;KCND3;KCNB1;KCNIP2;KCNJ12;KCNH8;KCNB2;LOC102723475;KCNJ16;ABCC9;ATP1B2;KCNK17;KCNJ18;KCNS1;FXYD2;SLC9A9;KCNQ4;KCNK2;KCNK3;HCN1
GO_Biological_Process_2023,Cardiac Muscle Cell Action Potential (GO:0086001),12/29,0.0118803083120726,0.324376368698392,0,0,2.600209689879704,11.526399362902158,KCNE1;KCND3;KCNIP2;CACNA2D1;ATP1A2;DMD;SCN5A;SCN3B;SCN4B;KCNJ2;CACNA1G;SCN2B
GO_Biological_Process_2023,Sarcomere Organization (GO:0045214),12/29,0.0118803083120726,0.324376368698392,0,0,2.600209689879704,11.526399362902158,FHOD3;CSRP2;MYH3;OBSCN;CSRP1;SYNPO2L;TNNT3;CAPN3;FLNC;MYOZ1;MYOZ2;MYOM2
GO_Biological_Process_2023,Monoatomic Anion Transport (GO:0006820),20/57,0.0119377225620925,0.324376368698392,0,0,1.9923541963015647,8.822247842989619,CLIC5;TTYH1;CLCNKB;CLCNKA;SLC4A1;ANO6;ANO4;ANO5;CLCN1;CLCN6;CLCN4;FXYD1;LRRC8C;SLC26A7;SLC17A7;NMUR1;CLIC2;SLC26A4;SLC26A3;SLC26A5
GO_Biological_Process_2023,Calcium Ion Transmembrane Import Into Cytosol (GO:0097553),27/83,0.0119758432837684,0.324376368698392,0,0,1.7778805096997612,7.866878961968654,RYR1;SLC24A4;ITPR1;HTR2A;PKD2;CLU;FGF2;CACNA1G;JPH4;TRPM1;JPH2;GRIN2A;SCN11A;SCN9A;PLCG2;SCN7A;SCN5A;DRD2;SCN3A;CCL21;CACNA2D1;TRPV3;GRIN2B;SLC8A3;SCN4A;PLCH2;SCN2A
GO_Biological_Process_2023,External Encapsulating Structure Organization (GO:0045229),34/110,0.0122718411196299,0.330366942336379,0,0,1.6502642745477556,7.261902095076802,VIT;COL17A1;ECM2;HPSE2;COL14A1;NDNF;MMP20;TGM1;ADAMTS5;C6ORF15;ADAMTS3;MMP27;ADAMTS1;ADAMTSL4;ADAMTS18;MMP28;ADAMTS8;ADAMTS9;COL28A1;MMP7;MIA;COL23A1;SPINK5;HRNR;SMOC2;CCDC80;MMP23B;SMOC1;COL4A3;MMP23A;COL4A6;MATN4;RECK;MATN2
GO_Biological_Process_2023,Positive Regulation Of Phospholipase C Activity (GO:0010863),14/36,0.0127053882574053,0.3390600331680967,0,0,2.344481890704321,10.235372822311463,P2RY12;PDGFRA;GPR55;ADRA1D;HTR2A;AVPR1A;ARHGAP6;FGF2;SELE;EGFR;KIT;ANG;NMUR1;FGFR1
GO_Biological_Process_2023,Regulation Of Pathway-Restricted SMAD Protein Phosphorylation (GO:0060393),21/61,0.0128144533971051,0.3390600331680967,0,0,1.9351586368977676,8.431837554379115,ACVRL1;GDF10;TNXB;MSTN;LRP1;RBPMS;NOG;INHBB;GDF6;GDF5;BMP6;TGFBR2;BMP5;GDF7;BMP4;BMP3;BMP2;BMPER;PPARG;LEFTY2;NODAL
GO_Biological_Process_2023,Skeletal System Morphogenesis (GO:0048705),16/43,0.0128251473474682,0.3390600331680967,0,0,2.183550686837072,9.512305354990737,OSR2;PDGFRA;HHIP;LRP5;TBX4;CYP26B1;HOXA9;HOXA3;HOXB4;HOXD4;HOXD3;DSCAML1;HOXD9;HOXA4;FGFR1;LTF
GO_Biological_Process_2023,Regulation Of Cold-Induced Thermogenesis (GO:0120161),43/146,0.0132460928017047,0.3481041649971814,0,0,1.540606744510882,6.661664680718926,OXTR;THRA;EPAS1;LAMA4;NPR3;UCP1;ADRB1;OXT;ADRB2;ADAMTS5;ACADL;PRDM16;LEPR;FFAR4;CD36;ZNF423;PPARGC1A;WNT10B;ACSL1;CAV1;ADIPOQ;ARRDC3;ELOVL3;PLCL2;CIDEA;EBF2;G0S2;NR1H3;PTH2R;TSHR;CNKSR2;FABP4;ADRB3;FABP5;NOVA1;SCD;LEP;NOVA2;ID1;ALDH1A1;ALPL;TLR4;LGR4
GO_Biological_Process_2023,Regulation Of Focal Adhesion Assembly (GO:0051893),19/54,0.0136231277077181,0.3533224584464368,0,0,2.00067787509648,8.594884869815969,ACVRL1;DMTN;MYOC;LIMCH1;FAM107A;NRG1;EFNA5;ARHGAP6;PPM1F;SFRP1;KDR;APOD;FYN;TEK;TLN1;PHLDB2;EPHA3;GPM6B;FERMT2
GO_Biological_Process_2023,Brown Fat Cell Differentiation (GO:0050873),5/8,0.013924826221898,0.3533224584464368,0,0,6.134784984000625,26.22057390726292,ADIPOQ;PRDM16;FFAR4;UCP1;PPARGC1A
GO_Biological_Process_2023,"Complement Activation, Lectin Pathway (GO:0001867)",5/8,0.013924826221898,0.3533224584464368,0,0,6.134784984000625,26.22057390726292,FCN1;COLEC11;FCN2;MASP2;MASP1
GO_Biological_Process_2023,Neuronal Action Potential (GO:0019228),5/8,0.013924826221898,0.3533224584464368,0,0,6.134784984000625,26.22057390726292,MYH7B;GPER1;KCNA1;KCNA2;KCNMB2
GO_Biological_Process_2023,Positive Regulation Of Inositol Phosphate Biosynthetic Process (GO:0060732),5/8,0.013924826221898,0.3533224584464368,0,0,6.134784984000625,26.22057390726292,LHCGR;GPER1;PTH1R;CD244;SNCA
GO_Biological_Process_2023,Vascular Associated Smooth Muscle Cell Differentiation (GO:0035886),5/8,0.013924826221898,0.3533224584464368,0,0,6.134784984000625,26.22057390726292,MESP1;EFEMP2;MYOCD;RAMP2;HEY2
GO_Biological_Process_2023,Positive Regulation Of Ion Transmembrane Transporter Activity (GO:0032414),13/33,0.0142862839348606,0.357785205423082,0,0,2.394463992493549,10.172773400965117,EDN1;TRPC6;STAC;ANK2;ADRB2;ATP1B2;PDZK1;RELN;CCL2;DMD;SHANK3;PIRT;CFTR
GO_Biological_Process_2023,Cellular Response To Calcium Ion (GO:0071277),23/69,0.0143438236375731,0.357785205423082,0,0,1.843169527392429,7.8232147975008335,RYR1;CPNE8;SYT4;MEF2C;NLGN1;DMTN;SYT2;CPNE4;AKR1C3;SYT15;PKD2;ADCY8;RASGRP2;CLU;SYT8;RYR3;CRHBP;RASA4;CHP2;PLCG2;CAPN3;SCN5A;GPLD1
GO_Biological_Process_2023,Positive Regulation Of Phosphatidylinositol 3-Kinase Signaling (GO:0014068),23/69,0.0143438236375731,0.357785205423082,0,0,1.843169527392429,7.8232147975008335,PDGFRA;NTRK2;CSF3;MYOC;EGF;HGF;NTRK3;PDGFA;SEMA3E;IGF1;FGF2;DCN;SELP;GH1;GPER1;PDGFD;LEP;KIT;KDR;ROR1;TEK;DDR2;FGFR1
GO_Biological_Process_2023,Positive Regulation Of Angiogenesis (GO:0045766),36/119,0.0144714113084964,0.3589040136493416,0,0,1.6000113662195954,6.776976478024544,SEMA5A;RAMP2;HSPB6;CHRNA7;TWIST1;FGF1;FGF2;DLL1;AQP1;CDH5;BMPER;RRAS;TNN;HYAL1;KDR;EMILIN2;ITGB8;CD34;SASH1;ANGPT4;PTGIS;S100A1;ANXA3;TNFSF12;VEGFB;PRKCA;VEGFD;KLF4;SMOC2;APLNR;CNTN1;PRKD1;ANGPTL4;TEK;NODAL;RAPGEF3
GO_Biological_Process_2023,Regulation Of Cytosolic Calcium Ion Concentration (GO:0051480),15/40,0.0145512612555452,0.3589040136493416,0,0,2.210607838535555,9.351042710987045,RYR1;TRPC6;CAV3;CAV2;TMEM178A;CAV1;TRPC1;FZD9;CALB2;SCGN;PLN;GPER1;CDH23;HRC;TUNAR
GO_Biological_Process_2023,Inorganic Anion Transport (GO:0015698),20/58,0.0146398343268275,0.359082603071908,0,0,1.939800158290463,8.193733495556833,CLIC5;SLC34A2;TTYH1;CLCNKB;CLCNKA;SLC4A1;ANO6;ANO4;ANO5;CLCN1;CLCN6;CLCN4;FXYD1;SLC26A7;SLC17A7;NMUR1;ENPP3;CLIC2;SLC26A4;SLC26A5
GO_Biological_Process_2023,Steroid Metabolic Process (GO:0008202),29/92,0.0149364195223122,0.3643331060276709,0,0,1.697440957389156,7.1359616404283965,HSD17B3;UGT2B28;CYP46A1;CYP2C19;CYP3A4;CYP3A5;CYP7A1;CYP17A1;HSD11B1;CYP26B1;STS;CYP11A1;HSD17B2;AKR1C1;CYP3A43;UGT2B15;AKR1C3;AKR1C2;AKR1C4;CYP8B1;CYP39A1;CYP2C9;CYP2A6;CYP24A1;DHRS9;CYP21A2;CYP1A1;RDH5;CYP2E1
GO_Biological_Process_2023,Activation Of Adenylate Cyclase Activity (GO:0007190),9/20,0.0154237338663376,0.3676219531063851,0,0,3.0129109231523103,12.569405793632331,GLP1R;LHCGR;CALCR;ADRB3;AVPR2;ADRB1;ADRB2;DRD1;CRHR1
GO_Biological_Process_2023,Ameboidal-Type Cell Migration (GO:0001667),9/20,0.0154237338663376,0.3676219531063851,0,0,3.0129109231523103,12.569405793632331,PDLIM1;PKN3;GPC3;FAT2;AMOTL2;CCN3;AMOTL1;CER1;TNS1
GO_Biological_Process_2023,SMAD Protein Signal Transduction (GO:0060395),18/51,0.0155550842373171,0.3676219531063851,0,0,2.0100345873009093,8.368513143379943,GDF10;JUN;CITED1;MSTN;SMAD9;INHBB;FOS;GDF6;GDF5;BMP6;BMP5;GDF7;BMP4;BMP3;BMP2;ATOH8;LEFTY2;NODAL
GO_Biological_Process_2023,Regulation Of Release Of Sequestered Calcium Ion Into Cytosol (GO:0051279),18/51,0.0155550842373171,0.3676219531063851,0,0,2.0100345873009093,8.368513143379943,GSTM2;TRPC1;ANK2;CX3CL1;TRDN;JPH4;JPH2;GPER1;APLNR;CASQ2;HRC;CAPN3;DMD;NOS1;DRD1;CLIC2;LACRT;SNCA
GO_Biological_Process_2023,Fat Cell Differentiation (GO:0045444),21/62,0.0155625817766268,0.3676219531063851,0,0,1.8878392708721448,7.8588593878786,CEBPA;EGR2;PID1;STEAP4;WNT5B;ADIPOQ;UCP1;INHBB;GDF6;KLF4;FOXO1;NR4A2;NR4A1;NR4A3;ADGRF5;PRDM16;FFAR4;SOX8;PPARG;ZFPM2;PPARGC1A
GO_Biological_Process_2023,Positive Regulation Of Signal Transduction (GO:0009967),72/266,0.015572391735658,0.3676219531063851,0,0,1.371006503379207,5.706479624018886,MESP1;THRB;CITED2;IRS1;ITGB3;LRRK2;LAMC1;SLC2A4;GLI1;FGF1;PKD2;ADAMTS3;GPER1;RSPO3;CCN3;RSPO1;TP63;WLS;CCBE1;PTGIS;VWF;LMO3;ADIPOQ;PRKCA;STX1B;SFRP1;GAS6;SHANK3;YAP1;KANK1;NLGN1;TNXB;LAMA2;DHH;LAMA1;CHRNA7;NRXN1;KLK5;PIK3R1;AGPAT2;DLL1;KLK6;C3;DLL4;GRIN2A;CUX2;RELN;WNT1;SASH1;JAG2;DMTN;TSLP;CAV2;LAMB2;IGF2;DAB2IP;KLK14;DCDC2;IGF1;SORBS1;GRIN2B;BMP6;KLF2;SMOC2;GH1;BMP2;IL6;MYO1C;CNTN1;TEK;LGR6;LIMS2
GO_Biological_Process_2023,Cellular Response To UV-B (GO:0071493),6/11,0.0161855160559655,0.3676219531063851,0,0,4.41751756440281,18.21624553516926,MAPK11;MFAP4;MME;HYAL1;MAP3K20;NLRP1
GO_Biological_Process_2023,Regulation Of Leukocyte Tethering Or Rolling (GO:1903236),6/11,0.0161855160559655,0.3676219531063851,0,0,4.41751756440281,18.21624553516926,SELP;CXCL12;FUT9;CHST4;SELE;CHST2
GO_Biological_Process_2023,Epoxygenase P450 Pathway (GO:0019373),8/17,0.0163153175489293,0.3676219531063851,0,0,3.272935540976778,13.470260057432224,CYP2A7;CYP2C9;CYP2A6;CYP4A11;CYP2E1;CYP2C19;CYP2C18;CYP4F12
GO_Biological_Process_2023,Positive Regulation Of Cartilage Development (GO:0061036),8/17,0.0163153175489293,0.3676219531063851,0,0,3.272935540976778,13.470260057432224,BMP4;BMP2;PKDCC;ZBTB16;GDF6;SOX6;GDF5;SOX5
GO_Biological_Process_2023,Positive Regulation Of Heart Rate (GO:0010460),8/17,0.0163153175489293,0.3676219531063851,0,0,3.272935540976778,13.470260057432224,EDN1;EDN3;ADM5;HRC;ADRA1D;ADRB1;ADRA1B;SCN3B
GO_Biological_Process_2023,Positive Regulation Of Macrophage Derived Foam Cell Differentiation (GO:0010744),8/17,0.0163153175489293,0.3676219531063851,0,0,3.272935540976778,13.470260057432224,CSF1;PLA2G2A;AGTR1;PLA2G5;CD36;APOB;ALOX15B;PF4
GO_Biological_Process_2023,Positive Regulation Of Potassium Ion Transmembrane Transport (GO:1901381),8/17,0.0163153175489293,0.3676219531063851,0,0,3.272935540976778,13.470260057432224,KCNE1;KCNIP2;AMIGO1;KCNE5;AKAP6;ANK2;ANO6;ATP1B2
GO_Biological_Process_2023,Ventricular Cardiac Muscle Cell Action Potential (GO:0086005),8/17,0.0163153175489293,0.3676219531063851,0,0,3.272935540976778,13.470260057432224,KCNE1;CAV3;KCNJ8;KCNE5;LOC102723475;SCN5A;SCN3B;SNTA1
GO_Biological_Process_2023,Negative Regulation Of Endopeptidase Activity (GO:0010951),22/66,0.016395271848196,0.3676219531063851,0,0,1.842971321109544,7.576017004052804,SERPINB10;SERPINB4;ANXA8L1;CR1;SERPINB2;SERPINB13;SERPIND1;SERPINF1;SERPINA10;SERPINF2;NRG1;CSN2;SERPINA6;SERPINB5;BIN1;SPOCK3;FETUB;SERPING1;ANXA8;RECK;TIMP4;LTF
GO_Biological_Process_2023,Calcium Ion Import Across Plasma Membrane (GO:0098703),14/37,0.0165016098377428,0.3676219531063851,0,0,2.2424050762042724,9.203497182540994,SLC24A4;CACNA2D1;TRPV3;CLU;CACNA1G;TRPM1;SLC8A3;SCN11A;SCN9A;SCN7A;SCN4A;SCN5A;SCN2A;SCN3A
GO_Biological_Process_2023,Odontogenesis Of Dentin-Containing Tooth (GO:0042475),7/14,0.0167189825371964,0.3676219531063851,0,0,3.6816584680252986,15.062439878316232,WNT6;FOXC1;BMP2;EDA;ODAM;MSX1;SCN5A
GO_Biological_Process_2023,Positive Regulation Of Endothelial Cell Chemotaxis (GO:2001028),7/14,0.0167189825371964,0.3676219531063851,0,0,3.6816584680252986,15.062439878316232,SEMA5A;SMOC2;KDR;PRKD1;FGF2;MET;FGFR1
GO_Biological_Process_2023,"Synaptic Transmission, GABAergic (GO:0051932)",7/14,0.0167189825371964,0.3676219531063851,0,0,3.6816584680252986,15.062439878316232,GABRA2;GABRB3;GABRA4;GABRE;GABRG3;HAPLN4;GABRG1
GO_Biological_Process_2023,Cellular Response To Fibroblast Growth Factor Stimulus (GO:0044344),19/55,0.0167365826895545,0.3676219531063851,0,0,1.944979510870984,7.955274235921496,KL;EGR3;NDNF;FGF1;FGF2;ZFP36L2;DLL4;FGF17;FGF16;NR4A1;FGF7;ZFP36;SFRP1;FGF8;FGF9;FLRT2;HYAL1;FGF20;FGFR1
GO_Biological_Process_2023,Positive Regulation Of Macromolecule Metabolic Process (GO:0010604),95/364,0.017295153406725,0.3779286280772156,0,0,1.3054497732261985,5.296639179388613,MYOM1;CALCOCO1;PID1;RHOXF1;CITED1;CSF1;CITED2;TCF23;FGF1;CLU;FGF2;VSIR;ACTG2;EPB41L4B;CDH5;FGF7;C1QTNF1;FGF8;FGF9;MYC;GPER1;ITGB8;CD36;CD34;HOXA5;OSR2;MEF2C;TESC;NOG;AVPR2;ANK2;MITF;NGF;POU3F3;ACTA2;CLDN5;HAND2;AGTR1;CLDN19;PKP1;PPARG;PGR;GAS6;TLR4;TLR3;RBMS3;PRKN;YAP1;RAMP2;RAMP3;CHRNA7;TWIST1;NTS;DLL1;PPM1F;DLL4;WNT6;NWD1;CUX2;CALCR;PLCG2;FGF20;PPARGC1A;STOX1;MARK1;SNCA;EGR1;IL33;NTRK2;GSN;ANGPT1;ODAM;EGF;NTRK3;PDE2A;NR1H3;IGF1;KLF4;BMP6;KLF2;CTCFL;BMP4;FGF17;FGF16;MAPK11;BMP2;IL6;RGCC;ACTC1;PIP;CNTN1;SPRY2;HOXD3;PF4;FGF10
GO_Biological_Process_2023,Positive Regulation Of Protein Kinase B Signaling (GO:0051897),29/93,0.0173770127972083,0.3779286280772156,0,0,1.6708117494702142,6.771143474786792,SEMA5A;CX3CR1;CSF3;RAMP3;PDGFA;NTS;FGF2;CX3CL1;EGFR;CALCR;P2RY12;MYOC;ANGPT1;CCL21;F10;EGF;AKR1C3;IGF2;AKR1C2;IGF1;LEP;GFRAL;CNTN1;SPRY2;TEK;GAS6;FERMT2;HBEGF;FGFR1
GO_Biological_Process_2023,Ventricular Septum Morphogenesis (GO:0060412),11/27,0.0179055076069118,0.3875138043358622,0,0,2.532063305978898,10.18559667404238,BMP4;TGFBR3;HEY1;CITED2;HEY2;NOG;APLNR;SLIT2;PROX1;ZFPM2;TGFBR2
GO_Biological_Process_2023,Long-Chain Fatty Acid Metabolic Process (GO:0001676),25/78,0.0184020240040617,0.3963167608679638,0,0,1.738880529775458,6.947340025775511,GSTP1;ABHD6;CYP2C19;CYP3A4;LTC4S;ACADL;GSTM4;GLYATL2;GSTM2;ACSL1;PLA2G4B;CYP4A11;ELOVL3;ACSL5;PLA2G4A;ACSL4;ALOX15B;CYP4F12;CYP2C9;GSTA1;ACOT2;CYP1A1;ACOT1;CYP2E1;MGLL
GO_Biological_Process_2023,Embryonic Skeletal System Development (GO:0048706),13/34,0.01869945965543,0.3980628775075712,0,0,2.2802966835338405,9.073894865325029,OSR2;PDGFRA;NOG;PCSK5;HOXA9;WNT11;HOXA3;HOXB4;HOXD4;HOXD3;DSCAML1;HOXD9;HOXA4
GO_Biological_Process_2023,Regulation Of Blood Circulation (GO:1903522),13/34,0.01869945965543,0.3980628775075712,0,0,2.2802966835338405,9.073894865325029,CAV3;KCNIP2;KCNJ12;S100A1;CELF2;KCNE5;HSPB7;ACE2;PLN;DES;KCNMB2;FXYD1;AGTR1
GO_Biological_Process_2023,Inorganic Anion Transmembrane Transport (GO:0098661),21/63,0.0187535851690996,0.3980628775075712,0,0,1.8427732079905996,7.327548719907234,GABRB3;GABRA2;GABRB1;SLC12A4;GABRA4;SLC1A3;SLC4A1;ANO6;SLC5A1;ANO4;ANO5;GABRG3;SLC1A7;ANO2;CLCN1;ANO3;GABRG1;GLRA3;GLRB;GABRE;CFTR
GO_Biological_Process_2023,Cartilage Development (GO:0051216),18/52,0.0191477914411398,0.4044856421657051,0,0,1.950791589533888,7.716488590078904,OSR2;WNT10B;MEF2C;WNT5B;ZBTB16;FGF2;GDF5;BMP4;BMP2;HYAL1;NFIB;OGN;ITGB8;CCN3;HOXD3;SOX6;GPLD1;SOX5
GO_Biological_Process_2023,Eosinophil Chemotaxis (GO:0048245),10/24,0.0199074696844073,0.4084864091489025,0,0,2.6304333266358584,10.302513668219468,CCL14;CCL13;CCL24;LGALS3;CCL23;CCL8;CCL2;CCL18;CX3CL1;CCL16
GO_Biological_Process_2023,Eosinophil Migration (GO:0072677),10/24,0.0199074696844073,0.4084864091489025,0,0,2.6304333266358584,10.302513668219468,CCL14;CCL13;CCL24;LGALS3;CCL23;CCL8;CCL2;CCL18;CX3CL1;CCL16
GO_Biological_Process_2023,Regulation Of Ryanodine-Sensitive Calcium-Release Channel Activity (GO:0060314),10/24,0.0199074696844073,0.4084864091489025,0,0,2.6304333266358584,10.302513668219468,JPH4;GSTM2;JPH2;CASQ2;HRC;DMD;NOS1;PKD2;CLIC2;TRDN
GO_Biological_Process_2023,Response To Copper Ion (GO:0046688),10/24,0.0199074696844073,0.4084864091489025,0,0,2.6304333266358584,10.302513668219468,PRNP;MT1DP;MT1A;MT1L;MT1M;MT1X;AQP2;AQP1;MT1E;SNCA
GO_Biological_Process_2023,Synapse Assembly (GO:0007416),23/71,0.0203532208695038,0.4084864091489025,0,0,1.766145465945607,6.878281962543585,GABRB3;GABRA2;NLGN4Y;GPM6A;GRID2;NLGN1;NLGN4X;FZD5;NRXN1;PCDHB11;HAPLN4;ZDHHC2;NPAS4;SDK1;ADGRF1;DNER;PCDHB5;PCDHB4;DRD1;DRD2;CBLN4;SHANK3;ADGRL3
GO_Biological_Process_2023,Calcium-Dependent Cell-Cell Adhesion Via Plasma Membrane Cell Adhesion Molecules (GO:0016339),14/38,0.0211046409828957,0.4084864091489025,0,0,2.1488346629125608,8.290767792249461,NLGN1;PCDHB11;SELP;CDH5;CDH4;CDH10;CDH22;CDH23;CDH12;CDHR3;CDH13;DSG1;PCDHB5;PCDHB4
GO_Biological_Process_2023,Fatty Acid Transport (GO:0015908),14/38,0.0211046409828957,0.4084864091489025,0,0,2.1488346629125608,8.290767792249461,SLC27A1;ACSL1;CRABP1;FABP9;RBP7;FABP4;FABP5;SLCO3A1;FABP7;SLC27A6;PMP2;PPARG;CD36;SLC22A11
GO_Biological_Process_2023,acyl-CoA Metabolic Process (GO:0006637),12/31,0.0211665102286161,0.4084864091489025,0,0,2.3262071689542805,8.968308037969411,SUCLA2;ACOT2;ACSM2A;ACOT1;ACSM5;GLYAT;HMGCS2;MLYCD;ACOT6;ACACB;ACSM2B;ACSF2
GO_Biological_Process_2023,Cellular Response To cAMP (GO:0071320),12/31,0.0211665102286161,0.4084864091489025,0,0,2.3262071689542805,8.968308037969411,CRHBP;KCNE1;DMTN;PDE2A;INPP5K;AKAP6;PKD2;SLC26A3;CFTR;RAPGEF3;AQP1;HCN1
GO_Biological_Process_2023,Negative Regulation Of Chemotaxis (GO:0050922),12/31,0.0211665102286161,0.4084864091489025,0,0,2.3262071689542805,8.968308037969411,SEMA5A;SEMA6A;SEMA3C;SEMA3D;SEMA3A;SEMA6D;SEMA3B;SEMA3G;SEMA3E;NRG1;SLIT2;ELANE
GO_Biological_Process_2023,Regulation Of Long-Term Synaptic Potentiation (GO:1900271),12/31,0.0211665102286161,0.4084864091489025,0,0,2.3262071689542805,8.968308037969411,CALB2;SCGN;EPHA4;RELN;CHRNA7;FAM107A;PTN;NSG1;ADCY8;CYP46A1;ZDHHC2;SHANK3
GO_Biological_Process_2023,SA Node Cell Action Potential (GO:0086015),4/6,0.0215577198939284,0.4084864091489025,0,0,7.360486891385768,28.242344942676347,KCNA5;SCN5A;SCN3B;CACNA1G
GO_Biological_Process_2023,Cellular Response To Caffeine (GO:0071313),4/6,0.0215577198939284,0.4084864091489025,0,0,7.360486891385768,28.242344942676347,RYR1;GSTM2;CASQ2;RYR3
GO_Biological_Process_2023,Definitive Hemopoiesis (GO:0060216),4/6,0.0215577198939284,0.4084864091489025,0,0,7.360486891385768,28.242344942676347,MFAP5;TGFBR3;TEK;ZFP36L2
GO_Biological_Process_2023,Dense Core Granule Cytoskeletal Transport (GO:0099519),4/6,0.0215577198939284,0.4084864091489025,0,0,7.360486891385768,28.242344942676347,SYT4;KIF5A;KIF1C;PPFIA2
GO_Biological_Process_2023,Ketone Body Metabolic Process (GO:1902224),4/6,0.0215577198939284,0.4084864091489025,0,0,7.360486891385768,28.242344942676347,ACSS3;HMGCS2;HMGCLL1;ACAT1
GO_Biological_Process_2023,Placenta Blood Vessel Development (GO:0060674),4/6,0.0215577198939284,0.4084864091489025,0,0,7.360486891385768,28.242344942676347,HEY1;HEY2;ITGB8;PKD2
GO_Biological_Process_2023,Regulation Of I-kappaB Phosphorylation (GO:1903719),4/6,0.0215577198939284,0.4084864091489025,0,0,7.360486891385768,28.242344942676347,CX3CR1;PLCG2;SIRPA;CX3CL1
GO_Biological_Process_2023,Regulation Of Endothelial Cell Chemotaxis To Fibroblast Growth Factor (GO:2000544),4/6,0.0215577198939284,0.4084864091489025,0,0,7.360486891385768,28.242344942676347,FGF16;FGF1;FGF2;FGFR1
GO_Biological_Process_2023,Regulation Of Microglial Cell Migration (GO:1904139),4/6,0.0215577198939284,0.4084864091489025,0,0,7.360486891385768,28.242344942676347,CX3CR1;P2RY12;CSF1;CX3CL1
GO_Biological_Process_2023,Regulation Of Skeletal Muscle Satellite Cell Proliferation (GO:0014842),4/6,0.0215577198939284,0.4084864091489025,0,0,7.360486891385768,28.242344942676347,ANGPT1;MSTN;EPHB1;FGF2
GO_Biological_Process_2023,Response To Caffeine (GO:0031000),4/6,0.0215577198939284,0.4084864091489025,0,0,7.360486891385768,28.242344942676347,RYR1;GSTM2;CASQ2;RYR3
GO_Biological_Process_2023,Ureter Development (GO:0072189),4/6,0.0215577198939284,0.4084864091489025,0,0,7.360486891385768,28.242344942676347,SOX17;NPHP3;SOX8;TBX18
GO_Biological_Process_2023,Vascular Wound Healing (GO:0061042),4/6,0.0215577198939284,0.4084864091489025,0,0,7.360486891385768,28.242344942676347,MCAM;KDR;NDNF;CD34
GO_Biological_Process_2023,Positive Regulation Of Heart Contraction (GO:0045823),9/21,0.021967219925652,0.4144669913322812,0,0,2.7616592453714555,10.54457821206266,CHGA;EDN1;RGS2;EDN3;ADM5;HRC;ADRA1D;ATP1A2;SCN3B
GO_Biological_Process_2023,Cardiac Ventricle Morphogenesis (GO:0003208),15/42,0.0232418959859348,0.4366509394804355,0,0,2.0465983467626274,7.698891138326227,MESP1;MEF2C;NPY5R;TNNC1;NPY2R;PROX1;TGFBR2;DLL4;BMP4;TGFBR3;HEY1;MYL2;HEY2;MYL3;CPE
GO_Biological_Process_2023,Negative Regulation Of Metabolic Process (GO:0009892),18/53,0.0233461642929716,0.4367513362435166,0,0,1.8949339059249812,7.119877949438996,WNT10B;GSTP1;LAMA4;ADIPOQ;ARRDC3;NPR3;PLCL2;CIDEA;NR1H3;ADAMTS5;NOVA1;NOVA2;ALDH1A1;ID1;CCDC3;ZNF423;TLR4;LGR4
GO_Biological_Process_2023,Regulation Of Sodium Ion Transmembrane Transport (GO:1902305),11/28,0.023919432229894,0.4371661776148655,0,0,2.382966691952279,8.895767376790296,CAV3;FXYD2;FXYD1;FXYD6;NOS1;SCN5A;SCN3B;UTRN;SCN4B;SNTA1;SCN2B
GO_Biological_Process_2023,Endothelial Cell Proliferation (GO:0001935),8/18,0.0239624495997276,0.4371661776148655,0,0,2.9454545454545453,10.990278152244995,SEMA5A;BMP4;ANGPT4;BMPER;PROK2;TEK;CD34;PROK1
GO_Biological_Process_2023,Excitatory Postsynaptic Potential (GO:0060079),8/18,0.0239624495997276,0.4371661776148655,0,0,2.9454545454545453,10.990278152244995,NPAS4;GRID2;MEF2C;GRIN2A;LRRK2;NPFF;DRD2;GRIN2B
GO_Biological_Process_2023,Heart Trabecula Morphogenesis (GO:0061384),8/18,0.0239624495997276,0.4371661776148655,0,0,2.9454545454545453,10.990278152244995,DLL4;TGFBR3;HEY1;NOG;S1PR1;NRG1;TEK;BMP5
GO_Biological_Process_2023,Positive Regulation Of G Protein-Coupled Receptor Signaling Pathway (GO:0045745),8/18,0.0239624495997276,0.4371661776148655,0,0,2.9454545454545453,10.990278152244995,CHGA;C3;GPER1;KLK5;KLK14;PRKCA;MRAP2;KLK6
GO_Biological_Process_2023,Ureteric Bud Development (GO:0001657),8/18,0.0239624495997276,0.4371661776148655,0,0,2.9454545454545453,10.990278152244995,BMP4;FOXC1;WNT11;GPC3;TCF21;SLIT2;PKD2;CER1
GO_Biological_Process_2023,Epithelial Cell Migration (GO:0010631),16/46,0.0251253573344941,0.4546248058679991,0,0,1.9648200312989048,7.238156679023028,KANK2;KANK1;S100A2;PKN3;TNFSF12;FSTL1;DPP4;FERMT1;ZEB2;ADGRA2;DAAM2;KRT16;KIT;S100A12;CDH13;FAT2
GO_Biological_Process_2023,Negative Regulation Of Cold-Induced Thermogenesis (GO:0120163),16/46,0.0251253573344941,0.4546248058679991,0,0,1.9648200312989048,7.238156679023028,WNT10B;LAMA4;NPR3;ADIPOQ;ARRDC3;PLCL2;CIDEA;NR1H3;ADAMTS5;NOVA1;NOVA2;ALDH1A1;ID1;ZNF423;TLR4;LGR4
GO_Biological_Process_2023,Vasodilation (GO:0042311),7/15,0.0256570547564088,0.4567057585048211,0,0,3.221246193487936,11.799220921014197,ADRB3;CPS1;GPER1;ADRB1;ADRB2;NOS1;KLF2
GO_Biological_Process_2023,Cellular Response To Purine-Containing Compound (GO:0071415),5/9,0.025861028227906,0.4567057585048211,0,0,4.600796066494966,16.81599310495429,RYR1;GSTM2;CASQ2;CLU;RYR3
GO_Biological_Process_2023,Negative Regulation Of Vascular Endothelial Growth Factor Signaling Pathway (GO:1900747),5/9,0.025861028227906,0.4567057585048211,0,0,4.600796066494966,16.81599310495429,SEMA6A;DAB2IP;SPRY2;NRG1;DCN
GO_Biological_Process_2023,Positive Regulation Of Protein Kinase A Signaling (GO:0010739),5/9,0.025861028227906,0.4567057585048211,0,0,4.600796066494966,16.81599310495429,CALCR;RAMP3;TCIM;ADIPOQ;ADRB2
GO_Biological_Process_2023,Presynaptic Membrane Organization (GO:0097090),5/9,0.025861028227906,0.4567057585048211,0,0,4.600796066494966,16.81599310495429,NLGN4Y;NLGN1;NLGN4X;IL1RAPL1;LRP4
GO_Biological_Process_2023,Regulation Of Cellular Extravasation (GO:0002691),5/9,0.025861028227906,0.4567057585048211,0,0,4.600796066494966,16.81599310495429,BST1;FUT9;OLFM4;LYVE1;JAM3
GO_Biological_Process_2023,cAMP Metabolic Process (GO:0046058),6/12,0.0265937889743929,0.4588743564639198,0,0,3.681030444964871,13.3513830264353,ADCY4;ADCY8;ADCY6;PTHLH;ADCY5;EPHA2
GO_Biological_Process_2023,Low-Density Lipoprotein Particle Remodeling (GO:0034374),6/12,0.0265937889743929,0.4588743564639198,0,0,3.681030444964871,13.3513830264353,CETP;LIPC;PLA2G2A;AGTR1;PLA2G5;APOB
GO_Biological_Process_2023,Negative Regulation Of Complement Activation (GO:0045916),6/12,0.0265937889743929,0.4588743564639198,0,0,3.681030444964871,13.3513830264353,CR2;CR1;SERPING1;C4BPA;SVEP1;C4BPB
GO_Biological_Process_2023,Positive Regulation Of Integrin-Mediated Signaling Pathway (GO:2001046),6/12,0.0265937889743929,0.4588743564639198,0,0,3.681030444964871,13.3513830264353,DMTN;LAMA2;LAMA1;LAMB2;LAMC1;LIMS2
GO_Biological_Process_2023,Synaptic Membrane Adhesion (GO:0099560),6/12,0.0265937889743929,0.4588743564639198,0,0,3.681030444964871,13.3513830264353,LRFN5;PTPRS;SLITRK2;SLITRK3;LRRC4C;LRRC4B
GO_Biological_Process_2023,Regulation Of Nitric Oxide Biosynthetic Process (GO:0045428),14/39,0.0266074372037969,0.4588743564639198,0,0,2.062749882684186,7.480695513724656,CX3CR1;EDN1;PTGIS;CAV1;HBB;PKD2;PTGS2;KLF4;CLU;ASS1;KLF2;SIRPA;CD36;TLR4
GO_Biological_Process_2023,Long-Chain Fatty Acid Biosynthetic Process (GO:0042759),10/25,0.0269634091954068,0.4618901275298018,0,0,2.454914830442257,8.870281272128144,GSTM4;CYP2C9;GSTM2;GSTM1;GSTP1;CYP1A1;CYP2E1;CYP3A4;LTC4S;ALOX15B
GO_Biological_Process_2023,Positive Regulation Of Vasculature Development (GO:1904018),31/104,0.0269915408613111,0.4618901275298018,0,0,1.5656808170773029,5.65560197894907,SEMA5A;RAMP2;HSPB6;CHRNA7;TWIST1;FGF1;FGF2;AQP1;CDH5;RRAS;HYAL1;KDR;EMILIN2;ITGB8;CD34;SASH1;ANGPT4;PTGIS;ANXA3;TNFSF12;VEGFB;PRKCA;VEGFD;SMOC2;APLNR;CNTN1;PRKD1;ANGPTL4;TEK;NODAL;RAPGEF3
GO_Biological_Process_2023,Mesenchymal Cell Migration (GO:0090497),12/32,0.0274370994645784,0.4659030543696685,0,0,2.209756097560976,7.945971763019108,SEMA5A;SEMA6A;SEMA3C;SEMA3D;SEMA3A;SEMA6D;SEMA3B;SEMA3G;SEMA3E;SOX8;RADIL;SOX10
GO_Biological_Process_2023,Regulation Of Cholesterol Efflux (GO:0010874),12/32,0.0274370994645784,0.4659030543696685,0,0,2.209756097560976,7.945971763019108,CETP;EEPD1;LRP1;ABCA5;CAV1;PTCH1;ADIPOQ;NR1H3;PPARG;ABCA8;PLTP;CES1
GO_Biological_Process_2023,Positive Regulation Of Phosphorylation (GO:0042327),62/231,0.0275708547995067,0.4663805514935721,0,0,1.3541927022632363,4.862900644400052,ALK;FLT4;ITGB3;LRRK2;ARRB1;FGF1;FGF2;CCND2;FGF8;FGF9;GPER1;KDR;LEPR;RSPO1;PDGFRA;LIMCH1;HGF;ADIPOQ;AXIN2;MOB3B;MOB3C;TYRO3;CLDN19;PECAM1;ROR1;ANG;GAS6;MET;EPHA2;DDR2;FAXDC2;CHRNA7;PELI2;ITLN1;EFNA5;EGFR;C3;RELN;FGF20;NIBAN1;NTRK2;ANGPT1;ODAM;EGF;IL34;RARRES2;NTRK3;TIE1;IGF2;VEGFB;VEGFD;MERTK;BMP4;FGF17;MARCO;FGF16;BMP2;SLCO3A1;LEP;TEK;FGF10;FGFR1
GO_Biological_Process_2023,Regulation Of Smooth Muscle Cell Proliferation (GO:0048660),18/54,0.0282076869992506,0.4753318248156176,0,0,1.8421794269610143,6.573192324924965,EDN1;SERPINF2;IGF1;CX3CL1;BMP4;BMP2;IL6;NR4A3;OGN;RBPMS2;CDH13;ANG;PPARG;APOD;VIP;IL6R;PPARGC1A;ELANE
GO_Biological_Process_2023,Positive Regulation Of Cell-Matrix Adhesion (GO:0001954),15/43,0.0288223025466825,0.4838420750707355,0,0,1.973379823649713,6.998800323317393,CSF1;CCL21;MYOC;NRG1;CX3CL1;PPM1F;EFEMP2;SFRP1;RRAS;KDR;CDH13;CD36;TEK;UTRN;FERMT2
GO_Biological_Process_2023,Regulation Of Osteoblast Differentiation (GO:0045667),26/85,0.0296578943428083,0.4959833466799191,0,0,1.6242871385842472,5.714285908512762,YAP1;CITED1;LRP5;TWIST2;TWIST1;RANBP3L;TNN;FFAR4;IL6R;TP63;GDF10;MEF2C;HGF;PTCH1;NOG;CRIM1;IGF1;BMP6;BMP4;IL6;SMOC1;PPARG;PRKD1;FERMT2;DDR2;LTF
GO_Biological_Process_2023,Acylglycerol Biosynthetic Process (GO:0046463),9/22,0.0302799422022038,0.5003138888964698,0,0,2.5490616718645778,8.914756299329062,DGAT2;GPAM;MOGAT2;MOGAT1;PLA2G4A;ANG;GPAT3;GCK;PNPLA2
GO_Biological_Process_2023,Blood Vessel Endothelial Cell Migration (GO:0043534),9/22,0.0302799422022038,0.5003138888964698,0,0,2.5490616718645778,8.914756299329062,CDH5;NR4A1;EGR3;SOX18;ID1;KDR;SLIT2;FGF2;GPLD1
GO_Biological_Process_2023,Regulation Of Neural Precursor Cell Proliferation (GO:2000177),9/22,0.0302799422022038,0.5003138888964698,0,0,2.5490616718645778,8.914756299329062,DLL4;PTPRZ1;RASSF10;TAFA3;LRRK2;TAFA1;FZD9;PROX1;NES
GO_Biological_Process_2023,Blood Vessel Diameter Maintenance (GO:0097746),13/36,0.030483450988256,0.5003138888964698,0,0,2.081744841864782,7.266478867994539,EDN1;EDN3;NPR1;SERPINF2;ADCY6;KLF2;ACE2;EDNRB;CPS1;GPER1;KCNMB2;AGTR1;NOS1
GO_Biological_Process_2023,Neural Crest Cell Migration (GO:0001755),13/36,0.030483450988256,0.5003138888964698,0,0,2.081744841864782,7.266478867994539,SEMA5A;SEMA6A;SEMA3C;SEMA3D;SEMA3A;SEMA6D;SEMA3B;SEMA3G;SEMA3E;SOX10;SOX8;RADIL;FOLR1
GO_Biological_Process_2023,Extracellular Structure Organization (GO:0043062),32/109,0.0307129740168839,0.5022140010538608,0,0,1.532198244733589,5.336753904610596,VIT;COL17A1;ECM2;HPSE2;COL14A1;NDNF;MMP20;ADAMTS5;C6ORF15;ADAMTS3;MMP27;ADAMTS1;ADAMTSL4;ADAMTS18;MMP28;ADAMTS8;ADAMTS9;COL28A1;MMP7;MIA;COL23A1;SPINK5;SMOC2;CCDC80;MMP23B;SMOC1;COL4A3;MMP23A;COL4A6;MATN4;RECK;MATN2
GO_Biological_Process_2023,Chondrocyte Differentiation (GO:0002062),11/29,0.0312766828155718,0.5095444820322873,0,0,2.2504363683730624,7.797497403407285,BMP4;OSR2;WNT10B;MEF2C;BMP2;WNT5B;NFIB;CCN3;SOX6;GPLD1;SOX5
GO_Biological_Process_2023,Regulation Of Synapse Assembly (GO:0051963),17/51,0.0323832144842475,0.5256319556910031,0,0,1.8419816858417468,6.318209124355419,GRID2;MEF2C;NLGN1;CLSTN2;NRXN1;MYCBP2;LRFN5;CUX2;LRRTM3;SLITRK2;IL1RAPL2;IL1RAPL1;SLITRK3;SLITRK5;EPHB1;LRRC4B;SNCA
GO_Biological_Process_2023,Retinoid Metabolic Process (GO:0001523),14/40,0.0330992303654082,0.5330034654660919,0,0,1.9832870086272243,6.759528523902282,LRP1;ADH1B;AKR1C1;RARRES2;AKR1C3;AKR1C4;ADH7;DHRS3;RPE65;ADH4;ALDH1A3;ALDH1A2;ALDH1A1;RDH5
GO_Biological_Process_2023,"Regulation Of Synaptic Transmission, Glutamatergic (GO:0051966)",18/55,0.0337882287853582,0.5330034654660919,0,0,1.7922765414545594,6.0715927175722175,MEF2C;NLGN1;LRRK2;NRXN1;PLPPR4;GRIK3;GRIK1;ATP1A2;GRIN2B;GRIN2A;RELN;GRM7;CCL2;DRD1;DRD2;SHANK3;DGKI;HCN1
GO_Biological_Process_2023,Gastrulation (GO:0007369),8/19,0.0338031642877702,0.5330034654660919,0,0,2.677515549118173,9.069282978384337,MESP1;FGF8;NR4A3;GSC;LRP5;GPC3;NPHP3;CER1
GO_Biological_Process_2023,Multicellular Organismal-Level Water Homeostasis (GO:0050891),8/19,0.0338031642877702,0.5330034654660919,0,0,2.677515549118173,9.069282978384337,SCNN1B;CYP4A11;AQP4;AQP2;AQP3;CYP4F12;CFTR;AQP1
GO_Biological_Process_2023,Negative Regulation Of Axon Extension Involved In Axon Guidance (GO:0048843),8/19,0.0338031642877702,0.5330034654660919,0,0,2.677515549118173,9.069282978384337,SEMA5A;SEMA6A;SEMA3C;SEMA3D;SEMA6D;SEMA3B;SEMA3G;SEMA3E
GO_Biological_Process_2023,Oligodendrocyte Differentiation (GO:0048709),8/19,0.0338031642877702,0.5330034654660919,0,0,2.677515549118173,9.069282978384337,PRDM8;SLC8A3;PTPRZ1;SOX8;TPPP;SOX6;SOX10;ZNF488
GO_Biological_Process_2023,Skeletal Muscle Contraction (GO:0003009),8/19,0.0338031642877702,0.5330034654660919,0,0,2.677515549118173,9.069282978384337,MYH7B;MYH3;STAC;TNNC1;TNNC2;STAC2;TNNT3;TNNI2
GO_Biological_Process_2023,Water Transport (GO:0006833),8/19,0.0338031642877702,0.5330034654660919,0,0,2.677515549118173,9.069282978384337,AQP7B;AQP7;AQP4;AQP5;SLC5A1;AQP2;AQP3;CFTR
GO_Biological_Process_2023,Response To Calcium Ion (GO:0051592),31/106,0.0347265440182838,0.5433537178184689,0,0,1.5237345897133885,5.120130567831379,RYR1;CPNE8;NLGN1;CPNE4;RASGRP2;PKD2;ADCY8;AQP3;CLU;RYR3;CRHBP;KCNMB1;KCNMB2;CHP2;PLCG2;CAPN3;SCN5A;SYT4;MEF2C;SYT2;DMTN;KCNIP2;CAV1;TRPC1;AKR1C3;SYT15;SYT8;RASA4;KCNMA1;CASQ2;GPLD1
GO_Biological_Process_2023,Positive Regulation Of Release Of Sequestered Calcium Ion Into Cytosol (GO:0051281),12/33,0.0349518586320374,0.5433537178184689,0,0,2.1043956043956045,7.057687533217382,JPH2;GSTM2;GPER1;TRPC1;APLNR;CAPN3;DRD1;PKD2;LACRT;CX3CL1;SNCA;TRDN
GO_Biological_Process_2023,Regulation Of Sprouting Angiogenesis (GO:1903670),12/33,0.0349518586320374,0.5433537178184689,0,0,2.1043956043956045,7.057687533217382,PPP1R16B;FGF16;SEMA6A;BMPER;TNN;S100A1;RHOJ;FGF1;KLF4;DLL1;FGF2;KLF2
GO_Biological_Process_2023,Vasculogenesis (GO:0001570),12/33,0.0349518586320374,0.5433537178184689,0,0,2.1043956043956045,7.057687533217382,TGFBR3;RAMP2;EGFL7;SOX17;SOX18;CAV1;HEY2;KDR;APLNR;ITGB8;RASIP1;TGFBR2
GO_Biological_Process_2023,Positive Regulation Of Biosynthetic Process (GO:0009891),15/44,0.035330044109129,0.5442445371025778,0,0,1.9052108538549315,6.369160978163335,SERPINF2;ZBTB20;NR1H3;HSD17B13;SORBS1;LARP6;BMP4;MLXIPL;RGCC;PLCG2;CD36;VIM;PCK1;PPARA;TLR4
GO_Biological_Process_2023,Positive Regulation Of Osteoblast Differentiation (GO:0045669),15/44,0.035330044109129,0.5442445371025778,0,0,1.9052108538549315,6.369160978163335,YAP1;MEF2C;HGF;LRP5;IGF1;BMP6;BMP4;IL6;FFAR4;PRKD1;IL6R;TP63;FERMT2;DDR2;LTF
GO_Biological_Process_2023,Axonogenesis (GO:0007409),51/188,0.0353789767040633,0.5442445371025778,0,0,1.3733632790567096,4.589282253198693,EPHB6;SEMA5A;ROBO3;ROBO4;KIF5A;BOC;ARHGEF40;EPHB1;EPHA5;EPHA4;EPHA7;EPHA6;SEMA6A;SEMA6D;FEZ1;S100A6;B4GALT6;DSCAML1;EPHA3;SEMA3C;ARHGEF25;SEMA3D;NRXN1;PLPPR4;SEMA3A;MYCBP2;SEMA3B;SEMA3G;NEXN;SEMA3E;EFNA5;EFNB1;EFNB3;RELN;SLITRK2;SLITRK3;SLITRK5;FYN;APBB1;SLIT2;DRD2;PAK3;LGI1;CNTN6;L1CAM;S100B;NFASC;CXCL12;CNTN1;CNTN4;LGR6
GO_Biological_Process_2023,Negative Regulation Of Lipid Metabolic Process (GO:0045833),10/26,0.0356337661752312,0.5451739732959264,0,0,2.301336146272855,7.673717014391085,ALK;HCAR2;GPER1;ASXL3;PDE3B;CIDEA;APOD;CCDC3;ADRA2A;CIDEC
GO_Biological_Process_2023,Cellular Response To Growth Factor Stimulus (GO:0071363),43/155,0.0356863597468907,0.5451739732959264,0,0,1.4159916978839728,4.719481557424749,ACVRL1;FOXC1;RAMP2;FLT4;STMN2;NDNF;NR3C1;ZFP36L2;EGFR;TMEM100;DLL4;ZFP36;CLEC3B;ACVR1C;HYAL1;HAS1;KDR;INPP5K;CCL2;NOS1;SOX6;SOX5;STAT5B;MEF2C;SEMA6A;EGR3;ANXA1;HGF;NTRK3;PDE2A;DAB2IP;SMAD9;KLF4;BMP6;TGFBR2;BMP4;NR4A1;SFRP1;BMP2;PDE3A;GAS1;SPRY2;PRKD1
GO_Biological_Process_2023,Negative Regulation Of Amyloid-Beta Formation (GO:1902430),7/16,0.0373717484139556,0.5584843400274252,0,0,2.8631477577366544,9.410709291865096,NTRK2;PRNP;RTN1;BIN1;CHRNA7;IGF1;CLU
GO_Biological_Process_2023,Oligodendrocyte Development (GO:0014003),7/16,0.0373717484139556,0.5584843400274252,0,0,2.8631477577366544,9.410709291865096,PRDM8;PLP1;TPPP;B4GALT6;SOX10;ZNF488;GPM6B
GO_Biological_Process_2023,Positive Regulation Of Cardiac Muscle Tissue Growth (GO:0055023),7/16,0.0373717484139556,0.5584843400274252,0,0,2.8631477577366544,9.410709291865096,TGFBR3;EDN1;MEF2C;IGF1;GLI1;ZFPM2;FGF2
GO_Biological_Process_2023,Regulation Of Blood Vessel Endothelial Cell Proliferation Involved In Sprouting Angiogenesis (GO:1903587),7/16,0.0373717484139556,0.5584843400274252,0,0,2.8631477577366544,9.410709291865096,PPP1R16B;DLL4;NGFR;FGFBP1;MMRN2;APLNR;FGF2
GO_Biological_Process_2023,Regulation Of Fatty Acid Oxidation (GO:0046320),7/16,0.0373717484139556,0.5584843400274252,0,0,2.8631477577366544,9.410709291865096,ACADVL;NR4A3;ACADL;PDK4;MLYCD;PPARA;PPARGC1A
GO_Biological_Process_2023,Regulation Of Neuron Differentiation (GO:0045664),24/79,0.0384811025938118,0.5584843400274252,0,0,1.6080389976909262,5.238328542264947,ALK;MEF2C;NLGN1;MMD;LRRK2;DTX1;NGF;GDPD5;DLL1;NTF4;GPRC5B;PCP4;BRINP2;BMP2;RELN;HEY1;BIN1;NTF3;VWC2;TUNAR;CNTN4;HOXD3;BRINP3;FGFR1
GO_Biological_Process_2023,Regulation Of Insulin Secretion (GO:0050796),26/87,0.0390483228481182,0.5584843400274252,0,0,1.570831243972999,5.09413559043882,PRKN;IRS1;LRP5;IRS2;KCNA5;DOC2B;ADCY8;EFNA5;FOXO1;ADCY5;GPER1;NNAT;CCN3;FAM3D;EPHA5;CHGA;KCNB1;ACSL4;INHBB;MYRIP;ADRA2A;GCK;SFRP1;G6PC2;IL6;RFX6
GO_Biological_Process_2023,Positive Regulation Of MAP Kinase Activity (GO:0043406),27/91,0.0392037817510884,0.5584843400274252,0,0,1.554851141445046,5.036134958703689,TENM1;LRRK2;DIRAS2;PDGFA;FGF1;FGF2;EGFR;GHR;PDGFD;NTF3;S100A12;ELANE;SASH1;MAP3K5;EDN1;MEF2C;EDN3;EGF;IL34;NTRK3;DAB2IP;ADRA2A;GH1;KIT;NEK10;TLR4;FGFR1
GO_Biological_Process_2023,Cell Junction Assembly (GO:0034329),28/95,0.0392864201857372,0.5584843400274252,0,0,1.5403069398768867,4.985783124170958,GPM6A;NLGN1;NRXN1;ZDHHC2;CDH5;CDH4;DNER;GJA4;CDH22;DRD1;DRD2;FZD5;PCDHB11;CLDN5;SDK1;ADGRF1;CDH10;CDH12;CDHR3;CDH13;DSG1;PKP1;PCDHB5;PCDHB4;TLN2;TLN1;SHANK3;ADGRL3
GO_Biological_Process_2023,Positive Regulation Of Epithelial Cell Migration (GO:0010634),28/95,0.0392864201857372,0.5584843400274252,0,0,1.5403069398768867,4.985783124170958,FLT4;ITGB3;FGF1;FGF2;PPM1F;EPB41L4B;FGF7;RRAS;HYAL1;ATOH8;ENPP2;KDR;PLCG2;SASH1;ANGPT4;EDN1;ANGPT1;ANXA3;EGF;PRKCA;PROX1;BMP4;SMOC2;PRKD1;TEK;PLPP3;GPLD1;FGF10
GO_Biological_Process_2023,Cellular Response To Organic Cyclic Compound (GO:0071407),42/152,0.0398424120581667,0.5584843400274252,0,0,1.408055996908146,4.537915680833957,GABRB3;KCNE1;GABRB1;RAMP3;AKAP6;ATP1A2;NR3C1;PKD2;ADCY8;TFPI;CLU;RYR3;ADCY6;EGFR;GNAI1;AQP1;ADCY5;CRHBP;GNG2;GPER1;INPP5K;CCL2;DRD1;P2RY12;EGR1;MEF2C;DMTN;TIPARP;PDE2A;GPBAR1;SSTR1;SFRP1;NR4A3;FES;CYP1A1;PDE3A;MGARP;SLC26A3;FOLR1;CFTR;RAPGEF3;HCN1
GO_Biological_Process_2023,Negative Regulation Of Axon Extension (GO:0030517),11/30,0.0401080111483742,0.5584843400274252,0,0,2.131856605170605,6.856432839725404,SEMA5A;PTPRS;SEMA6A;SEMA3C;SEMA3D;MAP2;SEMA3A;SEMA6D;SEMA3B;SEMA3G;SEMA3E
GO_Biological_Process_2023,Regulation Of Cell Migration Involved In Sprouting Angiogenesis (GO:0090049),11/30,0.0401080111483742,0.5584843400274252,0,0,2.131856605170605,6.856432839725404,DLL4;CARD10;FGFBP1;ANXA1;MMRN2;RHOJ;KDR;MEOX2;PTGS2;KLF4;FGF2
GO_Biological_Process_2023,Regulation Of Axon Extension Involved In Axon Guidance (GO:0048841),9/23,0.0405527718688706,0.5584843400274252,0,0,2.3668351802872545,7.586064485618404,SEMA5A;SEMA6A;SEMA3C;SEMA3D;SEMA3A;SEMA6D;SEMA3B;SEMA3G;SEMA3E
GO_Biological_Process_2023,Regulation Of Cardiac Muscle Hypertrophy (GO:0010611),9/23,0.0405527718688706,0.5584843400274252,0,0,2.3668351802872545,7.586064485618404,EDN1;MLIP;RGS2;NR4A3;CAV3;HAND2;PRKCA;IGF1;PDE9A
GO_Biological_Process_2023,Monoacylglycerol Metabolic Process (GO:0046462),6/13,0.0406248438560338,0.5584843400274252,0,0,3.1549682167949147,10.106547831802231,DGAT2;MOGAT2;PLA2G4A;ABHD6;MGLL;ABHD12B
GO_Biological_Process_2023,Negative Regulation Of Cell Activation (GO:0050866),6/13,0.0406248438560338,0.5584843400274252,0,0,3.1549682167949147,10.106547831802231,PDGFRA;THBD;C1QTNF1;GPER1;PDGFA;CD200
GO_Biological_Process_2023,Positive Regulation Of Glycogen Biosynthetic Process (GO:0045725),6/13,0.0406248438560338,0.5584843400274252,0,0,3.1549682167949147,10.106547831802231,IRS1;IGF2;IRS2;IGF1;SORBS1;GCK
GO_Biological_Process_2023,Potassium Ion Export Across Plasma Membrane (GO:0097623),6/13,0.0406248438560338,0.5584843400274252,0,0,3.1549682167949147,10.106547831802231,KCNE1;KCNT2;KCND3;KCNIP2;KCNE5;LOC102723475
GO_Biological_Process_2023,Regulation Of Fatty Acid Beta-Oxidation (GO:0031998),6/13,0.0406248438560338,0.5584843400274252,0,0,3.1549682167949147,10.106547831802231,ABCD2;IRS1;TWIST1;IRS2;PPARA;PLIN5
GO_Biological_Process_2023,Regulation Of Nitric-Oxide Synthase Biosynthetic Process (GO:0051769),6/13,0.0406248438560338,0.5584843400274252,0,0,3.1549682167949147,10.106547831802231,IL33;FCER2;EDN1;GSTP1;KDR;TLR4
GO_Biological_Process_2023,Regulation Of Vasculogenesis (GO:2001212),6/13,0.0406248438560338,0.5584843400274252,0,0,3.1549682167949147,10.106547831802231,TMEM100;HEY1;RRAS;HEY2;KDR;CD34
GO_Biological_Process_2023,Relaxation Of Muscle (GO:0090075),6/13,0.0406248438560338,0.5584843400274252,0,0,3.1549682167949147,10.106547831802231,GSTM2;RGS2;GSN;PLN;ATP1A2;KCNJ2
GO_Biological_Process_2023,Atrial Cardiac Muscle Cell To AV Node Cell Signaling (GO:0086026),4/7,0.0418542403144322,0.5584843400274252,0,0,4.906679151061174,15.57165131180317,KCNE5;KCNA5;SCN5A;SCN3B
GO_Biological_Process_2023,Axon Ensheathment In Central Nervous System (GO:0032291),4/7,0.0418542403144322,0.5584843400274252,0,0,4.906679151061174,15.57165131180317,PLP1;B4GALT6;SOX10;GPM6B
GO_Biological_Process_2023,Dopamine Uptake (GO:0090494),4/7,0.0418542403144322,0.5584843400274252,0,0,4.906679151061174,15.57165131180317,SLC22A3;SLC29A4;SLC6A2;SNCA
GO_Biological_Process_2023,Hepoxilin Biosynthetic Process (GO:0051122),4/7,0.0418542403144322,0.5584843400274252,0,0,4.906679151061174,15.57165131180317,GSTM2;GSTM1;GSTP1;ALOX15B
GO_Biological_Process_2023,Hepoxilin Metabolic Process (GO:0051121),4/7,0.0418542403144322,0.5584843400274252,0,0,4.906679151061174,15.57165131180317,GSTM2;GSTM1;GSTP1;ALOX15B
GO_Biological_Process_2023,Lymphatic Endothelial Cell Differentiation (GO:0060836),4/7,0.0418542403144322,0.5584843400274252,0,0,4.906679151061174,15.57165131180317,ACVRL1;SOX18;TIE1;PROX1
GO_Biological_Process_2023,Melanin Biosynthetic Process (GO:0042438),4/7,0.0418542403144322,0.5584843400274252,0,0,4.906679151061174,15.57165131180317,OCA2;CITED1;DCT;TRPC1
GO_Biological_Process_2023,"Negative Regulation Of Complement Activation, Classical Pathway (GO:0045959)",4/7,0.0418542403144322,0.5584843400274252,0,0,4.906679151061174,15.57165131180317,CR2;CR1;SVEP1;C4BPB
GO_Biological_Process_2023,Negative Regulation Of Muscle Cell Differentiation (GO:0051148),4/7,0.0418542403144322,0.5584843400274252,0,0,4.906679151061174,15.57165131180317,TCF23;IGF2;RBPMS2;FOXO4
GO_Biological_Process_2023,Positive Regulation Of Oligodendrocyte Differentiation (GO:0048714),4/7,0.0418542403144322,0.5584843400274252,0,0,4.906679151061174,15.57165131180317,PTPRZ1;IL34;PTN;TNFRSF1B
GO_Biological_Process_2023,Positive Regulation Of Vascular Endothelial Growth Factor Signaling Pathway (GO:1900748),4/7,0.0418542403144322,0.5584843400274252,0,0,4.906679151061174,15.57165131180317,CCBE1;SMOC2;MYO1C;TNXB
GO_Biological_Process_2023,Postsynaptic Membrane Assembly (GO:0097104),4/7,0.0418542403144322,0.5584843400274252,0,0,4.906679151061174,15.57165131180317,NLGN4Y;NLGN1;NLGN4X;NRXN1
GO_Biological_Process_2023,Regulation Of Mesenchymal Stem Cell Differentiation (GO:2000739),4/7,0.0418542403144322,0.5584843400274252,0,0,4.906679151061174,15.57165131180317,PDGFRA;LTBP2;SOX6;SOX5
GO_Biological_Process_2023,Regulation Of Positive Chemotaxis (GO:0050926),4/7,0.0418542403144322,0.5584843400274252,0,0,4.906679151061174,15.57165131180317,NTRK3;CNTN1;KDR;CDH13
GO_Biological_Process_2023,Terpenoid Metabolic Process (GO:0006721),4/7,0.0418542403144322,0.5584843400274252,0,0,4.906679151061174,15.57165131180317,CYP2C9;CYP2E1;CYP2C19;CYP3A4
GO_Biological_Process_2023,Venous Blood Vessel Development (GO:0060841),4/7,0.0418542403144322,0.5584843400274252,0,0,4.906679151061174,15.57165131180317,ACVRL1;CCBE1;APLNR;PROX1
GO_Biological_Process_2023,Angiogenesis Involved In Wound Healing (GO:0060055),5/10,0.0427559925094608,0.5584843400274252,0,0,3.680402715991571,11.601534437208857,ITGB3;MCAM;KDR;NDNF;CD34
GO_Biological_Process_2023,Cellular Response To Forskolin (GO:1904322),5/10,0.0427559925094608,0.5584843400274252,0,0,3.680402715991571,11.601534437208857,ADCY8;ADCY6;CFTR;GNAI1;ADCY5
GO_Biological_Process_2023,Mesonephros Development (GO:0001823),5/10,0.0427559925094608,0.5584843400274252,0,0,3.680402715991571,11.601534437208857,OSR2;FGF8;ZBTB16;FGF1;FGF10
GO_Biological_Process_2023,Positive Regulation Of Defense Response To Bacterium (GO:1900426),5/10,0.0427559925094608,0.5584843400274252,0,0,3.680402715991571,11.601534437208857,MMRN2;KLK5;EMILIN2;KLK3;KLK7
GO_Biological_Process_2023,Positive Regulation Of Dendrite Development (GO:1900006),5/10,0.0427559925094608,0.5584843400274252,0,0,3.680402715991571,11.601534437208857,DAB2IP;PTN;VLDLR;BMP5;ZDHHC15
GO_Biological_Process_2023,Positive Regulation Of Macrophage Differentiation (GO:0045651),5/10,0.0427559925094608,0.5584843400274252,0,0,3.680402715991571,11.601534437208857,CSF1;IL34;LIF;PRKCA;PF4
GO_Biological_Process_2023,Regulation Of Lipid Transport (GO:0032368),5/10,0.0427559925094608,0.5584843400274252,0,0,3.680402715991571,11.601534437208857,PRKN;LRP1;ITGB3;NR1H3;PPARA
GO_Biological_Process_2023,Regulation Of Phospholipase Activity (GO:0010517),5/10,0.0427559925094608,0.5584843400274252,0,0,3.680402715991571,11.601534437208857,RGS2;LRP1;PLA2G5;FGFR1;SNCA
GO_Biological_Process_2023,Response To Forskolin (GO:1904321),5/10,0.0427559925094608,0.5584843400274252,0,0,3.680402715991571,11.601534437208857,ADCY8;ADCY6;CFTR;GNAI1;ADCY5
GO_Biological_Process_2023,Response To Prostaglandin E (GO:0034695),5/10,0.0427559925094608,0.5584843400274252,0,0,3.680402715991571,11.601534437208857,PTGER4;TGFBR3;SFRP1;GNG2;CCL21
GO_Biological_Process_2023,Antimicrobial Humoral Response (GO:0019730),29/100,0.0443961023331099,0.5745544550882431,0,0,1.5054106129596037,4.688757312626529,CXCL6;CCL13;COLEC11;DEFB1;CXCL1;CST9;CXCL3;CXCL14;CXCL2;CXCL5;JCHAIN;RNASE7;MUC7;S100A12;CTSG;PI3;IGHA1;IGHA2;PF4V1;KRT6A;TSLP;RARRES2;NRG1;PPBP;F3;HLA-E;SLPI;LTF;PF4
GO_Biological_Process_2023,Anterograde Trans-Synaptic Signaling (GO:0098916),53/199,0.0444495028722277,0.5745544550882431,0,0,1.3391019174189611,4.169161919766719,GABRB3;CHRM2;GABRB1;KCNC4;GRIK1;HTR2A;HTR4;SLC6A2;RPS6KA3;GRM7;RPS6KA2;MPZ;KIF5A;DLGAP1;UNC13C;NPY5R;NPFF;SYN2;CACNB4;GRIA1;GRIA2;NLGN1;CHRNA2;KCNA1;NRXN1;SLC1A3;GRIN2A;GLRA3;PTCHD1;KCNMB1;PENK;SNCG;NPTX1;SNCA;NLGN4Y;GABRP;SLC12A4;NLGN4X;KCNIP2;OPRK1;PCDHB11;GRIN2B;DLG2;GLRB;PLP1;PMP22;PCDHB5;PCDHB4;APBA1;PDE7B;KCNK3;SCN2B;CBLN1
GO_Biological_Process_2023,Positive Regulation Of Supramolecular Fiber Organization (GO:1902905),28/96,0.0444961160344226,0.5745544550882431,0,0,1.5175584358037,4.723178117527931,SEMA5A;TENM1;CSF3;TNXB;SYNPO2;LMOD1;STMN2;SLAIN1;CLU;CX3CL1;EFEMP2;CFL2;ANKRD53;SYNPO;CCL24;EDN1;GSN;CAV3;CCL21;PROX1;NAV3;SYNPO2L;BIN1;CDC42EP5;FES;CDC42EP3;CDC42EP2;MET
GO_Biological_Process_2023,Positive Regulation Of Neuron Projection Development (GO:0010976),27/92,0.0445330258642512,0.5745544550882431,0,0,1.530832594094538,4.763222679233548,ALK;NLGN1;TENM3;STMN2;NDNF;VLDLR;PTN;CX3CL1;CUX2;RELN;TNN;FUT9;ALKAL2;SCARF1;NTRK2;NTRK3;DAB2IP;ATP1B2;ZDHHC15;BMP5;TUBB2B;FES;ROR1;PRKD1;CAMK1;EPHA3;DDR2
GO_Biological_Process_2023,Positive Regulation Of Nervous System Development (GO:0051962),16/49,0.0446369599309778,0.5745544550882431,0,0,1.7858585858585858,5.552579130459274,CX3CR1;GRID2;NLGN1;CLSTN2;MME;SERPINF1;NRXN1;CUX2;RASSF10;SLITRK2;GPER1;IL1RAPL1;SLITRK3;SLITRK5;EPHB1;LRRC4B
GO_Biological_Process_2023,Regulation Of Calcium Ion Transmembrane Transport (GO:1903169),8/20,0.0460561305780077,0.5767653516340042,0,0,2.4542330521711966,7.553870158766485,PRNP;CAV3;CACNA2D1;HRC;ATP1A2;FYN;NOS1;TRDN
GO_Biological_Process_2023,Response To Fibroblast Growth Factor (GO:0071774),8/20,0.0460561305780077,0.5767653516340042,0,0,2.4542330521711966,7.553870158766485,DLL4;NR4A1;SFRP1;ZFP36;EGR3;HYAL1;NDNF;ZFP36L2
GO_Biological_Process_2023,Peptide Cross-Linking (GO:0018149),10/27,0.0460621630452378,0.5767653516340042,0,0,2.1658255425939714,6.6658986382453485,SPRR2E;TGM1;CSTA;ANXA1;EPB42;F13A1;NDNF;PI3;TGM5;FGFR1
GO_Biological_Process_2023,Positive Regulation Of Filopodium Assembly (GO:0051491),10/27,0.0460621630452378,0.5767653516340042,0,0,2.1658255425939714,6.6658986382453485,GPM6A;TENM1;DOCK11;NLGN1;TENM2;CCL21;PALM;MYO3A;PIK3R1;RHOQ
GO_Biological_Process_2023,Positive Regulation Of Nitric Oxide Biosynthetic Process (GO:0045429),10/27,0.0460621630452378,0.5767653516340042,0,0,2.1658255425939714,6.6658986382453485,EDN1;HBB;CD36;PKD2;PTGS2;KLF4;CLU;TLR4;ASS1;KLF2
GO_Biological_Process_2023,Regulation Of Catecholamine Secretion (GO:0050433),10/27,0.0460621630452378,0.5767653516340042,0,0,2.1658255425939714,6.6658986382453485,PRKN;SYT4;SYT2;KCNB1;KCNA2;FGF20;FFAR3;SYT15;SYT8;SNCA
GO_Biological_Process_2023,Regulation Of Insulin Secretion Involved In Cellular Response To Glucose Stimulus (GO:0061178),10/27,0.0460621630452378,0.5767653516340042,0,0,2.1658255425939714,6.6658986382453485,EPHA5;RFX6;LRP5;TUNAR;ADCY8;EFNA5;ADRA2A;CFTR;GPLD1;ADCY5
GO_Biological_Process_2023,Blood Vessel Morphogenesis (GO:0048514),17/53,0.0461151005949724,0.5767653516340042,0,0,1.739427617333229,5.351548787375562,CCBE1;EGFL7;RAMP2;FLT4;CAV1;SERPINF2;LRP5;PROX1;RASIP1;TGFBR2;SOX17;SOX18;HEY2;ID1;KDR;APLNR;ITGB8
GO_Biological_Process_2023,Cellular Response To Alcohol (GO:0097306),17/53,0.0461151005949724,0.5767653516340042,0,0,1.739427617333229,5.351548787375562,PTGER4;PTGFR;PTCH1;AKR1C3;AKR1C2;ADCY8;CYP7A1;ADCY6;GNAI1;ADCY5;SFRP1;GNG2;SCNN1B;KLF9;CFTR;GPLD1;CES1
GO_Biological_Process_2023,Protein Homotetramerization (GO:0051289),17/53,0.0461151005949724,0.5767653516340042,0,0,1.739427617333229,5.351548787375562,RYR1;SYCP1;KCNJ12;SHMT1;KIF25;AQP4;AQP5;AQP2;PKD2;CLU;ACACB;RYR3;ALDH1A3;ALDH1A2;ME1;KCNJ2;HCN1
GO_Biological_Process_2023,Response To cAMP (GO:0051591),13/38,0.0468721652400465,0.5845779930361731,0,0,1.9149612948627728,5.860415934187742,KCNE1;DMTN;CITED1;PDE2A;AKAP6;PKD2;AQP1;CRHBP;INPP5K;SLC26A3;CFTR;RAPGEF3;HCN1
GO_Biological_Process_2023,Positive Regulation Of Cell Motility (GO:2000147),58/221,0.0478773963804078,0.5954329718859168,0,0,1.312717625601061,3.989495596877745,SEMA5A;CSF1;FLT4;FAM107A;LAMC2;FGF1;VSIR;MYLK;CDH5;GPER1;KDR;EPHA4;PDGFRA;EDN1;MMP7;MYOC;WNT5B;HGF;SEMA6D;PRKCA;ADRA2A;DAAM2;KIT;PECAM1;CDH13;EPHA2;HBEGF;SEMA3C;SEMA3D;SEMA3B;TWIST2;SEMA3G;PDGFA;TWIST1;NEDD9;SEMA3E;EGFR;PPM1F;PDGFD;NTF3;DRD1;CCL24;CAVIN1;CCL21;F10;FZD4;EGF;CAV1;NTRK3;IGF1;SH3RF2;BMP2;CXCL12;MYO1C;CNTN1;SPRY2;LGR6;FERMT2
GO_Biological_Process_2023,Canonical Wnt Signaling Pathway (GO:0060070),20/65,0.0490281134814973,0.6080312388225028,0,0,1.6373224728487887,4.937118985420998,CCL14;WNT10B;TCF7L1;WNT5B;FZD5;FZD4;LRRK2;CAV1;TCF7;DIXDC1;WNT9B;LRP5;FZD9;FZD8;NR4A2;WNT6;SFRP1;WNT11;SFRP5;WNT1
GO_Biological_Process_2023,Positive Regulation Of Neuron Differentiation (GO:0045666),14/42,0.0493737320605003,0.6106023166585685,0,0,1.8413890192397933,5.5395182316212805,MEF2C;MMD;PROX1;GDPD5;NGF;BRINP2;BMP2;GPRC5B;PCP4;FGF20;VWC2;HOXD3;BRINP3;FGFR1
GO_Biological_Process_2023,Positive Regulation Of Endothelial Cell Migration (GO:0010595),25/85,0.0505176002902035,0.6212679812848153,0,0,1.5353250215635537,4.583610726390133,SEMA5A;FLT4;ITGB3;FGF1;FGF2;RRAS;ATOH8;KDR;SASH1;STAT5A;ANGPT4;EDN1;ANGPT1;ANXA3;EGF;PRKCA;PROX1;BMP4;SMOC2;PRKD1;TEK;PLPP3;MET;GPLD1;FGFR1
GO_Biological_Process_2023,Transport Across Blood-Brain Barrier (GO:0150104),25/85,0.0505176002902035,0.6212679812848153,0,0,1.5353250215635537,4.583610726390133,SLC22A3;SLC27A1;ABCB1;ATP8A1;LRP1;SLC1A3;ATP1A2;SLC2A4;SLC5A1;SLC4A4;SLC7A3;LEPR;SLC16A7;CD36;SLC38A3;KCNJ8;SLC16A12;ABCC9;ATP1B2;AVPR1A;SLCO1C1;FABP5;SLCO3A1;SLC29A4;ABCG2
GO_Biological_Process_2023,cGMP-mediated Signaling (GO:0019934),7/17,0.0521112650842608,0.6251935743125318,0,0,2.576669009135629,7.6124442703254385,KCNC2;PDE2A;IRAG1;PDE3A;CD36;PDE9A;AQP1
GO_Biological_Process_2023,Cellular Response To Glucocorticoid Stimulus (GO:0071385),7/17,0.0521112650842608,0.6251935743125318,0,0,2.576669009135629,7.6124442703254385,ZFP36;KLF9;FAM107A;NR3C1;PCK1;ZFP36L2;AQP1
GO_Biological_Process_2023,Embryo Development Ending In Birth Or Egg Hatching (GO:0009792),7/17,0.0521112650842608,0.6251935743125318,0,0,2.576669009135629,7.6124442703254385,OSR2;SCEL;STOX2;NR5A2;FOXI1;RAI2;FGFR1
GO_Biological_Process_2023,Muscle Tissue Morphogenesis (GO:0060415),7/17,0.0521112650842608,0.6251935743125318,0,0,2.576669009135629,7.6124442703254385,BMP4;TGFBR3;BMP2;EFEMP2;HEY2;PROX1;MYLK
GO_Biological_Process_2023,Positive Regulation Of Cardiac Muscle Hypertrophy (GO:0010613),7/17,0.0521112650842608,0.6251935743125318,0,0,2.576669009135629,7.6124442703254385,EDN1;NR4A3;HAND2;AKAP6;PRKCA;IGF1;PDE9A
GO_Biological_Process_2023,Positive Regulation Of Fatty Acid Metabolic Process (GO:0045923),7/17,0.0521112650842608,0.6251935743125318,0,0,2.576669009135629,7.6124442703254385,KAT2B;MLXIPL;NR4A3;NR1H3;MLYCD;PPARA;PPARGC1A
GO_Biological_Process_2023,Positive Regulation Of Stem Cell Differentiation (GO:2000738),7/17,0.0521112650842608,0.6251935743125318,0,0,2.576669009135629,7.6124442703254385,FOXC1;TCF15;HOXB4;LTBP2;PTN;SOX6;SOX5
GO_Biological_Process_2023,Regulation Of Cartilage Development (GO:0061035),7/17,0.0521112650842608,0.6251935743125318,0,0,2.576669009135629,7.6124442703254385,BMP4;BMP2;WNT11;ZBTB16;SOX6;PTHLH;SOX5
GO_Biological_Process_2023,Triglyceride Biosynthetic Process (GO:0019432),7/17,0.0521112650842608,0.6251935743125318,0,0,2.576669009135629,7.6124442703254385,DGAT2;GPAM;MOGAT2;MOGAT1;GPAT3;PCK1;GCK
GO_Biological_Process_2023,Regulation Of Neuroblast Proliferation (GO:1902692),9/24,0.0529399639340064,0.6334144736277469,0,0,2.208905554253574,6.491082712485451,CX3CR1;DCT;TAFA3;LRRK2;TAFA1;PTN;DRD2;HAPLN4;CX3CL1
GO_Biological_Process_2023,Regulation Of Neuron Death (GO:1901214),18/58,0.0553560733602072,0.6496467033552621,0,0,1.6575387505871302,4.796865593708587,PRKN;CHGA;EGR1;PRNP;GRID2;MEF2C;CSF1;LRRK2;CHRNA7;TNFRSF1B;CLU;GRIN2B;TRIM2;SNCG;FYN;CD200;MAP3K5;SNCA
GO_Biological_Process_2023,Central Nervous System Development (GO:0007417),72/283,0.0563360097962353,0.6496467033552621,0,0,1.2591663998629157,3.6218931065512514,VIT;GRIK1;PKD2;AFF2;RPS6KA3;ADGRA2;DNER;SOX8;SOX6;SH3GL2;EPHA7;EMX2;SPINK5;PROX1;SOX10;ECRG4;POU3F3;SHROOM4;TGFBR2;IL1RAPL2;DCX;MAL;DSCAML1;CCL14;PRKN;CX3CR1;RTN1;SHC3;AMIGO1;GSTP1;AMIGO2;PCDH18;DLL1;KLK6;C3;UGT8;GRIN2A;SNTG2;RELN;PTPRZ1;NNAT;APOD;JHY;NPTX1;TPPP;BRINP3;SPTBN1;EGR2;CA10;GSN;CADM2;CNTN6;PTCH1;ZBTB16;POU6F2;SCTR;S100B;GRIN2B;MEIS2;DCLK1;POU6F1;SLC8A3;NR4A2;MEIS1;NFASC;NFIB;CNTN1;MEIS3P1;CNTN4;NES;ADGRL2;ADGRL3
GO_Biological_Process_2023,Fibroblast Growth Factor Receptor Signaling Pathway (GO:0008543),13/39,0.0570045360366248,0.6496467033552621,0,0,1.8411916490734224,5.274322586945437,KL;NOG;FGF1;FGF2;FGF17;FGF16;FGF7;FGF8;FGF9;FLRT2;FGF20;FGF10;FGFR1
GO_Biological_Process_2023,Regulation Of Monoatomic Cation Transmembrane Transport (GO:1904062),13/39,0.0570045360366248,0.6496467033552621,0,0,1.8411916490734224,5.274322586945437,KCNE1;KCNIP1;KCNIP2;KCNE5;KCNAB1;PDZK1;GRIN2B;DPP6;GRIN2A;HRC;SCN5A;SNTA1;HCN1
GO_Biological_Process_2023,Regulation Of G Protein-Coupled Receptor Signaling Pathway (GO:0008277),21/70,0.0570647550723736,0.6496467033552621,0,0,1.5788148396844048,4.521044603398032,EDN1;SLC24A4;RAMP3;FRMPD1;KLK5;KLK14;KLK6;KCTD8;C3;RGS5;RGS2;CALCR;GRK5;GPER1;GNG7;NMT2;KCTD12;MRAP2;RGS6;MGLL;KCTD16
GO_Biological_Process_2023,Apoptotic Cell Clearance (GO:0043277),10/28,0.0583636894573147,0.6496467033552621,0,0,2.0453716726571862,5.811026381816627,FCN1;FCN2;ANXA1;LRP1;ITGB3;TYRO3;NR1H3;GAS6;XKR4;XKR6
GO_Biological_Process_2023,Limb Development (GO:0060173),10/28,0.0583636894573147,0.6496467033552621,0,0,2.0453716726571862,5.811026381816627,KAT2B;FGF8;PTCH1;SMOC1;NOG;MAP3K20;LRP4;PCSK5;TBX4;FGF10
GO_Biological_Process_2023,Positive Regulation Of Nitric Oxide Metabolic Process (GO:1904407),10/28,0.0583636894573147,0.6496467033552621,0,0,2.0453716726571862,5.811026381816627,EDN1;HBB;CD36;PKD2;PTGS2;KLF4;CLU;TLR4;ASS1;KLF2
GO_Biological_Process_2023,Aorta Development (GO:0035904),6/14,0.05855425824033,0.6496467033552621,0,0,2.7604215456674472,7.833528301650039,EFEMP2;LRP1;PDE2A;APLNR;PKD2;TGFBR2
GO_Biological_Process_2023,Membrane Repolarization During Cardiac Muscle Cell Action Potential (GO:0086013),6/14,0.05855425824033,0.6496467033552621,0,0,2.7604215456674472,7.833528301650039,KCNE1;KCNJ8;KCND3;KCNIP2;KCNA5;KCNJ2
GO_Biological_Process_2023,Positive Regulation Of Glycogen Metabolic Process (GO:0070875),6/14,0.05855425824033,0.6496467033552621,0,0,2.7604215456674472,7.833528301650039,IRS1;IGF2;IRS2;IGF1;SORBS1;GCK
GO_Biological_Process_2023,Positive Regulation Of Transporter Activity (GO:0032411),6/14,0.05855425824033,0.6496467033552621,0,0,2.7604215456674472,7.833528301650039,TRPC6;NR1H3;PDZK1;SGK1;PPARGC1A;SGK2
GO_Biological_Process_2023,Regulation Of Bone Remodeling (GO:0046850),6/14,0.05855425824033,0.6496467033552621,0,0,2.7604215456674472,7.833528301650039,SIGLEC15;SFRP1;ITGB3;LEP;LEPR;S1PR1
GO_Biological_Process_2023,Regulation Of Endothelial Cell Chemotaxis (GO:2001026),6/14,0.05855425824033,0.6496467033552621,0,0,2.7604215456674472,7.833528301650039,SEMA5A;SMOC2;NRG1;PRKD1;FGF2;MET
GO_Biological_Process_2023,Regulation Of Integrin Activation (GO:0033623),6/14,0.05855425824033,0.6496467033552621,0,0,2.7604215456674472,7.833528301650039,PTGER4;SELP;FERMT1;RASIP1;FERMT2;JAM3
GO_Biological_Process_2023,Regulation Of Non-Canonical Wnt Signaling Pathway (GO:2000050),6/14,0.05855425824033,0.6496467033552621,0,0,2.7604215456674472,7.833528301650039,SFRP1;WNT5B;DAAM2;GPC3;NPHP3;RSPO3
GO_Biological_Process_2023,Regulation Of Sequestering Of Triglyceride (GO:0010889),6/14,0.05855425824033,0.6496467033552621,0,0,2.7604215456674472,7.833528301650039,CIDEA;PLIN2;PPARG;PPARA;PLIN5;PNPLA2
GO_Biological_Process_2023,Renal Water Homeostasis (GO:0003091),6/14,0.05855425824033,0.6496467033552621,0,0,2.7604215456674472,7.833528301650039,CYP4A11;AQP4;AQP2;AQP3;CYP4F12;AQP1
GO_Biological_Process_2023,Vascular Endothelial Growth Factor Signaling Pathway (GO:0038084),6/14,0.05855425824033,0.6496467033552621,0,0,2.7604215456674472,7.833528301650039,FOXC1;MYO1C;FLT4;VEGFB;KDR;VEGFD
GO_Biological_Process_2023,Ephrin Receptor Signaling Pathway (GO:0048013),14/43,0.0592951180146717,0.6496467033552621,0,0,1.77777957572129,5.022633174303426,EPHB6;EPHA5;EPHA4;EPHA7;EPHA6;ARHGEF28;EFNA5;EFNB1;EFNB3;FYN;PAK3;EPHB1;EPHA3;EPHA2
GO_Biological_Process_2023,Regulation Of Filopodium Assembly (GO:0051489),14/43,0.0592951180146717,0.6496467033552621,0,0,1.77777957572129,5.022633174303426,PPP1R16B;GPM6A;TENM1;NLGN1;TENM2;DMTN;CCL21;PIK3R1;CLU;DOCK11;DAAM2;PALM;MYO3A;RHOQ
GO_Biological_Process_2023,Response To Amyloid-Beta (GO:1904645),14/43,0.0592951180146717,0.6496467033552621,0,0,1.77777957572129,5.022633174303426,EPHA4;NGFR;PRNP;RAMP3;LRP1;CHRNA7;CACNA2D1;ADRB2;IGF1;GRIN2A;CALCR;FYN;CD36;TLR4
GO_Biological_Process_2023,Insulin Receptor Signaling Pathway (GO:0008286),15/47,0.0610955226511027,0.6496467033552621,0,0,1.7262673081436282,4.8254638256619815,IRS1;CAV2;RARRES2;IRS4;IGF2;IRS2;FOXO4;PIK3R1;SORBS1;FOXO1;PDK4;ZNF106;PDK2;GPLD1;RHOQ
GO_Biological_Process_2023,Muscle Cell Development (GO:0055001),11/32,0.0626199580117559,0.6496467033552621,0,0,1.9285770111092504,5.343452846479251,RAMP2;EFEMP2;CAV3;BIN1;HEY2;DMD;MYH11;ANK2;ALPK3;IGF1;SGCZ
GO_Biological_Process_2023,Negative Regulation Of Osteoblast Differentiation (GO:0045668),11/32,0.0626199580117559,0.6496467033552621,0,0,1.9285770111092504,5.343452846479251,GDF10;RANBP3L;CITED1;TNN;PTCH1;NOG;LRP5;TWIST2;CRIM1;TWIST1;PPARG
GO_Biological_Process_2023,Positive Regulation Of Synapse Assembly (GO:0051965),11/32,0.0626199580117559,0.6496467033552621,0,0,1.9285770111092504,5.343452846479251,NLGN1;GRID2;CUX2;CLSTN2;SLITRK2;NRXN1;SLITRK3;IL1RAPL1;SLITRK5;EPHB1;LRRC4B
GO_Biological_Process_2023,Cellular Response To Insulin Stimulus (GO:0032869),28/99,0.0631581291159052,0.6496467033552621,0,0,1.4531577411739742,4.013786921691047,TRARG1;SLC27A1;IRS1;PDE3B;IRS4;IRS2;FOXO4;PIK3R1;SLC2A4;FOXO1;PDK4;INPP5K;ZNF106;PCK1;PDK2;CAV2;RARRES2;IGF2;INHBB;SORBS1;GCK;KAT2B;CPEB1;TBC1D4;PPARG;GPLD1;RHOQ;VAMP2
GO_Biological_Process_2023,Anterior/Posterior Pattern Specification (GO:0009952),18/59,0.0643020262125713,0.6496467033552621,0,0,1.6170078704074968,4.43733500620912,BHLHE41;LRP5;PCSK5;HOXA9;BMP2;HEY1;HEY2;HOXA3;HOXB4;HOXD4;HOXD3;HOXA7;HOXA6;HOXD9;CER1;HOXA5;HOXA4;WLS
GO_Biological_Process_2023,Glucose Homeostasis (GO:0042593),25/87,0.0645778920066484,0.6496467033552621,0,0,1.4856086992813835,4.0703942512213,CEBPA;IRS1;PYGL;SLC2A4;PIK3R1;ADCY8;FOXO1;LEPR;PDK4;INPP5K;PCK1;PPARGC1A;PDK2;NGFR;CAV3;KCNB1;ADIPOQ;ADRA2A;GCK;MLXIPL;G6PC2;IL6;RFX6;CRY2;PPARG
GO_Biological_Process_2023,cGMP Metabolic Process (GO:0046068),5/11,0.0648980797071565,0.6496467033552621,0,0,3.066807148989308,8.387525092541743,NPPC;NPR1;NPR2;PDE2A;PDE9A
GO_Biological_Process_2023,Central Nervous System Myelination (GO:0022010),5/11,0.0648980797071565,0.6496467033552621,0,0,3.066807148989308,8.387525092541743,PLP1;B4GALT6;CLU;SOX10;GPM6B
GO_Biological_Process_2023,Desensitization Of G Protein-Coupled Receptor Signaling Pathway (GO:0002029),5/11,0.0648980797071565,0.6496467033552621,0,0,3.066807148989308,8.387525092541743,GRK3;ADRB3;DMBT1;ARRB1;ADRB2
GO_Biological_Process_2023,Negative Regulation Of Cellular Response To Vascular Endothelial Growth Factor Stimulus (GO:1902548),5/11,0.0648980797071565,0.6496467033552621,0,0,3.066807148989308,8.387525092541743,SEMA6A;DAB2IP;SPRY2;NRG1;DCN
GO_Biological_Process_2023,Negative Regulation Of Potassium Ion Transmembrane Transport (GO:1901380),5/11,0.0648980797071565,0.6496467033552621,0,0,3.066807148989308,8.387525092541743,CAV3;BIN1;CAV1;KCNE5;CASQ2
GO_Biological_Process_2023,Negative Regulation Of Release Of Sequestered Calcium Ion Into Cytosol (GO:0051280),5/11,0.0648980797071565,0.6496467033552621,0,0,3.066807148989308,8.387525092541743,GSTM2;CASQ2;CLIC2;PKD2;TRDN
GO_Biological_Process_2023,Negative Regulation Of Ryanodine-Sensitive Calcium-Release Channel Activity (GO:0060315),5/11,0.0648980797071565,0.6496467033552621,0,0,3.066807148989308,8.387525092541743,GSTM2;CASQ2;CLIC2;PKD2;TRDN
GO_Biological_Process_2023,Negative Regulation Of Voltage-Gated Potassium Channel Activity (GO:1903817),5/11,0.0648980797071565,0.6496467033552621,0,0,3.066807148989308,8.387525092541743,KCNE1;CAV1;KCNE5;LOC102723475;KCNAB1
GO_Biological_Process_2023,Organic Cyclic Compound Catabolic Process (GO:1901361),5/11,0.0648980797071565,0.6496467033552621,0,0,3.066807148989308,8.387525092541743,ALDH4A1;HSD11B1;STS;HOGA1;CYP3A4
GO_Biological_Process_2023,Phasic Smooth Muscle Contraction (GO:0014821),5/11,0.0648980797071565,0.6496467033552621,0,0,3.066807148989308,8.387525092541743,EDN1;EDNRB;EDN3;PTGER3;DRD2
GO_Biological_Process_2023,Retinoic Acid Receptor Signaling Pathway (GO:0048384),5/11,0.0648980797071565,0.6496467033552621,0,0,3.066807148989308,8.387525092541743,THRB;THRA;RARB;PPARG;RXRG
GO_Biological_Process_2023,"Chemical Synaptic Transmission, Postsynaptic (GO:0099565)",9/25,0.0675517862855196,0.6496467033552621,0,0,2.070717131474104,5.580294365497857,NPAS4;GRIN2A;GRID2;MEF2C;LRRK2;NPFF;DRD2;GRIN2B;INSYN2B
GO_Biological_Process_2023,Metanephros Development (GO:0001656),9/25,0.0675517862855196,0.6496467033552621,0,0,2.070717131474104,5.580294365497857,BMP4;OSR2;FGF8;CITED1;SOX17;PTCH1;PKD2;GDF6;FGF10
GO_Biological_Process_2023,Myotube Differentiation (GO:0014902),9/25,0.0675517862855196,0.6496467033552621,0,0,2.070717131474104,5.580294365497857,ADAMTS5;ERVFRD-1;MEF2C;MYMX;ADGRB3;ERVW-1;NOS1;IGF1;JAM2
GO_Biological_Process_2023,Negative Regulation Of Lipid Biosynthetic Process (GO:0051055),9/25,0.0675517862855196,0.6496467033552621,0,0,2.070717131474104,5.580294365497857,ACADVL;SLC27A1;BMP2;ACADL;GPER1;ASXL3;AKR1C3;NR0B1;BMP5
GO_Biological_Process_2023,Positive Regulation Of Striated Muscle Cell Differentiation (GO:0051155),9/25,0.0675517862855196,0.6496467033552621,0,0,2.070717131474104,5.580294365497857,MESP1;EDN1;MEF2C;MYOCD;MYF6;SMYD1;NRG1;IGF1;PROX1
GO_Biological_Process_2023,Purine Nucleoside Bisphosphate Metabolic Process (GO:0034032),9/25,0.0675517862855196,0.6496467033552621,0,0,2.070717131474104,5.580294365497857,ACOT2;ACSM2A;ACOT1;ACSM5;GLYAT;MLYCD;ACOT6;ACSM2B;ACSF2
GO_Biological_Process_2023,Ribonucleoside Bisphosphate Metabolic Process (GO:0033875),9/25,0.0675517862855196,0.6496467033552621,0,0,2.070717131474104,5.580294365497857,ACOT2;ACSM2A;ACOT1;ACSM5;GLYAT;MLYCD;ACOT6;ACSM2B;ACSF2
GO_Biological_Process_2023,Regulation Of Cell Migration (GO:0030334),106/434,0.0678413150859957,0.6496467033552621,0,0,1.1931742410949289,3.210335406056457,SEMA5A;CSF1;FAM107A;FGF1;FGF2;MYLK;CDH5;FGF7;FGF8;FGF9;TNN;KDR;ENPP2;EPHA4;PDGFRA;WNT5B;LIMCH1;SEMA6D;HGF;ADIPOQ;PRKCA;MITF;KRT5;CLDN5;SFRP1;DAAM2;EPHA2;TWIST2;PDGFA;TWIST1;ADGRG3;PDGFD;FGF20;DRD1;DRD2;PLXNA4;NGFR;FZD4;CAV1;IGF1;ALOX15B;FGF17;IGSF10;BMP2;CXCL12;CNTN1;AMOTL2;AMOTL1;FERMT2;ACVRL1;PTPRT;ROBO4;MCTP1;CITED2;FLT4;LAMC2;LDB2;VSIR;CX3CL1;GPER1;EMILIN2;EDN1;ANXA1;MMP7;MYOC;NOG;ADRA2A;TMEFF2;NAV3;KIT;MMRN2;PECAM1;CLDN19;CDH13;SGK1;HBEGF;KANK1;TNXB;SEMA3C;SEMA3D;SEMA3B;SEMA3G;NEDD9;NEXN;SEMA3E;EGFR;PPM1F;RELN;WNT11;NTF3;MGAT3;FYN;SLIT2;SASH1;CCL24;F10;EGF;NTRK3;PODN;SH3RF2;MYO1C;KIF26A;KRT16;SPRY2;LGR6;RECK
GO_Biological_Process_2023,Endothelial Cell Migration (GO:0043542),13/40,0.0685145045999424,0.6496467033552621,0,0,1.7728864214906908,4.752594022361917,EGR3;S100A2;TNFSF12;FSTL1;DPP4;CDH5;NR4A1;ADGRA2;SOX18;ID1;S100A12;CDH13;CCN3
GO_Biological_Process_2023,Negative Regulation Of Mitotic Cell Cycle Phase Transition (GO:1901991),13/40,0.0685145045999424,0.6496467033552621,0,0,1.7728864214906908,4.752594022361917,KANK2;DCUN1D3;USP44;FHL1;PINX1;FAM107A;JADE1;PKD2;KLF4;ZFP36L2;MYO16;RGCC;CCL2
GO_Biological_Process_2023,Positive Regulation Of Metabolic Process (GO:0009893),30/108,0.0688422721252167,0.6496467033552621,0,0,1.4172614949817022,3.792502901530925,OXTR;THRA;EPAS1;UCP1;ADRB1;OXT;ADRB2;JCHAIN;PRDM16;LEPR;FFAR4;CD36;IGHA1;IGHA2;PPARGC1A;ACSL1;CAV1;ADIPOQ;ELOVL3;EBF2;G0S2;PTH2R;TSHR;CNKSR2;FABP4;ADRB3;FABP5;SCD;LEP;ALPL
GO_Biological_Process_2023,Amylin Receptor Signaling Pathway (GO:0097647),3/5,0.0690430031810291,0.6496467033552621,0,0,5.519073250643576,14.752624826840936,RAMP2;CALCR;RAMP3
GO_Biological_Process_2023,Blood Vessel Endothelial Cell Proliferation Involved In Sprouting Angiogenesis (GO:0002043),3/5,0.0690430031810291,0.6496467033552621,0,0,5.519073250643576,14.752624826840936,BMP4;SEMA5A;BMPER
GO_Biological_Process_2023,Choline Metabolic Process (GO:0019695),3/5,0.0690430031810291,0.6496467033552621,0,0,5.519073250643576,14.752624826840936,DMGDH;BCHE;ENPP6
GO_Biological_Process_2023,Galactolipid Biosynthetic Process (GO:0019375),3/5,0.0690430031810291,0.6496467033552621,0,0,5.519073250643576,14.752624826840936,UGT8;GAL3ST1;B3GALT2
GO_Biological_Process_2023,Galactosylceramide Biosynthetic Process (GO:0006682),3/5,0.0690430031810291,0.6496467033552621,0,0,5.519073250643576,14.752624826840936,UGT8;GAL3ST1;B3GALT2
GO_Biological_Process_2023,Glomerulus Vasculature Development (GO:0072012),3/5,0.0690430031810291,0.6496467033552621,0,0,5.519073250643576,14.752624826840936,PECAM1;TEK;CD34
GO_Biological_Process_2023,Glucocorticoid Biosynthetic Process (GO:0006704),3/5,0.0690430031810291,0.6496467033552621,0,0,5.519073250643576,14.752624826840936,CYP11A1;CYP21A2;CYP17A1
GO_Biological_Process_2023,Hexose Catabolic Process (GO:0019320),3/5,0.0690430031810291,0.6496467033552621,0,0,5.519073250643576,14.752624826840936,TKTL1;LRP5;GCK
GO_Biological_Process_2023,Histamine Metabolic Process (GO:0001692),3/5,0.0690430031810291,0.6496467033552621,0,0,5.519073250643576,14.752624826840936,SLC22A3;SLC29A4;HNMT
GO_Biological_Process_2023,Ketone Body Biosynthetic Process (GO:0046951),3/5,0.0690430031810291,0.6496467033552621,0,0,5.519073250643576,14.752624826840936,ACSS3;HMGCS2;HMGCLL1
GO_Biological_Process_2023,Negative Regulation Of Lamellipodium Organization (GO:1902744),3/5,0.0690430031810291,0.6496467033552621,0,0,5.519073250643576,14.752624826840936,KANK1;NRG1;SLIT2
GO_Biological_Process_2023,Negative Regulation Of Sequestering Of Triglyceride (GO:0010891),3/5,0.0690430031810291,0.6496467033552621,0,0,5.519073250643576,14.752624826840936,PPARG;PPARA;PNPLA2
GO_Biological_Process_2023,Podocyte Cell Migration (GO:0090521),3/5,0.0690430031810291,0.6496467033552621,0,0,5.519073250643576,14.752624826840936,KANK2;KANK1;DAAM2
GO_Biological_Process_2023,Positive Regulation Of I-kappaB Phosphorylation (GO:1903721),3/5,0.0690430031810291,0.6496467033552621,0,0,5.519073250643576,14.752624826840936,CX3CR1;PLCG2;CX3CL1
GO_Biological_Process_2023,Positive Regulation Of Microglial Cell Migration (GO:1904141),3/5,0.0690430031810291,0.6496467033552621,0,0,5.519073250643576,14.752624826840936,P2RY12;CSF1;CX3CL1
GO_Biological_Process_2023,Positive Regulation Of Urine Volume (GO:0035810),3/5,0.0690430031810291,0.6496467033552621,0,0,5.519073250643576,14.752624826840936,NPR1;NPR3;INPP5K
GO_Biological_Process_2023,Positive Regulation Of Vascular Associated Smooth Muscle Cell Differentiation (GO:1905065),3/5,0.0690430031810291,0.6496467033552621,0,0,5.519073250643576,14.752624826840936,EFEMP2;GPER1;KIT
GO_Biological_Process_2023,Positive Regulation Of Vesicle Fusion (GO:0031340),3/5,0.0690430031810291,0.6496467033552621,0,0,5.519073250643576,14.752624826840936,ANXA1;DOC2B;SNCA
GO_Biological_Process_2023,Prepulse Inhibition (GO:0060134),3/5,0.0690430031810291,0.6496467033552621,0,0,5.519073250643576,14.752624826840936,GRID2;DRD1;DRD2
GO_Biological_Process_2023,Protein Import (GO:0017038),3/5,0.0690430031810291,0.6496467033552621,0,0,5.519073250643576,14.752624826840936,PRF1;CLU;GPIHBP1
GO_Biological_Process_2023,Protein Localization To Membrane Raft (GO:1903044),3/5,0.0690430031810291,0.6496467033552621,0,0,5.519073250643576,14.752624826840936,RFTN1;CYP46A1;ZDHHC2
GO_Biological_Process_2023,Regulation Of Basement Membrane Organization (GO:0110011),3/5,0.0690430031810291,0.6496467033552621,0,0,5.519073250643576,14.752624826840936,LAMA2;LAMB2;LAMC1
GO_Biological_Process_2023,Regulation Of Blood Vessel Remodeling (GO:0060312),3/5,0.0690430031810291,0.6496467033552621,0,0,5.519073250643576,14.752624826840936,FLT4;TMBIM1;NRG1
GO_Biological_Process_2023,Regulation Of Enamel Mineralization (GO:0070173),3/5,0.0690430031810291,0.6496467033552621,0,0,5.519073250643576,14.752624826840936,ENAM;CFTR;MMP20
GO_Biological_Process_2023,Regulation Of Hormone Biosynthetic Process (GO:0046885),3/5,0.0690430031810291,0.6496467033552621,0,0,5.519073250643576,14.752624826840936,EGR1;STC2;FFAR3
GO_Biological_Process_2023,Regulation Of Relaxation Of Cardiac Muscle (GO:1901897),3/5,0.0690430031810291,0.6496467033552621,0,0,5.519073250643576,14.752624826840936,CHGA;PLN;HRC
GO_Biological_Process_2023,Regulation Of Renal Sodium Excretion (GO:0035813),3/5,0.0690430031810291,0.6496467033552621,0,0,5.519073250643576,14.752624826840936,NPR1;AGTR1;SPX
GO_Biological_Process_2023,Regulation Of Sarcomere Organization (GO:0060297),3/5,0.0690430031810291,0.6496467033552621,0,0,5.519073250643576,14.752624826840936,EDN1;CAV3;PROX1
GO_Biological_Process_2023,Response To Catecholamine (GO:0071869),3/5,0.0690430031810291,0.6496467033552621,0,0,5.519073250643576,14.752624826840936,GNG2;NR4A3;DRD1
GO_Biological_Process_2023,Retinal Ganglion Cell Axon Guidance (GO:0031290),3/5,0.0690430031810291,0.6496467033552621,0,0,5.519073250643576,14.752624826840936,PTPRM;SLIT2;EPHB1
GO_Biological_Process_2023,Tight Junction Organization (GO:0120193),3/5,0.0690430031810291,0.6496467033552621,0,0,5.519073250643576,14.752624826840936,CLDN11;CLDN5;MPDZ
GO_Biological_Process_2023,Glycerol Transmembrane Transport (GO:0015793),4/8,0.0697836870927017,0.6496467033552621,0,0,3.679775280898877,9.796868139326454,AQP7B;AQP7;AQP2;AQP3
GO_Biological_Process_2023,Negative Regulation Of cAMP-mediated Signaling (GO:0043951),4/8,0.0697836870927017,0.6496467033552621,0,0,3.679775280898877,9.796868139326454,PDE11A;PDE2A;PDE3B;PDE3A
GO_Biological_Process_2023,Negative Regulation Of Cholesterol Storage (GO:0010887),4/8,0.0697836870927017,0.6496467033552621,0,0,3.679775280898877,9.796868139326454,NR1H3;PPARG;PPARA;CES1
GO_Biological_Process_2023,Positive Regulation Of Opsonization (GO:1903028),4/8,0.0697836870927017,0.6496467033552621,0,0,3.679775280898877,9.796868139326454,FCN1;COLEC11;FCN2;PLA2G5
GO_Biological_Process_2023,Presynaptic Membrane Assembly (GO:0097105),4/8,0.0697836870927017,0.6496467033552621,0,0,3.679775280898877,9.796868139326454,NLGN4Y;NLGN1;NLGN4X;LRP4
GO_Biological_Process_2023,Regulation Of DNA-templated Transcription Initiation (GO:2000142),4/8,0.0697836870927017,0.6496467033552621,0,0,3.679775280898877,9.796868139326454,JUN;THRA;TWIST1;MITF
GO_Biological_Process_2023,"Regulation Of Complement Activation, Classical Pathway (GO:0030450)",4/8,0.0697836870927017,0.6496467033552621,0,0,3.679775280898877,9.796868139326454,CR2;CR1;SVEP1;C4BPB
GO_Biological_Process_2023,Regulation Of Dendritic Spine Maintenance (GO:1902950),4/8,0.0697836870927017,0.6496467033552621,0,0,3.679775280898877,9.796868139326454,PRNP;NEDD9;FYN;GRIN2B
GO_Biological_Process_2023,Regulation Of Fibroblast Apoptotic Process (GO:2000269),4/8,0.0697836870927017,0.6496467033552621,0,0,3.679775280898877,9.796868139326454,SFRP1;GAS6;PRDM11;TP63
GO_Biological_Process_2023,Regulation Of Tumor Necrosis Factor Superfamily Cytokine Production (GO:1903555),4/8,0.0697836870927017,0.6496467033552621,0,0,3.679775280898877,9.796868139326454,CX3CR1;ZFP36;SIRPA;LTF
GO_Biological_Process_2023,Regulation Of Urine Volume (GO:0035809),4/8,0.0697836870927017,0.6496467033552621,0,0,3.679775280898877,9.796868139326454,NPR1;NPR3;INPP5K;ADM
GO_Biological_Process_2023,Response To Leptin (GO:0044321),4/8,0.0697836870927017,0.6496467033552621,0,0,3.679775280898877,9.796868139326454,NR4A3;LEP;LEPR;GCK
GO_Biological_Process_2023,Response To Vitamin D (GO:0033280),4/8,0.0697836870927017,0.6496467033552621,0,0,3.679775280898877,9.796868139326454,SFRP1;CYP24A1;FES;AQP3
GO_Biological_Process_2023,Type B Pancreatic Cell Differentiation (GO:0003309),4/8,0.0697836870927017,0.6496467033552621,0,0,3.679775280898877,9.796868139326454,RFX6;DLL1;BMP6;BMP5
GO_Biological_Process_2023,Branching Involved In Ureteric Bud Morphogenesis (GO:0001658),7/18,0.0700241618439455,0.6496467033552621,0,0,2.34227730573479,6.227916092072569,BMP4;CITED1;MYC;TCF21;FGF1;PKD2;FGF2
GO_Biological_Process_2023,Myoblast Fusion (GO:0007520),7/18,0.0700241618439455,0.6496467033552621,0,0,2.34227730573479,6.227916092072569,ADAMTS5;ERVFRD-1;MYMX;ADGRB3;ERVW-1;NOS1;JAM2
GO_Biological_Process_2023,Negative Regulation Of Amyloid Precursor Protein Catabolic Process (GO:1902992),7/18,0.0700241618439455,0.6496467033552621,0,0,2.34227730573479,6.227916092072569,NTRK2;PRNP;RTN1;BIN1;CHRNA7;IGF1;CLU
GO_Biological_Process_2023,Negative Regulation Of Lipid Catabolic Process (GO:0050995),7/18,0.0700241618439455,0.6496467033552621,0,0,2.34227730573479,6.227916092072569,ALK;HCAR2;PDE3B;CIDEA;CIDEC;GPLD1;PLIN5
GO_Biological_Process_2023,Negative Regulation Of Lipid Storage (GO:0010888),7/18,0.0700241618439455,0.6496467033552621,0,0,2.34227730573479,6.227916092072569,IL6;ITGB3;NR1H3;PPARG;PPARA;CES1;PNPLA2
GO_Biological_Process_2023,Negative Regulation Of Monoatomic Ion Transport (GO:0043271),7/18,0.0700241618439455,0.6496467033552621,0,0,2.34227730573479,6.227916092072569,PLN;CAV3;CASQ2;INPP5K;NOS1;VIP;ADRA2A
GO_Biological_Process_2023,Positive Regulation Of Focal Adhesion Assembly (GO:0051894),7/18,0.0700241618439455,0.6496467033552621,0,0,2.34227730573479,6.227916092072569,SFRP1;MYOC;KDR;NRG1;TEK;PPM1F;FERMT2
GO_Biological_Process_2023,Regulation Of Vascular Endothelial Cell Proliferation (GO:1905562),7/18,0.0700241618439455,0.6496467033552621,0,0,2.34227730573479,6.227916092072569,MEF2C;COL4A3;IGF2;CCL2;PPARG;FGF2;FGFR1
GO_Biological_Process_2023,Renal Absorption (GO:0070293),7/18,0.0700241618439455,0.6496467033552621,0,0,2.34227730573479,6.227916092072569,GSN;CLCNKB;CLCNKA;HBB;KLHL3;SLC5A1;SGK1
GO_Biological_Process_2023,Ureteric Bud Morphogenesis (GO:0060675),7/18,0.0700241618439455,0.6496467033552621,0,0,2.34227730573479,6.227916092072569,BMP4;WNT11;CITED1;MYC;TCF21;PKD2;FGF2
GO_Biological_Process_2023,Positive Regulation Of Cell Population Proliferation (GO:0008284),117/483,0.0700411847785061,0.6496467033552621,0,0,1.1804579442567766,3.138450313547519,CSF3;VIPR1;PID1;CSF1;IRS1;IRS2;FGF1;FGF2;AQP1;FGF7;FGF8;CCND2;FGF9;MYC;SOX15;CHP2;KDR;SOX8;IL6R;KRT6A;EPHA4;OSR2;PDGFRA;MEF2C;IL11RA;SERPINF2;LIFR;POU3F3;CLDN5;SFRP1;S100A6;ZFPM2;PTGFR;CHRNA7;PDGFA;DPP4;GRK5;PDGFD;FGF20;WNT1;ELANE;TSLP;FZD9;IGF2;LIF;IGF1;BMP6;BMP5;BMP4;FGF17;MLXIPL;BST1;FGF16;BMP2;IL6;NR4A3;BCL2;MEIS3P1;LACRT;NES;NODAL;FGF10;FGFR1;FLT4;ADRA1D;LAMC2;PRL;LAMC1;GLI1;CX3CL1;CXCL5;HYAL1;GPER1;RBPMS2;SCN5A;EDN1;CR1;EDN3;GLP2R;NRG1;AVPR1A;PROX1;ADRA2A;TGFBR2;TGFBR3;CDH13;GAS6;HBEGF;DDR2;LTF;CCL14;YAP1;CTF1;TNXB;LRP5;PTN;DLL1;EGFR;PTHLH;DLL4;RASSF10;FTMT;NTF3;CXCR2;NTRK2;EGF;NTRK3;IL34;AKR1C3;AKR1C2;VEGFD;S100B;MEIS2;TSHR;MEIS1;FOLR2;VIP
GO_Biological_Process_2023,Maintenance Of Blood-Brain Barrier (GO:0035633),10/29,0.0726200176050207,0.6707476521467916,0,0,1.9375971574505888,5.081376971067664,CDH5;CLDN5;IL6;LAMA2;PECAM1;DMD;ESAM;LAMC1;JAM2;JAM3
GO_Biological_Process_2023,Positive Regulation Of Neural Precursor Cell Proliferation (GO:2000179),10/29,0.0726200176050207,0.6707476521467916,0,0,1.9375971574505888,5.081376971067664,CX3CR1;DLL4;RASSF10;DCT;FZD9;PROX1;DRD2;HAPLN4;NES;CX3CL1
GO_Biological_Process_2023,Purine Ribonucleotide Metabolic Process (GO:0009150),24/84,0.0731192044869927,0.6739484087892962,0,0,1.4735653809971778,3.854352259776842,LRRK2;ACSM2A;ABHD14B;AMPD1;ACSM5;AK4;ATP1A2;GLYAT;GIMAP7;ACSM2B;PTHLH;ACSF2;ACAT1;NT5E;MYH3;ACOT2;ACOT1;ENPP3;MLYCD;ACOT6;PDE9A;RHOQ;SULT1C4;EPHA2
GO_Biological_Process_2023,Regulation Of Cation Channel Activity (GO:2001257),17/56,0.0737371719962347,0.6782283632570336,0,0,1.60531845082209,4.185463702215126,EDN1;KCNE1;AHNAK;STAC;KCNE5;ANK2;KCNAB1;JPH4;JPH2;CACNB4;KCNS1;HRC;DMD;NOS1;VAMP2;PIRT;HCN1
GO_Biological_Process_2023,Wnt Signaling Pathway (GO:0016055),22/76,0.0740041988276783,0.6790004272479517,0,0,1.5007226314231483,3.907331637052432,WNT10B;TCF7L1;WNT5B;FZD5;FZD4;LRRK2;TCF7;DIXDC1;WNT9B;LRP5;FZD9;FZD8;NR4A2;WNT6;SFRP1;WNT11;SFRP5;PLCG2;CPE;WNT1;FERMT2;WLS
GO_Biological_Process_2023,Negative Regulation Of Peptidase Activity (GO:0010466),18/60,0.0741855470937594,0.6790004272479517,0,0,1.5784070321411796,4.105730165214743,SERPINB10;SERPINB4;CSTA;SERPINB2;SERPINB13;LRP1;SERPIND1;SERPINF1;SERPINA10;SERPINF2;SPINK5;NRG1;SERPINA6;SERPINB5;SPOCK3;FETUB;SERPING1;TIMP4
GO_Biological_Process_2023,Second-Messenger-Mediated Signaling (GO:0019932),21/72,0.0742824929469446,0.6790004272479517,0,0,1.5167069883182416,3.943256136848016,P2RY12;EDN1;MCTP1;EDN3;LRRK2;PLA2G4B;NDNF;GPR62;SELE;NCALD;CNKSR2;POMC;RCAN1;EDNRB;RCAN2;AGTR1;PLCG2;NMUR1;CD36;NOS1;LACRT
GO_Biological_Process_2023,Cardiac Muscle Contraction (GO:0060048),11/33,0.0764540154737454,0.6945359636143744,0,0,1.8407971864009376,4.7328107345100126,GSN;KCNE5;TNNC1;MYL2;MYL3;CASQ2;DMD;SCN5A;SCN3B;SCN4B;SCN2B
GO_Biological_Process_2023,Negative Regulation Of Blood Vessel Endothelial Cell Migration (GO:0043537),11/33,0.0764540154737454,0.6945359636143744,0,0,1.8407971864009376,4.7328107345100126,DLL4;ANGPT4;CARD10;MEF2C;RGCC;MMRN2;NRG1;PPARG;MEOX2;KLF4;FGF2
GO_Biological_Process_2023,Regulation Of Potassium Ion Transmembrane Transport (GO:1901379),11/33,0.0764540154737454,0.6945359636143744,0,0,1.8407971864009376,4.7328107345100126,KCNE1;DPP6;CAV3;KCNIP1;KCNIP2;BIN1;AMIGO1;KCNE5;CAV1;FHL1;KCNAB1
GO_Biological_Process_2023,Cellular Response To Organonitrogen Compound (GO:0071417),29/105,0.0772957539811576,0.7003753737765633,0,0,1.4059212075396874,3.599321735251344,GABRB3;KCNE1;GABRB1;SPAAR;SHMT1;DEFB124;AKAP6;PKD2;CLU;RYR3;AQP1;CRHBP;INPP5K;SLIT2;P2RY12;EGR1;MEF2C;DMTN;PDE2A;TSHR;SFRP1;CPEB1;RRAGD;PDE3A;SLC26A3;FOLR1;CFTR;RAPGEF3;HCN1
GO_Biological_Process_2023,Cellular Response To Oxygen-Containing Compound (GO:1901701),99/406,0.0778300377143175,0.7003753737765633,0,0,1.190233627769256,3.038937626714283,CPNE8;PID1;SPAAR;IRS1;CPNE4;CLU;AQP1;CRHBP;ZFP36;CHP2;PDK4;CAPN3;SIRPA;PDK2;PDGFRA;MEF2C;WNT5B;SFRP1;RRAGD;PRKD1;GPLD1;CFTR;EPHA3;KCNE1;SHMT1;RASGRP2;FOXO1;WNT6;PLCG2;INPP5K;NLRP3;DRD1;BRINP3;WNT10B;EGR1;SYT4;JUN;SYT2;FZD4;PDE2A;PPBP;SYT8;CPEB1;IL6;DLG2;NR4A3;FES;PDE3A;SLC26A3;RYR1;CXCL6;KCNC2;CXCL1;CXCL3;PKD2;CXCL2;RYR3;CXCL5;GPER1;FFAR3;CTSG;SCN5A;PF4V1;SLC13A2;TESC;WNT9B;GPBAR1;FOS;SSTR1;TNFRSF1B;RASA4;TLR4;RAPGEF3;CX3CR1;NLGN1;RAMP3;GSTP1;UCP1;DEFB124;AKAP6;ADCY8;ADCY6;EGFR;GNG2;WNT11;CCL2;SLIT2;SLC13A5;P2RY12;DMTN;DAB2IP;AKR1C3;NR1H3;SYT15;TSHR;VIM;FOLR1;PF4;HCN1
GO_Biological_Process_2023,Negative Regulation Of Myeloid Cell Differentiation (GO:0045638),8/22,0.0783658968619756,0.7003753737765633,0,0,2.1033605569688043,5.355926723528499,HOXA9;MEIS1;ZFP36;ZBTB16;HOXB8;MEIS2;HOXA5;PF4
GO_Biological_Process_2023,Placenta Development (GO:0001890),8/22,0.0783658968619756,0.7003753737765633,0,0,2.1033605569688043,5.355926723528499,CITED1;LEP;IGF2;ITGB8;ANG;PPARG;PKD2;NODAL
GO_Biological_Process_2023,Positive Regulation Of Excitatory Postsynaptic Potential (GO:2000463),8/22,0.0783658968619756,0.7003753737765633,0,0,2.1033605569688043,5.355926723528499,STX1B;NLGN1;GRIN2A;CUX2;RELN;NRXN1;GRIN2B;SHANK3
GO_Biological_Process_2023,"Positive Regulation Of Synaptic Transmission, Glutamatergic (GO:0051968)",8/22,0.0783658968619756,0.7003753737765633,0,0,2.1033605569688043,5.355926723528499,NLGN1;GRIN2A;RELN;NRXN1;CCL2;DRD1;GRIN2B;SHANK3
GO_Biological_Process_2023,Regulation Of Dopamine Secretion (GO:0014059),8/22,0.0783658968619756,0.7003753737765633,0,0,2.1033605569688043,5.355926723528499,PRKN;SYT4;SYT2;KCNA2;FGF20;SYT15;SYT8;SNCA
GO_Biological_Process_2023,Regulation Of Release Of Sequestered Calcium Ion Into Cytosol By Sarcoplasmic Reticulum (GO:0010880),8/22,0.0783658968619756,0.7003753737765633,0,0,2.1033605569688043,5.355926723528499,GSTM2;CASQ2;HRC;ANK2;ATP1A2;DMD;CLIC2;TRDN
GO_Biological_Process_2023,Muscle Tissue Development (GO:0060537),12/37,0.0793276448735015,0.7032762090692954,0,0,1.7672420262664166,4.478489251255047,POPDC3;MYH7B;MEF2C;CSRP2;CSRP1;CAV1;PTCH1;MYF6;DMD;PGM5;MYOZ1;MYOZ2
GO_Biological_Process_2023,Negative Regulation Of Endothelial Cell Migration (GO:0010596),12/37,0.0793276448735015,0.7032762090692954,0,0,1.7672420262664166,4.478489251255047,DLL4;ANGPT4;MEF2C;RGCC;DAB2IP;PTPRM;NRG1;PPARG;SLIT2;FGF2;ADAMTS9;DCN
GO_Biological_Process_2023,Negative Regulation Of Smooth Muscle Cell Proliferation (GO:0048662),12/37,0.0793276448735015,0.7032762090692954,0,0,1.7672420262664166,4.478489251255047,BMP4;CNN1;EFEMP2;MEF2C;BMP2;GPER1;OGN;APOD;ANG;PPARG;VIP;PPARGC1A
GO_Biological_Process_2023,Regulation Of Vascular Associated Smooth Muscle Cell Proliferation (GO:1904705),12/37,0.0793276448735015,0.7032762090692954,0,0,1.7672420262664166,4.478489251255047,BMP4;CNN1;EFEMP2;JUN;MEF2C;NR4A3;FGF9;GPER1;ADIPOQ;PPARG;IGF1;FGF2
GO_Biological_Process_2023,Cellular Response To Lipid (GO:0071396),58/228,0.0795131732864059,0.7035083367925496,0,0,1.2580983460240427,3.185294367887732,CXCL6;PID1;IRS1;CXCL1;NR3C1;CXCL3;CXCL2;CXCL5;AQP1;CRHBP;ZFP36;GPER1;PDK4;FFAR3;SIRPA;CTSG;PF4V1;MEF2C;WNT5B;TESC;WNT9B;GPBAR1;SSTR1;TNFRSF1B;SFRP1;MGARP;TLR4;CFTR;EPHA3;GPLD1;CX3CR1;RAMP3;GSTP1;MGST1;UCP1;ATP1A2;ADCY8;TFPI;ADCY6;EGFR;GNAI1;ADCY5;WNT6;WNT11;PLCG2;NLRP3;CCL2;BRINP3;WNT10B;FZD4;AKR1C3;DAB2IP;NR1H3;PPBP;IL6;FES;VIM;PF4
GO_Biological_Process_2023,Cellular Response To Corticosteroid Stimulus (GO:0071384),6/15,0.080485743863114,0.703652592387423,0,0,2.453551912568306,6.182153918545918,ZFP36;ANXA1;GPER1;FAM107A;NR3C1;ZFP36L2
GO_Biological_Process_2023,Membrane Repolarization During Action Potential (GO:0086011),6/15,0.080485743863114,0.703652592387423,0,0,2.453551912568306,6.182153918545918,KCNE1;KCND3;KCNIP2;KCNE5;LOC102723475;KCNJ2
GO_Biological_Process_2023,Positive Regulation Of Glucose Metabolic Process (GO:0010907),6/15,0.080485743863114,0.703652592387423,0,0,2.453551912568306,6.182153918545918,NNMT;IRS1;IRS2;PPARGC1A;FOXO1;GPLD1
GO_Biological_Process_2023,Positive Regulation Of Secretion (GO:0051047),6/15,0.080485743863114,0.703652592387423,0,0,2.453551912568306,6.182153918545918,NPR1;CYP4A11;PRL;LACRT;GPLD1;AQP1
GO_Biological_Process_2023,Positive Regulation Of Sprouting Angiogenesis (GO:1903672),6/15,0.080485743863114,0.703652592387423,0,0,2.453551912568306,6.182153918545918,S100A1;TNN;FGF1;KLF4;DLL1;FGF2
GO_Biological_Process_2023,Regulation Of Hormone Secretion (GO:0046883),6/15,0.080485743863114,0.703652592387423,0,0,2.453551912568306,6.182153918545918,EDN1;NMB;EDN3;LIF;FFAR3;VAMP2
GO_Biological_Process_2023,Lymphocyte Migration (GO:0072676),13/41,0.0814455127554979,0.7106362427184254,0,0,1.709460138735297,4.287020098628616,CCL14;CCL13;CCL24;CCL23;CCL21;NEDD9;CX3CL1;CCL8;S1PR1;SAA1;CCL2;CCL18;CCL16
GO_Biological_Process_2023,Calcium-Mediated Signaling (GO:0019722),24/85,0.0820116420876562,0.714164496680478,0,0,1.4493160402819116,3.624585883619736,P2RY12;PTGFR;PRNP;EDN1;MCTP1;DMTN;LRRK2;PLA2G4B;DEFB1;ANK2;CLU;SELE;NCALD;CNKSR2;POMC;SELP;RCAN1;EDNRB;RCAN2;KDR;AGTR1;PLCG2;NMUR1;LACRT
GO_Biological_Process_2023,Embryonic Organ Development (GO:0048568),22/77,0.0834870607432454,0.7253790989197543,0,0,1.473342736248237,3.658403748599152,PKDCC;FOXE1;RARRES2;IGF2;PDGFA;PKD2;PCSK5;TBX4;TGFBR2;RNF112;FGF8;HEY1;SOX17;SOX18;TAL1;HEY2;KIT;KDR;RARB;HOXD4;TEAD1;NES
GO_Biological_Process_2023,Positive Regulation Of Adenylate Cyclase Activity (GO:0045762),9/26,0.0844495711992647,0.7253790989197543,0,0,1.9487861701981004,4.816621288351482,GLP1R;LHCGR;CALCR;ADRB3;AVPR2;ADRB1;ADRB2;DRD1;CRHR1
GO_Biological_Process_2023,Positive Regulation Of Nuclear Division (GO:0051785),9/26,0.0844495711992647,0.7253790989197543,0,0,1.9487861701981004,4.816621288351482,EDN1;NPM2;RGCC;EDN3;EGF;LRP5;IGF2;IGF1;OOEP
GO_Biological_Process_2023,Protein Localization To Cell Surface (GO:0034394),9/26,0.0844495711992647,0.7253790989197543,0,0,1.9487861701981004,4.816621288351482,FCN1;RIC3;FGF7;WNT11;ANK2;FBLN5;GPIHBP1;JAM3;FGF10
GO_Biological_Process_2023,Regulation Of Myeloid Cell Differentiation (GO:0045637),9/26,0.0844495711992647,0.7253790989197543,0,0,1.9487861701981004,4.816621288351482,CSF3;HOXA9;MEF2C;MEIS1;FES;ZBTB16;HOXB8;MEIS2;HOXA5
GO_Biological_Process_2023,Regulation Of Potassium Ion Transmembrane Transporter Activity (GO:1901016),9/26,0.0844495711992647,0.7253790989197543,0,0,1.9487861701981004,4.816621288351482,KCNE1;CAV3;KCNS1;FHL1;CASQ2;ANK2;KCNAB1;ATP1B2;VAMP2
GO_Biological_Process_2023,Regulation Of Vasoconstriction (GO:0019229),9/26,0.0844495711992647,0.7253790989197543,0,0,1.9487861701981004,4.816621288351482,ACE2;OXTR;CAV1;KCNMB2;AVPR2;AGTR1;ADM;ADRA1D;AVPR1A
GO_Biological_Process_2023,BMP Signaling Pathway (GO:0030509),18/61,0.0850315798088239,0.7289600482639959,0,0,1.5416015817012028,3.799635619638988,ACVRL1;GDF10;NOG;SMAD9;INHBB;GDF6;GDF5;BMP6;RGMA;GDF7;TMEM100;TGFBR3;BMP4;BMP3;BMP2;PPARG;LEFTY2;NODAL
GO_Biological_Process_2023,Positive Regulation Of Protein Modification Process (GO:0031401),57/225,0.08678014206796,0.742508386104736,0,0,1.250990417499069,3.0578927810977183,FLT4;ITGB3;LRRK2;ARRB1;FGF1;FGF2;CDH5;CCND2;FGF8;FGF9;GPER1;KDR;LEPR;RSPO1;PPP1R16B;LIMCH1;HGF;ADIPOQ;AXIN2;SLC51B;MOB3B;MOB3C;CLDN19;PECAM1;GAS6;TRABD2B;NNMT;FAXDC2;CHRNA7;PELI2;ITLN1;EFNA5;EGFR;C3;RELN;FGF20;FAM47E;NIBAN1;EGR1;NTRK2;ANGPT1;ODAM;IL34;RARRES2;NTRK3;IGF2;VEGFB;VEGFD;BMP4;FGF17;MARCO;FGF16;BMP2;SLCO3A1;LEP;TEK;FGF10
GO_Biological_Process_2023,Positive Regulation Of Cold-Induced Thermogenesis (GO:0120162),27/98,0.0880118356000387,0.7515904336057467,0,0,1.400929464762214,3.404656432649517,OXTR;THRA;EPAS1;UCP1;ADRB1;OXT;ADRB2;PRDM16;LEPR;FFAR4;CD36;PPARGC1A;ACSL1;CAV1;ADIPOQ;ELOVL3;EBF2;G0S2;PTH2R;TSHR;CNKSR2;FABP4;ADRB3;FABP5;SCD;LEP;ALPL
GO_Biological_Process_2023,Regulation Of MAPK Cascade (GO:0043408),52/204,0.0898540743084625,0.7556965259346906,0,0,1.2611891945773526,3.0389215301804646,FLT4;ADRA1D;ADRA1B;FGF2;CX3CL1;GPER1;KDR;EPHB1;EPHA7;MYOC;DUSP1;DUSP26;ADRA2B;DUSP6;ADRA2A;TGFBR3;ADRB3;DOK5;GFRAL;KIT;EPHA2;AVPI1;GSTP1;CHRNA7;PELI2;PDGFA;ADRB2;PRDM11;STYXL2;EGFR;ART4;RRAS;PLCG2;IGFBP6;PAK3;NTRK2;CAV3;CAV2;EGF;CAV1;IGF2;LIF;DAB2IP;IGF1;BMP4;BMP2;IL6;LEP;NEK10;TEK;FGF10;FGFR1
GO_Biological_Process_2023,Calcium-Independent Cell-Cell Adhesion Via Plasma Membrane Cell-Adhesion Molecules (GO:0016338),7/19,0.0911530897891825,0.7556965259346906,0,0,2.146950886234091,5.142408710582921,CLDN11;CLDN10;CLDN5;CLDN8;CLDN19;CLDN18;CLDN2
GO_Biological_Process_2023,Cardiac Epithelial To Mesenchymal Transition (GO:0060317),7/19,0.0911530897891825,0.7556965259346906,0,0,2.146950886234091,5.142408710582921,BMP4;TGFBR3;BMP2;FGF8;HEY1;HEY2;SPRY1
GO_Biological_Process_2023,Cellular Response To Catecholamine Stimulus (GO:0071870),7/19,0.0911530897891825,0.7556965259346906,0,0,2.146950886234091,5.142408710582921,PRKN;GNG2;NR4A3;LRRK2;DRD1;ADCY6;SNCA
GO_Biological_Process_2023,Cyclic Nucleotide Biosynthetic Process (GO:0009190),7/19,0.0911530897891825,0.7556965259346906,0,0,2.146950886234091,5.142408710582921,NPPC;NPR1;NPR2;ADCY4;ADCY8;ADCY6;ADCY5
GO_Biological_Process_2023,Dopamine Metabolic Process (GO:0042417),7/19,0.0911530897891825,0.7556965259346906,0,0,2.146950886234091,5.142408710582921,PRKN;MAOB;MAOA;DRD1;SNCAIP;DRD2;SNCA
GO_Biological_Process_2023,Embryonic Digestive Tract Development (GO:0048566),7/19,0.0911530897891825,0.7556965259346906,0,0,2.146950886234091,5.142408710582921,PDGFRA;PKDCC;RARRES2;RBPMS2;TCF21;RARB;PCSK5
GO_Biological_Process_2023,Glycosphingolipid Biosynthetic Process (GO:0006688),7/19,0.0911530897891825,0.7556965259346906,0,0,2.146950886234091,5.142408710582921,FUT6;ST8SIA1;FUT9;ST8SIA2;B4GALT6;ST6GALNAC3;ST6GALNAC6
GO_Biological_Process_2023,Regulation Of Integrin-Mediated Signaling Pathway (GO:2001044),7/19,0.0911530897891825,0.7556965259346906,0,0,2.146950886234091,5.142408710582921,DMTN;LAMA2;LAMA1;LAMB2;LAMC1;PRKD1;LIMS2
GO_Biological_Process_2023,Response To Fatty Acid (GO:0070542),7/19,0.0911530897891825,0.7556965259346906,0,0,2.146950886234091,5.142408710582921,PID1;IRS1;SCD;UCP1;PDK4;FFAR3;FOXO1
GO_Biological_Process_2023,Cellular Response To Amyloid-Beta (GO:1904646),11/34,0.0920631204242344,0.7556965259346906,0,0,1.760650389928131,4.199645650926407,EPHA4;NGFR;PRNP;GRIN2A;LRP1;CACNA2D1;FYN;ADRB2;CD36;IGF1;TLR4
GO_Biological_Process_2023,Positive Regulation Of Carbohydrate Metabolic Process (GO:0045913),11/34,0.0920631204242344,0.7556965259346906,0,0,1.760650389928131,4.199645650926407,MLXIPL;IRS1;EGF;ZBTB20;IRS2;PTH1R;IGF1;SLC4A4;CD244;GPLD1;SNCA
GO_Biological_Process_2023,Regulation Of Phosphatidylinositol 3-Kinase Activity (GO:0043551),11/34,0.0920631204242344,0.7556965259346906,0,0,1.760650389928131,4.199645650926407,P2RY12;PDGFRA;CCL21;PIK3IP1;IRS1;KIT;DAB2IP;PIK3R1;PRKD1;TEK;FGF2
GO_Biological_Process_2023,Semaphorin-Plexin Signaling Pathway (GO:0071526),11/34,0.0920631204242344,0.7556965259346906,0,0,1.760650389928131,4.199645650926407,SEMA5A;SEMA6A;SEMA3C;SEMA3D;SEMA3A;SEMA6D;SEMA3B;SEMA3G;SEMA3E;MET;PLXNA4
GO_Biological_Process_2023,Atrial Cardiac Muscle Tissue Development (GO:0003228),5/12,0.0922583074697164,0.7556965259346906,0,0,2.628524601130548,6.264202432704695,BMP4;NOG;PROX1;TBX18;CACNA1G
GO_Biological_Process_2023,Axonal Fasciculation (GO:0007413),5/12,0.0922583074697164,0.7556965259346906,0,0,2.628524601130548,6.264202432704695,SEMA5A;EPHA4;CRTAC1;CNTN4;EPHA3
GO_Biological_Process_2023,Endothelium Development (GO:0003158),5/12,0.0922583074697164,0.7556965259346906,0,0,2.628524601130548,6.264202432704695,MESP1;KDR;PECAM1;CD34;FSTL1
GO_Biological_Process_2023,Negative Regulation Of Cardiac Muscle Hypertrophy (GO:0010614),5/12,0.0922583074697164,0.7556965259346906,0,0,2.628524601130548,6.264202432704695,MLIP;RGS2;CAV3;PPARG;FOXO1
GO_Biological_Process_2023,Positive Regulation Of Alcohol Biosynthetic Process (GO:1902932),5/12,0.0922583074697164,0.7556965259346906,0,0,2.628524601130548,6.264202432704695,PTH1R;FGF1;BMP6;CD244;SNCA
GO_Biological_Process_2023,Regulation Of Vascular Associated Smooth Muscle Cell Migration (GO:1904752),5/12,0.0922583074697164,0.7556965259346906,0,0,2.628524601130548,6.264202432704695,BMP4;MEF2C;NR4A3;FGF9;ADIPOQ
GO_Biological_Process_2023,Steroid Catabolic Process (GO:0006706),5/12,0.0922583074697164,0.7556965259346906,0,0,2.628524601130548,6.264202432704695,HSD11B1;CYP24A1;STS;CYP3A4;HSD17B11
GO_Biological_Process_2023,Triglyceride Catabolic Process (GO:0019433),5/12,0.0922583074697164,0.7556965259346906,0,0,2.628524601130548,6.264202432704695,LIPE;LIPC;CPS1;GPIHBP1;PNPLA2
GO_Biological_Process_2023,Positive Regulation Of Bone Mineralization (GO:0030501),12/38,0.0943071034264086,0.7592560068996204,0,0,1.6991629383749458,4.012061430302845,BMP4;KL;OSR2;MEF2C;BMP2;PKDCC;FZD9;ANO6;PTN;GPM6B;BMP6;LTF
GO_Biological_Process_2023,Positive Regulation Of Cation Channel Activity (GO:2001259),12/38,0.0943071034264086,0.7592560068996204,0,0,1.6991629383749458,4.012061430302845,JPH2;EDN1;GSTM2;KCNIP2;STAC;LRRC38;STAC2;AKAP6;ANK2;PKD2;PIRT;TRDN
GO_Biological_Process_2023,Gland Development (GO:0048732),21/74,0.0946975558388917,0.7592560068996204,0,0,1.459286521960845,3.4396362338077595,NKX2-8;CEBPA;ANXA1;FOXE1;CITED2;NOTCH4;CAV1;TCF21;ARID5B;NRG1;NR0B1;PRL;PROX1;PKD2;DKK3;TGFBR3;WNT11;HAND2;HOXD3;MET;FGF10
GO_Biological_Process_2023,Inorganic Cation Import Across Plasma Membrane (GO:0098659),28/103,0.0957820560159123,0.7592560068996204,0,0,1.3753044569993722,3.226024046294326,SLC24A4;ATP1A2;SLC5A1;CLU;CACNA1G;TRPM1;SCN11A;SCN9A;SCN7A;SCN5A;SCN3A;KCNJ2;SLC12A4;KCNJ8;KCNJ12;CACNA2D1;TRPV3;KCNJ16;ABCC9;ATP1B2;SLC39A12;KCNJ18;SLC8A3;SCNN1B;FXYD2;SLC9A9;SCN4A;SCN2A
GO_Biological_Process_2023,Positive Regulation Of Calcium Ion Transmembrane Transport (GO:1904427),13/42,0.0958225236796568,0.7592560068996204,0,0,1.650408082376827,3.870631950024704,RAMP3;CAV1;TRPC1;AKAP6;ANK2;CX3CL1;CALCR;GPER1;APLNR;CAPN3;DRD1;LACRT;SNCA
GO_Biological_Process_2023,Diacylglycerol Metabolic Process (GO:0046339),8/23,0.0985329070744285,0.7592560068996204,0,0,1.963011558887848,4.54901370133398,LIPE;DGAT2;GPAM;DGKB;MOGAT2;MOGAT1;DGKI;PNPLA2
GO_Biological_Process_2023,Positive Regulation Of Cell-Substrate Junction Organization (GO:0150117),8/23,0.0985329070744285,0.7592560068996204,0,0,1.963011558887848,4.54901370133398,SFRP1;MYOC;KDR;NRG1;PIK3R1;TEK;PPM1F;FERMT2
GO_Biological_Process_2023,Positive Regulation Of Epithelial Cell Apoptotic Process (GO:1904037),8/23,0.0985329070744285,0.7592560068996204,0,0,1.963011558887848,4.54901370133398,IL6;GSN;RGCC;GPER1;ECSCR;CCL2;ANO6;PLA2R1
GO_Biological_Process_2023,Positive Regulation Of Morphogenesis Of An Epithelium (GO:1905332),8/23,0.0985329070744285,0.7592560068996204,0,0,1.963011558887848,4.54901370133398,BMP4;WNT5B;EGF;NOG;MMRN2;LIF;SOX8;FGF2
GO_Biological_Process_2023,Regulation Of Lipid Catabolic Process (GO:0050994),8/23,0.0985329070744285,0.7592560068996204,0,0,1.963011558887848,4.54901370133398,ALK;HCAR2;HPGD;RARRES2;PDE3B;CIDEA;ADRA2A;CIDEC
GO_Biological_Process_2023,Regulation Of Actin Cytoskeleton Organization (GO:0032956),25/91,0.1003952353435719,0.7592560068996204,0,0,1.395215386041074,3.2070986338587057,CSF3;LRP1;FAM107A;NEDD9;PDGFA;SEMA3E;EFNA5;CLU;EPS8;PAK3;GPM6B;EPHA5;PDGFRA;SIGLEC15;DMTN;ODAM;NRG1;CORO2B;BST1;DAAM2;MYO3A;ESAM;EPHA3;RAPGEF3;RHOQ
GO_Biological_Process_2023,Vascular Transport (GO:0010232),23/83,0.1033589655180479,0.7592560068996204,0,0,1.4118347832902265,3.2042257463845045,SLC22A3;SLC27A1;ABCB1;ATP8A1;LRP1;KCNJ8;SLC16A12;SLC1A3;ABCC9;ATP1A2;SLC2A4;ATP1B2;AVPR1A;SLC5A1;SLC4A4;SLC7A3;SLCO1C1;SLCO3A1;LEPR;SLC16A7;SLC29A4;SLC38A3;ABCG2
GO_Biological_Process_2023,Activation Of Phospholipase C Activity (GO:0007202),9/27,0.1036432838158687,0.7592560068996204,0,0,1.84040309350832,4.171826172146161,P2RY12;GPR55;ANG;NMUR1;HTR2A;AVPR1A;ARHGAP6;SELE;EGFR
GO_Biological_Process_2023,Cell Surface Receptor Signaling Pathway Involved In Cell-Cell Signaling (GO:1905114),9/27,0.1036432838158687,0.7592560068996204,0,0,1.84040309350832,4.171826172146161,BMP4;BMP2;FZD4;LRP5;PLCG2;CPE;NDP;FERMT2;WLS
GO_Biological_Process_2023,Negative Regulation Of Signal Transduction (GO:0009968),66/267,0.1043402134906865,0.7592560068996204,0,0,1.2107136526394158,2.736332031907456,PTPRT;PID1;CITED1;IRS1;HHIP;ARRB1;FGF2;CX3CL1;CRHBP;RGS2;CYP26B1;HEY1;PALM;SOSTDC1;CER1;TNS2;EGFL7;SEMA6A;NOG;ADIPOQ;IRAK3;NRG1;DCN;DKK3;DKK4;SFRP1;SFRP5;MMRN2;TMBIM1;TYRO3;PPARG;RAB7B;TRABD2B;PLIN5;LTF;KANK2;CX3CR1;KANK1;LRP1;TWIST1;APCDD1;DLL4;WIF1;GPC3;INPP5K;APOD;DRD2;SNCA;PTCH1;PTCH2;DAB2IP;KLK14;NR0B1;DLK1;BMP5;DLK2;NR4A2;ENTREP1;BMP2;TCIM;KIF26A;BCL2;SPRY2;SPRY1;LACRT;LGR4
GO_Biological_Process_2023,Positive Regulation Of Cytoskeleton Organization (GO:0051495),22/79,0.1047783447847023,0.7592560068996204,0,0,1.421465040127352,3.2066945862777274,SEMA5A;TENM1;CCL24;CSF3;EDN1;GSN;CCL21;SYNPO2;LMOD1;PROX1;CX3CL1;SYNPO2L;BIN1;CDC42EP5;FES;CFL2;CDC42EP3;CDC42EP2;TEK;SYNPO;NES;CCL27
GO_Biological_Process_2023,Response To Insulin (GO:0032868),22/79,0.1047783447847023,0.7592560068996204,0,0,1.421465040127352,3.2066945862777274,TRARG1;SLC27A1;CITED1;IRS1;PDE3B;IRS2;INHBB;SLC2A4;PIK3R1;SORBS1;FOXO1;GCK;KAT2B;CPEB1;TBC1D4;LEP;INPP5K;PPARG;PCK1;GPLD1;RHOQ;VAMP2
GO_Biological_Process_2023,SNARE Complex Assembly (GO:0035493),4/9,0.10492183990341,0.7592560068996204,0,0,2.9436329588014982,6.63653703782589,STXBP1;STXBP6;VAMP2;SNCA
GO_Biological_Process_2023,Amine Metabolic Process (GO:0009308),4/9,0.10492183990341,0.7592560068996204,0,0,2.9436329588014982,6.63653703782589,AOC3;AOC2;MAOA;INMT
GO_Biological_Process_2023,cAMP Biosynthetic Process (GO:0006171),4/9,0.10492183990341,0.7592560068996204,0,0,2.9436329588014982,6.63653703782589,ADCY4;ADCY8;ADCY6;ADCY5
GO_Biological_Process_2023,Intestinal Cholesterol Absorption (GO:0030299),4/9,0.10492183990341,0.7592560068996204,0,0,2.9436329588014982,6.63653703782589,ABCG8;SOAT2;AKR1C1;CD36
GO_Biological_Process_2023,Lipid Import Into Cell (GO:0140354),4/9,0.10492183990341,0.7592560068996204,0,0,2.9436329588014982,6.63653703782589,SLC27A1;PLPPR4;SPX;CD36
GO_Biological_Process_2023,Negative Regulation Of Delayed Rectifier Potassium Channel Activity (GO:1902260),4/9,0.10492183990341,0.7592560068996204,0,0,2.9436329588014982,6.63653703782589,KCNE1;KCNE5;LOC102723475;KCNAB1
GO_Biological_Process_2023,Negative Regulation Of Humoral Immune Response Mediated By Circulating Immunoglobulin (GO:0002924),4/9,0.10492183990341,0.7592560068996204,0,0,2.9436329588014982,6.63653703782589,CR2;CR1;SVEP1;C4BPB
GO_Biological_Process_2023,Negative Regulation Of Leukocyte Migration (GO:0002686),4/9,0.10492183990341,0.7592560068996204,0,0,2.9436329588014982,6.63653703782589,SLIT2;HOXA7;CD200;BMP5
GO_Biological_Process_2023,Negative Regulation Of Lipid Localization (GO:1905953),4/9,0.10492183990341,0.7592560068996204,0,0,2.9436329588014982,6.63653703782589,IL6;ITGB3;NR1H3;PPARG
GO_Biological_Process_2023,Organic Hydroxy Compound Catabolic Process (GO:1901616),4/9,0.10492183990341,0.7592560068996204,0,0,2.9436329588014982,6.63653703782589,CYP24A1;LDHD;CYP3A4;CYP4F12
GO_Biological_Process_2023,Positive Regulation Of Mesenchymal Cell Proliferation (GO:0002053),4/9,0.10492183990341,0.7592560068996204,0,0,2.9436329588014982,6.63653703782589,MYC;LRP5;PDGFA;TGFBR2
GO_Biological_Process_2023,Positive Regulation Of Smooth Muscle Contraction (GO:0045987),4/9,0.10492183990341,0.7592560068996204,0,0,2.9436329588014982,6.63653703782589,MYOCD;GPER1;PROK2;SPX
GO_Biological_Process_2023,Positive Regulation Of Sodium Ion Transmembrane Transport (GO:1902307),4/9,0.10492183990341,0.7592560068996204,0,0,2.9436329588014982,6.63653703782589,FXYD1;DMD;ATP1B2;NOS1
GO_Biological_Process_2023,Positive Regulation Of Vasculogenesis (GO:2001214),4/9,0.10492183990341,0.7592560068996204,0,0,2.9436329588014982,6.63653703782589,TMEM100;RRAS;KDR;CD34
GO_Biological_Process_2023,Postsynapse Assembly (GO:0099068),4/9,0.10492183990341,0.7592560068996204,0,0,2.9436329588014982,6.63653703782589,NLGN4Y;NLGN1;NLGN4X;NRXN1
GO_Biological_Process_2023,Regulation Of Long-Term Synaptic Depression (GO:1900452),4/9,0.10492183990341,0.7592560068996204,0,0,2.9436329588014982,6.63653703782589,GRID2;KCNB1;SHANK3;CBLN1
GO_Biological_Process_2023,Regulation Of Postsynaptic Neurotransmitter Receptor Activity (GO:0098962),4/9,0.10492183990341,0.7592560068996204,0,0,2.9436329588014982,6.63653703782589,DLGAP1;NPTX1;DLGAP2;BEGAIN
GO_Biological_Process_2023,Smooth Muscle Tissue Development (GO:0048745),4/9,0.10492183990341,0.7592560068996204,0,0,2.9436329588014982,6.63653703782589,EFEMP2;PTCH1;PROX1;MYLK
GO_Biological_Process_2023,Toxin Transport (GO:1901998),4/9,0.10492183990341,0.7592560068996204,0,0,2.9436329588014982,6.63653703782589,SLC22A3;ANTXRL;SLC29A4;ANTXR2
GO_Biological_Process_2023,Generation Of Neurons (GO:0048699),44/172,0.1060808329921628,0.7592560068996204,0,0,1.2668064744801513,2.842148606473116,GPM6A;RTN1;CTF1;SEMA3A;LRP4;NDNF;RNF112;WNT6;FGF8;RELN;WNT11;FUT9;DNER;WNT1;MARK1;IRX1;WNT10B;NTRK2;MEF2C;EMX2;NLGN4X;WNT5B;FZD5;FZD4;IRX6;IRX4;WNT9B;DCDC2;FZD8;ACSL4;SEPTIN4;NR4A2;TUBB2B;LMX1A;TAFA3;NOVA2;IL1RAPL1;TAFA1;DCX;LHX6;MET;ASTN1;FGFR1;ADGRL3
GO_Biological_Process_2023,Regulation Of Fat Cell Differentiation (GO:0045598),21/75,0.106138269507206,0.7592560068996204,0,0,1.4321713017365192,3.2123782831529506,YAP1;WNT10B;LMO3;RARRES2;ZBTB16;ADIPOQ;LRP5;ADIRF;FOXO1;ZFP36L2;MEDAG;ZFP36;SFRP1;BMP2;IL6;GPER1;LEP;PPARG;WNT1;FERMT2;RUNX1T1
GO_Biological_Process_2023,acetyl-CoA Metabolic Process (GO:0006084),6/16,0.106354155271733,0.7592560068996204,0,0,2.208056206088993,4.948211268242086,NUDT7;ACSS2;HMGCS2;MLYCD;ACACB;ACAT1
GO_Biological_Process_2023,Cell Surface Receptor Signaling Pathway Involved In Heart Development (GO:0061311),6/16,0.106354155271733,0.7592560068996204,0,0,2.208056206088993,4.948211268242086,BMP4;DLL4;BMP2;HEY1;NOG;HEY2
GO_Biological_Process_2023,Mesonephric Tubule Development (GO:0072164),6/16,0.106354155271733,0.7592560068996204,0,0,2.208056206088993,4.948211268242086,FOXC1;WNT11;TCF21;SLIT2;PKD2;CER1
GO_Biological_Process_2023,Negative Regulation Of Biosynthetic Process (GO:0009890),6/16,0.106354155271733,0.7592560068996204,0,0,2.208056206088993,4.948211268242086,ABCD2;IL6;GSTP1;ASXL3;GPER1;PPARA
GO_Biological_Process_2023,Positive Regulation Of Cell Migration Involved In Sprouting Angiogenesis (GO:0090050),6/16,0.106354155271733,0.7592560068996204,0,0,2.208056206088993,4.948211268242086,FGFBP1;ANXA1;RHOJ;KDR;PTGS2;FGF2
GO_Biological_Process_2023,Positive Regulation Of Collagen Metabolic Process (GO:0010714),6/16,0.106354155271733,0.7592560068996204,0,0,2.208056206088993,4.948211268242086,BMP4;RGCC;SERPINF2;VIM;LARP6;VSIR
GO_Biological_Process_2023,Positive Regulation Of Muscle Hypertrophy (GO:0014742),6/16,0.106354155271733,0.7592560068996204,0,0,2.208056206088993,4.948211268242086,EDN1;NR4A3;HAND2;PRKCA;IGF1;PDE9A
GO_Biological_Process_2023,Regulation Of Cardiac Muscle Contraction By Regulation Of The Release Of Sequestered Calcium Ion (GO:0010881),6/16,0.106354155271733,0.7592560068996204,0,0,2.208056206088993,4.948211268242086,GSTM2;CASQ2;HRC;ATP1A2;DMD;CLIC2
GO_Biological_Process_2023,Regulation Of Osteoblast Proliferation (GO:0033688),6/16,0.106354155271733,0.7592560068996204,0,0,2.208056206088993,4.948211268242086,BMP2;SFRP1;TNN;NPR3;SOX8;LTF
GO_Biological_Process_2023,Regulation Of Steroid Biosynthetic Process (GO:0050810),6/16,0.106354155271733,0.7592560068996204,0,0,2.208056206088993,4.948211268242086,EGR1;BMP2;NR0B1;CYP7A1;BMP5;CES1
GO_Biological_Process_2023,Response To UV-B (GO:0010224),6/16,0.106354155271733,0.7592560068996204,0,0,2.208056206088993,4.948211268242086,MAPK11;MFAP4;MME;HYAL1;MAP3K20;NLRP1
GO_Biological_Process_2023,Reverse Cholesterol Transport (GO:0043691),6/16,0.106354155271733,0.7592560068996204,0,0,2.208056206088993,4.948211268242086,CETP;LIPC;ABCA5;LCAT;CLU;CES1
GO_Biological_Process_2023,Negative Regulation Of Cell-Matrix Adhesion (GO:0001953),10/31,0.107138028757223,0.7592560068996204,0,0,1.75284084566785,3.915210671858099,ACVRL1;DMTN;MYOC;FAM107A;SEMA3E;APOD;HOXA7;ARHGAP6;PHLDB2;AJAP1
GO_Biological_Process_2023,Positive Regulation Of Glucose Transmembrane Transport (GO:0010828),10/31,0.107138028757223,0.7592560068996204,0,0,1.75284084566785,3.915210671858099,C3;GH1;NR4A3;IRS1;ITLN1;IRS2;PIK3R1;IGF1;SORBS1;RHOQ
GO_Biological_Process_2023,Response To Estradiol (GO:0032355),10/31,0.107138028757223,0.7592560068996204,0,0,1.75284084566785,3.915210671858099,SOCS2;CRHBP;STAT5B;GH1;SFRP1;RAMP3;GPER1;CSN1S1;SSTR1;EGFR
GO_Biological_Process_2023,Positive Regulation Of Cell Migration (GO:0030335),67/272,0.1081987238490018,0.7592560068996204,0,0,1.2050518922865636,2.6797771742732115,SEMA5A;CSF1;FLT4;FAM107A;LAMC2;FGF1;VSIR;MYLK;CDH5;SYDE1;HYAL1;GPER1;KDR;ENPP2;EPHA4;PDGFRA;EDN1;SEMA6A;MMP7;MYOC;WNT5B;HGF;SEMA6D;PRKCA;ADRA2A;DAAM2;KIT;PECAM1;CDH13;EPHA2;DDR2;HBEGF;SEMA3C;SEMA3D;SEMA3A;SEMA3B;TWIST2;SEMA3G;PDGFA;TWIST1;NEDD9;SEMA3E;EGFR;PPM1F;PDGFD;NTF3;PLCG2;DRD1;CCL24;DMTN;F10;FZD4;EGF;CAV1;NTRK3;DAB2IP;IGF1;FERMT1;SH3RF2;BMP2;CXCL12;MYO1C;CNTN1;SPRY2;LGR6;FERMT2;FGF10
GO_Biological_Process_2023,Cellular Response To Transforming Growth Factor Beta Stimulus (GO:0071560),26/96,0.1091487847869567,0.7592560068996204,0,0,1.3680806722689076,3.030357967286698,ACVRL1;NRROS;CITED1;HPGD;WFIKKN2;LTBP2;NR3C1;ZFP36L2;CDH5;CLEC3B;SOX6;SOX5;GDF10;MEF2C;JUN;PDE2A;SMAD9;FOS;GDF5;TGFBR2;TGFBR3;CLDN5;SFRP1;ID1;PDE3A;FERMT2
GO_Biological_Process_2023,Glutamate Receptor Signaling Pathway (GO:0007215),11/35,0.1094524190622351,0.7592560068996204,0,0,1.6871824931613912,3.732495374269236,TRPM1;GRIA2;GRIN2A;GRID2;GRM7;KCNB1;GRIK3;GRIK1;GRIN2B;GRIA3;GRIA4
GO_Biological_Process_2023,Liver Development (GO:0001889),11/35,0.1094524190622351,0.7592560068996204,0,0,1.6871824931613912,3.732495374269236,TGFBR3;CEBPA;NKX2-8;IL6;CITED2;NPHP3;ARID5B;PROX1;PKD2;PCK1;MET
GO_Biological_Process_2023,Skeletal Muscle Organ Development (GO:0060538),11/35,0.1094524190622351,0.7592560068996204,0,0,1.6871824931613912,3.732495374269236,POPDC3;MYH7B;MEF2C;DES;MYMX;CAV1;MYF6;TCF21;DMD;MYOZ1;MYOZ2
GO_Biological_Process_2023,Negative Regulation Of Cell-Substrate Adhesion (GO:0010812),12/39,0.1108860280165176,0.7592560068996204,0,0,1.6361267458828437,3.5982556395208225,KANK1;DMTN;MYOC;FZD4;FBLN1;SEMA3E;EFNA5;HOXA7;WNT1;CORO2B;CX3CL1;AJAP1
GO_Biological_Process_2023,Negative Regulation Of Protein Secretion (GO:0050709),12/39,0.1108860280165176,0.7592560068996204,0,0,1.6361267458828437,3.5982556395208225,PRKN;CHGA;SFRP1;IRS1;KCNB1;NR1H3;CCN3;FAM3D;INHBB;DRD2;FOXO1;CD200
GO_Biological_Process_2023,Negative Regulation Of Transport (GO:0051051),12/39,0.1108860280165176,0.7592560068996204,0,0,1.6361267458828437,3.5982556395208225,PRKN;LGALS3;MCTP1;EGF;ITGB3;NR1H3;NRG1;PRKD1;CRYAB;PPM1F;EPHA3;SNCA
GO_Biological_Process_2023,Retina Homeostasis (GO:0001895),12/39,0.1108860280165176,0.7592560068996204,0,0,1.6361267458828437,3.5982556395208225,ARMS2;PIGR;OPRPN;PIP;ALB;ATP1B2;IGHA1;IGHA2;F3;RPE65;JCHAIN;LTF
GO_Biological_Process_2023,Sensory Perception Of Sound (GO:0007605),25/92,0.1110264176794088,0.7592560068996204,0,0,1.3743035001421966,3.020701376994108,CLIC5;KCNE1;PCDH15;PJVK;LOXHD1;GRM7;CDH23;CCDC50;MYH7B;GRXCR2;EYA1;SPNS2;MYO7B;PAX3;DCDC2;TSPEAR;TMC2;TMIE;COL4A3;KIT;MYO3A;ROR1;SLC26A4;ATP6V1B1;SLC26A5
GO_Biological_Process_2023,Neuron Migration (GO:0001764),16/55,0.1112886028018956,0.7592560068996204,0,0,1.5105332851811726,3.3165698203382887,GPM6A;NTRK2;MEF2C;SEMA3A;DCDC2;NDNF;SEMA3E;SEPTIN4;NR4A2;TUBB2B;RELN;DNER;DCX;ASTN1;MARK1;FGFR1
GO_Biological_Process_2023,Negative Regulation Of BMP Signaling Pathway (GO:0030514),13/43,0.1116510713518886,0.7592560068996204,0,0,1.5952928297755884,3.497482837835085,NOG;CRIM1;CHRDL1;SPART;GREM2;BMPER;CAPN5;RBPMS2;VWC2;SOSTDC1;PPARG;WNT1;CER1
GO_Biological_Process_2023,Positive Regulation Of miRNA Transcription (GO:1902895),13/43,0.1116510713518886,0.7592560068996204,0,0,1.5952928297755884,3.497482837835085,EGR1;NGFR;JUN;PRL;FOS;NR3C1;KLF4;FGF2;EGFR;MYC;ATOH8;PPARG;TEAD1
GO_Biological_Process_2023,Regulation Of Endothelial Cell Apoptotic Process (GO:2000351),13/43,0.1116510713518886,0.7592560068996204,0,0,1.5952928297755884,3.497482837835085,SEMA5A;RAMP2;ANGPT1;ECSCR;NDNF;ANO6;CDH5;RGCC;GPER1;KDR;CCL2;TEK;GAS6
GO_Biological_Process_2023,Positive Regulation Of Actin Filament Bundle Assembly (GO:0032233),15/51,0.1117520488920741,0.7592560068996204,0,0,1.5340686849722287,3.361869659995829,ARHGEF10;ARHGEF15;MYOC;LIMCH1;SYNPO2;SERPINF2;CX3CL1;PPM1F;SFRP1;WNT11;RGCC;SYNPO2L;SYNPO;RAPGEF3;FERMT2
GO_Biological_Process_2023,Receptor Internalization (GO:0031623),15/51,0.1117520488920741,0.7592560068996204,0,0,1.5340686849722287,3.361869659995829,CCL14;RAMP2;RAMP3;LRP1;CAV3;CAV1;ADM;ARRB1;ENTREP1;GRK3;DMBT1;CXCR1;CXCR2;CD36;SNCA
GO_Biological_Process_2023,Positive Regulation Of Smooth Muscle Cell Proliferation (GO:0048661),14/47,0.1119016473414912,0.7592560068996204,0,0,1.561892979537278,3.420756390496144,EDN1;JUN;SERPINF2;IGF1;FGF2;CX3CL1;BMP4;IL6;NR4A3;FGF9;RBPMS2;CDH13;IL6R;ELANE
GO_Biological_Process_2023,Transmembrane Receptor Protein Serine/Threonine Kinase Signaling Pathway (GO:0007178),34/130,0.1119596631356215,0.7592560068996204,0,0,1.3047894075121798,2.8569885763747576,ACVRL1;NRROS;CITED1;MSTN;HPGD;TGFB1I1;WFIKKN2;LTBP2;TMEM100;CDH5;ACVR1C;ATOH8;LEFTY2;GDF10;JUN;SMAD9;INHBB;FOS;GDF6;GDF5;BMP6;BMP5;GDF7;RGMA;TGFBR2;BMP4;TGFBR3;CLDN5;BMP3;BMP2;ID1;PPARG;FERMT2;NODAL
GO_Biological_Process_2023,Cellular Response To Salt (GO:1902075),29/109,0.1134405960424907,0.7592560068996204,0,0,1.335283729691547,2.906212940068417,RYR1;CPNE8;NLGN1;CPNE4;RASGRP2;PKD2;ADCY8;CLU;RYR3;CRHBP;CHP2;PLCG2;CAPN3;FYN;SCN5A;SLC13A5;P2RY12;EGR1;SYT4;SLC13A2;MEF2C;SYT2;DMTN;AKR1C3;SYT15;SYT8;DLG2;RASA4;GPLD1
GO_Biological_Process_2023,Calcium-Mediated Signaling Using Intracellular Calcium Source (GO:0035584),7/20,0.1154360785783889,0.7592560068996204,0,0,1.9816746851181144,4.278511611563621,SELP;PRNP;PTGFR;DMTN;KDR;DEFB1;CLU
GO_Biological_Process_2023,Endothelial Cell Development (GO:0001885),7/20,0.1154360785783889,0.7592560068996204,0,0,1.9816746851181144,4.278511611563621,PPP1R16B;ROBO4;SOX18;PDE2A;PECAM1;MET;RAPGEF3
GO_Biological_Process_2023,Gamma-Aminobutyric Acid Signaling Pathway (GO:0007214),7/20,0.1154360785783889,0.7592560068996204,0,0,1.9816746851181144,4.278511611563621,GABRA2;GABRB3;GABRB1;GABRA4;GABRE;GABRG3;GABRG1
GO_Biological_Process_2023,Peripheral Nervous System Development (GO:0007422),7/20,0.1154360785783889,0.7592560068996204,0,0,1.9816746851181144,4.278511611563621,UGT8;EGR2;NFASC;PMP22;SOX8;GFRA3;SOX10
GO_Biological_Process_2023,Positive Regulation Of Lipid Catabolic Process (GO:0050996),7/20,0.1154360785783889,0.7592560068996204,0,0,1.9816746851181144,4.278511611563621,ABCD2;IRS1;TWIST1;IRS2;PPARA;PLIN5;PNPLA2
GO_Biological_Process_2023,Regulation Of Membrane Depolarization (GO:0003254),7/20,0.1154360785783889,0.7592560068996204,0,0,1.9816746851181144,4.278511611563621,CAV3;LRRK2;FHL1;SCN5A;SCN3B;HCN1;SCN2B
GO_Biological_Process_2023,Response To Ketone (GO:1901654),7/20,0.1154360785783889,0.7592560068996204,0,0,1.9816746851181144,4.278511611563621,YAP1;TGFBR3;CCL21;CAV1;NR1H3;CSN1S1;SLIT2
GO_Biological_Process_2023,Sensory Perception Of Pain (GO:0019233),7/20,0.1154360785783889,0.7592560068996204,0,0,1.9816746851181144,4.278511611563621,MME;MRGPRX2;KCNA2;SCN9A;OPRK1;CCL2;PROK2
GO_Biological_Process_2023,Intracellular Calcium Ion Homeostasis (GO:0006874),36/139,0.1164093878954691,0.7592560068996204,0,0,1.2876808939366184,2.769340735316669,RYR1;CCL14;CCL13;SLC24A4;CHRNA7;HTR2A;PTH1R;CDH5;CCL8;PLN;STC2;GPER1;CDH23;TUNAR;C19ORF12;ELANE;EDN1;CCL23;TRPC6;CAV3;EDN3;TMEM178A;CAV2;CAV1;TRPC1;FZD9;ANK2;TRDN;SLC8A3;CXCL12;BCL2;HRC;CASQ2;RGN;ATP13A4;MICU3
GO_Biological_Process_2023,AV Node Cell Action Potential (GO:0086016),3/6,0.1165283237928041,0.7592560068996204,0,0,3.679148139480459,7.908773782066877,SCN5A;SCN4B;CACNA1G
GO_Biological_Process_2023,Bleb Assembly (GO:0032060),3/6,0.1165283237928041,0.7592560068996204,0,0,3.679148139480459,7.908773782066877,PMP22;EMP1;MYLK
GO_Biological_Process_2023,Calcitonin Family Receptor Signaling Pathway (GO:0097646),3/6,0.1165283237928041,0.7592560068996204,0,0,3.679148139480459,7.908773782066877,RAMP2;CALCR;RAMP3
GO_Biological_Process_2023,Catecholamine Uptake (GO:0090493),3/6,0.1165283237928041,0.7592560068996204,0,0,3.679148139480459,7.908773782066877,SLC22A3;SLC29A4;SLC6A2
GO_Biological_Process_2023,Cellular Response To Monoamine Stimulus (GO:0071868),3/6,0.1165283237928041,0.7592560068996204,0,0,3.679148139480459,7.908773782066877,GNG2;NR4A3;DRD1
GO_Biological_Process_2023,Cellular Response To Prostaglandin E Stimulus (GO:0071380),3/6,0.1165283237928041,0.7592560068996204,0,0,3.679148139480459,7.908773782066877,PTGER4;SFRP1;GNG2
GO_Biological_Process_2023,Cholesterol Catabolic Process (GO:0006707),3/6,0.1165283237928041,0.7592560068996204,0,0,3.679148139480459,7.908773782066877,CYP46A1;CYP7A1;SCARF1
GO_Biological_Process_2023,Citrulline Metabolic Process (GO:0000052),3/6,0.1165283237928041,0.7592560068996204,0,0,3.679148139480459,7.908773782066877,CPS1;ASS1;OTC
GO_Biological_Process_2023,Dorsal Aorta Development (GO:0035907),3/6,0.1165283237928041,0.7592560068996204,0,0,3.679148139480459,7.908773782066877,DLL4;HEY1;HEY2
GO_Biological_Process_2023,Dorsal Aorta Morphogenesis (GO:0035912),3/6,0.1165283237928041,0.7592560068996204,0,0,3.679148139480459,7.908773782066877,DLL4;HEY1;HEY2
GO_Biological_Process_2023,Enteric Nervous System Development (GO:0048484),3/6,0.1165283237928041,0.7592560068996204,0,0,3.679148139480459,7.908773782066877,KIF26A;SOX8;SOX10
GO_Biological_Process_2023,Excitatory Chemical Synaptic Transmission (GO:0098976),3/6,0.1165283237928041,0.7592560068996204,0,0,3.679148139480459,7.908773782066877,GRIN2A;GRIN2B;PDLIM4
GO_Biological_Process_2023,Glandular Epithelial Cell Development (GO:0002068),3/6,0.1165283237928041,0.7592560068996204,0,0,3.679148139480459,7.908773782066877,DLL1;BMP6;BMP5
GO_Biological_Process_2023,Glucan Catabolic Process (GO:0009251),3/6,0.1165283237928041,0.7592560068996204,0,0,3.679148139480459,7.908773782066877,STBD1;PYGM;PYGL
GO_Biological_Process_2023,Glycerol-3-Phosphate Metabolic Process (GO:0006072),3/6,0.1165283237928041,0.7592560068996204,0,0,3.679148139480459,7.908773782066877,GPAM;GPD1;GCK
GO_Biological_Process_2023,Glycogen Catabolic Process (GO:0005980),3/6,0.1165283237928041,0.7592560068996204,0,0,3.679148139480459,7.908773782066877,STBD1;PYGM;PYGL
GO_Biological_Process_2023,Glycosylceramide Biosynthetic Process (GO:0046476),3/6,0.1165283237928041,0.7592560068996204,0,0,3.679148139480459,7.908773782066877,UGT8;GAL3ST1;B3GALT2
GO_Biological_Process_2023,Heart Trabecula Formation (GO:0060347),3/6,0.1165283237928041,0.7592560068996204,0,0,3.679148139480459,7.908773782066877,TGFBR3;HEY1;TEK
GO_Biological_Process_2023,Hemostasis (GO:0007599),3/6,0.1165283237928041,0.7592560068996204,0,0,3.679148139480459,7.908773782066877,P2RY12;VWF;FLI1
GO_Biological_Process_2023,Hyaluronan Biosynthetic Process (GO:0030213),3/6,0.1165283237928041,0.7592560068996204,0,0,3.679148139480459,7.908773782066877,HYAL1;HAS1;HAS3
GO_Biological_Process_2023,Lipid Hydroxylation (GO:0002933),3/6,0.1165283237928041,0.7592560068996204,0,0,3.679148139480459,7.908773782066877,CYP2E1;CYP3A4;CYP3A5
GO_Biological_Process_2023,Long-Chain Fatty Acid Catabolic Process (GO:0042758),3/6,0.1165283237928041,0.7592560068996204,0,0,3.679148139480459,7.908773782066877,GLYATL2;ACADL;CYP4F12
GO_Biological_Process_2023,Monoacylglycerol Biosynthetic Process (GO:0006640),3/6,0.1165283237928041,0.7592560068996204,0,0,3.679148139480459,7.908773782066877,DGAT2;MOGAT2;PLA2G4A
GO_Biological_Process_2023,Monoacylglycerol Catabolic Process (GO:0052651),3/6,0.1165283237928041,0.7592560068996204,0,0,3.679148139480459,7.908773782066877,ABHD6;MGLL;ABHD12B
GO_Biological_Process_2023,Negative Regulation Of Cardiocyte Differentiation (GO:1905208),3/6,0.1165283237928041,0.7592560068996204,0,0,3.679148139480459,7.908773782066877,HEY2;SOX6;EGFR
GO_Biological_Process_2023,Negative Regulation Of Catecholamine Secretion (GO:0033604),3/6,0.1165283237928041,0.7592560068996204,0,0,3.679148139480459,7.908773782066877,CHGA;SYT4;ADRA2B
GO_Biological_Process_2023,Negative Regulation Of Dendritic Cell Apoptotic Process (GO:2000669),3/6,0.1165283237928041,0.7592560068996204,0,0,3.679148139480459,7.908773782066877,CXCL12;CCL21;GAS6
GO_Biological_Process_2023,Negative Regulation Of Steroid Metabolic Process (GO:0045939),3/6,0.1165283237928041,0.7592560068996204,0,0,3.679148139480459,7.908773782066877,BMP2;NR0B1;BMP5
GO_Biological_Process_2023,Negative Regulation Of Stress-Activated Protein Kinase Signaling Cascade (GO:0070303),3/6,0.1165283237928041,0.7592560068996204,0,0,3.679148139480459,7.908773782066877,GSTP1;MYC;FOXO1
GO_Biological_Process_2023,Norepinephrine Transport (GO:0015874),3/6,0.1165283237928041,0.7592560068996204,0,0,3.679148139480459,7.908773782066877,SLC22A3;SLC29A4;SLC6A2
GO_Biological_Process_2023,Nucleobase Catabolic Process (GO:0046113),3/6,0.1165283237928041,0.7592560068996204,0,0,3.679148139480459,7.908773782066877,DPYS;DPYSL2;DPYD
GO_Biological_Process_2023,Positive Regulation Of cAMP-mediated Signaling (GO:0043950),3/6,0.1165283237928041,0.7592560068996204,0,0,3.679148139480459,7.908773782066877,POMC;SCTR;GPR62
GO_Biological_Process_2023,Positive Regulation Of Fibroblast Apoptotic Process (GO:2000271),3/6,0.1165283237928041,0.7592560068996204,0,0,3.679148139480459,7.908773782066877,SFRP1;PRDM11;TP63
GO_Biological_Process_2023,Positive Regulation Of Kidney Development (GO:0090184),3/6,0.1165283237928041,0.7592560068996204,0,0,3.679148139480459,7.908773782066877,MYC;NOG;SOX8
GO_Biological_Process_2023,Positive Regulation Of Leukocyte Tethering Or Rolling (GO:1903238),3/6,0.1165283237928041,0.7592560068996204,0,0,3.679148139480459,7.908773782066877,SELP;CHST4;SELE
GO_Biological_Process_2023,Positive Regulation Of Membrane Depolarization (GO:1904181),3/6,0.1165283237928041,0.7592560068996204,0,0,3.679148139480459,7.908773782066877,MYOC;KDR;DCN
GO_Biological_Process_2023,Positive Regulation Of Neurotransmitter Secretion (GO:0001956),3/6,0.1165283237928041,0.7592560068996204,0,0,3.679148139480459,7.908773782066877,STX1B;NLGN1;GPER1
GO_Biological_Process_2023,Positive Regulation Of Unsaturated Fatty Acid Biosynthetic Process (GO:2001280),3/6,0.1165283237928041,0.7592560068996204,0,0,3.679148139480459,7.908773782066877,ABCD2;ANXA1;PTGS2
GO_Biological_Process_2023,Receptor-Mediated Virion Attachment To Host Cell (GO:0046813),3/6,0.1165283237928041,0.7592560068996204,0,0,3.679148139480459,7.908773782066877,DPP4;CLEC4M;GAS6
GO_Biological_Process_2023,Regulation Of Aldosterone Biosynthetic Process (GO:0032347),3/6,0.1165283237928041,0.7592560068996204,0,0,3.679148139480459,7.908773782066877,BMP6;BMP5;DKK3
GO_Biological_Process_2023,Regulation Of Atrial Cardiac Muscle Cell Membrane Depolarization (GO:0060371),3/6,0.1165283237928041,0.7592560068996204,0,0,3.679148139480459,7.908773782066877,SCN5A;SCN3B;SCN2B
GO_Biological_Process_2023,Regulation Of Atrial Cardiac Muscle Cell Membrane Repolarization (GO:0060372),3/6,0.1165283237928041,0.7592560068996204,0,0,3.679148139480459,7.908773782066877,KCNE5;KCNA5;SCN5A
GO_Biological_Process_2023,Regulation Of Cardiac Muscle Cell Membrane Potential (GO:0086036),3/6,0.1165283237928041,0.7592560068996204,0,0,3.679148139480459,7.908773782066877,PLN;FXYD1;TRDN
GO_Biological_Process_2023,Regulation Of Cardiac Muscle Hypertrophy In Response To Stress (GO:1903242),3/6,0.1165283237928041,0.7592560068996204,0,0,3.679148139480459,7.908773782066877,MLIP;PPARG;FOXO1
GO_Biological_Process_2023,Regulation Of Cellular Response To Insulin Stimulus (GO:1900076),3/6,0.1165283237928041,0.7592560068996204,0,0,3.679148139480459,7.908773782066877,ECHDC3;PPARG;GPLD1
GO_Biological_Process_2023,Regulation Of Digestive System Process (GO:0044058),3/6,0.1165283237928041,0.7592560068996204,0,0,3.679148139480459,7.908773782066877,OPRK1;SGK1;FGF10
GO_Biological_Process_2023,Regulation Of Glucocorticoid Receptor Signaling Pathway (GO:2000322),3/6,0.1165283237928041,0.7592560068996204,0,0,3.679148139480459,7.908773782066877,PER1;LMO3;CRY2
GO_Biological_Process_2023,Regulation Of Inositol Phosphate Biosynthetic Process (GO:0010919),3/6,0.1165283237928041,0.7592560068996204,0,0,3.679148139480459,7.908773782066877,PTH1R;CD244;SNCA
GO_Biological_Process_2023,Regulation Of Norepinephrine Secretion (GO:0014061),3/6,0.1165283237928041,0.7592560068996204,0,0,3.679148139480459,7.908773782066877,KCNB1;FFAR3;ADRA2B
GO_Biological_Process_2023,Regulation Of Smooth Muscle Cell Differentiation (GO:0051150),3/6,0.1165283237928041,0.7592560068996204,0,0,3.679148139480459,7.908773782066877,MYOCD;RBPMS2;FOXO4
GO_Biological_Process_2023,Regulation Of Systemic Arterial Blood Pressure By Renin-Angiotensin (GO:0003081),3/6,0.1165283237928041,0.7592560068996204,0,0,3.679148139480459,7.908773782066877,ACE2;SERPINF2;AGTR1
GO_Biological_Process_2023,Release Of Sequestered Calcium Ion Into Cytosol By Sarcoplasmic Reticulum (GO:0014808),3/6,0.1165283237928041,0.7592560068996204,0,0,3.679148139480459,7.908773782066877,RYR1;RYR3;TRDN
GO_Biological_Process_2023,Smooth Muscle Cell Migration (GO:0014909),3/6,0.1165283237928041,0.7592560068996204,0,0,3.679148139480459,7.908773782066877,ITGB3;CCN3;PLAT
GO_Biological_Process_2023,Spontaneous Synaptic Transmission (GO:0098814),3/6,0.1165283237928041,0.7592560068996204,0,0,3.679148139480459,7.908773782066877,RPH3AL;DOC2B;NSG1
GO_Biological_Process_2023,Sterol Catabolic Process (GO:0016127),3/6,0.1165283237928041,0.7592560068996204,0,0,3.679148139480459,7.908773782066877,CYP46A1;CYP7A1;SCARF1
GO_Biological_Process_2023,"Synaptic Transmission, Dopaminergic (GO:0001963)",3/6,0.1165283237928041,0.7592560068996204,0,0,3.679148139480459,7.908773782066877,CRHBP;SLC6A2;SNCA
GO_Biological_Process_2023,Type B Pancreatic Cell Development (GO:0003323),3/6,0.1165283237928041,0.7592560068996204,0,0,3.679148139480459,7.908773782066877,DLL1;BMP6;BMP5
GO_Biological_Process_2023,Fatty Acid Metabolic Process (GO:0006631),32/122,0.1165969587039507,0.7592560068996204,0,0,1.309791601214787,2.81478418034014,ABCD2;HPGD;ACSM2A;ACSM5;CYP2C19;ABCB11;ACACB;ACSM2B;LIPC;MLYCD;CD36;HAO2;PPARGC1A;ACBD4;ACSL1;ADIPOQ;CYP4A11;ACSL5;CYP4B1;ACSL4;CYP4F12;ACSF2;PCCA;GPAM;ACOT2;CYP1A1;ACOT1;SLC27A6;ECHDC3;CYP2E1;ACOT6;CES1
GO_Biological_Process_2023,Monocarboxylic Acid Metabolic Process (GO:0032787),26/97,0.1200772596333728,0.7802054640703091,0,0,1.348725766362883,2.85878599168274,GLYAT;ABCB11;LDHB;DSEL;ME1;ME3;CD36;ACBD4;AKR1C1;CYP4A11;CYP4B1;ACSL4;HOGA1;IGF1;CYP4F12;ACSF2;CYP2C9;PCCA;GPAM;KRT17;ACOT2;CYP1A1;ACOT1;ECHDC3;ACOT6;AGXT
GO_Biological_Process_2023,Cellular Response To Hypoxia (GO:0071456),20/72,0.120167545994974,0.7802054640703091,0,0,1.4162810873337188,3.000913090464342,ANGPT4;PTGIS;EPAS1;TWIST1;AK4;NDNF;FMN2;PTGS2;AQP3;AQP1;SLC8A3;SFRP1;CPEB1;RGCC;MYC;PPARG;MGARP;SCN2A;NOP53;STOX1
GO_Biological_Process_2023,ERK1 And ERK2 Cascade (GO:0070371),8/24,0.1213293873073083,0.7842887920377252,0,0,1.8402061855670104,3.881447945960574,PTGER4;EGF;MYC;KDR;IGF1;DUSP6;ZFP36L2;FGF10
GO_Biological_Process_2023,Acylglycerol Catabolic Process (GO:0046464),8/24,0.1213293873073083,0.7842887920377252,0,0,1.8402061855670104,3.881447945960574,LIPE;LIPC;CPS1;ABHD6;MGLL;ABHD12B;GPIHBP1;PNPLA2
GO_Biological_Process_2023,Regulation Of Muscle Cell Differentiation (GO:0051147),8/24,0.1213293873073083,0.7842887920377252,0,0,1.8402061855670104,3.881447945960574,MAPK11;MYOCD;LAMA2;LAMA1;LAMB2;TCF23;IGF2;LAMC1
GO_Biological_Process_2023,Regulation Of Peptidyl-Serine Phosphorylation (GO:0033135),25/93,0.1223384721340042,0.7856032157711836,0,0,1.354006669710933,2.844718881485844,TENM1;CSF3;RAMP3;EGFR;PPM1F;NTF4;CALCR;NTF3;INPP5K;DMD;NOS1;STOX1;SNCA;DMTN;CAV1;NTRK3;SH2D3C;LIF;NGF;MLXIPL;IL6;HRC;SPRY2;PRKD1;GAS6
GO_Biological_Process_2023,Response To Lipid (GO:0033993),29/110,0.123912312242077,0.7856032157711836,0,0,1.3187144447642054,2.7537146100129943,CITED1;AQP3;FOXO1;SOCS2;RPS6KA3;HSD17B2;PLCG2;CD36;CSN1S1;NOS1;RXRG;SNCA;STAT5B;ANXA1;GPX3;WNT9B;IRAK3;SELE;ACER2;SELP;GH1;CYP24A1;SLPI;CPS1;SCD;ALDH1A2;ALPL;PPARG;TLR4
GO_Biological_Process_2023,Body Fluid Secretion (GO:0007589),5/13,0.1245292379941453,0.7856032157711836,0,0,2.2998126902364784,4.791003712379568,OXTR;NPR1;CSN3;CSN2;VIP
GO_Biological_Process_2023,Branching Involved In Blood Vessel Morphogenesis (GO:0001569),5/13,0.1245292379941453,0.7856032157711836,0,0,2.2998126902364784,4.791003712379568,DLL4;NOTCH4;KDR;SEMA3E;TGFBR2
GO_Biological_Process_2023,Catecholamine Metabolic Process (GO:0006584),5/13,0.1245292379941453,0.7856032157711836,0,0,2.2998126902364784,4.791003712379568,PRKN;RNF180;DRD1;SNCAIP;DRD2
GO_Biological_Process_2023,Cellular Modified Amino Acid Catabolic Process (GO:0042219),5/13,0.1245292379941453,0.7856032157711836,0,0,2.2998126902364784,4.791003712379568,ALDH4A1;HOGA1;AGXT;CDO1;ABHD12B
GO_Biological_Process_2023,Glomerular Filtration (GO:0003094),5/13,0.1245292379941453,0.7856032157711836,0,0,2.2998126902364784,4.791003712379568,KIRREL1;MCAM;IGHA1;IGHA2;JCHAIN
GO_Biological_Process_2023,Intracellular Potassium Ion Homeostasis (GO:0030007),5/13,0.1245292379941453,0.7856032157711836,0,0,2.2998126902364784,4.791003712379568,FXYD2;KCNMA1;ATP1A2;ATP1B2;KCNJ2
GO_Biological_Process_2023,Membrane Depolarization During Action Potential (GO:0086010),5/13,0.1245292379941453,0.7856032157711836,0,0,2.2998126902364784,4.791003712379568,SCN5A;SCN3B;SCN4B;KCNJ2;SCN2B
GO_Biological_Process_2023,Negative Regulation Of Myoblast Differentiation (GO:0045662),5/13,0.1245292379941453,0.7856032157711836,0,0,2.2998126902364784,4.791003712379568,BMP4;MSTN;SOSTDC1;SOX8;DLL1
GO_Biological_Process_2023,Negative Regulation Of Secretion (GO:0051048),5/13,0.1245292379941453,0.7856032157711836,0,0,2.2998126902364784,4.791003712379568,EGF;PTGER3;NR1H3;NRG1;SPX
GO_Biological_Process_2023,Positive Regulation Of Cardiac Muscle Cell Proliferation (GO:0060045),5/13,0.1245292379941453,0.7856032157711836,0,0,2.2998126902364784,4.791003712379568,TGFBR3;MEF2C;GLI1;ZFPM2;FGF2
GO_Biological_Process_2023,Positive Regulation Of Potassium Ion Transmembrane Transporter Activity (GO:1901018),5/13,0.1245292379941453,0.7856032157711836,0,0,2.2998126902364784,4.791003712379568,KCNIP2;LRRC38;FXYD2;ANK2;ATP1B2
GO_Biological_Process_2023,Regulation Of Cellular Ketone Metabolic Process (GO:0010565),5/13,0.1245292379941453,0.7856032157711836,0,0,2.2998126902364784,4.791003712379568,PDK4;PPARA;CYP7A1;PDK2;CES1
GO_Biological_Process_2023,Sodium-Independent Organic Anion Transport (GO:0043252),5/13,0.1245292379941453,0.7856032157711836,0,0,2.2998126902364784,4.791003712379568,SLCO1C1;SLCO3A1;SLCO4A1;SLCO1A2;SLCO1B7
GO_Biological_Process_2023,Negative Regulation Of Actin Filament Bundle Assembly (GO:0032232),9/28,0.1250915199744376,0.7856032157711836,0,0,1.743428761733253,3.6240821907233776,PRKN;TMEFF2;MYOC;INPP5K;PIK3R1;ARHGAP6;MET;PHLDB2;SHANK3
GO_Biological_Process_2023,Negative Regulation Of Wound Healing (GO:0061045),9/28,0.1250915199744376,0.7856032157711836,0,0,1.743428761733253,3.6240821907233776,THBD;EDN1;MMRN1;CLDN19;TFPI;MYOZ1;FGF2;PHLDB2;AJAP1
GO_Biological_Process_2023,Positive Regulation Of Fibroblast Proliferation (GO:0048146),9/28,0.1250915199744376,0.7856032157711836,0,0,1.743428761733253,3.6240821907233776,PDGFRA;MYC;S100A6;PDGFA;IGF1;WNT1;GAS6;AQP1;DDR2
GO_Biological_Process_2023,Regulation Of Platelet Activation (GO:0010543),9/28,0.1250915199744376,0.7856032157711836,0,0,1.743428761733253,3.6240821907233776,SELP;THBD;PDGFRA;C1QTNF1;PDGFA;PLA2G4A;NRG1;PRKCA;TLR4
GO_Biological_Process_2023,Regulation Of Protein Targeting To Membrane (GO:0090313),9/28,0.1250915199744376,0.7856032157711836,0,0,1.743428761733253,3.6240821907233776,PRNP;KCNE1;DMTN;MYO1C;KCNB1;INPP5K;FYN;PDZK1;SLC51B
GO_Biological_Process_2023,Negative Regulation Of Fat Cell Differentiation (GO:0045599),10/32,0.1273735217217931,0.7970649282809521,0,0,1.6730597110343943,3.4475593632951216,YAP1;WNT10B;BMP2;IL6;GPER1;WNT1;FOXO1;ZFP36L2;FERMT2;RUNX1T1
GO_Biological_Process_2023,Regulation Of Calcium Ion Transmembrane Transporter Activity (GO:1901019),10/32,0.1273735217217931,0.7970649282809521,0,0,1.6730597110343943,3.4475593632951216,JPH4;JPH2;PLN;CACNB4;AHNAK;CAV3;HRC;DMD;ANK2;NOS1
GO_Biological_Process_2023,Adenylate Cyclase-Inhibiting G Protein-Coupled Receptor Signaling Pathway (GO:0007193),15/52,0.1274581742619144,0.7970649282809521,0,0,1.4925122259081425,3.0745259521786013,CHRM2;P2RY12;PDE2A;NPY1R;ADCY4;OPRK1;ADRA2A;ADCY6;GNAI1;ADCY5;AKAP12;MARCO;GRM7;FFAR3;DRD2
GO_Biological_Process_2023,Lymphocyte Chemotaxis (GO:0048247),13/44,0.1289168565411487,0.8001893412577533,0,0,1.5437333999228169,3.162473109049005,CCL14;CCL13;CCL24;CCL23;CCL21;CX3CL1;CH25H;CCL8;SAA1;CCL2;CCL18;GAS6;CCL16
GO_Biological_Process_2023,Neural Crest Cell Development (GO:0014032),13/44,0.1289168565411487,0.8001893412577533,0,0,1.5437333999228169,3.162473109049005,SEMA5A;SEMA6A;SEMA3C;SEMA3D;SEMA3A;SEMA6D;SEMA3B;SEMA3G;SEMA3E;NRG1;SOX10;SOX8;RADIL
GO_Biological_Process_2023,Notch Signaling Pathway (GO:0007219),12/40,0.1290452572990986,0.8001893412577533,0,0,1.5775931385687485,3.2302672544441555,DLL4;JAG2;BMP2;HEY1;NOTCH4;HEY2;CFAP58;DTX1;SORBS2;HOXD3;ZNF423;DLL1
GO_Biological_Process_2023,Cyclic-Nucleotide-Mediated Signaling (GO:0019935),12/40,0.1290452572990986,0.8001893412577533,0,0,1.5775931385687485,3.2302672544441555,GLP1R;EPHA5;PDE2A;IRAG1;PDE3A;AKAP6;DEFB1;CD36;PDE7B;PDE9A;RAPGEF3;AQP1
GO_Biological_Process_2023,Positive Regulation Of Insulin Secretion (GO:0032024),12/40,0.1290452572990986,0.8001893412577533,0,0,1.5775931385687485,3.2302672544441555,RFX6;GPER1;NNAT;TUNAR;IRS2;ACSL4;DOC2B;MYRIP;ADCY8;GCK;CFTR;GPLD1
GO_Biological_Process_2023,Regulation Of Microtubule Cytoskeleton Organization (GO:0070507),12/40,0.1290452572990986,0.8001893412577533,0,0,1.5775931385687485,3.2302672544441555,PHLDB1;FRMPD2;FAM107A;STMN2;MAP6;TPPP;EFNA5;GAS2L2;MPDZ;MID1;PHLDB2;EPHA3
GO_Biological_Process_2023,Organic Substance Transport (GO:0071702),50/201,0.130340340569553,0.8070864005814542,0,0,1.220213562838687,2.486314776056042,RYR1;AQP7;AQP4;AQP5;CSN2;AQP2;PKD2;AQP3;SLC6A2;CLU;RYR3;AQP1;SLC22A12;SLC22A11;CUBN;CACNA2D1;TRPC1;ARRDC3;SPNS2;NRG1;AQP7B;SLC22A25;TXNIP;SLC29A4;RHCG;VAMP2;ABCG2;SLC47A2;CETP;SLC22A3;RAMP2;RAMP3;SLC47A1;CHRNA7;ITPR1;CCL8;CDH23;FYN;PLTP;RILP;ABCA5;ABCA6;CAV1;ABCA9;ABCA8;LRP1B;TCN2;TCN1;SLCO1A2;NMUR1
GO_Biological_Process_2023,Monocarboxylic Acid Transport (GO:0015718),20/73,0.133784696427886,0.8272541102648694,0,0,1.3894701376081713,2.7949518542202387,SLC27A1;SLC10A6;ACSL1;AKR1C1;CRABP1;SLC16A12;SLC16A11;AKR1C4;SLC51B;SLCO1C1;RBP7;FABP4;FABP5;FABP7;SLCO1A2;SLC16A7;PMP2;SLC16A9;SLC16A4;ABCG2
GO_Biological_Process_2023,Cell Migration Involved In Sprouting Angiogenesis (GO:0002042),6/17,0.1359411973397252,0.8272925234684365,0,0,2.0071960826059185,4.005425737794069,NR4A1;EGR3;KDR;SLIT2;FGF2;GPLD1
GO_Biological_Process_2023,Embryonic Axis Specification (GO:0000578),6/17,0.1359411973397252,0.8272925234684365,0,0,2.0071960826059185,4.005425737794069,RIPPLY1;MESP1;RIPPLY2;FZD5;PTCH1;WNT1
GO_Biological_Process_2023,Growth Hormone Receptor Signaling Pathway (GO:0060396),6/17,0.1359411973397252,0.8272925234684365,0,0,2.0071960826059185,4.005425737794069,STAT5A;GHR;SOCS2;STAT5B;GH1;PIK3R1
GO_Biological_Process_2023,Negative Regulation Of Vascular Associated Smooth Muscle Cell Proliferation (GO:1904706),6/17,0.1359411973397252,0.8272925234684365,0,0,2.0071960826059185,4.005425737794069,BMP4;CNN1;MEF2C;EFEMP2;GPER1;PPARG
GO_Biological_Process_2023,Neuron Maturation (GO:0042551),6/17,0.1359411973397252,0.8272925234684365,0,0,2.0071960826059185,4.005425737794069,C3;LGI4;ADGRB3;B4GALT6;SCARF1;CX3CL1
GO_Biological_Process_2023,Positive Chemotaxis (GO:0050918),6/17,0.1359411973397252,0.8272925234684365,0,0,2.0071960826059185,4.005425737794069,SEMA5A;LGALS3;FGF7;MET;CX3CL1;FGF10
GO_Biological_Process_2023,Positive Regulation Of Glial Cell Differentiation (GO:0045687),6/17,0.1359411973397252,0.8272925234684365,0,0,2.0071960826059185,4.005425737794069,EGR2;BMP2;PTPRZ1;IL34;PTN;TNFRSF1B
GO_Biological_Process_2023,Postsynaptic Membrane Organization (GO:0001941),6/17,0.1359411973397252,0.8272925234684365,0,0,2.0071960826059185,4.005425737794069,NLGN4Y;NLGN1;NLGN4X;NRXN1;LRP4;SHANK3
GO_Biological_Process_2023,Regulation Of Delayed Rectifier Potassium Channel Activity (GO:1902259),6/17,0.1359411973397252,0.8272925234684365,0,0,2.0071960826059185,4.005425737794069,KCNE1;KCNS1;KCNE5;LOC102723475;KCNAB1;VAMP2
GO_Biological_Process_2023,Regulation Of Receptor Signaling Pathway Via STAT (GO:1904892),6/17,0.1359411973397252,0.8272925234684365,0,0,2.0071960826059185,4.005425737794069,PTPRT;IL6;TSLP;EGF;PPARG;MST1L
GO_Biological_Process_2023,Transepithelial Transport (GO:0070633),6/17,0.1359411973397252,0.8272925234684365,0,0,2.0071960826059185,4.005425737794069,CLCNKB;CLCNKA;SLC1A3;RHCG;GPLD1;ABCG2
GO_Biological_Process_2023,Phagocytosis (GO:0006909),19/69,0.1360394953653646,0.8272925234684365,0,0,1.3991355414611228,2.7910096090685044,SRPX;ANXA1;GSN;CD93;LRP1;ANXA3;ITGB3;NR1H3;MERTK;GULP1;MARCO;PECAM1;TYRO3;CD36;CD302;GAS6;MET;TLR4;ELANE
GO_Biological_Process_2023,Antimicrobial Humoral Immune Response Mediated By Antimicrobial Peptide (GO:0061844),18/65,0.1382499537783588,0.8384252004552947,0,0,1.4100416737455403,2.7900381413138167,CXCL6;CCL13;TSLP;CXCL1;DEFB1;NRG1;PPBP;CXCL3;CXCL14;CXCL2;CXCL5;RNASE7;MUC7;S100A12;PF4V1;KRT6A;LTF;PF4
GO_Biological_Process_2023,Regulation Of Cell-Matrix Adhesion (GO:0001952),18/65,0.1382499537783588,0.8384252004552947,0,0,1.4100416737455403,2.7900381413138167,CSF1;MYOC;CCL21;LIMCH1;SEMA3E;EFNA5;CX3CL1;AJAP1;BST1;SFRP1;CDH13;FYN;CD36;HOXA7;TLN1;UTRN;EPHA3;GPM6B
GO_Biological_Process_2023,Cellular Response To Organic Substance (GO:0071310),22/82,0.1425922677538196,0.8484929878538594,0,0,1.3501332079611346,2.629743552263459,STAT5B;CSF3;OXTR;EDN1;RAMP2;PID1;RAMP3;MME;TIPARP;AVPR2;UCP1;AKAP6;AVPR1A;GHR;SOCS2;CLEC3B;FFAR4;PLCG2;CYP1A1;CCL2;INPP5K;SLIT2
GO_Biological_Process_2023,Cellular Response To Nerve Growth Factor Stimulus (GO:1990090),7/21,0.1427140823969527,0.8484929878538594,0,0,1.840009369875849,3.582336458550458,NTF4;NTRK2;NTRK3;NTF3;STMN2;NGF;SH3GL2
GO_Biological_Process_2023,Endocardial Cushion Morphogenesis (GO:0003203),7/21,0.1427140823969527,0.8484929878538594,0,0,1.840009369875849,3.582336458550458,ACVRL1;BMP4;ADAMTS5;BMP2;HEY1;NOG;TGFBR2
GO_Biological_Process_2023,Lipid Catabolic Process (GO:0016042),7/21,0.1427140823969527,0.8484929878538594,0,0,1.840009369875849,3.582336458550458,HSD11B1;LIPE;LIPC;STS;PLAAT3;CYP3A4;CES1
GO_Biological_Process_2023,Positive Regulation Of Blood Coagulation (GO:0030194),7/21,0.1427140823969527,0.8484929878538594,0,0,1.840009369875849,3.582336458550458,THBD;DMTN;SERPINF2;CNTN1;EMILIN2;NRG1;PLAT
GO_Biological_Process_2023,Response To Cadmium Ion (GO:0046686),7/21,0.1427140823969527,0.8484929878538594,0,0,1.840009369875849,3.582336458550458,JUN;MT1A;HAAO;MT1X;FOS;EGFR;MT1E
GO_Biological_Process_2023,Skin Epidermis Development (GO:0098773),7/21,0.1427140823969527,0.8484929878538594,0,0,1.840009369875849,3.582336458550458,FLG2;KRT16;DLL1;MET;TP63;HRNR;FGFR1
GO_Biological_Process_2023,Negative Regulation Of Protein Modification Process (GO:0031400),21/78,0.1454148043956792,0.8484929878538594,0,0,1.3565341084791886,2.615621454522647,PPP1R16B;PPP1R15A;PRKN;NIBAN1;PRNP;CRTAP;PID1;LRRK2;NTRK3;DAB2IP;FBLN1;KLHL31;FXYD1;SIRPA;INPP5K;DMD;SLIT2;TPPP;PLPP3;SH3GL2;SNTA1
GO_Biological_Process_2023,Cardiac Muscle Cell Membrane Repolarization (GO:0099622),4/10,0.1463657559576553,0.8484929878538594,0,0,2.4528714107365794,4.713552036625256,KCNE1;KCND3;KCNIP2;KCNJ2
GO_Biological_Process_2023,Fatty Acid Beta-Oxidation Using acyl-CoA Dehydrogenase (GO:0033539),4/10,0.1463657559576553,0.8484929878538594,0,0,2.4528714107365794,4.713552036625256,ACADVL;ACADL;ETFB;ACADS
GO_Biological_Process_2023,Induction Of Positive Chemotaxis (GO:0050930),4/10,0.1463657559576553,0.8484929878538594,0,0,2.4528714107365794,4.713552036625256,CXCL12;NTF3;VEGFB;VEGFD
GO_Biological_Process_2023,Insulin-Like Growth Factor Receptor Signaling Pathway (GO:0048009),4/10,0.1463657559576553,0.8484929878538594,0,0,2.4528714107365794,4.713552036625256,GHR;IRS1;IGF1;PIK3R1
GO_Biological_Process_2023,Mast Cell Activation Involved In Immune Response (GO:0002279),4/10,0.1463657559576553,0.8484929878538594,0,0,2.4528714107365794,4.713552036625256,NR4A3;MRGPRX2;KIT;FCER1A
GO_Biological_Process_2023,Mast Cell Degranulation (GO:0043303),4/10,0.1463657559576553,0.8484929878538594,0,0,2.4528714107365794,4.713552036625256,NR4A3;MRGPRX2;KIT;FCER1A
GO_Biological_Process_2023,Midbrain Dopaminergic Neuron Differentiation (GO:1904948),4/10,0.1463657559576553,0.8484929878538594,0,0,2.4528714107365794,4.713552036625256,NR4A2;LMX1A;WNT9B;WNT1
GO_Biological_Process_2023,Negative Regulation Of Activin Receptor Signaling Pathway (GO:0032926),4/10,0.1463657559576553,0.8484929878538594,0,0,2.4528714107365794,4.713552036625256,FST;IGSF1;DACT2;CER1
GO_Biological_Process_2023,Negative Regulation Of Exocytosis (GO:0045920),4/10,0.1463657559576553,0.8484929878538594,0,0,2.4528714107365794,4.713552036625256,PRKN;IL1RAPL1;STXBP6;SNCA
GO_Biological_Process_2023,Neuron Projection Fasciculation (GO:0106030),4/10,0.1463657559576553,0.8484929878538594,0,0,2.4528714107365794,4.713552036625256,SEMA5A;EPHA4;CRTAC1;CNTN4
GO_Biological_Process_2023,Omega-Hydroxylase P450 Pathway (GO:0097267),4/10,0.1463657559576553,0.8484929878538594,0,0,2.4528714107365794,4.713552036625256,CYP2C9;CYP2U1;CYP4A11;CYP2C19
GO_Biological_Process_2023,Positive Regulation Of Integrin Activation (GO:0033625),4/10,0.1463657559576553,0.8484929878538594,0,0,2.4528714107365794,4.713552036625256,P2RY12;FERMT1;FERMT2;RASIP1
GO_Biological_Process_2023,Positive Regulation Of Nitric-Oxide Synthase Biosynthetic Process (GO:0051770),4/10,0.1463657559576553,0.8484929878538594,0,0,2.4528714107365794,4.713552036625256,FCER2;IL33;KDR;TLR4
GO_Biological_Process_2023,Positive Regulation Of Non-Canonical Wnt Signaling Pathway (GO:2000052),4/10,0.1463657559576553,0.8484929878538594,0,0,2.4528714107365794,4.713552036625256,SFRP1;WNT5B;RSPO3;PLEKHA4
GO_Biological_Process_2023,Positive Regulation Of Transforming Growth Factor Beta Production (GO:0071636),4/10,0.1463657559576553,0.8484929878538594,0,0,2.4528714107365794,4.713552036625256,TNXB;SERPINF2;PTGS2;CD200
GO_Biological_Process_2023,Receptor-Mediated Endocytosis Of Virus By Host Cell (GO:0019065),4/10,0.1463657559576553,0.8484929878538594,0,0,2.4528714107365794,4.713552036625256,DPP4;CLEC4M;CAV2;CAV1
GO_Biological_Process_2023,Regulation Of Axon Regeneration (GO:0048679),4/10,0.1463657559576553,0.8484929878538594,0,0,2.4528714107365794,4.713552036625256,EPHA4;PTPRS;PTN;SCARF1
GO_Biological_Process_2023,Regulation Of Calcium Ion Import Across Plasma Membrane (GO:1905664),4/10,0.1463657559576553,0.8484929878538594,0,0,2.4528714107365794,4.713552036625256,PRNP;CALCR;RAMP3;FYN
GO_Biological_Process_2023,Regulation Of Glycoprotein Biosynthetic Process (GO:0010559),4/10,0.1463657559576553,0.8484929878538594,0,0,2.4528714107365794,4.713552036625256,ACER2;NECAB1;CCL21;IGF1
GO_Biological_Process_2023,Regulation Of Synapse Maturation (GO:0090128),4/10,0.1463657559576553,0.8484929878538594,0,0,2.4528714107365794,4.713552036625256,RELN;ARHGEF15;NRXN1;DAB2IP
GO_Biological_Process_2023,Signal Release (GO:0023061),4/10,0.1463657559576553,0.8484929878538594,0,0,2.4528714107365794,4.713552036625256,LEP;FFAR4;PCSK5;WLS
GO_Biological_Process_2023,Steroid Hormone Mediated Signaling Pathway (GO:0043401),4/10,0.1463657559576553,0.8484929878538594,0,0,2.4528714107365794,4.713552036625256,BMP4;CALCOCO1;GPER1;PLPP1
GO_Biological_Process_2023,Activation Of Protein Kinase B Activity (GO:0032148),8/25,0.1466365005056613,0.8484929878538594,0,0,1.7318485032250952,3.3248002284484204,NTRK3;NTF3;NRG1;ANG;IGF1;FGF1;GAS6;ADRA2B
GO_Biological_Process_2023,Lamellipodium Assembly (GO:0030032),8/25,0.1466365005056613,0.8484929878538594,0,0,1.7318485032250952,3.3248002284484204,P2RY12;DMTN;ABLIM3;KIT;S1PR1;ARHGEF4;CDH13;ARHGEF6
GO_Biological_Process_2023,Regulation Of Chondrocyte Differentiation (GO:0032330),8/25,0.1466365005056613,0.8484929878538594,0,0,1.7318485032250952,3.3248002284484204,PKDCC;EFEMP1;ZBTB16;SOX6;GDF6;GDF5;PTHLH;SOX5
GO_Biological_Process_2023,Regulation Of Glycogen Biosynthetic Process (GO:0005979),8/25,0.1466365005056613,0.8484929878538594,0,0,1.7318485032250952,3.3248002284484204,PPP1R3G;IRS1;IGF2;INPP5K;IRS2;IGF1;SORBS1;GCK
GO_Biological_Process_2023,Regulation Of Myelination (GO:0031641),8/25,0.1466365005056613,0.8484929878538594,0,0,1.7318485032250952,3.3248002284484204,EGR2;PTPRZ1;LGI4;PTN;TPPP;TNFRSF1B;NCMAP;JAM2
GO_Biological_Process_2023,Positive Regulation Of Transmembrane Receptor Protein Serine/Threonine Kinase Signaling Pathway (GO:0090100),25/95,0.1469927070111226,0.8494408395996155,0,0,1.3151527371710858,2.5216374358902933,ACVRL1;CDKN1C;TNXB;CITED1;MSTN;CITED2;TGFB1I1;CDH5;ZNF423;LEFTY2;GDF10;RBPMS;INHBB;GDF6;GDF5;BMP6;TGFBR2;BMP5;GDF7;BMP4;BMP3;ZEB2;BMP2;PPARG;NODAL
GO_Biological_Process_2023,Negative Regulation Of Neuron Apoptotic Process (GO:0043524),20/74,0.1482614174516834,0.8539592172919376,0,0,1.363652186020607,2.602909604902542,CX3CR1;PRKN;CNTFR;NTRK2;MEF2C;CITED1;FZD9;NDNF;SEMA3E;NGF;CLU;CX3CL1;NTF4;PTPRZ1;NTF3;TYRO3;FGF20;BCL2;CCL2;PPARGC1A
GO_Biological_Process_2023,Regulation Of Striated Muscle Contraction (GO:0006942),9/29,0.1487037018051088,0.8539592172919376,0,0,1.6561518631356926,3.156293444646923,SLC8A3;CAV3;MYL2;MYL3;TNNT3;ATP1A2;DMD;NOS1;TNNI3K
GO_Biological_Process_2023,Response To Alcohol (GO:0097305),9/29,0.1487037018051088,0.8539592172919376,0,0,1.6561518631356926,3.156293444646923,TGFBR3;GRIN2A;CCL21;CSN1S1;SLIT2;ADH7;GRIN2B;ADH6;TGFBR2
GO_Biological_Process_2023,Acylglycerol Metabolic Process (GO:0006639),12/41,0.1487417073833522,0.8539592172919376,0,0,1.5230963317590736,2.902327053244944,LIPF;CETP;DGAT2;CAV3;DGKB;CAV1;ABHD6;PLAAT3;GCK;DGKI;MGLL;PNPLA2
GO_Biological_Process_2023,Positive Regulation Of Ossification (GO:0045778),12/41,0.1487417073833522,0.8539592172919376,0,0,1.5230963317590736,2.902327053244944,BMP4;KL;OSR2;MEF2C;BMP2;PKDCC;ZBTB16;FZD9;ANO6;PTN;GPM6B;BMP6
GO_Biological_Process_2023,Muscle Cell Differentiation (GO:0042692),11/37,0.1494413990073246,0.8550484891496525,0,0,1.5572008296510056,2.960006665295178,POPDC3;FBXO40;MEF2C;MYOCD;WNT5B;HEY2;MYF6;DMD;SGCZ;TBX18;SYNE1
GO_Biological_Process_2023,Ventricular Septum Development (GO:0003281),11/37,0.1494413990073246,0.8550484891496525,0,0,1.5572008296510056,2.960006665295178,TGFBR3;HEY1;CITED2;HEY2;NOG;PDE2A;APLNR;SLIT2;PROX1;ZFPM2;TGFBR2
GO_Biological_Process_2023,Epithelial Tube Morphogenesis (GO:0060562),10/33,0.1495124424968361,0.8550484891496525,0,0,1.600216066369066,3.041011666806824,ACVRL1;BMP4;MESP1;MEF2C;SOX17;SLIT2;PKD2;MET;RASIP1;FGF10
GO_Biological_Process_2023,Regulation Of Actin Filament-Based Process (GO:0032970),19/70,0.151123150740797,0.863141928228485,0,0,1.3716139967849954,2.591884388735071,EPHA5;SIGLEC15;DMTN;LRP1;ODAM;FAM107A;NEDD9;PDGFA;NRG1;EFNA5;CORO2B;BST1;DAAM2;ESAM;PAK3;EPHA3;RAPGEF3;RHOQ;GPM6B
GO_Biological_Process_2023,Cellular Response To BMP Stimulus (GO:0071773),18/66,0.153988240516138,0.8783696148304256,0,0,1.3805777360263034,2.582893949103241,ACVRL1;GDF10;SMAD9;INHBB;GDF6;GDF5;BMP6;RGMA;GDF7;TMEM100;TGFBR3;BMP4;BMP3;SFRP1;BMP2;PPARG;LEFTY2;NODAL
GO_Biological_Process_2023,Positive Regulation Of Peptidyl-Tyrosine Phosphorylation (GO:0050731),33/130,0.1561848160188386,0.8897496293202226,0,0,1.2529818670411663,2.3264305466331217,CSF3;CTF1;ITGB3;NEDD9;EFNA5;GHR;FGF7;RELN;NTF3;ENPP2;PLCG2;IL6R;EPHA4;PRNP;ANGPT4;TSLP;ANGPT1;HGF;IL34;IGF2;LIF;IGF1;BMP6;GH1;IL6;GPRC5B;BANK1;KIT;PECAM1;CSPG4;GAS6;LACRT;FGF10
GO_Biological_Process_2023,Phospholipase C-activating G Protein-Coupled Receptor Signaling Pathway (GO:0007200),22/83,0.1567419851536349,0.8906253081767033,0,0,1.3279150963028048,2.460831480679468,CHRM2;CX3CR1;P2RY12;GPR17;LHCGR;PTGER3;GPR55;OPRK1;ADRA1D;HTR2A;PTH1R;TACR1;NMBR;ADRA1B;ADRA2A;LPAR6;CXCR2;AGTR1;NMUR1;DRD1;DRD2;VIP
GO_Biological_Process_2023,Regulation Of Epithelial To Mesenchymal Transition (GO:0010717),22/83,0.1567419851536349,0.8906253081767033,0,0,1.3279150963028048,2.460831480679468,EPHA4;PHLDB1;FOXC1;TNXB;TGFB1I1;DAB2IP;TWIST1;AXIN2;IL17RD;TGFBR2;BMP5;SFRP1;BMP2;IL6;RGCC;SPRY2;ALX1;SPRY1;PHLDB2;EPHA3;FERMT2;MARK1
GO_Biological_Process_2023,Memory (GO:0007613),16/58,0.1596616068565508,0.900268263558881,0,0,1.40236977420076,2.572925946357247,PRNP;CHRNA7;SLC2A4;VLDLR;PTN;NGF;ADCY8;KLK8;NPAS4;NTF4;SLC8A3;CUX2;NTF3;SGK1;SCN2A;SHANK3
GO_Biological_Process_2023,Calcium Ion-Regulated Exocytosis Of Neurotransmitter (GO:0048791),5/14,0.1611820154296139,0.900268263558881,0,0,2.044147870652202,3.731021665483533,SYT4;UNC13C;SYT2;RIMS3;SYT8
GO_Biological_Process_2023,Glucosamine-Containing Compound Metabolic Process (GO:1901071),5/14,0.1611820154296139,0.900268263558881,0,0,2.044147870652202,3.731021665483533,CHST7;MGAT3;CHST4;CHST2;CHST3
GO_Biological_Process_2023,Neuron Cell-Cell Adhesion (GO:0007158),5/14,0.1611820154296139,0.900268263558881,0,0,2.044147870652202,3.731021665483533,NLGN4Y;NLGN1;NLGN4X;NRXN1;CNTN4
GO_Biological_Process_2023,Pathway-Restricted SMAD Protein Phosphorylation (GO:0060389),5/14,0.1611820154296139,0.900268263558881,0,0,2.044147870652202,3.731021665483533,TGFBR3;BMP2;GDF6;GDF7;TGFBR2
GO_Biological_Process_2023,Positive Regulation Of Acute Inflammatory Response (GO:0002675),5/14,0.1611820154296139,0.900268263558881,0,0,2.044147870652202,3.731021665483533,IL6;PTGER3;FFAR3;C2CD4B;PTGS2
GO_Biological_Process_2023,Positive Regulation Of Long-Term Synaptic Potentiation (GO:1900273),5/14,0.1611820154296139,0.900268263558881,0,0,2.044147870652202,3.731021665483533,RELN;CHRNA7;ADCY8;ZDHHC2;SHANK3
GO_Biological_Process_2023,Prostanoid Biosynthetic Process (GO:0046457),5/14,0.1611820154296139,0.900268263558881,0,0,2.044147870652202,3.731021665483533,EDN1;PTGIS;PLA2G4A;PTGS2;PTGDS
GO_Biological_Process_2023,Regulation Of Cholesterol Storage (GO:0010885),5/14,0.1611820154296139,0.900268263558881,0,0,2.044147870652202,3.731021665483533,NR1H3;PPARG;APOB;PPARA;CES1
GO_Biological_Process_2023,Regulation Of Macrophage Differentiation (GO:0045649),5/14,0.1611820154296139,0.900268263558881,0,0,2.044147870652202,3.731021665483533,CSF1;IL34;LIF;PRKCA;PF4
GO_Biological_Process_2023,Striated Muscle Cell Development (GO:0055002),5/14,0.1611820154296139,0.900268263558881,0,0,2.044147870652202,3.731021665483533,TMOD2;LMOD1;PGM5;MYOZ1;MYL9
GO_Biological_Process_2023,Positive Regulation Of Leukocyte Chemotaxis (GO:0002690),15/54,0.1624222351797986,0.900268263558881,0,0,1.4157926091744444,2.5732822729770306,CSF1;MSTN;EDN3;IL34;RARRES2;VEGFB;DEFB124;NEDD9;ANO6;VEGFD;PTN;IL6;CXCL12;GAS6;IL6R
GO_Biological_Process_2023,Cell Chemotaxis (GO:0060326),14/50,0.1650865881968964,0.900268263558881,0,0,1.4314614943427708,2.578470355141954,SEMA5A;PDGFRA;EGR3;CCL21;HGF;CX3CL1;NR4A1;CXCL12;KIT;AGTR1;CCN3;EPHB1;EPHA2;HBEGF
GO_Biological_Process_2023,Kidney Development (GO:0001822),19/71,0.1670909919372269,0.900268263558881,0,0,1.3451509730579498,2.4067666563756736,KANK2;OSR2;FOXC1;CITED1;MME;ZBTB16;CYP4A11;TCF21;LRP4;PROX1;GDF6;PCSK5;PYGO1;BMP4;FGF8;SOX17;AGTR1;NPHP3;FGF10
GO_Biological_Process_2023,Positive Regulation Of Cell-Substrate Adhesion (GO:0010811),19/71,0.1670909919372269,0.900268263558881,0,0,1.3451509730579498,2.4067666563756736,VIT;ECM2;DMTN;CSF1;MYOC;CCL21;NEDD9;NDNF;OLFM4;FBLN2;CX3CL1;PPM1F;SFRP1;CCDC80;CDH13;CD36;UTRN;FERMT2;LIMS2
GO_Biological_Process_2023,Positive Regulation Of Cell Projection Organization (GO:0031346),30/118,0.1674962230728217,0.900268263558881,0,0,1.2554061576671092,2.243152788648022,CHODL;NLGN1;TENM3;AMIGO1;STMN2;NEDD9;NDNF;PTN;CX3CL1;CUX2;RELN;TNN;FUT9;MAP6;ALKAL2;SLIT2;SCARF1;PLXNA4;NTRK2;FZD4;NTRK3;DAB2IP;ATP1B2;FES;IL1RAPL1;ROR1;PRKD1;CAMK1;EPHA3;DDR2
GO_Biological_Process_2023,Response To Hydrogen Peroxide (GO:0042542),13/46,0.1676050857436987,0.900268263558881,0,0,1.4499889820086864,2.5898902032222053,EDN1;ANXA1;HP;HBB;HBA1;CLU;SLC6A2;AQP1;IL6;CAT;SIRPA;FYN;MAP3K5
GO_Biological_Process_2023,Negative Regulation Of Neuron Death (GO:1901215),23/88,0.1677624109575068,0.900268263558881,0,0,1.3028161117039556,2.3257958183084235,PRKN;CHGA;CNTFR;NTRK2;MEF2C;CITED1;CSF1;FZD9;NDNF;SEMA3E;NGF;TNFRSF1B;CLU;NTF4;PTPRZ1;NTF3;TYRO3;FGF20;BCL2;CCL2;PPARGC1A;CD200;SNCA
GO_Biological_Process_2023,Positive Regulation Of Cell Adhesion (GO:0045785),23/88,0.1677624109575068,0.900268263558881,0,0,1.3028161117039556,2.3257958183084235,VIT;P2RY12;EPHA4;ECM2;LAMA2;CCL21;CITED2;LAMA1;LAMB2;LIF;PRKCA;NDNF;LAMC1;DUSP26;FBLN2;PPM1F;EPB41L4B;CCDC80;CXCL12;HYAL1;SAA1;PLPP3;NODAL
GO_Biological_Process_2023,Cardiac Atrium Morphogenesis (GO:0003209),6/18,0.168899722750871,0.900268263558881,0,0,1.8398126463700235,3.272014978788552,DLL4;MESP1;BMP2;NOG;HEY2;PROX1
GO_Biological_Process_2023,Positive Regulation Of Cyclin-Dependent Protein Kinase Activity (GO:1904031),6/18,0.168899722750871,0.900268263558881,0,0,1.8398126463700235,3.272014978788552,CCND2;RGCC;PROX1;PKD2;EGFR;STOX1
GO_Biological_Process_2023,Positive Regulation Of Macrophage Migration (GO:1905523),6/18,0.168899722750871,0.900268263558881,0,0,1.8398126463700235,3.272014978788552,P2RY12;CSF1;MSTN;IL34;RARRES2;CX3CL1
GO_Biological_Process_2023,Regulation Of Collagen Biosynthetic Process (GO:0032965),6/18,0.168899722750871,0.900268263558881,0,0,1.8398126463700235,3.272014978788552,BMP4;IL6;RGCC;SERPINF2;VIM;LARP6
GO_Biological_Process_2023,Regulation Of Nervous System Process (GO:0031644),6/18,0.168899722750871,0.900268263558881,0,0,1.8398126463700235,3.272014978788552,SLC8A3;CHRNA7;DLGAP1;NPTX1;DLGAP2;BEGAIN
GO_Biological_Process_2023,Response To Ethanol (GO:0045471),6/18,0.168899722750871,0.900268263558881,0,0,1.8398126463700235,3.272014978788552,CRHBP;GRIN2A;ADH7;DRD2;GRIN2B;ADH6
GO_Biological_Process_2023,Determination Of Heart Left/Right Asymmetry (GO:0061371),12/42,0.1699093839385135,0.900268263558881,0,0,1.4722326454033772,2.609517670656498,MESP1;MEF2C;SOX17;SOX18;MMP23A;APLNR;NPHP3;PKD2;DLL1;FOLR1;CER1;TGFBR2
GO_Biological_Process_2023,Skeletal Muscle Tissue Development (GO:0007519),12/42,0.1699093839385135,0.900268263558881,0,0,1.4722326454033772,2.609517670656498,RYR1;POPDC3;MYH7B;EGR2;MEF2C;CAV2;CAV1;MYF6;TCF21;DMD;MYOZ1;MYOZ2
GO_Biological_Process_2023,Regulation Of Cytoskeleton Organization (GO:0051493),29/114,0.1715043797189065,0.900268263558881,0,0,1.2563359603318605,2.215104319853065,PHLDB1;LRP1;FRMPD2;FAM107A;PDGFA;NEDD9;NEXN;EFNA5;SYDE1;CAPN6;MAP6;TPPP;PAK3;MPDZ;GPM6B;EPHA5;SIGLEC15;DMTN;ODAM;NRG1;MID1;CORO2B;BST1;DAAM2;ESAM;PHLDB2;EPHA3;RAPGEF3;RHOQ
GO_Biological_Process_2023,Response To Peptide (GO:1901652),11/38,0.1719035227624555,0.900268263558881,0,0,1.4994312014241675,2.6402312575934266,STAT5A;PRNP;STAT5B;RAMP3;CALCR;ANXA1;IRS1;CHRNA7;FYN;NLRP1;GNAI1
GO_Biological_Process_2023,Response To Transforming Growth Factor Beta (GO:0071559),11/38,0.1719035227624555,0.900268263558881,0,0,1.4994312014241675,2.6402312575934266,CLEC3B;MEF2C;SFRP1;FNDC4;CITED1;PDE2A;PDE3A;NR3C1;SOX6;ZFP36L2;SOX5
GO_Biological_Process_2023,Aldehyde Catabolic Process (GO:0046185),3/7,0.172533907076068,0.900268263558881,0,0,2.7591855838989,4.8483346768073945,ALDH2;HOGA1;AGXT
GO_Biological_Process_2023,Catecholamine Transport (GO:0051937),3/7,0.172533907076068,0.900268263558881,0,0,2.7591855838989,4.8483346768073945,SLC22A3;SLC29A4;SLC6A2
GO_Biological_Process_2023,Cellular Response To Leptin Stimulus (GO:0044320),3/7,0.172533907076068,0.900268263558881,0,0,2.7591855838989,4.8483346768073945,NR4A3;LEP;LEPR
GO_Biological_Process_2023,Galactosylceramide Metabolic Process (GO:0006681),3/7,0.172533907076068,0.900268263558881,0,0,2.7591855838989,4.8483346768073945,UGT8;GAL3ST1;B3GALT2
GO_Biological_Process_2023,Glucocorticoid Metabolic Process (GO:0008211),3/7,0.172533907076068,0.900268263558881,0,0,2.7591855838989,4.8483346768073945,CYP11A1;CYP21A2;CYP17A1
GO_Biological_Process_2023,Lens Fiber Cell Development (GO:0070307),3/7,0.172533907076068,0.900268263558881,0,0,2.7591855838989,4.8483346768073945,WNT5B;PROX1;EPHA2
GO_Biological_Process_2023,Monosaccharide Biosynthetic Process (GO:0046364),3/7,0.172533907076068,0.900268263558881,0,0,2.7591855838989,4.8483346768073945,DSEL;UST;RGN
GO_Biological_Process_2023,Negative Regulation Of Appetite (GO:0032099),3/7,0.172533907076068,0.900268263558881,0,0,2.7591855838989,4.8483346768073945,LEP;SPX;PPARA
GO_Biological_Process_2023,Negative Regulation Of Glial Cell Apoptotic Process (GO:0034351),3/7,0.172533907076068,0.900268263558881,0,0,2.7591855838989,4.8483346768073945,PRKCA;GAS6;DLL1
GO_Biological_Process_2023,Negative Regulation Of Leukocyte Proliferation (GO:0070664),3/7,0.172533907076068,0.900268263558881,0,0,2.7591855838989,4.8483346768073945,IL33;GSTP1;ENPP3
GO_Biological_Process_2023,Negative Regulation Of Muscle Hypertrophy (GO:0014741),3/7,0.172533907076068,0.900268263558881,0,0,2.7591855838989,4.8483346768073945,MLIP;RGS2;CAV3
GO_Biological_Process_2023,Negative Regulation Of Nitric Oxide Biosynthetic Process (GO:0045019),3/7,0.172533907076068,0.900268263558881,0,0,2.7591855838989,4.8483346768073945,PTGIS;CAV1;SIRPA
GO_Biological_Process_2023,Negative Regulation Of Nitric Oxide Metabolic Process (GO:1904406),3/7,0.172533907076068,0.900268263558881,0,0,2.7591855838989,4.8483346768073945,PTGIS;CAV1;SIRPA
GO_Biological_Process_2023,Negative Regulation Of Vascular Associated Smooth Muscle Cell Differentiation (GO:1905064),3/7,0.172533907076068,0.900268263558881,0,0,2.7591855838989,4.8483346768073945,FGF9;HEY2;NFATC2
GO_Biological_Process_2023,Neuroepithelial Cell Differentiation (GO:0060563),3/7,0.172533907076068,0.900268263558881,0,0,2.7591855838989,4.8483346768073945,FGF8;TUBB2A;WNT11
GO_Biological_Process_2023,Osteoblast Development (GO:0002076),3/7,0.172533907076068,0.900268263558881,0,0,2.7591855838989,4.8483346768073945,TNN;LRP5;PTHLH
GO_Biological_Process_2023,Positive Regulation Of Cell Migration By Vascular Endothelial Growth Factor Signaling Pathway (GO:0038089),3/7,0.172533907076068,0.900268263558881,0,0,2.7591855838989,4.8483346768073945,MYO1C;KDR;PRKD1
GO_Biological_Process_2023,Positive Regulation Of Glial Cell Migration (GO:1903977),3/7,0.172533907076068,0.900268263558881,0,0,2.7591855838989,4.8483346768073945,P2RY12;CSF1;CX3CL1
GO_Biological_Process_2023,Positive Regulation Of Gluconeogenesis (GO:0045722),3/7,0.172533907076068,0.900268263558881,0,0,2.7591855838989,4.8483346768073945,NNMT;PPARGC1A;FOXO1
GO_Biological_Process_2023,Positive Regulation Of Insulin-Like Growth Factor Receptor Signaling Pathway (GO:0043568),3/7,0.172533907076068,0.900268263558881,0,0,2.7591855838989,4.8483346768073945,GH1;IGF1;WNT1
GO_Biological_Process_2023,Positive Regulation Of Myeloid Cell Apoptotic Process (GO:0033034),3/7,0.172533907076068,0.900268263558881,0,0,2.7591855838989,4.8483346768073945,HCAR2;MEF2C;ANXA1
GO_Biological_Process_2023,Positive Regulation Of Ryanodine-Sensitive Calcium-Release Channel Activity (GO:0060316),3/7,0.172533907076068,0.900268263558881,0,0,2.7591855838989,4.8483346768073945,GSTM2;JPH2;TRDN
GO_Biological_Process_2023,Positive Regulation Of Tooth Mineralization (GO:0070172),3/7,0.172533907076068,0.900268263558881,0,0,2.7591855838989,4.8483346768073945,WNT6;ENAM;CFTR
GO_Biological_Process_2023,Postsynaptic Density Organization (GO:0097106),3/7,0.172533907076068,0.900268263558881,0,0,2.7591855838989,4.8483346768073945,NLGN1;NRXN1;SHANK3
GO_Biological_Process_2023,Proximal/Distal Pattern Formation (GO:0009954),3/7,0.172533907076068,0.900268263558881,0,0,2.7591855838989,4.8483346768073945,HOXA9;DLL1;HOXD9
GO_Biological_Process_2023,Pyrimidine Nucleobase Catabolic Process (GO:0006208),3/7,0.172533907076068,0.900268263558881,0,0,2.7591855838989,4.8483346768073945,DPYS;DPYSL2;DPYD
GO_Biological_Process_2023,Regulation Of Dopamine Receptor Signaling Pathway (GO:0060159),3/7,0.172533907076068,0.900268263558881,0,0,2.7591855838989,4.8483346768073945,LRRK2;PALM;DRD2
GO_Biological_Process_2023,Regulation Of Extracellular Matrix Constituent Secretion (GO:0003330),3/7,0.172533907076068,0.900268263558881,0,0,2.7591855838989,4.8483346768073945,BMP2;RGCC;TNFRSF1B
GO_Biological_Process_2023,Regulation Of Lipase Activity (GO:0060191),3/7,0.172533907076068,0.900268263558881,0,0,2.7591855838989,4.8483346768073945,PCSK5;PLIN5;SNCA
GO_Biological_Process_2023,"Regulation Of Wound Healing, Spreading Of Epidermal Cells (GO:1903689)",3/7,0.172533907076068,0.900268263558881,0,0,2.7591855838989,4.8483346768073945,FERMT1;PHLDB2;FERMT2
GO_Biological_Process_2023,Release Of Sequestered Calcium Ion Into Cytosol By Endoplasmic Reticulum (GO:1903514),3/7,0.172533907076068,0.900268263558881,0,0,2.7591855838989,4.8483346768073945,RYR1;RYR3;TRDN
GO_Biological_Process_2023,Response To Hydroperoxide (GO:0033194),3/7,0.172533907076068,0.900268263558881,0,0,2.7591855838989,4.8483346768073945,RNF112;GPX3;PRKD1
GO_Biological_Process_2023,Sinoatrial Node Development (GO:0003163),3/7,0.172533907076068,0.900268263558881,0,0,2.7591855838989,4.8483346768073945,MESP1;TBX18;CACNA1G
GO_Biological_Process_2023,Very-Low-Density Lipoprotein Particle Remodeling (GO:0034372),3/7,0.172533907076068,0.900268263558881,0,0,2.7591855838989,4.8483346768073945,CETP;LIPC;LCAT
GO_Biological_Process_2023,Mammary Gland Development (GO:0030879),7/22,0.1727432415349675,0.900268263558881,0,0,1.7172327633325526,3.01537305034803,OXTR;CAV1;NOTCH4;CSN3;NRG1;CSN2;PRL
GO_Biological_Process_2023,Negative Regulation Of G Protein-Coupled Receptor Signaling Pathway (GO:0045744),7/22,0.1727432415349675,0.900268263558881,0,0,1.7172327633325526,3.01537305034803,GRK3;RGS2;KLK14;GPRASP1;MET;MRAP2;SNCA
GO_Biological_Process_2023,Positive Regulation Of Receptor Internalization (GO:0002092),7/22,0.1727432415349675,0.900268263558881,0,0,1.7172327633325526,3.01537305034803,CCL14;GH1;ANGPT1;EGF;NTF3;ARRB1;SELE
GO_Biological_Process_2023,Regulation Of Mononuclear Cell Migration (GO:0071675),7/22,0.1727432415349675,0.900268263558881,0,0,1.7172327633325526,3.01537305034803,LGALS3;CSF1;MSTN;IL34;RARRES2;SLIT2;BMP5
GO_Biological_Process_2023,Cellular Response To Hydrogen Peroxide (GO:0070301),10/34,0.1734496636785332,0.900268263558881,0,0,1.5334427254258478,2.6863890021776013,EDN1;IL6;ANXA1;CAT;SIRPA;FYN;CLU;SLC6A2;AQP1;MAP3K5
GO_Biological_Process_2023,Glial Cell Differentiation (GO:0010001),10/34,0.1734496636785332,0.900268263558881,0,0,1.5334427254258478,2.6863890021776013,SLC8A3;EGR2;RELN;PTPRZ1;NFIB;SOX8;TPPP;HAPLN4;SOX10;FGF10
GO_Biological_Process_2023,Acute Inflammatory Response (GO:0002526),8/26,0.174275140563316,0.900268263558881,0,0,1.635530563365615,2.857468094162741,IL6;HP;CNTN1;C2CD4B;ANO6;HPR;IL6R;ELANE
GO_Biological_Process_2023,cAMP-mediated Signaling (GO:0019933),8/26,0.174275140563316,0.900268263558881,0,0,1.635530563365615,2.857468094162741,GLP1R;EPHA5;PDE2A;PDE3A;AKAP6;DEFB1;PDE7B;RAPGEF3
GO_Biological_Process_2023,Negative Regulation Of Protein Polymerization (GO:0032272),8/26,0.174275140563316,0.900268263558881,0,0,1.635530563365615,2.857468094162741,KANK1;CDH5;MAP2;STMN2;SLIT2;KANK4;SNCA;KANK3
GO_Biological_Process_2023,Positive Regulation Of Phosphatidylinositol 3-Kinase Activity (GO:0043552),8/26,0.174275140563316,0.900268263558881,0,0,1.635530563365615,2.857468094162741,P2RY12;PDGFRA;CCL21;IRS1;KIT;PRKD1;TEK;FGF2
GO_Biological_Process_2023,Regulation Of Reactive Oxygen Species Biosynthetic Process (GO:1903426),8/26,0.174275140563316,0.900268263558881,0,0,1.635530563365615,2.857468094162741,ABCD2;CCN6;UCP1;PLCG2;CD36;PPARA;TLR4;SNCA
GO_Biological_Process_2023,Response To Glucocorticoid (GO:0051384),8/26,0.174275140563316,0.900268263558881,0,0,1.635530563365615,2.857468094162741,ZFP36;IL6;CALCR;ANXA1;FAM107A;SLIT2;NR3C1;ZFP36L2
GO_Biological_Process_2023,Negative Regulation Of Blood Coagulation (GO:0030195),9/30,0.1743441371104967,0.900268263558881,0,0,1.5771870501188523,2.75491068356887,THBD;PDGFRA;EDN1;C1QTNF1;SERPINB2;SERPINF2;PDGFA;PLAT;TFPI
GO_Biological_Process_2023,Regulation Of Dendritic Spine Morphogenesis (GO:0061001),9/30,0.1743441371104967,0.900268263558881,0,0,1.5771870501188523,2.75491068356887,EPHA4;NLGN1;CUX2;RELN;LRRK2;SHANK3;LZTS3;PPFIA2;ZDHHC15
GO_Biological_Process_2023,Regulation Of miRNA Transcription (GO:1902893),16/59,0.1779254456891727,0.917687900371142,0,0,1.3696691778578447,2.364584077139021,EGR1;NGFR;JUN;PRL;FOS;NR3C1;KLF4;FGF2;EGFR;BMP4;NFIB;MYC;ATOH8;PPARG;PPARA;TEAD1
GO_Biological_Process_2023,Epithelial Cell Differentiation (GO:0030855),33/132,0.1800852198228246,0.9277435770335716,0,0,1.22751198051693,2.1043545946642306,YAP1;MESP1;TAGLN;CITED1;KRT23;TCF21;GLI1;FSTL1;KRT40;LGALS3;DMBT1;KDR;PCK1;ANXA1;KRT4;AKR1C1;SPINK5;AKR1C2;PLAAT3;PROX1;KRT9;BMP4;MAF;DHRS9;KRT17;KRT16;KRT15;GSTA1;KRT14;ALDOC;PPARG;RHCG;CES1
GO_Biological_Process_2023,Response To Peptide Hormone (GO:0043434),15/55,0.1815973492202498,0.9344432363722646,0,0,1.380309786435109,2.3547579897453783,STAT5A;STAT5B;SLC27A1;SLC24A4;ANXA1;CITED1;IRS1;CAV1;GNAI1;TGFBR3;POMC;CYP11A1;GPER1;LEP;PCK1
GO_Biological_Process_2023,Epithelium Development (GO:0060429),38/154,0.1823744888912679,0.9373422779653752,0,0,1.2064571772631854,2.0530198234207293,KANK2;TAGLN;KRT23;TCF21;PKD2;MEOX1;DLL1;KRT40;LGALS3;FGF8;DMBT1;SOX17;SOX18;KDR;SOX8;CD34;KRT6A;KRT4;PTCH1;AKR1C1;SPINK5;AKR1C2;PROX1;SOX10;KRT9;BMP2;DHRS9;KRT17;KRT16;ALDH1A2;KRT15;GSTA1;KRT14;ALDOC;PPARG;RHCG;CES1;FGF10
GO_Biological_Process_2023,Sensory Perception Of Mechanical Stimulus (GO:0050954),23/89,0.1827976673450029,0.9373422779653752,0,0,1.2829945350519063,2.180289326488912,CLIC5;MYH7B;KCNE1;GRXCR2;EYA1;SPNS2;MYO7B;PCDH15;PAX3;DCDC2;PJVK;TSPEAR;LOXHD1;TMIE;GRM7;COL4A3;MYO3A;CDH23;ROR1;SLC26A4;CCDC50;ATP6V1B1;SLC26A5
GO_Biological_Process_2023,Sodium Ion Transport (GO:0006814),23/89,0.1827976673450029,0.9373422779653752,0,0,1.2829945350519063,2.180289326488912,SLC24A4;SLC6A15;SLC6A14;ATP1A2;SLC5A1;PKD2;SLC4A4;SLC6A2;SLC5A4;SLC8A3;SCN11A;SCNN1B;SCN9A;SCN7A;SCN4A;SCN5A;SGK1;SCN3B;SCN2A;SCN4B;SCN3A;HCN1;SCN2B
GO_Biological_Process_2023,Negative Regulation Of Cell Adhesion (GO:0007162),19/72,0.1839126059900364,0.9419653775475764,0,0,1.3196865539998492,2.2346181177598465,ACVRL1;SEMA5A;EPHA4;SEMA6A;DMTN;ANGPT1;DUSP1;FZD4;PDE3B;ARHGDIG;NRG1;FBLN1;CORO2B;CX3CL1;DACT2;CDH13;WNT1;PLXNA4;JAM3
GO_Biological_Process_2023,Calcium Ion Homeostasis (GO:0055074),26/102,0.1843271431215001,0.9429945966181033,0,0,1.25959133126935,2.130023290415136,CCL14;CCL13;SLC24A4;CHRNA7;HTR2A;PTH1R;CDH5;JPH2;CCL8;PLN;STC2;ELANE;SNCA;EDN1;CCL23;EDN3;CAV1;ANK2;TRDN;SLC8A3;CXCL12;CASQ2;RGN;ATP13A4;ALPL;ATP6V1B1
GO_Biological_Process_2023,Positive Regulation Of Protein Localization To Cell Periphery (GO:1904377),14/51,0.1852672266097331,0.946706950789319,0,0,1.3926845663119714,2.348004939653521,RAMP3;LRP1;STAC;PIK3R1;SORBS1;EGFR;GNAI1;LGALS3;GPER1;EPB41L2;STAC2;EPHA3;SPTBN1;EPHA2
GO_Biological_Process_2023,Response To Interleukin-1 (GO:0070555),22/85,0.1872580931451929,0.9516605188445212,0,0,1.2855948836202715,2.1537152449953703,CCL14;CCL13;CCL24;CCL23;ANXA1;PTGIS;CITED1;CCL21;DAB2IP;IRAK3;PRKCA;SELE;CX3CL1;MAPK11;SFRP1;CCL8;HYAL1;SIRPA;CCL2;CCL18;CCL16;SNCA
GO_Biological_Process_2023,Intermediate Filament Organization (GO:0045109),18/68,0.1882251745232052,0.9516605188445212,0,0,1.325185533114138,2.2132139541318967,KRT4;KRT79;KRT23;KRT77;KRT5;KRT74;KRT40;KRT9;GFAP;DES;KRT17;KRT16;KRT15;KRT14;PKP1;VIM;KRT6B;KRT6A
GO_Biological_Process_2023,Neuron Projection Morphogenesis (GO:0048812),36/146,0.1913079454619981,0.9516605188445212,0,0,1.205197255574614,1.9932406328246768,GPM6A;NLGN1;NRN1;NYAP1;SDC2;LRRK2;PLPPR4;LRP4;KLK8;NTF4;SLITRK2;TNN;MAP2;NTF3;SLITRK3;TUNAR;MAP6;SLITRK5;APBB1;DRD2;PAK3;EPHB1;EPHA4;SPAG6;DAB2IP;DCDC2;SLC39A12;NGF;S100B;DCLK1;MYO16;S100A6;CNTN4;SGK1;DSCAML1;SHANK3
GO_Biological_Process_2023,Learning (GO:0007612),12/43,0.1924609908132445,0.9516605188445212,0,0,1.424650487199661,2.347627103265613,NLGN4Y;NPAS4;SLC8A3;NTRK2;CLDN5;NLGN4X;NRXN1;GPR88;FYN;PTN;DRD2;SHANK3
GO_Biological_Process_2023,Positive Regulation Of Biomineral Tissue Development (GO:0070169),12/43,0.1924609908132445,0.9516605188445212,0,0,1.424650487199661,2.347627103265613,BMP4;WNT6;KL;OSR2;MEF2C;BMP2;PKDCC;FZD9;ANO6;PTN;GPM6B;BMP6
GO_Biological_Process_2023,Positive Regulation Of Stress Fiber Assembly (GO:0051496),12/43,0.1924609908132445,0.9516605188445212,0,0,1.424650487199661,2.347627103265613,ARHGEF10;SFRP1;WNT11;RGCC;ARHGEF15;MYOC;SYNPO2L;LIMCH1;SERPINF2;PPM1F;FERMT2;RAPGEF3
GO_Biological_Process_2023,Cell Differentiation In Hindbrain (GO:0021533),4/11,0.192918723525673,0.9516605188445212,0,0,2.102327447833066,3.459351014369469,GRID2;NOG;PROX1;CBLN1
GO_Biological_Process_2023,Cellular Response To Fluid Shear Stress (GO:0071498),4/11,0.192918723525673,0.9516605188445212,0,0,2.102327447833066,3.459351014369469,MEF2C;KLF4;PKD2;KLF2
GO_Biological_Process_2023,Cellular Response To Growth Hormone Stimulus (GO:0071378),4/11,0.192918723525673,0.9516605188445212,0,0,2.102327447833066,3.459351014369469,GHR;SOCS2;GH1;PIK3R1
GO_Biological_Process_2023,Central Nervous System Projection Neuron Axonogenesis (GO:0021952),4/11,0.192918723525673,0.9516605188445212,0,0,2.102327447833066,3.459351014369469,EPHA4;NFIB;MYCBP2;EPHB1
GO_Biological_Process_2023,Intestinal Lipid Absorption (GO:0098856),4/11,0.192918723525673,0.9516605188445212,0,0,2.102327447833066,3.459351014369469,ABCG8;SOAT2;AKR1C1;CD36
GO_Biological_Process_2023,Macrophage Chemotaxis (GO:0048246),4/11,0.192918723525673,0.9516605188445212,0,0,2.102327447833066,3.459351014369469,LGALS3;EDNRB;SAA1;CCL2
GO_Biological_Process_2023,Mast Cell Mediated Immunity (GO:0002448),4/11,0.192918723525673,0.9516605188445212,0,0,2.102327447833066,3.459351014369469,NR4A3;MRGPRX2;KIT;FCER1A
GO_Biological_Process_2023,Melanocyte Differentiation (GO:0030318),4/11,0.192918723525673,0.9516605188445212,0,0,2.102327447833066,3.459351014369469,OCA2;MEF2C;KIT;MITF
GO_Biological_Process_2023,Negative Regulation Of calcineurin-NFAT Signaling Cascade (GO:0070885),4/11,0.192918723525673,0.9516605188445212,0,0,2.102327447833066,3.459351014369469,PRNP;RCAN1;MYOZ1;MYOZ2
GO_Biological_Process_2023,Negative Regulation Of Calcineurin-Mediated Signaling (GO:0106057),4/11,0.192918723525673,0.9516605188445212,0,0,2.102327447833066,3.459351014369469,PRNP;RCAN1;MYOZ1;MYOZ2
GO_Biological_Process_2023,Negative Regulation Of Fibrinolysis (GO:0051918),4/11,0.192918723525673,0.9516605188445212,0,0,2.102327447833066,3.459351014369469,THBD;SERPINF2;NRG1;PLAT
GO_Biological_Process_2023,Negative Regulation Of Leukocyte Apoptotic Process (GO:2000107),4/11,0.192918723525673,0.9516605188445212,0,0,2.102327447833066,3.459351014369469,CXCL12;CCL21;GAS6;MERTK
GO_Biological_Process_2023,Negative Regulation Of Microtubule Polymerization (GO:0031115),4/11,0.192918723525673,0.9516605188445212,0,0,2.102327447833066,3.459351014369469,CDH5;MAP2;STMN2;SNCA
GO_Biological_Process_2023,Neurotransmitter Uptake (GO:0001504),4/11,0.192918723525673,0.9516605188445212,0,0,2.102327447833066,3.459351014369469,SLC22A3;SLC1A3;SLC29A4;SLC1A7
GO_Biological_Process_2023,Nucleoside Phosphate Biosynthetic Process (GO:1901293),4/11,0.192918723525673,0.9516605188445212,0,0,2.102327447833066,3.459351014369469,ME1;AK4;AK5;NMNAT2
GO_Biological_Process_2023,Positive Regulation Of Lipid Transport (GO:0032370),4/11,0.192918723525673,0.9516605188445212,0,0,2.102327447833066,3.459351014369469,CETP;NMB;LRP1;ADIPOQ
GO_Biological_Process_2023,Positive Regulation Of Myelination (GO:0031643),4/11,0.192918723525673,0.9516605188445212,0,0,2.102327447833066,3.459351014369469,EGR2;TPPP;TNFRSF1B;NCMAP
GO_Biological_Process_2023,Positive Regulation Of Platelet Aggregation (GO:1901731),4/11,0.192918723525673,0.9516605188445212,0,0,2.102327447833066,3.459351014369469,IL6;DMTN;MMRN1;EMILIN2
GO_Biological_Process_2023,Positive Regulation Of Pseudopodium Assembly (GO:0031274),4/11,0.192918723525673,0.9516605188445212,0,0,2.102327447833066,3.459351014369469,CCL21;CDC42EP5;CDC42EP3;CDC42EP2
GO_Biological_Process_2023,Positive Regulation Of Triglyceride Biosynthetic Process (GO:0010867),4/11,0.192918723525673,0.9516605188445212,0,0,2.102327447833066,3.459351014369469,SLC27A1;NR1H3;GPLD1;PLIN5
GO_Biological_Process_2023,Regulation Of Astrocyte Differentiation (GO:0048710),4/11,0.192918723525673,0.9516605188445212,0,0,2.102327447833066,3.459351014369469,EPHA4;BMP2;IL6;NOG
GO_Biological_Process_2023,Regulation Of Mesenchymal Cell Proliferation (GO:0010464),4/11,0.192918723525673,0.9516605188445212,0,0,2.102327447833066,3.459351014369469,MYC;LRP5;PDGFA;TGFBR2
GO_Biological_Process_2023,Regulation Of Phospholipase C Activity (GO:1900274),4/11,0.192918723525673,0.9516605188445212,0,0,2.102327447833066,3.459351014369469,PDGFRA;KIT;FGF2;FGFR1
GO_Biological_Process_2023,Regulation Of Pseudopodium Assembly (GO:0031272),4/11,0.192918723525673,0.9516605188445212,0,0,2.102327447833066,3.459351014369469,CCL21;CDC42EP5;CDC42EP3;CDC42EP2
GO_Biological_Process_2023,Regulation Of Response To Oxidative Stress (GO:1902882),4/11,0.192918723525673,0.9516605188445212,0,0,2.102327447833066,3.459351014369469,PRKN;MCTP1;AIFM2;STOX1
GO_Biological_Process_2023,Positive Regulation Of Lipid Biosynthetic Process (GO:0046889),11/39,0.1958746834703084,0.9607670460486144,0,0,1.445787975213532,2.3570395011264123,KAT2B;MLXIPL;SLC27A1;ZBTB20;NR1H3;HSD17B13;SORBS1;PCK1;PPARA;GPLD1;PLIN5
GO_Biological_Process_2023,Vitamin Transport (GO:0051180),11/39,0.1958746834703084,0.9607670460486144,0,0,1.445787975213532,2.3570395011264123,CUBN;SLC27A1;SLC35F3;TCN2;TCN1;TTPA;SLC19A3;SLC2A4;FOLR2;FOLR1;ABCG2
GO_Biological_Process_2023,Positive Regulation Of Synaptic Transmission (GO:0050806),20/77,0.1966268515143415,0.9607670460486144,0,0,1.2916336894868752,2.100774386697193,LGI1;NLGN1;CLSTN2;CHRNA7;NRXN1;ADRA1D;ADCY8;ZDHHC2;GRIN2B;CRHR2;SLC8A3;STX1B;GRIN2A;RIMS3;RELN;GPER1;CCL2;DRD1;SHANK3;VAMP2
GO_Biological_Process_2023,Sterol Metabolic Process (GO:0016125),16/60,0.1971837606908395,0.9607670460486144,0,0,1.3384549722577892,2.173141177430081,CETP;ABCA5;FAXDC2;LCAT;CYP46A1;CYP7A1;CYP8B1;CYP39A1;CH25H;CYP26B1;CYP21A2;SOAT2;CYP11A1;APOB;OSBPL1A;CES1
GO_Biological_Process_2023,Adherens Junction Organization (GO:0034332),10/35,0.199048563719968,0.9607670460486144,0,0,1.4720112517580872,2.3761300500484914,CDH5;RAMP2;CDH4;CDH10;CDH22;CDH12;CDHR3;CDH13;FERMT2;JAM3
GO_Biological_Process_2023,Dendrite Morphogenesis (GO:0048813),10/35,0.199048563719968,0.9607670460486144,0,0,1.4720112517580872,2.3761300500484914,MAP2;CHRNA7;SDC2;LRP4;MAP6;DCDC2;PTN;PAK3;EPHB1;SHANK3
GO_Biological_Process_2023,Negative Regulation Of Cell Cycle G1/S Phase Transition (GO:1902807),10/35,0.199048563719968,0.9607670460486144,0,0,1.4720112517580872,2.3761300500484914,KANK2;DCUN1D3;FHL1;FAM107A;JADE1;CCL2;APBB1;PKD2;KLF4;MYO16
GO_Biological_Process_2023,N-acetylglucosamine Metabolic Process (GO:0006044),5/15,0.2015301570415834,0.9607670460486144,0,0,1.839616014984781,2.946726819308087,CHST7;MGAT3;CHST4;CHST2;CHST3
GO_Biological_Process_2023,Cellular Response To Zinc Ion (GO:0071294),5/15,0.2015301570415834,0.9607670460486144,0,0,1.839616014984781,2.946726819308087,MT1A;MT1L;MT1M;MT1X;MT1E
GO_Biological_Process_2023,Digestive Tract Morphogenesis (GO:0048546),5/15,0.2015301570415834,0.9607670460486144,0,0,1.839616014984781,2.946726819308087,PDGFRA;SOX17;RBPMS2;TCF21;GLI1
GO_Biological_Process_2023,Negative Regulation Of Cation Transmembrane Transport (GO:1904063),5/15,0.2015301570415834,0.9607670460486144,0,0,1.839616014984781,2.946726819308087,CAV3;BIN1;CAV1;KCNE5;TWIST1
GO_Biological_Process_2023,Negative Regulation Of Cell-Substrate Junction Organization (GO:0150118),5/15,0.2015301570415834,0.9607670460486144,0,0,1.839616014984781,2.946726819308087,DMTN;FAM107A;APOD;ARHGAP6;PHLDB2
GO_Biological_Process_2023,Negative Regulation Of Focal Adhesion Assembly (GO:0051895),5/15,0.2015301570415834,0.9607670460486144,0,0,1.839616014984781,2.946726819308087,DMTN;FAM107A;APOD;ARHGAP6;PHLDB2
GO_Biological_Process_2023,Negative Regulation Of Macrophage Activation (GO:0043031),5/15,0.2015301570415834,0.9607670460486144,0,0,1.839616014984781,2.946726819308087,LRFN5;TAFA3;NR1H3;CX3CL1;CD200
GO_Biological_Process_2023,Negative Regulation Of Protein Processing (GO:0010955),5/15,0.2015301570415834,0.9607670460486144,0,0,1.839616014984781,2.946726819308087,PRNP;LRRK2;SERPINF2;GAS1;PLAT
GO_Biological_Process_2023,Negative Regulation Of Synaptic Transmission (GO:0050805),5/15,0.2015301570415834,0.9607670460486144,0,0,1.839616014984781,2.946726819308087,STXBP1;ADIPOQ;GRIK3;DRD2;HCN1
GO_Biological_Process_2023,Platelet-Derived Growth Factor Receptor Signaling Pathway (GO:0048008),5/15,0.2015301570415834,0.9607670460486144,0,0,1.839616014984781,2.946726819308087,PDGFRA;NR4A3;PDGFD;PDGFA;PLAT
GO_Biological_Process_2023,Positive Regulation Of Collagen Biosynthetic Process (GO:0032967),5/15,0.2015301570415834,0.9607670460486144,0,0,1.839616014984781,2.946726819308087,BMP4;RGCC;SERPINF2;VIM;LARP6
GO_Biological_Process_2023,Positive Regulation Of Cyclin-Dependent Protein Serine/Threonine Kinase Activity (GO:0045737),5/15,0.2015301570415834,0.9607670460486144,0,0,1.839616014984781,2.946726819308087,CCND2;RGCC;PROX1;PKD2;EGFR
GO_Biological_Process_2023,Positive Regulation Of Endothelial Cell Apoptotic Process (GO:2000353),5/15,0.2015301570415834,0.9607670460486144,0,0,1.839616014984781,2.946726819308087,RGCC;GPER1;ECSCR;CCL2;ANO6
GO_Biological_Process_2023,Positive Regulation Of Transmembrane Transport (GO:0034764),5/15,0.2015301570415834,0.9607670460486144,0,0,1.839616014984781,2.946726819308087,C3;GH1;NR4A3;ACSL5;ANO6
GO_Biological_Process_2023,Presynapse Assembly (GO:0099054),5/15,0.2015301570415834,0.9607670460486144,0,0,1.839616014984781,2.946726819308087,NLGN4Y;NLGN1;NLGN4X;IL1RAPL1;LRP4
GO_Biological_Process_2023,Regulation Of Monocyte Differentiation (GO:0045655),5/15,0.2015301570415834,0.9607670460486144,0,0,1.839616014984781,2.946726819308087,CSF1;FES;IL34;MYC;HOXA7
GO_Biological_Process_2023,Regulation Of Multicellular Organism Growth (GO:0040014),5/15,0.2015301570415834,0.9607670460486144,0,0,1.839616014984781,2.946726819308087,STAT5A;GHR;STAT5B;GH1;PTCH1
GO_Biological_Process_2023,Renal Filtration (GO:0097205),5/15,0.2015301570415834,0.9607670460486144,0,0,1.839616014984781,2.946726819308087,KIRREL1;MCAM;IGHA1;IGHA2;JCHAIN
GO_Biological_Process_2023,Retrograde Axonal Transport (GO:0008090),5/15,0.2015301570415834,0.9607670460486144,0,0,1.839616014984781,2.946726819308087,DLG2;DST;KIF5A;KIF1C;MGARP
GO_Biological_Process_2023,Cellular Response To Decreased Oxygen Levels (GO:0036294),19/73,0.2015502046210184,0.9607670460486144,0,0,1.2951652615735303,2.0744879248007533,ANGPT4;PTGIS;EPAS1;TWIST1;AK4;NDNF;FMN2;PTGS2;AQP3;AQP1;SLC8A3;SFRP1;CPEB1;RGCC;MYC;PPARG;MGARP;SCN2A;NOP53
GO_Biological_Process_2023,Protein Tetramerization (GO:0051262),19/73,0.2015502046210184,0.9607670460486144,0,0,1.2951652615735303,2.0744879248007533,RYR1;SYCP1;KCNJ12;SHMT1;KIF25;AQP4;AQP5;AQP2;PKD2;CLU;ACACB;GRIN2B;RYR3;ALDH1A3;ALDH1A2;ME1;KCNJ2;SNCA;HCN1
GO_Biological_Process_2023,Cellular Response To Peptide (GO:1901653),15/56,0.2018247297887569,0.9607670460486144,0,0,1.3465578330976926,2.154971412740448,EPHA4;NGFR;PRNP;LRP1;CACNA2D1;CAV1;ADRB2;IGF1;GRIN2A;CYP11A1;GPER1;FYN;CD36;VIM;TLR4
GO_Biological_Process_2023,Organic Cation Transport (GO:0015695),9/31,0.2018375474206958,0.9607670460486144,0,0,1.5054008564671797,2.4090811368214164,SLC47A2;SLC22A3;SLC5A7;SLC47A1;SLC35F3;SLC19A3;SLC29A4;PDZK1;SLC6A2
GO_Biological_Process_2023,Dorsal/Ventral Pattern Formation (GO:0009953),8/27,0.2040148723751603,0.9607670460486144,0,0,1.5493513540176589,2.4627906319389163,ACVRL1;SFRP1;FGF8;PTCH1;NOG;TLL1;DSCAML1;CER1
GO_Biological_Process_2023,Positive Regulation Of Calcium Ion Transmembrane Transporter Activity (GO:1901021),8/27,0.2040148723751603,0.9607670460486144,0,0,1.5493513540176589,2.4627906319389163,JPH2;GSTM2;STAC;STAC2;AKAP6;ANK2;PKD2;TRDN
GO_Biological_Process_2023,Positive Regulation Of Response To Wounding (GO:1903036),8/27,0.2040148723751603,0.9607670460486144,0,0,1.5493513540176589,2.4627906319389163,KANK1;ANXA1;DMTN;PTN;SCARF1;ADRA2A;MYLK;HBEGF
GO_Biological_Process_2023,Regulation Of SMAD Protein Signal Transduction (GO:0060390),8/27,0.2040148723751603,0.9607670460486144,0,0,1.5493513540176589,2.4627906319389163,BMP4;LRP1;RBPMS;CCN3;PPARG;GDF5;BMP6;NODAL
GO_Biological_Process_2023,Respiratory Tube Development (GO:0030323),8/27,0.2040148723751603,0.9607670460486144,0,0,1.5493513540176589,2.4627906319389163,BMP4;CEBPA;FGF7;FGF9;TCF21;NPHP3;PROX1;PCSK5
GO_Biological_Process_2023,Establishment Of Skin Barrier (GO:0061436),6/19,0.2047827881791602,0.9607670460486144,0,0,1.6981805080165735,2.692983873182403,FLG2;KRT16;MET;TP63;HRNR;FGFR1
GO_Biological_Process_2023,Fluid Transport (GO:0042044),6/19,0.2047827881791602,0.9607670460486144,0,0,1.6981805080165735,2.692983873182403,AQP7B;AQP7;AQP4;AQP5;AQP2;AQP3
GO_Biological_Process_2023,Glycogen Metabolic Process (GO:0005977),6/19,0.2047827881791602,0.9607670460486144,0,0,1.6981805080165735,2.692983873182403,GYS2;GBE1;STBD1;PYGM;PYGL;GYG2
GO_Biological_Process_2023,Inositol Phosphate-Mediated Signaling (GO:0048016),6/19,0.2047827881791602,0.9607670460486144,0,0,1.6981805080165735,2.692983873182403,EDN1;EDN3;NFATC2;NMUR1;GPR62;LACRT
GO_Biological_Process_2023,Linoleic Acid Metabolic Process (GO:0043651),6/19,0.2047827881791602,0.9607670460486144,0,0,1.6981805080165735,2.692983873182403,GSTM2;GSTP1;CYP4A11;ELOVL3;GSTA1;ALOX15B
GO_Biological_Process_2023,Positive Regulation Of Hormone Secretion (GO:0046887),6/19,0.2047827881791602,0.9607670460486144,0,0,1.6981805080165735,2.692983873182403,HCAR2;EDN1;NMB;EDN3;RASL10B;PPARG
GO_Biological_Process_2023,Regulation Of Granulocyte Chemotaxis (GO:0071622),6/19,0.2047827881791602,0.9607670460486144,0,0,1.6981805080165735,2.692983873182403,BST1;CSF1;MSTN;IL34;RARRES2;JAM3
GO_Biological_Process_2023,Regulation Of Insulin-Like Growth Factor Receptor Signaling Pathway (GO:0043567),6/19,0.2047827881791602,0.9607670460486144,0,0,1.6981805080165735,2.692983873182403,IGFBP1;GH1;IGF1;IGFBP6;WNT1;BMP5
GO_Biological_Process_2023,Regulation Of Megakaryocyte Differentiation (GO:0045652),6/19,0.2047827881791602,0.9607670460486144,0,0,1.6981805080165735,2.692983873182403,MEF2C;FAXDC2;TESC;RAB7B;MTURN;PF4
GO_Biological_Process_2023,Regulation Of Neuroinflammatory Response (GO:0150077),6/19,0.2047827881791602,0.9607670460486144,0,0,1.6981805080165735,2.692983873182403,IL33;IL6;PLCG2;IGF1;PTGS2;TNFRSF1B
GO_Biological_Process_2023,Steroid Hormone Biosynthetic Process (GO:0120178),6/19,0.2047827881791602,0.9607670460486144,0,0,1.6981805080165735,2.692983873182403,CYP11A1;CYP21A2;HSD17B2;HSD17B3;HSD17B11;CYP17A1
GO_Biological_Process_2023,Hepaticobiliary System Development (GO:0061008),7/23,0.2052102660076655,0.9607670460486144,0,0,1.6098032326071678,2.549477797149851,TGFBR3;CEBPA;NKX2-8;CITED2;PROX1;PKD2;MET
GO_Biological_Process_2023,Response To BMP (GO:0071772),7/23,0.2052102660076655,0.9607670460486144,0,0,1.6098032326071678,2.549477797149851,ACVRL1;BMP4;TMEM100;BMP2;SFRP1;SMAD9;BMP6
GO_Biological_Process_2023,Icosanoid Metabolic Process (GO:0006690),14/52,0.2065652995592925,0.9633914633449444,0,0,1.3559485292301612,2.138518895154719,CPA1;PTGIS;HPGD;PLA2G4B;CYP4A11;PLA2G4A;ABHD6;CYP4F22;LTC4S;CYP4F8;ALOX15B;CYP4F12;CYP2C9;MGLL
GO_Biological_Process_2023,Neurotransmitter Transport (GO:0006836),14/52,0.2065652995592925,0.9633914633449444,0,0,1.3559485292301612,2.138518895154719,GABRA2;SLC22A3;PTPRN2;SLC6A15;NRXN1;STXBP1;SLC1A3;LIN7A;SLC6A2;SYN2;SLC1A7;SLC5A7;SLC29A4;SLC17A7
GO_Biological_Process_2023,Regulation Of Heart Contraction (GO:0008016),18/69,0.2066436502350311,0.9633914633449444,0,0,1.2991186140966484,2.0483975717707947,CAV3;S100A1;KCNIP2;KCNJ12;CELF2;TRPC1;KCNE5;HSPB7;ANK2;ATP1A2;TNNI3K;SLC8A3;ACE2;PLN;DES;FXYD1;HRC;NOS1
GO_Biological_Process_2023,Regulation Of Monoatomic Ion Transmembrane Transporter Activity (GO:0032412),18/69,0.2066436502350311,0.9633914633449444,0,0,1.2991186140966484,2.0483975717707947,MEF2C;NLGN1;TRPC6;CAV3;KCNE5;FHL1;ANK2;PDZK1;CRHBP;RELN;FXYD2;FXYD1;FXYD6;UTRN;SCN3B;SCN4B;HCN1;SCN2B
GO_Biological_Process_2023,Sodium Ion Transmembrane Transport (GO:0035725),21/82,0.2088282743177412,0.9716058149600876,0,0,1.267257421355782,1.9848330891475796,SLC24A4;SLC6A15;SLC6A14;ATP1A2;ATP1B2;SLC5A1;PKD2;SLC4A4;SLC6A2;SLC8A3;SCNN1B;FXYD2;SCN9A;SLC9A9;SCN4A;SCN5A;SCN3B;SCN2A;SCN4B;HCN1;SCN2B
GO_Biological_Process_2023,Lipid Transport (GO:0006869),27/108,0.2088457346312849,0.9716058149600876,0,0,1.2271907115399705,1.9219762824217184,CETP;SLC27A1;PLPPR4;CRABP1;ABCB11;TTPA;CD36;PLTP;ABCG8;SLC10A6;ABCA5;ACSL1;ABCA6;AKR1C1;SPNS2;ABCA9;ABCA8;AKR1C4;SLC51B;SLCO1C1;RBP7;FABP4;FABP5;FABP7;SLCO1A2;PMP2;ESYT1
GO_Biological_Process_2023,Positive Regulation Of Cellular Biosynthetic Process (GO:0031328),42/174,0.2104877093459266,0.9782139334339642,0,0,1.1717267144758878,1.825934565642016,PIWIL2;SLC27A1;NNMT;IRS1;HBB;IRS2;HTR2A;PTH1R;PLD1;PKD2;PTGS2;CLU;FGF2;FOXO1;CD36;PPARGC1A;SNCA;NIBAN1;EGR1;EDN1;HGF;IGF2;SAMD4A;NR1H3;IGF1;SORBS1;KLF4;LARP6;ASS1;GCK;KLF2;MLXIPL;KAT2B;SMOC2;IL6;ZEB2;RGCC;VIM;TLR4;GPLD1;CD244;PLIN5
GO_Biological_Process_2023,Negative Regulation Of ERK1 And ERK2 Cascade (GO:0070373),13/48,0.2113935462047206,0.9813906482585086,0,0,1.366958211856171,2.124299175347798,EPHA4;SEMA6A;GSTP1;LMO3;DAB2IP;FBLN1;DUSP26;DUSP6;GPER1;SIRPA;SPRY2;SPRY1;TLR4
GO_Biological_Process_2023,Fatty Acid Biosynthetic Process (GO:0006633),17/65,0.2119158168445602,0.981750610040644,0,0,1.303572826172028,2.022579501817804,GSTM4;OLAH;HACD1;ELOVL3;ACSM2A;ACSM5;CYP3A4;LTC4S;ACACB;ACSM2B;FADS3;CYP2C9;LIPC;SCD;CYP1A1;MLYCD;CYP2E1
GO_Biological_Process_2023,Monocarboxylic Acid Biosynthetic Process (GO:0072330),17/65,0.2119158168445602,0.981750610040644,0,0,1.303572826172028,2.022579501817804,ACSM2A;ACSM5;HOGA1;AKR1C4;CYP46A1;ACACB;CYP7A1;CYP8B1;ACSM2B;CYP39A1;ALDH1A3;LIPC;ALDH1A2;DSEL;UST;MLYCD;OSBPL1A
GO_Biological_Process_2023,Bone Development (GO:0060348),12/44,0.2162900420206044,0.9999167911214332,0,0,1.3800422138836772,2.1130309143133146,PTGER4;OSR2;GH1;CYP26B1;RANBP3L;FGF8;MYOC;OGN;LRP5;WNT1;BMP6;LTF
GO_Biological_Process_2023,Regulation Of Cell-Substrate Adhesion (GO:0010810),12/44,0.2162900420206044,0.9999167911214332,0,0,1.3800422138836772,2.1130309143133146,VIT;BST1;ECM2;DMTN;CCDC80;FZD4;NDNF;WNT1;FBLN2;CORO2B;CX3CL1;PPM1F
GO_Biological_Process_2023,Aortic Valve Development (GO:0003176),11/40,0.2212237768961494,0.9999963846351302,0,0,1.3958442818450094,2.1057434989959782,DLL4;BMP4;BMP2;HEY1;TIE1;HEY2;TWIST1;SLIT2;AXIN2;TNFRSF1B;TGFBR2
GO_Biological_Process_2023,Synaptic Vesicle Endocytosis (GO:0048488),11/40,0.2212237768961494,0.9999963846351302,0,0,1.3958442818450094,2.1057434989959782,NLGN4Y;NLGN1;NLGN4X;SYT2;ITSN1;SNCG;SYT8;SH3GL2;SNAP91;VAMP2;SNCA
GO_Biological_Process_2023,Receptor-Mediated Endocytosis (GO:0006898),30/122,0.2219363375062371,0.9999963846351302,0,0,1.2005160867517255,1.8072145462520977,RAMP2;RAMP3;CLEC4M;LRP1;STAB2;ADM;ADRB2;CLEC9A;VLDLR;DLL1;DPP4;GRK3;CXCR1;MRC1;STAB1;CXCR2;CD36;SCARF1;SNCA;CUBN;CAV2;CAV1;LRP1B;SNAP91;ACE2;ENTREP1;MARCO;ADRB3;ACKR3;FOLR1
GO_Biological_Process_2023,Regulation Of Signal Transduction (GO:0009966),46/193,0.2252118289677032,0.9999963846351302,0,0,1.1523487882150496,1.7178223073767085,SEMA5A;SLC24A4;FRMPD1;HHIP;CHRNA7;LRRK2;DTX1;GLI1;CLU;DLL1;CX3CL1;SOCS2;RGS5;RGS2;GRK5;SH3TC2;FRRS1L;GNG7;FFAR3;FYN;NCAM1;CD36;IGFBP6;RGS6;IGFBP1;PRNP;TCF7L1;CAV3;PTCH1;ADIPOQ;AKR1C3;DCDC2;TSPEAR;SLC8A3;KCTD8;BST1;MDFIC;KIF26A;DOK5;MFNG;GAS1;KCTD12;PRKD1;SIK2;MGLL;KCTD16
GO_Biological_Process_2023,Positive Regulation Of Protein Polymerization (GO:0032273),18/70,0.225862284768049,0.9999963846351302,0,0,1.274054268887524,1.895575939764221,TENM1;CCL24;CSF3;CAV3;CCL21;LMOD1;SLAIN1;TPPP3;TPPP2;NAV3;BIN1;CDC42EP5;FES;CDC42EP3;CDC42EP2;ANKRD53;TPPP;MET
GO_Biological_Process_2023,Negative Regulation Of Protein Kinase B Signaling (GO:0051898),10/36,0.2261454095187186,0.9999963846351302,0,0,1.4153052760647695,2.1039603869446952,MSTN;BANK1;GPER1;SFRP5;INPP5K;DRD2;PPARA;NOP53;PHLDA3;EPHA2
GO_Biological_Process_2023,Negative Regulation Of Sequestering Of Calcium Ion (GO:0051283),10/36,0.2261454095187186,0.9999963846351302,0,0,1.4153052760647695,2.1039603869446952,RYR1;CCL21;ITPR1;PLCG2;HTR2A;PLCH2;PKD2;DRD2;CLU;FGF2
GO_Biological_Process_2023,Positive Regulation Of Myeloid Cell Differentiation (GO:0045639),10/36,0.2261454095187186,0.9999963846351302,0,0,1.4153052760647695,2.1039603869446952,STAT5B;MAPK11;CSF3;FES;TAL1;FAXDC2;TESC;RAB7B;HOXA5;MTURN
GO_Biological_Process_2023,Carboxylic Acid Transport (GO:0046942),14/53,0.2288954656440048,0.9999963846351302,0,0,1.32109639148588,1.9479432353780537,SLC36A2;SLC6A15;SLC6A14;SLC7A14;SLC16A12;SLC16A11;SLC7A10;SLC1A7;SLC7A3;SLC7A4;SLC16A7;SLC16A9;SLC38A3;SLC16A4
GO_Biological_Process_2023,Skeletal System Development (GO:0001501),36/149,0.2297784287787408,0.9999963846351302,0,0,1.1729754550008349,1.725024373905919,PTGER4;PKDCC;HHIP;NPR3;PRELP;PTH1R;HOXA13;PCSK5;ETS2;PTHLH;RPS6KA3;FGF8;WNT11;HYAL1;SHOX;ALX4;ITGB8;SOX6;WNT1;CNMD;SOX5;GDF10;MYOC;ZBTB16;NOG;IGF1;TBX4;BMP6;BMP5;BMP3;BMP2;OGN;ALPL;TLL1;HOXD3;FGFR1
GO_Biological_Process_2023,Negative Regulation Of MAPK Cascade (GO:0043409),26/105,0.2300461433712642,0.9999963846351302,0,0,1.2115264333581537,1.7803082500805398,GSTP1;FBLN1;STYXL2;FOXO1;RGS2;MYC;GPER1;SIRPA;INPP5K;EPHA4;SEMA6A;CAV3;DUSP1;LMO3;CAV1;ADIPOQ;DAB2IP;IRAK3;DUSP26;DUSP6;BMP4;BMP2;SPRY2;PPARG;SPRY1;TLR4
GO_Biological_Process_2023,Negative Regulation Of G1/S Transition Of Mitotic Cell Cycle (GO:2000134),9/32,0.2309756449531852,0.9999963846351302,0,0,1.4398569405243475,2.110028284747336,KANK2;DCUN1D3;FHL1;FAM107A;JADE1;CCL2;PKD2;KLF4;MYO16
GO_Biological_Process_2023,Phosphatidylinositol 3-Kinase Signaling (GO:0014065),9/32,0.2309756449531852,0.9999963846351302,0,0,1.4398569405243475,2.110028284747336,EDN1;NYAP1;IRS1;TYRO3;PIK3C2G;HTR2A;PIK3R1;IGF1;MYO16
GO_Biological_Process_2023,Negative Regulation Of Canonical Wnt Signaling Pathway (GO:0090090),28/114,0.2336737804657838,0.9999963846351302,0,0,1.1985503438006395,1.7424875316663473,CCL14;PRKN;MESP1;JADE1;LRP4;GLI1;WNT11;SOX17;TMEM88;TNN;NPHP3;IGFBP6;IGFBP1;TLE4;TLE2;CAV1;NOG;DAB2IP;AXIN2;TMEM170B;MCC;TBX18;DKK3;DKK4;SFRP1;BMP2;SFRP5;RBMS3
GO_Biological_Process_2023,Schwann Cell Development (GO:0014044),3/8,0.2341840452188568,0.9999963846351302,0,0,2.2072080505499647,3.2040890522628787,ARHGEF10;MYOC;LGI4
GO_Biological_Process_2023,Alcohol Catabolic Process (GO:0046164),3/8,0.2341840452188568,0.9999963846351302,0,0,2.2072080505499647,3.2040890522628787,CYP46A1;CYP7A1;SCARF1
GO_Biological_Process_2023,Angiotensin Maturation (GO:0002003),3/8,0.2341840452188568,0.9999963846351302,0,0,2.2072080505499647,3.2040890522628787,ACE2;CMA1;CTSG
GO_Biological_Process_2023,Cell Surface Pattern Recognition Receptor Signaling Pathway (GO:0002752),3/8,0.2341840452188568,0.9999963846351302,0,0,2.2072080505499647,3.2040890522628787,FCN1;COLEC11;FCN2
GO_Biological_Process_2023,Cobalamin Transport (GO:0015889),3/8,0.2341840452188568,0.9999963846351302,0,0,2.2072080505499647,3.2040890522628787,CUBN;TCN2;TCN1
GO_Biological_Process_2023,Cyclooxygenase Pathway (GO:0019371),3/8,0.2341840452188568,0.9999963846351302,0,0,2.2072080505499647,3.2040890522628787,PTGIS;PTGDS;PTGS2
GO_Biological_Process_2023,Embryonic Digestive Tract Morphogenesis (GO:0048557),3/8,0.2341840452188568,0.9999963846351302,0,0,2.2072080505499647,3.2040890522628787,PDGFRA;RBPMS2;TCF21
GO_Biological_Process_2023,Glucan Metabolic Process (GO:0044042),3/8,0.2341840452188568,0.9999963846351302,0,0,2.2072080505499647,3.2040890522628787,GBE1;PYGM;PYGL
GO_Biological_Process_2023,Integrin Activation (GO:0033622),3/8,0.2341840452188568,0.9999963846351302,0,0,2.2072080505499647,3.2040890522628787,CXCL12;CX3CL1;FERMT2
GO_Biological_Process_2023,Lactation (GO:0007595),3/8,0.2341840452188568,0.9999963846351302,0,0,2.2072080505499647,3.2040890522628787,OXTR;CSN3;CSN2
GO_Biological_Process_2023,Negative Regulation Of Lipase Activity (GO:0060192),3/8,0.2341840452188568,0.9999963846351302,0,0,2.2072080505499647,3.2040890522628787,RGS2;ANGPTL4;PLIN5
GO_Biological_Process_2023,Negative Regulation Of Long-Term Synaptic Potentiation (GO:1900272),3/8,0.2341840452188568,0.9999963846351302,0,0,2.2072080505499647,3.2040890522628787,EPHA4;FAM107A;PTN
GO_Biological_Process_2023,Negative Regulation Of Smooth Muscle Cell Differentiation (GO:0051151),3/8,0.2341840452188568,0.9999963846351302,0,0,2.2072080505499647,3.2040890522628787,RBPMS2;NFATC2;FOXO4
GO_Biological_Process_2023,Negative Regulation Of Triglyceride Metabolic Process (GO:0090209),3/8,0.2341840452188568,0.9999963846351302,0,0,2.2072080505499647,3.2040890522628787,CIDEC;GPLD1;PLIN5
GO_Biological_Process_2023,p38MAPK Cascade (GO:0038066),3/8,0.2341840452188568,0.9999963846351302,0,0,2.2072080505499647,3.2040890522628787,MAPK11;ZFP36;MAP3K20
GO_Biological_Process_2023,Peripheral Nervous System Axon Ensheathment (GO:0032292),3/8,0.2341840452188568,0.9999963846351302,0,0,2.2072080505499647,3.2040890522628787,ARHGEF10;MYOC;LGI4
GO_Biological_Process_2023,Positive Regulation Of ATP Biosynthetic Process (GO:2001171),3/8,0.2341840452188568,0.9999963846351302,0,0,2.2072080505499647,3.2040890522628787,PID1;PPARA;PPARGC1A
GO_Biological_Process_2023,Positive Regulation Of Actin Cytoskeleton Reorganization (GO:2000251),3/8,0.2341840452188568,0.9999963846351302,0,0,2.2072080505499647,3.2040890522628787,FES;TEK;CCL27
GO_Biological_Process_2023,Positive Regulation Of Blood Vessel Endothelial Cell Proliferation Involved In Sprouting Angiogenesis (GO:1903589),3/8,0.2341840452188568,0.9999963846351302,0,0,2.2072080505499647,3.2040890522628787,PPP1R16B;FGFBP1;APLNR
GO_Biological_Process_2023,Positive Regulation Of Epithelial Cell Proliferation Involved In Wound Healing (GO:0060054),3/8,0.2341840452188568,0.9999963846351302,0,0,2.2072080505499647,3.2040890522628787,ODAM;LACRT;FGF10
GO_Biological_Process_2023,Positive Regulation Of Extracellular Matrix Assembly (GO:1901203),3/8,0.2341840452188568,0.9999963846351302,0,0,2.2072080505499647,3.2040890522628787,PHLDB1;RGCC;PHLDB2
GO_Biological_Process_2023,Positive Regulation Of Megakaryocyte Differentiation (GO:0045654),3/8,0.2341840452188568,0.9999963846351302,0,0,2.2072080505499647,3.2040890522628787,TESC;RAB7B;MTURN
GO_Biological_Process_2023,Positive Regulation Of Protein Kinase C Signaling (GO:0090037),3/8,0.2341840452188568,0.9999963846351302,0,0,2.2072080505499647,3.2040890522628787,WNT11;FLT4;ADRA1D
GO_Biological_Process_2023,Positive Regulation Of Respiratory Burst (GO:0060267),3/8,0.2341840452188568,0.9999963846351302,0,0,2.2072080505499647,3.2040890522628787,IGHA1;IGHA2;JCHAIN
GO_Biological_Process_2023,Positive Regulation Of Sequestering Of Triglyceride (GO:0010890),3/8,0.2341840452188568,0.9999963846351302,0,0,2.2072080505499647,3.2040890522628787,CIDEA;PLIN2;PLIN5
GO_Biological_Process_2023,Positive Regulation Of Synapse Maturation (GO:0090129),3/8,0.2341840452188568,0.9999963846351302,0,0,2.2072080505499647,3.2040890522628787,RELN;NRXN1;DAB2IP
GO_Biological_Process_2023,Purine Nucleoside Bisphosphate Catabolic Process (GO:0034034),3/8,0.2341840452188568,0.9999963846351302,0,0,2.2072080505499647,3.2040890522628787,NUDT7;SUCLA2;MLYCD
GO_Biological_Process_2023,Pyrimidine-Containing Compound Catabolic Process (GO:0072529),3/8,0.2341840452188568,0.9999963846351302,0,0,2.2072080505499647,3.2040890522628787,DPYS;DPYSL2;DPYD
GO_Biological_Process_2023,"Regulation Of Wnt Signaling Pathway, Planar Cell Polarity Pathway (GO:2000095)",3/8,0.2341840452188568,0.9999963846351302,0,0,2.2072080505499647,3.2040890522628787,NPHP3;RSPO3;PLEKHA4
GO_Biological_Process_2023,Regulation Of Angiotensin Levels In Blood (GO:0002002),3/8,0.2341840452188568,0.9999963846351302,0,0,2.2072080505499647,3.2040890522628787,ACE2;CMA1;CTSG
GO_Biological_Process_2023,Regulation Of Endothelial Cell Differentiation (GO:0045601),3/8,0.2341840452188568,0.9999963846351302,0,0,2.2072080505499647,3.2040890522628787,TMEM100;NOTCH4;ATOH8
GO_Biological_Process_2023,Regulation Of Gap Junction Assembly (GO:1903596),3/8,0.2341840452188568,0.9999963846351302,0,0,2.2072080505499647,3.2040890522628787,ACE2;CAV1;APLNR
GO_Biological_Process_2023,Regulation Of Intrinsic Apoptotic Signaling Pathway By P53 Class Mediator (GO:1902253),3/8,0.2341840452188568,0.9999963846351302,0,0,2.2072080505499647,3.2040890522628787,PRKN;MYC;MSX1
GO_Biological_Process_2023,Regulation Of Macrophage Migration (GO:1905521),3/8,0.2341840452188568,0.9999963846351302,0,0,2.2072080505499647,3.2040890522628787,CX3CR1;P2RY12;CSF1
GO_Biological_Process_2023,Regulation Of Vesicle Fusion (GO:0031338),3/8,0.2341840452188568,0.9999963846351302,0,0,2.2072080505499647,3.2040890522628787,ANXA1;STXBP1;DOC2B
GO_Biological_Process_2023,Response To Magnesium Ion (GO:0032026),3/8,0.2341840452188568,0.9999963846351302,0,0,2.2072080505499647,3.2040890522628787,KCNA1;RYR3;SNCA
GO_Biological_Process_2023,Ribonucleoside Bisphosphate Catabolic Process (GO:0034031),3/8,0.2341840452188568,0.9999963846351302,0,0,2.2072080505499647,3.2040890522628787,NUDT7;SUCLA2;MLYCD
GO_Biological_Process_2023,Skeletal Myofibril Assembly (GO:0014866),3/8,0.2341840452188568,0.9999963846351302,0,0,2.2072080505499647,3.2040890522628787,ACTC1;MYH11;PROX1
GO_Biological_Process_2023,Synapse Pruning (GO:0098883),3/8,0.2341840452188568,0.9999963846351302,0,0,2.2072080505499647,3.2040890522628787,C3;CX3CR1;CX3CL1
GO_Biological_Process_2023,Triglyceride-Rich Lipoprotein Particle Remodeling (GO:0034370),3/8,0.2341840452188568,0.9999963846351302,0,0,2.2072080505499647,3.2040890522628787,CETP;LIPC;LCAT
GO_Biological_Process_2023,Unsaturated Fatty Acid Biosynthetic Process (GO:0006636),3/8,0.2341840452188568,0.9999963846351302,0,0,2.2072080505499647,3.2040890522628787,FADS3;SCD;ALOX15B
GO_Biological_Process_2023,Negative Regulation Of Tumor Necrosis Factor Superfamily Cytokine Production (GO:1903556),13/49,0.2349732700530304,0.9999963846351302,0,0,1.3289024422029347,1.924627501099117,CHRNA7;GSTP1;CIDEA;IRAK3;IGF1;CX3CL1;VSIR;POMC;SIRPA;BPI;GAS6;TLR4;LTF
GO_Biological_Process_2023,Positive Regulation Of miRNA Metabolic Process (GO:2000630),13/49,0.2349732700530304,0.9999963846351302,0,0,1.3289024422029347,1.924627501099117,EGR1;NGFR;JUN;PRL;FOS;NR3C1;KLF4;FGF2;EGFR;MYC;ATOH8;PPARG;TEAD1
GO_Biological_Process_2023,Unsaturated Fatty Acid Metabolic Process (GO:0033559),13/49,0.2349732700530304,0.9999963846351302,0,0,1.3289024422029347,1.924627501099117,GSTM2;PLA2G4B;GSTP1;CYP4A11;ELOVL3;PLA2G4A;ABHD6;ALOX15B;CYP4F12;FADS3;SCD;GSTA1;MGLL
GO_Biological_Process_2023,Negative Regulation Of Cytoskeleton Organization (GO:0051494),8/28,0.2355842137443274,0.9999963846351302,0,0,1.4717900656044989,2.1277475201539677,PRKN;KANK1;PLEKHH2;CAV3;SLIT2;SHANK3;KANK4;KANK3
GO_Biological_Process_2023,Regulation Of Calcium Ion-Dependent Exocytosis (GO:0017158),8/28,0.2355842137443274,0.9999963846351302,0,0,1.4717900656044989,2.1277475201539677,SYT4;RPH3AL;SYT2;KCNB1;STXBP1;SYT15;DOC2B;SYT8
GO_Biological_Process_2023,Regulation Of Chemotaxis (GO:0050920),8/28,0.2355842137443274,0.9999963846351302,0,0,1.4717900656044989,2.1277475201539677,P2RY12;PDGFRA;CCL21;RARRES2;NOVA2;MYCBP2;PPM1F;ELANE
GO_Biological_Process_2023,Regulation Of Protein Localization To Membrane (GO:1905475),8/28,0.2355842137443274,0.9999963846351302,0,0,1.4717900656044989,2.1277475201539677,PRKN;GSN;GPC3;FYN;GPC5;PDZK1;ZDHHC2;SPTBN1
GO_Biological_Process_2023,Vascular Endothelial Growth Factor Receptor Signaling Pathway (GO:0048010),8/28,0.2355842137443274,0.9999963846351302,0,0,1.4717900656044989,2.1277475201539677,FLT4;KDR;DAB2IP;VEGFB;CLEC14A;FYN;VEGFD;PRKD1
GO_Biological_Process_2023,Positive Regulation Of Neurogenesis (GO:0050769),19/75,0.2390880312570971,0.9999963846351302,0,0,1.2487499580522836,1.7868656147074824,CHODL;CX3CR1;NTRK2;MME;SERPINF1;AMIGO1;HAPLN4;CX3CL1;CUX2;DCT;RASSF10;GPER1;IL1RAPL1;MAP6;SOX8;SLIT2;DRD2;SHANK3;PLXNA4
GO_Biological_Process_2023,Regulation Of Stress Fiber Assembly (GO:0051492),19/75,0.2390880312570971,0.9999963846351302,0,0,1.2487499580522836,1.7868656147074824,PTGER4;ARHGEF10;ARHGEF15;MYOC;LIMCH1;SERPINF2;PIK3R1;ARHGAP6;PPM1F;SFRP1;TMEFF2;WNT11;RGCC;SYNPO2L;INPP5K;MET;PHLDB2;RAPGEF3;FERMT2
GO_Biological_Process_2023,Circulatory System Development (GO:0072359),32/132,0.2393179574144508,0.9999963846351302,0,0,1.1780584354382655,1.6845790856132363,ACVRL1;POPDC3;FOXC1;RAMP2;CITED2;NOTCH4;FLT4;TCF21;LDB3;PKD2;PCSK5;PDLIM1;CDH5;PDLIM3;SOX17;HEY1;SOX18;HEY2;PDLIM4;MEF2C;NTRK3;SLC2A12;POU6F1;TGFBR2;KAT2B;BMP2;MYL2;HAND2;APLNR;ALPK3;TEK;ZFPM2
GO_Biological_Process_2023,Acylglycerol Homeostasis (GO:0055090),7/24,0.2397494517139695,0.9999963846351302,0,0,1.5150124702024168,2.1636815004296275,CETP;MLXIPL;LIPC;ANGPTL8;NR1H3;ANGPTL4;GPIHBP1
GO_Biological_Process_2023,Dicarboxylic Acid Transport (GO:0006835),7/24,0.2397494517139695,0.9999963846351302,0,0,1.5150124702024168,2.1636815004296275,SLC13A2;SLC1A3;SLC26A7;FOLR2;SLC13A5;SLC1A7;FOLR1
GO_Biological_Process_2023,Fat-Soluble Vitamin Metabolic Process (GO:0006775),7/24,0.2397494517139695,0.9999963846351302,0,0,1.5150124702024168,2.1636815004296275,CYP24A1;CYP11A1;ALDH1A2;CYP1A1;CYP3A4;CYP4F12;RPE65
GO_Biological_Process_2023,Positive Regulation Of Lipid Metabolic Process (GO:0045834),7/24,0.2397494517139695,0.9999963846351302,0,0,1.5150124702024168,2.1636815004296275,MLXIPL;NR1H3;ZBTB20;HSD17B13;SORBS1;PCK1;PPARA
GO_Biological_Process_2023,Anterior/Posterior Axis Specification (GO:0009948),6/20,0.2430742355679956,0.9999963846351302,0,0,1.5767815322850451,2.230181486730519,RIPPLY1;MESP1;RIPPLY2;FZD5;CER1;WLS
GO_Biological_Process_2023,Cellular Response To Estradiol Stimulus (GO:0071392),6/20,0.2430742355679956,0.9999963846351302,0,0,1.5767815322850451,2.230181486730519,CRHBP;SFRP1;RAMP3;GPER1;SSTR1;EGFR
GO_Biological_Process_2023,Limb Morphogenesis (GO:0035108),6/20,0.2430742355679956,0.9999963846351302,0,0,1.5767815322850451,2.230181486730519,CYP26B1;FGF8;MYH3;PTCH1;PCSK5;TBX4
GO_Biological_Process_2023,Myoblast Differentiation (GO:0045445),6/20,0.2430742355679956,0.9999963846351302,0,0,1.5767815322850451,2.230181486730519,MYOCD;EPAS1;SOX15;NRG1;IGF1;PLEKHM3
GO_Biological_Process_2023,Positive Regulation Of Phospholipase Activity (GO:0010518),6/20,0.2430742355679956,0.9999963846351302,0,0,1.5767815322850451,2.230181486730519,PDGFRA;KIT;AGTR1;PLA2G5;FGF2;FGFR1
GO_Biological_Process_2023,Regulation Of Calcium Ion Import (GO:0090279),6/20,0.2430742355679956,0.9999963846351302,0,0,1.5767815322850451,2.230181486730519,LGALS3;CXCL12;PLN;EGF;CCL2;PKD2
GO_Biological_Process_2023,Regulation Of Cardiac Muscle Cell Proliferation (GO:0060043),6/20,0.2430742355679956,0.9999963846351302,0,0,1.5767815322850451,2.230181486730519,TGFBR3;MEF2C;NOG;GLI1;ZFPM2;FGF2
GO_Biological_Process_2023,Regulation Of Cardiac Muscle Contraction By Calcium Ion Signaling (GO:0010882),6/20,0.2430742355679956,0.9999963846351302,0,0,1.5767815322850451,2.230181486730519,GSTM2;CASQ2;HRC;ATP1A2;DMD;CLIC2
GO_Biological_Process_2023,Regulation Of Smooth Muscle Contraction (GO:0006940),6/20,0.2430742355679956,0.9999963846351302,0,0,1.5767815322850451,2.230181486730519,CHRM2;CNN1;MYOCD;CAV1;KCNB2;PROK2
GO_Biological_Process_2023,Striated Muscle Cell Differentiation (GO:0051146),6/20,0.2430742355679956,0.9999963846351302,0,0,1.5767815322850451,2.230181486730519,MESP1;POPDC3;MEF2C;MYOCD;BMP2;NRG1
GO_Biological_Process_2023,Xenobiotic Transport (GO:0042908),6/20,0.2430742355679956,0.9999963846351302,0,0,1.5767815322850451,2.230181486730519,SLC22A3;ABCB1;SLC47A1;SLC29A4;ABCA8;ABCG2
GO_Biological_Process_2023,Adult Locomotory Behavior (GO:0008344),4/12,0.2432489336006326,0.9999963846351302,0,0,1.8394194756554307,2.600332023261411,NTF4;PRKN;DRD1;DRD2
GO_Biological_Process_2023,Alanine Transport (GO:0032328),4/12,0.2432489336006326,0.9999963846351302,0,0,1.8394194756554307,2.600332023261411,SLC36A2;SLC6A14;SLC38A3;SLC7A10
GO_Biological_Process_2023,Atrial Cardiac Muscle Cell Action Potential (GO:0086014),4/12,0.2432489336006326,0.9999963846351302,0,0,1.8394194756554307,2.600332023261411,KCNE5;KCNA5;SCN5A;SCN3B
GO_Biological_Process_2023,Biogenic Amine Metabolic Process (GO:0006576),4/12,0.2432489336006326,0.9999963846351302,0,0,1.8394194756554307,2.600332023261411,SLC22A3;MAOA;SLC29A4;HNMT
GO_Biological_Process_2023,Detection Of Calcium Ion (GO:0005513),4/12,0.2432489336006326,0.9999963846351302,0,0,1.8394194756554307,2.600332023261411,KCNIP2;KCNMB1;KCNMB2;CASQ2
GO_Biological_Process_2023,Fatty Acid Transmembrane Transport (GO:1902001),4/12,0.2432489336006326,0.9999963846351302,0,0,1.8394194756554307,2.600332023261411,ABCD2;SLC27A1;CD36;SLC25A20
GO_Biological_Process_2023,Granulocyte Differentiation (GO:0030851),4/12,0.2432489336006326,0.9999963846351302,0,0,1.8394194756554307,2.600332023261411,STAT5A;CEBPA;CSF3;TAL1
GO_Biological_Process_2023,Icosanoid Secretion (GO:0032309),4/12,0.2432489336006326,0.9999963846351302,0,0,1.8394194756554307,2.600332023261411,ANXA1;LEP;PLA2G5;DRD2
GO_Biological_Process_2023,Macrophage Migration (GO:1905517),4/12,0.2432489336006326,0.9999963846351302,0,0,1.8394194756554307,2.600332023261411,LGALS3;EDNRB;SAA1;CCL2
GO_Biological_Process_2023,Myelination In Peripheral Nervous System (GO:0022011),4/12,0.2432489336006326,0.9999963846351302,0,0,1.8394194756554307,2.600332023261411,ARHGEF10;MYOC;LGI4;NCMAP
GO_Biological_Process_2023,Negative Regulation Of Coagulation (GO:0050819),4/12,0.2432489336006326,0.9999963846351302,0,0,1.8394194756554307,2.600332023261411,PROCR;THBD;EDN1;TFPI
GO_Biological_Process_2023,Negative Regulation Of Mononuclear Cell Migration (GO:0071676),4/12,0.2432489336006326,0.9999963846351302,0,0,1.8394194756554307,2.600332023261411,DUSP1;CCN3;SLIT2;BMP5
GO_Biological_Process_2023,Negative Regulation Of Substrate Adhesion-Dependent Cell Spreading (GO:1900025),4/12,0.2432489336006326,0.9999963846351302,0,0,1.8394194756554307,2.600332023261411,KANK1;DMTN;FBLN1;EFNA5
GO_Biological_Process_2023,Positive Regulation Of Neuroinflammatory Response (GO:0150078),4/12,0.2432489336006326,0.9999963846351302,0,0,1.8394194756554307,2.600332023261411,IL33;IL6;TAFA3;PLCG2
GO_Biological_Process_2023,Positive Regulation Of Purine Nucleotide Biosynthetic Process (GO:1900373),4/12,0.2432489336006326,0.9999963846351302,0,0,1.8394194756554307,2.600332023261411,PID1;NOS1;PPARA;PPARGC1A
GO_Biological_Process_2023,Positive Regulation Of Sodium Ion Transmembrane Transporter Activity (GO:2000651),4/12,0.2432489336006326,0.9999963846351302,0,0,1.8394194756554307,2.600332023261411,FXYD2;TESC;CHP2;DMD
GO_Biological_Process_2023,Positive Regulation Of Sodium Ion Transport (GO:0010765),4/12,0.2432489336006326,0.9999963846351302,0,0,1.8394194756554307,2.600332023261411,NOS1;SCN5A;SCN3B;SCN4B
GO_Biological_Process_2023,Positive Regulation Of Vasoconstriction (GO:0045907),4/12,0.2432489336006326,0.9999963846351302,0,0,1.8394194756554307,2.600332023261411,OXTR;CAV1;AVPR2;AVPR1A
GO_Biological_Process_2023,Regulation Of Cell Communication By Electrical Coupling (GO:0010649),4/12,0.2432489336006326,0.9999963846351302,0,0,1.8394194756554307,2.600332023261411,CAV1;CASQ2;HRC;TRDN
GO_Biological_Process_2023,Regulation Of Tube Diameter (GO:0035296),4/12,0.2432489336006326,0.9999963846351302,0,0,1.8394194756554307,2.600332023261411,ACE2;NPR1;AGTR1;ADCY6
GO_Biological_Process_2023,Response To Interleukin-6 (GO:0070741),4/12,0.2432489336006326,0.9999963846351302,0,0,1.8394194756554307,2.600332023261411,PTPRT;PID1;PTGIS;CITED1
GO_Biological_Process_2023,Response To Iron Ion (GO:0010039),4/12,0.2432489336006326,0.9999963846351302,0,0,1.8394194756554307,2.600332023261411,BCL2;F3;BMP6;SNCA
GO_Biological_Process_2023,Sodium Ion Export Across Plasma Membrane (GO:0036376),4/12,0.2432489336006326,0.9999963846351302,0,0,1.8394194756554307,2.600332023261411,FXYD2;ATP1A2;ATP1B2;SLC4A4
GO_Biological_Process_2023,Spinal Cord Development (GO:0021510),4/12,0.2432489336006326,0.9999963846351302,0,0,1.8394194756554307,2.600332023261411,VIT;RELN;PKD2;DLL1
GO_Biological_Process_2023,Vascular Process In Circulatory System (GO:0003018),4/12,0.2432489336006326,0.9999963846351302,0,0,1.8394194756554307,2.600332023261411,ACE2;NPR1;AGTR1;ADCY6
GO_Biological_Process_2023,Autonomic Nervous System Development (GO:0048483),5/16,0.2447919768446444,0.9999963846351302,0,0,1.6722717694387093,2.35346582713384,EDNRB;KIF26A;SEMA3A;SOX8;SOX10
GO_Biological_Process_2023,Chondroitin Sulfate Metabolic Process (GO:0030204),5/16,0.2447919768446444,0.9999963846351302,0,0,1.6722717694387093,2.35346582713384,CHST9;CHST7;DSEL;NDNF;CHST3
GO_Biological_Process_2023,Negative Regulation Of Chemokine Production (GO:0032682),5/16,0.2447919768446444,0.9999963846351302,0,0,1.6722717694387093,2.35346582713384,IL6;GSTP1;SIRPA;KLF4;ELANE
GO_Biological_Process_2023,Positive Regulation Of Homotypic Cell-Cell Adhesion (GO:0034112),5/16,0.2447919768446444,0.9999963846351302,0,0,1.6722717694387093,2.35346582713384,IL6;DMTN;MMRN1;EMILIN2;CTSG
GO_Biological_Process_2023,Regulation Of NMDA Receptor Activity (GO:2000310),5/16,0.2447919768446444,0.9999963846351302,0,0,1.6722717694387093,2.35346582713384,CRHBP;MEF2C;NLGN1;RELN;CCL2
GO_Biological_Process_2023,"Regulation Of Synaptic Transmission, GABAergic (GO:0032228)",5/16,0.2447919768446444,0.9999963846351302,0,0,1.6722717694387093,2.35346582713384,NPAS4;NLGN1;STXBP1;DRD2;CNTNAP4
GO_Biological_Process_2023,Response To Organic Cyclic Compound (GO:0014070),15/58,0.2451386450626086,0.9999963846351302,0,0,1.2837635013071502,1.8048833271611295,STAT5B;ANXA1;TIPARP;AQP3;CLU;SOCS2;GH1;SFRP1;CYP24A1;CYP1A1;CCL2;ALPL;CSN1S1;DRD2;TLR3
GO_Biological_Process_2023,Cell-Cell Junction Assembly (GO:0007043),18/71,0.2458223459264273,0.9999963846351302,0,0,1.2499357480259137,1.7538425638029127,RAMP2;PRKCA;CLDN11;CDH5;CLDN5;CDH4;CDH10;GJA4;CDH22;CDH12;CDHR3;CDH13;DSG1;PKP1;TLN2;TLN1;MPDZ;JAM3
GO_Biological_Process_2023,Negative Regulation Of Cellular Response To Growth Factor Stimulus (GO:0090288),18/71,0.2458223459264273,0.9999963846351302,0,0,1.2499357480259137,1.7538425638029127,NOG;CRIM1;DAB2IP;CHRDL1;FGF2;SPART;BMPER;CAPN5;MMRN2;RBPMS2;VWC2;SOSTDC1;SPRY2;PPARG;SPRY1;SLIT2;WNT1;CER1
GO_Biological_Process_2023,Synaptic Vesicle Exocytosis (GO:0016079),11/41,0.2478005350942989,0.9999963846351302,0,0,1.3492301680343883,1.8823530364972745,SYT4;UNC13C;STX1B;RIMS3;SYT2;STX19;DOC2B;SYT8;STX11;VAMP2;SNCA
GO_Biological_Process_2023,Negative Regulation Of Protein Serine/Threonine Kinase Activity (GO:0071901),20/80,0.2516529109187902,0.9999963846351302,0,0,1.2268170426065164,1.6926449679792954,CEBPA;MYOCD;CAV3;DUSP1;GSTP1;ADIPOQ;LRP5;DAB2IP;IRAK3;RASIP1;BMP4;SLC8A3;RGS2;BMP2;PRKAR2B;PKIA;INPP5K;SPRY2;PPARG;SPRY1
GO_Biological_Process_2023,Peptidyl-Tyrosine Modification (GO:0018212),14/54,0.252161095464454,0.9999963846351302,0,0,1.2879868606288127,1.7744429189204058,EPHA4;PDGFRA;PKDCC;FLT4;EGFR;EFEMP1;RELN;FES;KDR;FYN;TEK;EPHA3;DDR2;FGFR1
GO_Biological_Process_2023,Regulation Of Lipid Metabolic Process (GO:0019216),14/54,0.252161095464454,0.9999963846351302,0,0,1.2879868606288127,1.7744429189204058,CAV1;RARRES2;IRS2;C1QTNF2;ADGRF1;ADGRF5;ANGPTL8;PLCG2;PPARG;THRSP;CCDC3;PPARA;PCK1;PLPP1
GO_Biological_Process_2023,Negative Regulation Of Stress-Activated MAPK Cascade (GO:0032873),10/37,0.2545543013239821,0.9999963846351302,0,0,1.3627997430154015,1.8646386208528969,PRKN;PER1;SH3RF2;MECOM;DUSP1;GSTP1;MYC;SIRPA;FOXO1;KLHL31
GO_Biological_Process_2023,Positive Regulation Of Signaling (GO:0023056),10/37,0.2545543013239821,0.9999963846351302,0,0,1.3627997430154015,1.8646386208528969,LGI1;EDN1;NMB;RAMP3;TNXB;RIMS3;CLSTN2;EDN3;SNCA;WLS
GO_Biological_Process_2023,Regulation Of Ossification (GO:0030278),10/37,0.2545543013239821,0.9999963846351302,0,0,1.3627997430154015,1.8646386208528969,BMP4;MEF2C;BMP2;SFRP1;ZBTB16;S1PR1;LRP4;TWIST1;PTN;DDR2
GO_Biological_Process_2023,Monoatomic Cation Transmembrane Transport (GO:0098655),65/281,0.2559667703734394,0.9999963846351302,0,0,1.10823064812616,1.5101943779064864,KCNK7;KCNC2;LRRC38;KCNC4;PKD2;SLC4A4;SLC6A2;CLU;RYR3;SCN9A;CNGA1;SCN5A;KCNH3;KCNH4;KCNH5;SLC36A2;TRPC6;SCARA5;SLC6A15;KCNH8;TRPC1;SLC6A14;ANO6;ABCC9;KCNK17;SCNN1B;SLC9A9;KCNQ4;SLC29A4;SCN4A;GAS6;SCN4B;ATP6V1B1;KCNE1;SLC24A4;KCNA1;KCNA2;UCP1;KCNA4;SLC1A3;KCNA5;ATP1A2;KCNA6;CACNA1G;TRPM1;GRIN2A;SCN3B;TRPM6;TRPM3;KCNJ2;MCOLN3;SLC12A4;KCNJ8;KCNB1;KCNB2;TRPV3;GRIN2B;SLC8A3;KCNS1;FXYD2;SCN2A;KCNK2;KCNK3;SCN2B;HCN1
GO_Biological_Process_2023,Negative Regulation Of Inflammatory Response (GO:0050728),27/111,0.2561210058774584,0.9999963846351302,0,0,1.1831355276871869,1.6115551338036795,PTGER4;GSTP1;CDH5;GPER1;FFAR4;SIRPA;NLRP3;CCN3;FYN;ENPP3;ELANE;IL33;PTGIS;ADIPOQ;NR1H3;IGF1;TNFRSF1B;KLF4;IL22RA1;LRFN5;FNDC4;TYRO3;SAA1;PPARG;TEK;PPARA;CD200
GO_Biological_Process_2023,Plasma Membrane Bounded Cell Projection Morphogenesis (GO:0120039),13/50,0.2595280490312928,0.9999963846351302,0,0,1.2929037411796032,1.7439855654422265,GPM6A;NLGN1;NYAP1;LRRK2;DAB2IP;NGF;KLK8;DCLK1;MYO16;NTF4;NTF3;TUNAR;SGK1
GO_Biological_Process_2023,Positive Regulation Of Transport (GO:0051050),13/50,0.2595280490312928,0.9999963846351302,0,0,1.2929037411796032,1.7439855654422265,ANXA1;LRP1;NR1H3;DOC2B;DLL1;GPC3;INPP5K;SGK1;SGK2;LACRT;GPLD1;BOK;SNCA
GO_Biological_Process_2023,Lung Development (GO:0030324),9/33,0.2615243444978259,0.9999963846351302,0,0,1.3797750175767518,1.850592755114482,BMP4;CEBPA;FGF7;WNT11;FGF9;TCF21;NPHP3;PROX1;FGF10
GO_Biological_Process_2023,Negative Regulation Of Endocytosis (GO:0045806),9/33,0.2615243444978259,0.9999963846351302,0,0,1.3797750175767518,1.850592755114482,LGALS3;PIP4P2;MCTP1;CAV1;ADIPOQ;SIRPA;NR1H3;PRKD1;EPHA3
GO_Biological_Process_2023,Positive Regulation Of DNA Binding (GO:0043388),9/33,0.2615243444978259,0.9999963846351302,0,0,1.3797750175767518,1.850592755114482,PRKN;FOXC1;EGF;HAND2;PINX1;TWIST1;PPARG;IGF1;NGF
GO_Biological_Process_2023,Positive Regulation Of Small Molecule Metabolic Process (GO:0062013),9/33,0.2615243444978259,0.9999963846351302,0,0,1.3797750175767518,1.850592755114482,MLXIPL;IRS1;ZBTB20;ADM;IRS2;IGF1;SLC4A4;GPLD1;CES1
GO_Biological_Process_2023,Regulation Of Amyloid-Beta Formation (GO:1902003),9/33,0.2615243444978259,0.9999963846351302,0,0,1.3797750175767518,1.850592755114482,EPHA4;NTRK2;PRNP;RTN1;LRRTM3;BIN1;CHRNA7;IGF1;CLU
GO_Biological_Process_2023,Regulation Of Cell Adhesion Mediated By Integrin (GO:0033628),9/33,0.2615243444978259,0.9999963846351302,0,0,1.3797750175767518,1.850592755114482,DPP4;P2RY12;CCL21;TESC;PDE3B;LIF;NRG1;JAM3;EPHA2
GO_Biological_Process_2023,Ventricular Cardiac Muscle Tissue Morphogenesis (GO:0055010),9/33,0.2615243444978259,0.9999963846351302,0,0,1.3797750175767518,1.850592755114482,DLL4;TGFBR3;TNNC1;MYL2;NOG;MYL3;NRG1;PROX1;ZFPM2
GO_Biological_Process_2023,Positive Regulation Of Canonical Wnt Signaling Pathway (GO:0090263),21/85,0.2636114746129707,0.9999963846351302,0,0,1.207623384253819,1.6100988340133513,SEMA5A;KANK1;EGF;LRRK2;CAV1;FZD9;PLEKHA4;LYPD6;EGFR;SCEL;GPRC5B;SFRP1;ZEB2;DAAM2;GPC3;GPC5;RSPO1;LGR6;LGR4;WLS;FGF10
GO_Biological_Process_2023,Cholesterol Homeostasis (GO:0042632),18/72,0.2664589246548986,0.9999963846351302,0,0,1.226710505714733,1.6223677947359438,ABCG8;CETP;DGAT2;ABCA5;CAV3;AKR1C1;CAV1;LRP5;LCAT;NR1H3;ABCB11;CYP7A1;CYP39A1;LIPC;SOAT2;APOB;CES1;GPIHBP1
GO_Biological_Process_2023,Transforming Growth Factor Beta Receptor Signaling Pathway (GO:0007179),18/72,0.2664589246548986,0.9999963846351302,0,0,1.226710505714733,1.6223677947359438,ACVRL1;GDF10;JUN;NRROS;CITED1;HPGD;WFIKKN2;SMAD9;LTBP2;FOS;GDF5;TGFBR2;TGFBR3;CDH5;CLDN5;ID1;FMOD;FERMT2
GO_Biological_Process_2023,Positive Regulation Of Blood Vessel Endothelial Cell Migration (GO:0043536),12/46,0.2672739436977919,0.9999963846351302,0,0,1.298697715483942,1.7136071424121406,STAT5A;ANGPT4;FGFBP1;ANXA1;ANGPT1;RHOJ;KDR;PRKCA;PRKD1;PTGS2;FGF2;FGFR1
GO_Biological_Process_2023,Regulation Of Fibroblast Proliferation (GO:0048145),12/46,0.2672739436977919,0.9999963846351302,0,0,1.298697715483942,1.7136071424121406,PDGFRA;SFRP1;GSTP1;MYC;DAB2IP;S100A6;PDGFA;IGF1;WNT1;GAS6;AQP1;DDR2
GO_Biological_Process_2023,Regulation Of Nervous System Development (GO:0051960),12/46,0.2672739436977919,0.9999963846351302,0,0,1.298697715483942,1.7136071424121406,CX3CR1;YAP1;HEY1;PTPRZ1;LGI4;HEY2;BHLHE41;NPHP3;PTN;TNFRSF1B;DLL1;CX3CL1
GO_Biological_Process_2023,Protein Localization To Membrane (GO:0072657),45/192,0.2674424389711243,0.9999963846351302,0,0,1.1270312899444817,1.4863862504758494,HYCC1;TRARG1;RAB3C;PIGR;NLGN1;RAMP2;PLEKHF1;RAMP3;FRMPD1;STXBP1;NRXN1;LIN7A;PTN;CYP46A1;ZDHHC2;SYNE3;DPP6;ARL5C;TMEM88;CAPN3;INPP5K;SCN3B;RAB6B;SPTBN1;PDZK1P1;CAV3;KCNB1;CAV1;PTCH1;TESC;KCNB2;ADIPOQ;RFTN1;ANK2;PDZK1;ANK1;ZDHHC15;EHD2;PRPH2;CPE;GAS6;MRAP2;SHANK3;FERMT2;EPHA2
GO_Biological_Process_2023,Morphogenesis Of An Epithelium (GO:0002009),8/29,0.2686815497817785,0.9999963846351302,0,0,1.4016155665640202,1.8420430261647216,FLG2;KRT16;NPHP3;KLK14;SOX8;SOX10;TBX18;KRT6A
GO_Biological_Process_2023,Peptidyl-Tyrosine Dephosphorylation (GO:0035335),8/29,0.2686815497817785,0.9999963846351302,0,0,1.4016155665640202,1.8420430261647216,PTPRT;PTPRB;PTPRS;PTPRZ1;DUSP1;PTPN5;TNS2;DUSP6
GO_Biological_Process_2023,Regulation Of Neuron Migration (GO:2001222),8/29,0.2686815497817785,0.9999963846351302,0,0,1.4016155665640202,1.8420430261647216,IGSF10;RELN;SEMA6A;TNN;KIF26A;SEMA3A;DAB2IP;CX3CL1
GO_Biological_Process_2023,Response To Steroid Hormone (GO:0048545),8/29,0.2686815497817785,0.9999963846351302,0,0,1.4016155665640202,1.8420430261647216,YAP1;CAV1;NR1H3;ATP1A2;CSN1S1;MGARP;NR3C1;TFPI
GO_Biological_Process_2023,Calcium Ion Transport (GO:0006816),27/112,0.2727957962603378,0.9999963846351302,0,0,1.1691415281104205,1.5187519801473004,RYR1;RAMP2;SLC24A4;RAMP3;CHRNA7;ITPR1;CSN2;PKD2;CLU;RYR3;CACNA1G;TRPM1;CCL8;CDH23;FYN;TRPM6;TRPM3;MCOLN3;TRPC6;CACNA2D1;CAV1;TRPC1;TRPV3;ANO6;SLC8A3;NMUR1;GAS6
GO_Biological_Process_2023,Lipid Modification (GO:0030258),11/42,0.2754393286299146,0.9999963846351302,0,0,1.3056234164050975,1.6834550316756758,PLPPR1;DGKB;PLPPR4;CYP1A1;CYP2E1;CYP3A4;PLPP3;CYP3A5;ALOX15B;DGKI;PLPP1
GO_Biological_Process_2023,Cellular Response To Steroid Hormone Stimulus (GO:0071383),7/25,0.2759600414031042,0.9999963846351302,0,0,1.430754014731527,1.842094651182474,BMP4;GPER1;AKR1C3;ATP1A2;MGARP;NR3C1;TFPI
GO_Biological_Process_2023,Negative Regulation Of Protein Localization To Membrane (GO:1905476),7/25,0.2759600414031042,0.9999963846351302,0,0,1.430754014731527,1.842094651182474,KCNE1;PID1;DMTN;TMBIM1;INPP5K;MRAP2;RHOQ
GO_Biological_Process_2023,Negative Regulation Of Stress Fiber Assembly (GO:0051497),7/25,0.2759600414031042,0.9999963846351302,0,0,1.430754014731527,1.842094651182474,TMEFF2;MYOC;INPP5K;PIK3R1;ARHGAP6;MET;PHLDB2
GO_Biological_Process_2023,Peptide Hormone Secretion (GO:0030072),7/25,0.2759600414031042,0.9999963846351302,0,0,1.430754014731527,1.842094651182474,EDN1;IL6;ANXA1;EDN3;FFAR4;VIP;CRHR1
GO_Biological_Process_2023,Positive Regulation Of Glucose Import (GO:0046326),7/25,0.2759600414031042,0.9999963846351302,0,0,1.430754014731527,1.842094651182474,IRS1;ITLN1;IRS2;PIK3R1;IGF1;SORBS1;RHOQ
GO_Biological_Process_2023,Purine Ribonucleotide Catabolic Process (GO:0009154),7/25,0.2759600414031042,0.9999963846351302,0,0,1.430754014731527,1.842094651182474,NUDT11;NT5E;NUDT7;SUCLA2;PDE2A;MLYCD;PDE9A
GO_Biological_Process_2023,Regulation Of Actin Cytoskeleton Reorganization (GO:2000249),7/25,0.2759600414031042,0.9999963846351302,0,0,1.430754014731527,1.842094651182474,PDGFRA;FES;SEMA3E;TEK;CLU;CCL27;RAPGEF3
GO_Biological_Process_2023,Regulation Of Keratinocyte Proliferation (GO:0010837),7/25,0.2759600414031042,0.9999963846351302,0,0,1.430754014731527,1.842094651182474,TGM1;EPB41L4B;FGF7;ZFP36;KLF9;PRKD1;FGF10
GO_Biological_Process_2023,Regulation Of Platelet Aggregation (GO:0090330),7/25,0.2759600414031042,0.9999963846351302,0,0,1.430754014731527,1.842094651182474,IL6;C1QTNF1;DMTN;MMRN1;EMILIN2;CTSG;PRKCA
GO_Biological_Process_2023,Regulation Of Postsynapse Organization (GO:0099175),7/25,0.2759600414031042,0.9999963846351302,0,0,1.430754014731527,1.842094651182474,EPHA4;LRRK2;IL1RAPL1;SHANK3;LZTS3;PPFIA2;ZDHHC15
GO_Biological_Process_2023,Peptide Catabolic Process (GO:0043171),6/21,0.2832182937126324,0.9999963846351302,0,0,1.4715690866510538,1.8564393258977256,MME;CPQ;LVRN;ANPEP;TRHDE;NAALADL1
GO_Biological_Process_2023,Regulation Of Cell-Substrate Junction Assembly (GO:0090109),6/21,0.2832182937126324,0.9999963846351302,0,0,1.4715690866510538,1.8564393258977256,LIMCH1;FYN;EFNA5;TLN1;EPHA3;GPM6B
GO_Biological_Process_2023,Regulation Of Dendritic Spine Development (GO:0060998),6/21,0.2832182937126324,0.9999963846351302,0,0,1.4715690866510538,1.8564393258977256,MEF2C;NLGN1;PTPRS;CAMK1;SHANK3;PPFIA2
GO_Biological_Process_2023,Regulation Of Lipid Storage (GO:0010883),6/21,0.2832182937126324,0.9999963846351302,0,0,1.4715690866510538,1.8564393258977256,C3;IL6;ITGB3;PPARG;APOB;PLIN5
GO_Biological_Process_2023,Regulation Of Lipopolysaccharide-Mediated Signaling Pathway (GO:0031664),6/21,0.2832182937126324,0.9999963846351302,0,0,1.4715690866510538,1.8564393258977256,PRKCA;CD36;LACRT;CX3CL1;SASH1;LTF
GO_Biological_Process_2023,Heart Looping (GO:0001947),10/38,0.284072433969851,0.9999963846351302,0,0,1.3140446051838457,1.6537593325188724,MESP1;MEF2C;SOX17;SOX18;APLNR;NPHP3;PKD2;DLL1;FOLR1;TGFBR2
GO_Biological_Process_2023,Negative Regulation Of Epithelial Cell Apoptotic Process (GO:1904036),10/38,0.284072433969851,0.9999963846351302,0,0,1.3140446051838457,1.6537593325188724,SEMA5A;YAP1;CDH5;RAMP2;SERPINB13;KDR;NDNF;TEK;GAS6;PPARA
GO_Biological_Process_2023,Positive Regulation Of Protein Tyrosine Kinase Activity (GO:0061098),10/38,0.284072433969851,0.9999963846351302,0,0,1.3140446051838457,1.6537593325188724,EPHA4;PRNP;GPRC5B;RELN;EGF;IL34;NEDD9;GAS6;ADRA2A;HBEGF
GO_Biological_Process_2023,Cholesterol Transport (GO:0030301),13/51,0.2849330649584336,0.9999963846351302,0,0,1.258799708631184,1.580424275479198,ABCG8;CETP;ABCA5;AKR1C1;CAV1;LCAT;ABCA8;CLU;LIPC;SOAT2;CD36;APOB;CES1
GO_Biological_Process_2023,Positive Regulation Of Protein Localization To Plasma Membrane (GO:1903078),13/51,0.2849330649584336,0.9999963846351302,0,0,1.258799708631184,1.580424275479198,RAMP3;LRP1;STAC;PIK3R1;SORBS1;ZDHHC2;EGFR;LGALS3;GPER1;STAC2;EPHA3;SPTBN1;EPHA2
GO_Biological_Process_2023,Sensory Perception (GO:0007600),13/51,0.2849330649584336,0.9999963846351302,0,0,1.258799708631184,1.580424275479198,NMB;MME;MRGPRX2;CHRNA7;KCNA2;PCDH15;OPRK1;SCN9A;PENK;CDH23;PROK2;CCL2;OR3A2
GO_Biological_Process_2023,Positive Regulation Of Cellular Process (GO:0048522),133/594,0.2859376774516473,0.9999963846351302,0,0,1.0628590786120695,1.330679800343346,CSF3;VIPR1;CSF1;IRS1;HP;IRS2;FGF1;FGF2;NCMAP;TGM1;RPS6KA3;FGF7;ZFP36;FGF8;CCND2;FGF9;MYC;CHP2;KDR;DPF3;IL6R;KRT6A;EPHA4;OSR2;PDGFRA;IL11RA;SERPINF2;HBE1;PRKCA;LIFR;POU3F3;CLDN5;SFRP1;PTGFR;CHRNA7;PDGFA;TWIST1;HPR;DPP4;GRK5;PDGFD;FGF20;TPPP;WNT1;EGR2;TSLP;HBG2;HBG1;CAV1;IGF2;LIF;IGF1;BMP6;BMP5;BMP4;FGF17;MLXIPL;BST1;FGF16;BMP2;IL6;CXCL12;BCL2;ECHDC3;MEIS3P1;LACRT;FGFR1;CITED2;FLT4;HBB;ADRA1D;LAMC2;HBD;PRL;LAMC1;GLI1;CX3CL1;CXCL5;EPB41L4B;HYAL1;GPER1;TEAD1;HBZ;EDN1;CR1;EDN3;GLP2R;NRG1;AVPR1A;HBA1;PROX1;AXIN2;DUSP26;TNFRSF1B;ADRA2A;TGFBR2;TAL1;TLR4;HBEGF;CCL14;YAP1;CTF1;TNXB;LAMA2;LAMA1;LRP5;NEDD9;AKAP6;PTN;DLL1;EGFR;PTHLH;FTMT;NTF3;CXCR2;LGI1;NTRK2;CCL21;CAVIN1;EGF;LAMB2;NTRK3;IL34;AKR1C3;AKR1C2;VEGFD;S100B;MEIS2;TSHR;MEIS1;SAA1;FOLR2;VIP
GO_Biological_Process_2023,Heart Development (GO:0007507),40/171,0.2867674961612952,0.9999963846351302,0,0,1.1239899372157227,1.4039572953641843,ACVRL1;MESP1;POPDC3;FOXC1;RAMP2;CITED2;CCM2L;LDB3;PKD2;PCSK5;PDLIM1;PDLIM3;FGF8;SOX17;FLRT2;SOX18;GPC3;PDLIM4;CER1;SGCG;MEF2C;MYOCD;NTRK3;SGCZ;BMP5;POU6F1;TGFBR2;BMP4;TGFBR3;KAT2B;BMP2;MYL7;SYNPO2L;MYL2;HAND2;MMP23A;APLNR;ALPK3;TEK;ZFPM2
GO_Biological_Process_2023,Sterol Homeostasis (GO:0055092),18/73,0.2877017765603511,0.9999963846351302,0,0,1.2043298176694135,1.5003912204343897,ABCG8;CETP;DGAT2;ABCA5;CAV3;AKR1C1;CAV1;LRP5;LCAT;NR1H3;ABCB11;CYP7A1;CYP39A1;LIPC;SOAT2;APOB;CES1;GPIHBP1
GO_Biological_Process_2023,Positive Regulation Of Gene Expression (GO:0010628),108/480,0.288914131225666,0.9999963846351302,0,0,1.069345551359049,1.327726981632369,PID1;CSF1;FGF1;CLU;FGF2;ACTG2;CDH5;FGF7;FGF8;FGF9;MYC;HABP4;HOXA5;OSR2;MEF2C;MITF;ANK2;POU3F3;CLDN5;PKP1;PGR;PLA2R1;TWIST1;PIK3R1;NTS;PLD1;WNT6;CALCR;PLCG2;FGF20;PPARGC1A;MARK1;NIBAN1;EGR1;PDE2A;IGF1;LARP6;BMP6;BMP4;FGF17;FGF16;BMP2;IL6;RGCC;PIP;CNTN1;HOXD3;FGF10;PIWIL2;MYOM1;CALCOCO1;RHOXF1;CITED1;CITED2;TCF23;CLEC9A;VSIR;EPB41L4B;C1QTNF1;GPER1;ITGB8;CD36;CD34;TESC;AVPR2;NOG;NGF;ADRA2A;ACTA2;KAT2B;HAND2;CLDN19;RBM20;PPARG;GAS6;TLR4;TLR3;RBMS3;PRKN;PTGER4;YAP1;RAMP2;RAMP3;AGPAT2;DLL1;PPM1F;DLL4;NWD1;CUX2;FAM47E;LURAP1;STOX1;NTRK2;IL33;GSN;ANGPT1;ODAM;EGF;NTRK3;SAMD4A;KLF4;CTCFL;MAPK11;ACTC1;SAA1;SPRY2;VIM;PF4
GO_Biological_Process_2023,Cellular Response To Alkaloid (GO:0071312),5/17,0.2901464642780041,0.9999963846351302,0,0,1.5328182314836494,1.896662427916727,RYR1;CRHBP;GSTM2;CASQ2;RYR3
GO_Biological_Process_2023,Cellular Response To Unfolded Protein (GO:0034620),5/17,0.2901464642780041,0.9999963846351302,0,0,1.5328182314836494,1.896662427916727,PRKN;PACRG;HSPB8;DAB2IP;OPTN
GO_Biological_Process_2023,Central Nervous System Neuron Development (GO:0021954),5/17,0.2901464642780041,0.9999963846351302,0,0,1.5328182314836494,1.896662427916727,NTRK2;MAP2;NOVA2;LHX6;B4GALT6
GO_Biological_Process_2023,Embryonic Digit Morphogenesis (GO:0042733),5/17,0.2901464642780041,0.9999963846351302,0,0,1.5328182314836494,1.896662427916727,OSR2;NOG;MAP3K20;TWIST1;MSX1
GO_Biological_Process_2023,Embryonic Heart Tube Development (GO:0035050),5/17,0.2901464642780041,0.9999963846351302,0,0,1.5328182314836494,1.896662427916727,MESP1;FGF8;SOX17;CITED2;SOX18
GO_Biological_Process_2023,Hippo Signaling (GO:0035329),5/17,0.2901464642780041,0.9999963846351302,0,0,1.5328182314836494,1.896662427916727,YAP1;AMOTL2;AMOTL1;FAT4;TEAD1
GO_Biological_Process_2023,Long-Chain fatty-acyl-CoA Biosynthetic Process (GO:0035338),5/17,0.2901464642780041,0.9999963846351302,0,0,1.5328182314836494,1.896662427916727,HACD1;ACSL1;ELOVL3;ACSL5;ACSL4
GO_Biological_Process_2023,Mesenchyme Development (GO:0060485),5/17,0.2901464642780041,0.9999963846351302,0,0,1.5328182314836494,1.896662427916727,BMP4;MESP1;WNT11;PKD2;MEOX1
GO_Biological_Process_2023,Negative Regulation Of Calcium Ion Transport (GO:0051926),5/17,0.2901464642780041,0.9999963846351302,0,0,1.5328182314836494,1.896662427916727,PLN;CAV3;INPP5K;ATP1A2;NOS1
GO_Biological_Process_2023,Positive Regulation Of SMAD Protein Signal Transduction (GO:0060391),5/17,0.2901464642780041,0.9999963846351302,0,0,1.5328182314836494,1.896662427916727,BMP4;RBPMS;PPARG;BMP6;NODAL
GO_Biological_Process_2023,Positive Regulation Of Leukocyte Adhesion To Vascular Endothelial Cell (GO:1904996),5/17,0.2901464642780041,0.9999963846351302,0,0,1.5328182314836494,1.896662427916727,SELP;IL6;CHST4;SELE;CHST2
GO_Biological_Process_2023,Prostaglandin Biosynthetic Process (GO:0001516),5/17,0.2901464642780041,0.9999963846351302,0,0,1.5328182314836494,1.896662427916727,EDN1;PTGIS;PLA2G4A;PTGS2;PTGDS
GO_Biological_Process_2023,Regulation Of Glucose Transmembrane Transport (GO:0010827),5/17,0.2901464642780041,0.9999963846351302,0,0,1.5328182314836494,1.896662427916727,C3;GH1;NR4A3;FFAR4;INPP5K
GO_Biological_Process_2023,Regulation Of Leukocyte Chemotaxis (GO:0002688),5/17,0.2901464642780041,0.9999963846351302,0,0,1.5328182314836494,1.896662427916727,IL6;EDN3;PTN;SLIT2;IL6R
GO_Biological_Process_2023,ERBB2-EGFR Signaling Pathway (GO:0038134),2/5,0.2911932364487426,0.9999963846351302,0,0,2.452191545780689,3.025435923525114,EGF;EGFR
GO_Biological_Process_2023,Activation Of Transmembrane Receptor Protein Tyrosine Kinase Activity (GO:0007171),2/5,0.2911932364487426,0.9999963846351302,0,0,2.452191545780689,3.025435923525114,ANGPT1;NRG1
GO_Biological_Process_2023,Cell Junction Disassembly (GO:0150146),2/5,0.2911932364487426,0.9999963846351302,0,0,2.452191545780689,3.025435923525114,CX3CR1;CX3CL1
GO_Biological_Process_2023,Cellular Response To Iron Ion (GO:0071281),2/5,0.2911932364487426,0.9999963846351302,0,0,2.452191545780689,3.025435923525114,F3;BMP6
GO_Biological_Process_2023,Cellular Response To Magnesium Ion (GO:0071286),2/5,0.2911932364487426,0.9999963846351302,0,0,2.452191545780689,3.025435923525114,KCNA1;RYR3
GO_Biological_Process_2023,Cerebral Cortex Cell Migration (GO:0021795),2/5,0.2911932364487426,0.9999963846351302,0,0,2.452191545780689,3.025435923525114,RELN;LHX6
GO_Biological_Process_2023,Cilium Disassembly (GO:0061523),2/5,0.2911932364487426,0.9999963846351302,0,0,2.452191545780689,3.025435923525114,KIF19;NEDD9
GO_Biological_Process_2023,Coumarin Metabolic Process (GO:0009804),2/5,0.2911932364487426,0.9999963846351302,0,0,2.452191545780689,3.025435923525114,CYP2A7;CYP2A6
GO_Biological_Process_2023,Dermatan Sulfate Metabolic Process (GO:0030205),2/5,0.2911932364487426,0.9999963846351302,0,0,2.452191545780689,3.025435923525114,DSEL;UST
GO_Biological_Process_2023,Determination Of Liver Left/Right Asymmetry (GO:0071910),2/5,0.2911932364487426,0.9999963846351302,0,0,2.452191545780689,3.025435923525114,NPHP3;PKD2
GO_Biological_Process_2023,Embryonic Hindlimb Morphogenesis (GO:0035116),2/5,0.2911932364487426,0.9999963846351302,0,0,2.452191545780689,3.025435923525114,OSR2;TBX4
GO_Biological_Process_2023,Embryonic Skeletal Joint Development (GO:0072498),2/5,0.2911932364487426,0.9999963846351302,0,0,2.452191545780689,3.025435923525114,OSR2;NOG
GO_Biological_Process_2023,Endothelin Receptor Signaling Pathway (GO:0086100),2/5,0.2911932364487426,0.9999963846351302,0,0,2.452191545780689,3.025435923525114,EDN1;EDNRB
GO_Biological_Process_2023,Forebrain Neuron Differentiation (GO:0021879),2/5,0.2911932364487426,0.9999963846351302,0,0,2.452191545780689,3.025435923525114,LHX6;SHANK3
GO_Biological_Process_2023,Glomerular Epithelial Cell Differentiation (GO:0072311),2/5,0.2911932364487426,0.9999963846351302,0,0,2.452191545780689,3.025435923525114,PROM1;KLF15
GO_Biological_Process_2023,Glycosylceramide Metabolic Process (GO:0006677),2/5,0.2911932364487426,0.9999963846351302,0,0,2.452191545780689,3.025435923525114,ST6GALNAC3;ST6GALNAC6
GO_Biological_Process_2023,Hepatocyte Differentiation (GO:0070365),2/5,0.2911932364487426,0.9999963846351302,0,0,2.452191545780689,3.025435923525114,PROX1;PCK1
GO_Biological_Process_2023,Heterocycle Catabolic Process (GO:0046700),2/5,0.2911932364487426,0.9999963846351302,0,0,2.452191545780689,3.025435923525114,CYP2A6;HOGA1
GO_Biological_Process_2023,Imitative Learning (GO:0098596),2/5,0.2911932364487426,0.9999963846351302,0,0,2.452191545780689,3.025435923525114,NRXN1;SHANK3
GO_Biological_Process_2023,Inflammatory Response To Wounding (GO:0090594),2/5,0.2911932364487426,0.9999963846351302,0,0,2.452191545780689,3.025435923525114,IL6;TLR3
GO_Biological_Process_2023,Intracellular Water Homeostasis (GO:0009992),2/5,0.2911932364487426,0.9999963846351302,0,0,2.452191545780689,3.025435923525114,SCTR;AQP4
GO_Biological_Process_2023,Leukocyte Apoptotic Process (GO:0071887),2/5,0.2911932364487426,0.9999963846351302,0,0,2.452191545780689,3.025435923525114,HCAR2;IL6
GO_Biological_Process_2023,Lipid Droplet Disassembly (GO:1905691),2/5,0.2911932364487426,0.9999963846351302,0,0,2.452191545780689,3.025435923525114,PLIN2;PNPLA2
GO_Biological_Process_2023,Medium-Chain fatty-acyl-CoA Metabolic Process (GO:0036112),2/5,0.2911932364487426,0.9999963846351302,0,0,2.452191545780689,3.025435923525114,NUDT7;ACSM2A
GO_Biological_Process_2023,Negative Regulation Of Axon Regeneration (GO:0048681),2/5,0.2911932364487426,0.9999963846351302,0,0,2.452191545780689,3.025435923525114,EPHA4;PTPRS
GO_Biological_Process_2023,Negative Regulation Of Cellular Extravasation (GO:0002692),2/5,0.2911932364487426,0.9999963846351302,0,0,2.452191545780689,3.025435923525114,PTGER4;CXCL12
GO_Biological_Process_2023,Negative Regulation Of Excitatory Postsynaptic Potential (GO:0090394),2/5,0.2911932364487426,0.9999963846351302,0,0,2.452191545780689,3.025435923525114,NLGN4X;LRRK2
GO_Biological_Process_2023,Negative Regulation Of Glucocorticoid Receptor Signaling Pathway (GO:2000323),2/5,0.2911932364487426,0.9999963846351302,0,0,2.452191545780689,3.025435923525114,PER1;CRY2
GO_Biological_Process_2023,Negative Regulation Of Lens Fiber Cell Differentiation (GO:1902747),2/5,0.2911932364487426,0.9999963846351302,0,0,2.452191545780689,3.025435923525114,SPRY2;SPRY1
GO_Biological_Process_2023,Negative Regulation Of Meiotic Cell Cycle (GO:0051447),2/5,0.2911932364487426,0.9999963846351302,0,0,2.452191545780689,3.025435923525114,NPPC;DUSP1
GO_Biological_Process_2023,Negative Regulation Of Monocyte Chemotaxis (GO:0090027),2/5,0.2911932364487426,0.9999963846351302,0,0,2.452191545780689,3.025435923525114,DUSP1;SLIT2
GO_Biological_Process_2023,Negative Regulation Of Neuron Migration (GO:2001223),2/5,0.2911932364487426,0.9999963846351302,0,0,2.452191545780689,3.025435923525114,TNN;CX3CL1
GO_Biological_Process_2023,Negative Regulation Of Protein Targeting To Membrane (GO:0090315),2/5,0.2911932364487426,0.9999963846351302,0,0,2.452191545780689,3.025435923525114,KCNE1;INPP5K
GO_Biological_Process_2023,Negative Regulation Of Transcription From RNA Polymerase II Promoter In Response To Stress (GO:0097201),2/5,0.2911932364487426,0.9999963846351302,0,0,2.452191545780689,3.025435923525114,JUN;CITED2
GO_Biological_Process_2023,Neurotransmitter-Gated Ion Channel Clustering (GO:0072578),2/5,0.2911932364487426,0.9999963846351302,0,0,2.452191545780689,3.025435923525114,NLGN1;SHANK3
GO_Biological_Process_2023,Nucleoside Transport (GO:0015858),2/5,0.2911932364487426,0.9999963846351302,0,0,2.452191545780689,3.025435923525114,SLC29A4;SLC28A3
GO_Biological_Process_2023,Nucleoside Triphosphate Biosynthetic Process (GO:0009142),2/5,0.2911932364487426,0.9999963846351302,0,0,2.452191545780689,3.025435923525114,AK4;AK5
GO_Biological_Process_2023,Plasma Membrane Raft Assembly (GO:0044854),2/5,0.2911932364487426,0.9999963846351302,0,0,2.452191545780689,3.025435923525114,CAV3;CAV2
GO_Biological_Process_2023,Polyamine Transport (GO:0015846),2/5,0.2911932364487426,0.9999963846351302,0,0,2.452191545780689,3.025435923525114,SLC22A3;SLC47A1
GO_Biological_Process_2023,"Positive Regulation Of Wnt Signaling Pathway, Planar Cell Polarity Pathway (GO:2000096)",2/5,0.2911932364487426,0.9999963846351302,0,0,2.452191545780689,3.025435923525114,RSPO3;PLEKHA4
GO_Biological_Process_2023,Positive Regulation Of Cardiac Muscle Cell Differentiation (GO:2000727),2/5,0.2911932364487426,0.9999963846351302,0,0,2.452191545780689,3.025435923525114,MEF2C;MYOCD
GO_Biological_Process_2023,Positive Regulation Of Endothelial Cell Development (GO:1901552),2/5,0.2911932364487426,0.9999963846351302,0,0,2.452191545780689,3.025435923525114,CDH5;CLDN5
GO_Biological_Process_2023,Positive Regulation Of Epithelial Cell Differentiation Involved In Kidney Development (GO:2000698),2/5,0.2911932364487426,0.9999963846351302,0,0,2.452191545780689,3.025435923525114,LIF;PROM1
GO_Biological_Process_2023,Positive Regulation Of Establishment Of Endothelial Barrier (GO:1903142),2/5,0.2911932364487426,0.9999963846351302,0,0,2.452191545780689,3.025435923525114,CDH5;CLDN5
GO_Biological_Process_2023,Positive Regulation Of Fever Generation (GO:0031622),2/5,0.2911932364487426,0.9999963846351302,0,0,2.452191545780689,3.025435923525114,PTGER3;PTGS2
GO_Biological_Process_2023,Positive Regulation Of Intrinsic Apoptotic Signaling Pathway By P53 Class Mediator (GO:1902255),2/5,0.2911932364487426,0.9999963846351302,0,0,2.452191545780689,3.025435923525114,MYC;MSX1
GO_Biological_Process_2023,Positive Regulation Of Killing Of Cells Of Another Organism (GO:0051712),2/5,0.2911932364487426,0.9999963846351302,0,0,2.452191545780689,3.025435923525114,FCER2;PRF1
GO_Biological_Process_2023,Positive Regulation Of Lipoprotein Particle Clearance (GO:0010986),2/5,0.2911932364487426,0.9999963846351302,0,0,2.452191545780689,3.025435923525114,GPLD1;GPIHBP1
GO_Biological_Process_2023,Positive Regulation Of Monoatomic Ion Transmembrane Transport (GO:0034767),2/5,0.2911932364487426,0.9999963846351302,0,0,2.452191545780689,3.025435923525114,TRPC6;PDZK1
GO_Biological_Process_2023,Positive Regulation Of Osteoblast Proliferation (GO:0033690),2/5,0.2911932364487426,0.9999963846351302,0,0,2.452191545780689,3.025435923525114,SOX8;LTF
GO_Biological_Process_2023,Positive Regulation Of Protein Catabolic Process In The Vacuole (GO:1904352),2/5,0.2911932364487426,0.9999963846351302,0,0,2.452191545780689,3.025435923525114,LRP1;RNF128
GO_Biological_Process_2023,Positive Regulation Of Sterol Transport (GO:0032373),2/5,0.2911932364487426,0.9999963846351302,0,0,2.452191545780689,3.025435923525114,CETP;NR1H3
GO_Biological_Process_2023,Postsynaptic Density Assembly (GO:0097107),2/5,0.2911932364487426,0.9999963846351302,0,0,2.452191545780689,3.025435923525114,NRXN1;SHANK3
GO_Biological_Process_2023,Protection From Natural Killer Cell Mediated Cytotoxicity (GO:0042270),2/5,0.2911932364487426,0.9999963846351302,0,0,2.452191545780689,3.025435923525114,SERPINB4;HLA-E
GO_Biological_Process_2023,Protein Repair (GO:0030091),2/5,0.2911932364487426,0.9999963846351302,0,0,2.452191545780689,3.025435923525114,MSRA;MSRB3
GO_Biological_Process_2023,Purine-Containing Compound Catabolic Process (GO:0072523),2/5,0.2911932364487426,0.9999963846351302,0,0,2.452191545780689,3.025435923525114,DPYD;URAD
GO_Biological_Process_2023,Regulation Of Apoptotic DNA Fragmentation (GO:1902510),2/5,0.2911932364487426,0.9999963846351302,0,0,2.452191545780689,3.025435923525114,IL6;CIDEA
GO_Biological_Process_2023,Regulation Of cGMP-mediated Signaling (GO:0010752),2/5,0.2911932364487426,0.9999963846351302,0,0,2.452191545780689,3.025435923525114,PDE11A;PDE2A
GO_Biological_Process_2023,Regulation Of Epinephrine Secretion (GO:0014060),2/5,0.2911932364487426,0.9999963846351302,0,0,2.452191545780689,3.025435923525114,VIP;ADRA2B
GO_Biological_Process_2023,Regulation Of Glucagon Secretion (GO:0070092),2/5,0.2911932364487426,0.9999963846351302,0,0,2.452191545780689,3.025435923525114,IL6;FFAR4
GO_Biological_Process_2023,Regulation Of Glycogen (Starch) Synthase Activity (GO:2000465),2/5,0.2911932364487426,0.9999963846351302,0,0,2.452191545780689,3.025435923525114,IGF2;INPP5K
GO_Biological_Process_2023,Regulation Of Keratinocyte Apoptotic Process (GO:1902172),2/5,0.2911932364487426,0.9999963846351302,0,0,2.452191545780689,3.025435923525114,ZFP36;SERPINB13
GO_Biological_Process_2023,Regulation Of Long-Chain Fatty Acid Import Across Plasma Membrane (GO:0010746),2/5,0.2911932364487426,0.9999963846351302,0,0,2.452191545780689,3.025435923525114,ACSL5;IRS2
GO_Biological_Process_2023,Regulation Of Macrophage Proliferation (GO:0120040),2/5,0.2911932364487426,0.9999963846351302,0,0,2.452191545780689,3.025435923525114,IL33;IL34
GO_Biological_Process_2023,Regulation Of Mast Cell Chemotaxis (GO:0060753),2/5,0.2911932364487426,0.9999963846351302,0,0,2.452191545780689,3.025435923525114,VEGFB;VEGFD
GO_Biological_Process_2023,Regulation Of Mitotic Spindle Checkpoint (GO:1903504),2/5,0.2911932364487426,0.9999963846351302,0,0,2.452191545780689,3.025435923525114,DUSP1;USP44
GO_Biological_Process_2023,Regulation Of Neutrophil Extravasation (GO:2000389),2/5,0.2911932364487426,0.9999963846351302,0,0,2.452191545780689,3.025435923525114,OLFM4;XG
GO_Biological_Process_2023,Regulation Of Peptidyl-Cysteine S-nitrosylation (GO:2000169),2/5,0.2911932364487426,0.9999963846351302,0,0,2.452191545780689,3.025435923525114,DMD;SNTA1
GO_Biological_Process_2023,"Regulation Of Retrograde Transport, Endosome To Golgi (GO:1905279)",2/5,0.2911932364487426,0.9999963846351302,0,0,2.452191545780689,3.025435923525114,PRKN;LRRK2
GO_Biological_Process_2023,Regulation Of Serine-Type Endopeptidase Activity (GO:1900003),2/5,0.2911932364487426,0.9999963846351302,0,0,2.452191545780689,3.025435923525114,ANXA8L1;CR1
GO_Biological_Process_2023,Regulation Of Superoxide Metabolic Process (GO:0090322),2/5,0.2911932364487426,0.9999963846351302,0,0,2.452191545780689,3.025435923525114,BST1;FBLN5
GO_Biological_Process_2023,Regulation Of Tooth Mineralization (GO:0070170),2/5,0.2911932364487426,0.9999963846351302,0,0,2.452191545780689,3.025435923525114,WNT6;MMP20
GO_Biological_Process_2023,Regulation Of Type B Pancreatic Cell Proliferation (GO:0061469),2/5,0.2911932364487426,0.9999963846351302,0,0,2.452191545780689,3.025435923525114,NR4A1;NR4A3
GO_Biological_Process_2023,Regulation Of Ventricular Cardiac Muscle Cell Membrane Depolarization (GO:0060373),2/5,0.2911932364487426,0.9999963846351302,0,0,2.452191545780689,3.025435923525114,SCN5A;SCN3B
GO_Biological_Process_2023,Renal Filtration Cell Differentiation (GO:0061318),2/5,0.2911932364487426,0.9999963846351302,0,0,2.452191545780689,3.025435923525114,PROM1;KLF15
GO_Biological_Process_2023,Renal System Process Involved In Regulation Of Blood Volume (GO:0001977),2/5,0.2911932364487426,0.9999963846351302,0,0,2.452191545780689,3.025435923525114,CYP4A11;CYP4F12
GO_Biological_Process_2023,Reproductive System Development (GO:0061458),2/5,0.2911932364487426,0.9999963846351302,0,0,2.452191545780689,3.025435923525114,LHCGR;HSD17B3
GO_Biological_Process_2023,Response To cGMP (GO:0070305),2/5,0.2911932364487426,0.9999963846351302,0,0,2.452191545780689,3.025435923525114,PDE2A;PDE3A
GO_Biological_Process_2023,Response To Lithium Ion (GO:0010226),2/5,0.2911932364487426,0.9999963846351302,0,0,2.452191545780689,3.025435923525114,SLC13A2;SLC13A5
GO_Biological_Process_2023,Response To Manganese Ion (GO:0010042),2/5,0.2911932364487426,0.9999963846351302,0,0,2.452191545780689,3.025435923525114,PRKN;LRRK2
GO_Biological_Process_2023,Response To Peptidoglycan (GO:0032494),2/5,0.2911932364487426,0.9999963846351302,0,0,2.452191545780689,3.025435923525114,IL6;IRAK3
GO_Biological_Process_2023,Ruffle Assembly (GO:0097178),2/5,0.2911932364487426,0.9999963846351302,0,0,2.452191545780689,3.025435923525114,INPP5K;AIF1L
GO_Biological_Process_2023,Short-Chain Fatty Acid Catabolic Process (GO:0019626),2/5,0.2911932364487426,0.9999963846351302,0,0,2.452191545780689,3.025435923525114,PCCA;PCK1
GO_Biological_Process_2023,succinyl-CoA Catabolic Process (GO:1901289),2/5,0.2911932364487426,0.9999963846351302,0,0,2.452191545780689,3.025435923525114,NUDT7;SUCLA2
GO_Biological_Process_2023,Thiamine-Containing Compound Metabolic Process (GO:0042723),2/5,0.2911932364487426,0.9999963846351302,0,0,2.452191545780689,3.025435923525114,TKTL1;SLC19A3
GO_Biological_Process_2023,Urea Cycle (GO:0000050),2/5,0.2911932364487426,0.9999963846351302,0,0,2.452191545780689,3.025435923525114,CPS1;OTC
GO_Biological_Process_2023,Vascular Endothelial Growth Factor Receptor-2 Signaling Pathway (GO:0036324),2/5,0.2911932364487426,0.9999963846351302,0,0,2.452191545780689,3.025435923525114,DAB2IP;KDR
GO_Biological_Process_2023,Ventricular Cardiac Muscle Cell Development (GO:0055015),2/5,0.2911932364487426,0.9999963846351302,0,0,2.452191545780689,3.025435923525114,HEY2;PROX1
GO_Biological_Process_2023,Ventricular Compact Myocardium Morphogenesis (GO:0003223),2/5,0.2911932364487426,0.9999963846351302,0,0,2.452191545780689,3.025435923525114,TGFBR3;NOG
GO_Biological_Process_2023,Vocal Learning (GO:0042297),2/5,0.2911932364487426,0.9999963846351302,0,0,2.452191545780689,3.025435923525114,NRXN1;SHANK3
GO_Biological_Process_2023,Response To Retinoic Acid (GO:0032526),15/60,0.2916750565400758,0.9999963846351302,0,0,1.2265508878979896,1.5112516447347717,WNT10B;WNT5B;FZD4;TESC;WNT9B;AQP3;AQP1;ACER2;WNT6;WNT11;ALDH1A2;HSD17B2;BRINP3;RXRG;EPHA3
GO_Biological_Process_2023,Negative Regulation Of Interleukin-6 Production (GO:0032715),9/34,0.2932312263307848,0.9999963846351302,0,0,1.3244996484649636,1.624887973832644,NMB;SIRPA;IRAK3;BPI;NMBR;GAS6;TLR4;CX3CL1;CD200
GO_Biological_Process_2023,Negative Regulation Of Mitotic Cell Cycle (GO:0045930),9/34,0.2932312263307848,0.9999963846351302,0,0,1.3244996484649636,1.624887973832644,CDKN1C;BMP4;BTG2;FOXC1;RGCC;BCL6;GAS1;BRINP3;ZFP36L2
GO_Biological_Process_2023,Regulation Of calcineurin-NFAT Signaling Cascade (GO:0070884),9/34,0.2932312263307848,0.9999963846351302,0,0,1.3244996484649636,1.624887973832644,PRNP;RCAN1;CHP2;PLCG2;AKAP6;IGF1;MYOZ1;MYOZ2;LACRT
GO_Biological_Process_2023,Regulation Of Metal Ion Transport (GO:0010959),9/34,0.2932312263307848,0.9999963846351302,0,0,1.3244996484649636,1.624887973832644,NKAIN2;PER1;PLN;CACNA2D1;BCL2;KCNA5;NOS1;DRD2;F3
GO_Biological_Process_2023,Response To Estrogen (GO:0043627),9/34,0.2932312263307848,0.9999963846351302,0,0,1.3244996484649636,1.624887973832644,CRHBP;SLC34A2;SFRP1;CITED1;CITED2;CAV1;ARID5A;ZNF366;ESR2
GO_Biological_Process_2023,Bicellular Tight Junction Assembly (GO:0070830),12/47,0.2941438206172216,0.9999963846351302,0,0,1.2615116590726347,1.5436947180258866,CLDN11;CDH5;CLDN10;CLDN5;RAMP2;CLDN8;FRMPD2;CLDN19;PECAM1;CLDN18;ESAM;CLDN2
GO_Biological_Process_2023,Negative Regulation Of Tumor Necrosis Factor Production (GO:0032720),12/47,0.2941438206172216,0.9999963846351302,0,0,1.2615116590726347,1.5436947180258866,POMC;CHRNA7;GSTP1;CIDEA;SIRPA;IRAK3;BPI;IGF1;GAS6;TLR4;CX3CL1;VSIR
GO_Biological_Process_2023,Regulation Of Wound Healing (GO:0061041),12/47,0.2941438206172216,0.9999963846351302,0,0,1.2615116590726347,1.5436947180258866,KANK1;ANXA1;DMTN;MMRN1;CAV1;CLDN19;NRG1;FGF2;ADRA2A;MYLK;AJAP1;HBEGF
GO_Biological_Process_2023,ERBB2 Signaling Pathway (GO:0038128),4/13,0.2960132377495165,0.9999963846351302,0,0,1.6349354972950478,1.9902905318346804,MYOC;EGF;NRG1;EGFR
GO_Biological_Process_2023,Cardiac Left Ventricle Morphogenesis (GO:0003214),4/13,0.2960132377495165,0.9999963846351302,0,0,1.6349354972950478,1.9902905318346804,NPY5R;NPY2R;HEY2;TGFBR2
GO_Biological_Process_2023,Cardiocyte Differentiation (GO:0035051),4/13,0.2960132377495165,0.9999963846351302,0,0,1.6349354972950478,1.9902905318346804,MESP1;MYOCD;BMP2;NRG1
GO_Biological_Process_2023,Embryonic Hemopoiesis (GO:0035162),4/13,0.2960132377495165,0.9999963846351302,0,0,1.6349354972950478,1.9902905318346804,TAL1;KIT;KDR;TGFBR2
GO_Biological_Process_2023,Inhibitory Synapse Assembly (GO:1904862),4/13,0.2960132377495165,0.9999963846351302,0,0,1.6349354972950478,1.9902905318346804,GABRA2;GABRB3;NPAS4;HAPLN4
GO_Biological_Process_2023,Killing By Host Of Symbiont Cells (GO:0051873),4/13,0.2960132377495165,0.9999963846351302,0,0,1.6349354972950478,1.9902905318346804,DCD;CFHR1;NRG1;PF4
GO_Biological_Process_2023,Lipid Oxidation (GO:0034440),4/13,0.2960132377495165,0.9999963846351302,0,0,1.6349354972950478,1.9902905318346804,ADIPOQ;ALOX15B;HAO2;PPARGC1A
GO_Biological_Process_2023,Mature B Cell Differentiation Involved In Immune Response (GO:0002313),4/13,0.2960132377495165,0.9999963846351302,0,0,1.6349354972950478,1.9902905318346804,DOCK11;IL6;MFNG;DLL1
GO_Biological_Process_2023,Negative Regulation Of Cartilage Development (GO:0061037),4/13,0.2960132377495165,0.9999963846351302,0,0,1.6349354972950478,1.9902905318346804,EFEMP1;WNT11;GDF5;PTHLH
GO_Biological_Process_2023,Negative Regulation Of Cell Migration Involved In Sprouting Angiogenesis (GO:0090051),4/13,0.2960132377495165,0.9999963846351302,0,0,1.6349354972950478,1.9902905318346804,DLL4;MMRN2;KLF4;MEOX2
GO_Biological_Process_2023,Negative Regulation Of Neuroinflammatory Response (GO:0150079),4/13,0.2960132377495165,0.9999963846351302,0,0,1.6349354972950478,1.9902905318346804,TAFA3;IGF1;TNFRSF1B;CX3CL1
GO_Biological_Process_2023,Positive Regulation Of Cellular Response To Insulin Stimulus (GO:1900078),4/13,0.2960132377495165,0.9999963846351302,0,0,1.6349354972950478,1.9902905318346804,IRS1;IGF2;ECHDC3;SORBS1
GO_Biological_Process_2023,Positive Regulation Of Fatty Acid Biosynthetic Process (GO:0045723),4/13,0.2960132377495165,0.9999963846351302,0,0,1.6349354972950478,1.9902905318346804,KAT2B;MLXIPL;ABCD2;NR1H3
GO_Biological_Process_2023,Positive Regulation Of Glycoprotein Biosynthetic Process (GO:0010560),4/13,0.2960132377495165,0.9999963846351302,0,0,1.6349354972950478,1.9902905318346804,IL33;CCL21;IGF1;SLC51B
GO_Biological_Process_2023,Positive Regulation Of Insulin Secretion Involved In Cellular Response To Glucose Stimulus (GO:0035774),4/13,0.2960132377495165,0.9999963846351302,0,0,1.6349354972950478,1.9902905318346804,RFX6;TUNAR;CFTR;GPLD1
GO_Biological_Process_2023,Positive Regulation Of Macrophage Chemotaxis (GO:0010759),4/13,0.2960132377495165,0.9999963846351302,0,0,1.6349354972950478,1.9902905318346804,CSF1;MSTN;IL34;RARRES2
GO_Biological_Process_2023,Regulation Of Flagellated Sperm Motility (GO:1901317),4/13,0.2960132377495165,0.9999963846351302,0,0,1.6349354972950478,1.9902905318346804,CLXN;TPPP2;CFAP69;TACR1
GO_Biological_Process_2023,Regulation Of Response To Stress (GO:0080134),4/13,0.2960132377495165,0.9999963846351302,0,0,1.6349354972950478,1.9902905318346804,CRHBP;ADCY8;CORO2B;STOX1
GO_Biological_Process_2023,Response To Progesterone (GO:0032570),4/13,0.2960132377495165,0.9999963846351302,0,0,1.6349354972950478,1.9902905318346804,YAP1;CAV1;NR1H3;CSN1S1
GO_Biological_Process_2023,I-kappaB Phosphorylation (GO:0007252),3/9,0.2988151419987274,0.9999963846351302,0,0,1.8392230283173412,2.221652950270661,DAB2IP;TLR4;TLR3
GO_Biological_Process_2023,Apical Protein Localization (GO:0045176),3/9,0.2988151419987274,0.9999963846351302,0,0,1.8392230283173412,2.221652950270661,INSC;MAL;JAM3
GO_Biological_Process_2023,Arachidonate Transport (GO:1903963),3/9,0.2988151419987274,0.9999963846351302,0,0,1.8392230283173412,2.221652950270661,ANXA1;PLA2G5;DRD2
GO_Biological_Process_2023,Arachidonic Acid Secretion (GO:0050482),3/9,0.2988151419987274,0.9999963846351302,0,0,1.8392230283173412,2.221652950270661,ANXA1;PLA2G5;DRD2
GO_Biological_Process_2023,cGMP Biosynthetic Process (GO:0006182),3/9,0.2988151419987274,0.9999963846351302,0,0,1.8392230283173412,2.221652950270661,NPPC;NPR1;NPR2
GO_Biological_Process_2023,Calcium Ion Transport Into Cytosol (GO:0060402),3/9,0.2988151419987274,0.9999963846351302,0,0,1.8392230283173412,2.221652950270661,JPH4;JPH2;CACNA2D1
GO_Biological_Process_2023,Hematopoietic Stem Cell Differentiation (GO:0060218),3/9,0.2988151419987274,0.9999963846351302,0,0,1.8392230283173412,2.221652950270661,SFRP1;HOXB4;MEOX1
GO_Biological_Process_2023,Long-Chain Fatty Acid Import Into Cell (GO:0044539),3/9,0.2988151419987274,0.9999963846351302,0,0,1.8392230283173412,2.221652950270661,SLC27A1;SPX;CD36
GO_Biological_Process_2023,Motor Neuron Axon Guidance (GO:0008045),3/9,0.2988151419987274,0.9999963846351302,0,0,1.8392230283173412,2.221652950270661,EPHA4;SEMA3A;SLIT2
GO_Biological_Process_2023,Muscle Cell Fate Commitment (GO:0042693),3/9,0.2988151419987274,0.9999963846351302,0,0,1.8392230283173412,2.221652950270661,MEF2C;MYL2;MYF6
GO_Biological_Process_2023,Muscle Cell Migration (GO:0014812),3/9,0.2988151419987274,0.9999963846351302,0,0,1.8392230283173412,2.221652950270661,ITGB3;CCN3;PLAT
GO_Biological_Process_2023,Myelin Assembly (GO:0032288),3/9,0.2988151419987274,0.9999963846351302,0,0,1.8392230283173412,2.221652950270661,PMP22;TPPP;NCMAP
GO_Biological_Process_2023,Negative Regulation Of Cell Adhesion Mediated By Integrin (GO:0033629),3/9,0.2988151419987274,0.9999963846351302,0,0,1.8392230283173412,2.221652950270661,PDE3B;NRG1;JAM3
GO_Biological_Process_2023,Negative Regulation Of Cell-Cell Adhesion Mediated By Cadherin (GO:2000048),3/9,0.2988151419987274,0.9999963846351302,0,0,1.8392230283173412,2.221652950270661,RGCC;NOTCH4;PPM1F
GO_Biological_Process_2023,Negative Regulation Of Lymphocyte Apoptotic Process (GO:0070229),3/9,0.2988151419987274,0.9999963846351302,0,0,1.8392230283173412,2.221652950270661,BCL6;PIP;IRS2
GO_Biological_Process_2023,Negative Regulation Of Phosphatidylinositol 3-Kinase Signaling (GO:0014067),3/9,0.2988151419987274,0.9999963846351302,0,0,1.8392230283173412,2.221652950270661,PIK3IP1;TWIST1;NOP53
GO_Biological_Process_2023,Negative Regulation Of Potassium Ion Transmembrane Transporter Activity (GO:1901017),3/9,0.2988151419987274,0.9999963846351302,0,0,1.8392230283173412,2.221652950270661,CAV3;CASQ2;KCNAB1
GO_Biological_Process_2023,Negative Regulation Of Protein Maturation (GO:1903318),3/9,0.2988151419987274,0.9999963846351302,0,0,1.8392230283173412,2.221652950270661,PRNP;LRRK2;GAS1
GO_Biological_Process_2023,Nerve Growth Factor Signaling Pathway (GO:0038180),3/9,0.2988151419987274,0.9999963846351302,0,0,1.8392230283173412,2.221652950270661,NTF4;NTF3;NGF
GO_Biological_Process_2023,Neuron Projection Regeneration (GO:0031102),3/9,0.2988151419987274,0.9999963846351302,0,0,1.8392230283173412,2.221652950270661,OMG;PTN;FOLR1
GO_Biological_Process_2023,Neuron Remodeling (GO:0016322),3/9,0.2988151419987274,0.9999963846351302,0,0,1.8392230283173412,2.221652950270661,C3;SCARF1;CX3CL1
GO_Biological_Process_2023,Phosphatidylcholine Catabolic Process (GO:0034638),3/9,0.2988151419987274,0.9999963846351302,0,0,1.8392230283173412,2.221652950270661,LIPC;PLA2G4A;PLA2G5
GO_Biological_Process_2023,Positive Regulation Of ATP Metabolic Process (GO:1903580),3/9,0.2988151419987274,0.9999963846351302,0,0,1.8392230283173412,2.221652950270661,PID1;PPARA;PPARGC1A
GO_Biological_Process_2023,Positive Regulation Of Cardiocyte Differentiation (GO:1905209),3/9,0.2988151419987274,0.9999963846351302,0,0,1.8392230283173412,2.221652950270661,MEF2C;MYOCD;GPER1
GO_Biological_Process_2023,Positive Regulation Of Keratinocyte Migration (GO:0051549),3/9,0.2988151419987274,0.9999963846351302,0,0,1.8392230283173412,2.221652950270661,EPB41L4B;FGF7;FGF10
GO_Biological_Process_2023,Positive Regulation Of Lipase Activity (GO:0060193),3/9,0.2988151419987274,0.9999963846351302,0,0,1.8392230283173412,2.221652950270661,PLA2G5;FGFR1;PLIN5
GO_Biological_Process_2023,Positive Regulation Of Monocyte Differentiation (GO:0045657),3/9,0.2988151419987274,0.9999963846351302,0,0,1.8392230283173412,2.221652950270661,CSF1;FES;IL34
GO_Biological_Process_2023,"Positive Regulation Of Phagocytosis, Engulfment (GO:0060100)",3/9,0.2988151419987274,0.9999963846351302,0,0,1.8392230283173412,2.221652950270661,C3;PLCG2;ANO6
GO_Biological_Process_2023,Positive Regulation Of Platelet Activation (GO:0010572),3/9,0.2988151419987274,0.9999963846351302,0,0,1.8392230283173412,2.221652950270661,SELP;PLA2G4A;TLR4
GO_Biological_Process_2023,Positive Regulation Of Skeletal Muscle Tissue Development (GO:0048643),3/9,0.2988151419987274,0.9999963846351302,0,0,1.8392230283173412,2.221652950270661,MEF2C;MYF6;DLL1
GO_Biological_Process_2023,Receptor Guanylyl Cyclase Signaling Pathway (GO:0007168),3/9,0.2988151419987274,0.9999963846351302,0,0,1.8392230283173412,2.221652950270661,NPPC;NPR1;NPR2
GO_Biological_Process_2023,Regulation Of Actin Filament Length (GO:0030832),3/9,0.2988151419987274,0.9999963846351302,0,0,1.8392230283173412,2.221652950270661,EPS8;CXCL12;MYO3A
GO_Biological_Process_2023,Regulation Of Cardiac Muscle Cell Differentiation (GO:2000725),3/9,0.2988151419987274,0.9999963846351302,0,0,1.8392230283173412,2.221652950270661,MEF2C;MYOCD;SOX6
GO_Biological_Process_2023,Regulation Of Cellular Response To Oxidative Stress (GO:1900407),3/9,0.2988151419987274,0.9999963846351302,0,0,1.8392230283173412,2.221652950270661,PRKN;AIFM2;FBLN5
GO_Biological_Process_2023,Regulation Of Dendritic Cell Apoptotic Process (GO:2000668),3/9,0.2988151419987274,0.9999963846351302,0,0,1.8392230283173412,2.221652950270661,CXCL12;CCL21;GAS6
GO_Biological_Process_2023,Response To Histamine (GO:0034776),3/9,0.2988151419987274,0.9999963846351302,0,0,1.8392230283173412,2.221652950270661,GABRB3;GABRB1;DRD2
GO_Biological_Process_2023,Response To Laminar Fluid Shear Stress (GO:0034616),3/9,0.2988151419987274,0.9999963846351302,0,0,1.8392230283173412,2.221652950270661,KLF4;ASS1;KLF2
GO_Biological_Process_2023,Sequestering Of Extracellular Ligand From Receptor (GO:0035581),3/9,0.2988151419987274,0.9999963846351302,0,0,1.8392230283173412,2.221652950270661,GREM2;NRROS;CER1
GO_Biological_Process_2023,Skeletal Muscle Tissue Regeneration (GO:0043403),3/9,0.2988151419987274,0.9999963846351302,0,0,1.8392230283173412,2.221652950270661,ANXA1;MYMX;MSTN
GO_Biological_Process_2023,Vasoconstriction (GO:0042310),3/9,0.2988151419987274,0.9999963846351302,0,0,1.8392230283173412,2.221652950270661,EDN1;EDNRB;EDN3
GO_Biological_Process_2023,Artery Morphogenesis (GO:0048844),8/30,0.3029860593493971,0.9999963846351302,0,0,1.3378205674363126,1.597449375858219,BMP4;HPGD;LRP1;HEY2;NOG;PKD2;FOLR1;TGFBR2
GO_Biological_Process_2023,Lamellipodium Organization (GO:0097581),8/30,0.3029860593493971,0.9999963846351302,0,0,1.3378205674363126,1.597449375858219,P2RY12;DMTN;ABLIM3;KIT;S1PR1;ARHGEF4;CDH13;ARHGEF6
GO_Biological_Process_2023,Negative Regulation Of Calcium Ion Transmembrane Transporter Activity (GO:1901020),8/30,0.3029860593493971,0.9999963846351302,0,0,1.3378205674363126,1.597449375858219,GSTM2;PLN;CASQ2;ATP1A2;PKD2;CLIC2;CRHR1;TRDN
GO_Biological_Process_2023,Negative Regulation Of Epithelial To Mesenchymal Transition (GO:0010719),8/30,0.3029860593493971,0.9999963846351302,0,0,1.3378205674363126,1.597449375858219,EPHA4;SFRP1;DAB2IP;SPRY2;SPRY1;IL17RD;MARK1;BMP5
GO_Biological_Process_2023,Positive Regulation Of Cell Communication (GO:0010647),8/30,0.3029860593493971,0.9999963846351302,0,0,1.3378205674363126,1.597449375858219,LGI1;EDN1;NMB;TNXB;RIMS3;CLSTN2;EDN3;WLS
GO_Biological_Process_2023,Positive Regulation Of Lipid Kinase Activity (GO:0090218),8/30,0.3029860593493971,0.9999963846351302,0,0,1.3378205674363126,1.597449375858219,P2RY12;PDGFRA;CCL21;IRS1;KIT;PRKD1;TEK;FGF2
GO_Biological_Process_2023,Intracellular Glucose Homeostasis (GO:0001678),11/43,0.3039631288170271,0.9999963846351302,0,0,1.2647420867526378,1.5061166870234546,NGFR;KCNB1;GPER1;ZBTB20;PIK3R1;PCK1;GAS6;CYP7A1;PPARGC1A;FOXO1;GCK
GO_Biological_Process_2023,Positive Regulation Of Receptor-Mediated Endocytosis (GO:0048260),11/43,0.3039631288170271,0.9999963846351302,0,0,1.2647420867526378,1.5061166870234546,CCL14;C3;GH1;ANGPT1;CCL21;EGF;NTF3;ARRB1;CLU;F3;SELE
GO_Biological_Process_2023,Cardiac Muscle Tissue Development (GO:0048738),13/52,0.3110556500298369,0.9999963846351302,0,0,1.2264446008288372,1.432221699595487,MESP1;MYOCD;NRG1;SGCZ;BMP5;BMP2;MYL7;HEY1;HEY2;SCN5A;MSX1;ADAMTS9;SGCG
GO_Biological_Process_2023,Calcium-Ion Regulated Exocytosis (GO:0017156),7/26,0.3134228943835004,0.9999963846351302,0,0,1.355364870362836,1.5724968979100296,SYT4;RIMS3;SYT2;SYT15;DOC2B;SYT8;VAMP2
GO_Biological_Process_2023,Cardiac Muscle Cell Development (GO:0055013),7/26,0.3134228943835004,0.9999963846351302,0,0,1.355364870362836,1.5724968979100296,FHOD3;PDGFRA;MYL2;HEY2;MYH11;SORBS2;ALPK3
GO_Biological_Process_2023,Cell-Cell Adhesion Mediated By Cadherin (GO:0044331),7/26,0.3134228943835004,0.9999963846351302,0,0,1.355364870362836,1.5724968979100296,CDH5;CDH4;CDH10;CDH22;CDH12;CDHR3;CDH13
GO_Biological_Process_2023,Cellular Response To Xenobiotic Stimulus (GO:0071466),7/26,0.3134228943835004,0.9999963846351302,0,0,1.355364870362836,1.5724968979100296,CRHBP;MEF2C;MYC;ADIPOQ;GAS6;PPM1F;GPLD1
GO_Biological_Process_2023,Negative Regulation Of Endothelial Cell Apoptotic Process (GO:2000352),7/26,0.3134228943835004,0.9999963846351302,0,0,1.355364870362836,1.5724968979100296,SEMA5A;CDH5;RAMP2;KDR;NDNF;TEK;GAS6
GO_Biological_Process_2023,Positive Regulation Of Microtubule Polymerization Or Depolymerization (GO:0031112),7/26,0.3134228943835004,0.9999963846351302,0,0,1.355364870362836,1.5724968979100296,CAV3;NAV3;FES;STMN2;ANKRD53;SLAIN1;MET
GO_Biological_Process_2023,Regulation Of Actin Filament Bundle Assembly (GO:0032231),7/26,0.3134228943835004,0.9999963846351302,0,0,1.355364870362836,1.5724968979100296,PRKN;PTGER4;SYNPO2L;SYNPO2;SYNPO;SHANK3;CX3CL1
GO_Biological_Process_2023,Release Of Sequestered Calcium Ion Into Cytosol (GO:0051209),10/39,0.3144854471606434,0.9999963846351302,0,0,1.2686518906510176,1.4675986791456657,RYR1;CCL21;ITPR1;PLCG2;HTR2A;PLCH2;PKD2;DRD2;CLU;FGF2
GO_Biological_Process_2023,Negative Regulation Of Response To External Stimulus (GO:0032102),34/146,0.3164125128725884,0.9999963846351302,0,0,1.1172459082642958,1.2856243590211256,PTGER4;PTPRS;FGF2;CDH5;GPER1;FFAR4;SIRPA;NLRP3;CCN3;ENPP3;DRD1;DRD2;ELANE;EPHA4;GRID2;PTGIS;ADIPOQ;NR1H3;IRAK3;KLF4;AJAP1;IL22RA1;LRFN5;FNDC4;MYO1C;MMRN1;TYRO3;CLDN19;SAA1;PPARG;TEK;PPARA;LACRT;LTF
GO_Biological_Process_2023,Negative Regulation Of Epithelial Cell Proliferation (GO:0050680),17/70,0.3192654748173524,0.9999963846351302,0,0,1.180217696598103,1.3474926803831484,CDKN1C;KRT4;CAV2;CAV1;DAB2IP;PTPRM;PRL;MCC;GDF5;TGFBR3;SFRP1;RGCC;NFIB;TNMD;ATOH8;KLF9;CNMD
GO_Biological_Process_2023,Regulation Of Notch Signaling Pathway (GO:0008593),17/70,0.3192654748173524,0.9999963846351302,0,0,1.180217696598103,1.3474926803831484,YAP1;JAG2;MESP1;EGFL7;DTX1;ARRB1;TSPEAR;DLL1;DLK1;DLK2;DLL4;HEY1;TCIM;MFNG;CCN3;WNT1;TP63
GO_Biological_Process_2023,Regulation Of Actin Filament Polymerization (GO:0030833),17/70,0.3192654748173524,0.9999963846351302,0,0,1.180217696598103,1.3474926803831484,TENM1;KANK1;CCL24;CSF3;CCL21;LMOD1;ARHGAP40;BIN1;CDC42EP5;DAAM2;CDC42EP3;CDC42EP2;ESAM;SLIT2;PAK3;KANK4;KANK3
GO_Biological_Process_2023,Positive Regulation Of Protein Localization To Membrane (GO:1905477),19/79,0.3215946400475001,0.9999963846351302,0,0,1.1652024117140396,1.321879499393482,PRKN;PRNP;RAMP3;LRP1;KCNB1;STAC;PDZK1;PIK3R1;SORBS1;SLC51B;EGFR;LGALS3;MYO1C;GPER1;STAC2;FYN;EPHA3;SPTBN1;EPHA2
GO_Biological_Process_2023,Oligosaccharide Metabolic Process (GO:0009311),12/48,0.3217272413626078,0.9999963846351302,0,0,1.2263914946841776,1.3907907081043211,FUT6;ST6GALNAC1;FUT9;ST8SIA1;B3GALT2;AMY1B;ST8SIA2;B3GALT1;AMY1C;ST6GALNAC3;ST3GAL3;ST6GALNAC6
GO_Biological_Process_2023,Cellular Response To Cadmium Ion (GO:0071276),6/22,0.3246464316693659,0.9999963846351302,0,0,1.3795081967213114,1.5519723683052982,JUN;MT1A;MT1X;FOS;EGFR;MT1E
GO_Biological_Process_2023,Cellular Response To Topologically Incorrect Protein (GO:0035967),6/22,0.3246464316693659,0.9999963846351302,0,0,1.3795081967213114,1.5519723683052982,PRKN;PACRG;HSPB8;DAB2IP;OPTN;DNAJC18
GO_Biological_Process_2023,Oligosaccharide Biosynthetic Process (GO:0009312),6/22,0.3246464316693659,0.9999963846351302,0,0,1.3795081967213114,1.5519723683052982,FUT6;ST6GALNAC1;FUT9;B3GALT2;ST3GAL3;ST6GALNAC6
GO_Biological_Process_2023,Positive Regulation Of Phosphatase Activity (GO:0010922),6/22,0.3246464316693659,0.9999963846351302,0,0,1.3795081967213114,1.5519723683052982,PPP1R15A;MEF2C;BMP2;ITGA1;CHP2;GPLD1
GO_Biological_Process_2023,Platelet Aggregation (GO:0070527),9/35,0.3258329120911958,0.9999963846351302,0,0,1.2734762308233132,1.4280387650649542,P2RY12;PDGFRA;CSRP1;ITGB3;STXBP1;TYRO3;HBB;TLN1;MYL9
GO_Biological_Process_2023,Response To Reactive Oxygen Species (GO:0000302),16/66,0.329626733977812,0.9999963846351302,0,0,1.1773896713615024,1.3066604331255385,PDGFRA;JUN;GSTP1;HP;UCP1;HBB;PJVK;FOS;HBA1;PKD2;EGFR;HYAL1;CAT;APOD;FYN;PDK2
GO_Biological_Process_2023,Defense Response To Gram-negative Bacterium (GO:0050829),18/75,0.331704064358751,0.9999963846351302,0,0,1.1619243034782825,1.2821975049195502,CHGA;FCN2;RARRES2;DEFB1;DEFB132;AQP1;SELP;LCE3A;IL6;DMBT1;RNASE7;CTSG;BPI;IL6R;TLR4;OPTN;ELANE;LTF
GO_Biological_Process_2023,Negative Regulation Of Phosphorylation (GO:0042326),18/75,0.331704064358751,0.9999963846351302,0,0,1.1619243034782825,1.2821975049195502,CDKN1C;PRKN;NIBAN1;PRNP;PID1;CDKN2C;LRRK2;NTRK3;DAB2IP;IRS2;FBLN1;KLHL31;BMP4;SIRPA;INPP5K;SLIT2;PLPP3;SH3GL2
GO_Biological_Process_2023,Regulation Of BMP Signaling Pathway (GO:0030510),18/75,0.331704064358751,0.9999963846351302,0,0,1.1619243034782825,1.2821975049195502,FST;NOG;CRIM1;CHRDL1;FSTL1;GDF5;BMP4;SPART;CDH5;BMPER;CAPN5;RBPMS2;VWC2;SOSTDC1;PPARG;WNT1;ZNF423;CER1
GO_Biological_Process_2023,Negative Regulation Of Transmembrane Receptor Protein Serine/Threonine Kinase Signaling Pathway (GO:0090101),26/111,0.3341551287797122,0.9999963846351302,0,0,1.1255750865051903,1.2337990594952193,LRP1;IGSF1;TGFB1I1;WFIKKN2;CHRDL1;BMPER;CAPN5;PRDM16;RBPMS2;SOSTDC1;CCN3;WNT1;CER1;FST;CAV1;NOG;CIDEA;CRIM1;IL17RD;SPART;BMP2;VWC2;SPRY2;PPARG;SPRY1;PPARA
GO_Biological_Process_2023,Dendritic Cell Migration (GO:0036336),5/18,0.3367798178818982,0.9999963846351302,0,0,1.4148190839832142,1.5397842834208637,EPS8;CCL21;CXCR1;CXCR2;CLU
GO_Biological_Process_2023,Glycerolipid Catabolic Process (GO:0046503),5/18,0.3367798178818982,0.9999963846351302,0,0,1.4148190839832142,1.5397842834208637,PLA2G4B;PLA2G4A;ABHD6;ENPP6;MGLL
GO_Biological_Process_2023,Icosanoid Biosynthetic Process (GO:0046456),5/18,0.3367798178818982,0.9999963846351302,0,0,1.4148190839832142,1.5397842834208637,CYP2C9;CYP4A11;PLA2G4A;PLA2G5;LTC4S
GO_Biological_Process_2023,Mesenchyme Morphogenesis (GO:0072132),5/18,0.3367798178818982,0.9999963846351302,0,0,1.4148190839832142,1.5397842834208637,ACVRL1;ADAMTS5;BMP2;HEY1;NOG
GO_Biological_Process_2023,Positive Regulation Of CREB Transcription Factor Activity (GO:0032793),5/18,0.3367798178818982,0.9999963846351302,0,0,1.4148190839832142,1.5397842834208637,EPHA5;RELN;PRKD1;ADCY8;CD200
GO_Biological_Process_2023,Positive Regulation Of Extracellular Matrix Organization (GO:1903055),5/18,0.3367798178818982,0.9999963846351302,0,0,1.4148190839832142,1.5397842834208637,EFEMP2;IL6;TNXB;RGCC;DDR2
GO_Biological_Process_2023,Positive Regulation Of Neuroblast Proliferation (GO:0002052),5/18,0.3367798178818982,0.9999963846351302,0,0,1.4148190839832142,1.5397842834208637,CX3CR1;DCT;DRD2;HAPLN4;CX3CL1
GO_Biological_Process_2023,Positive Regulation Of Triglyceride Metabolic Process (GO:0090208),5/18,0.3367798178818982,0.9999963846351302,0,0,1.4148190839832142,1.5397842834208637,SLC27A1;NR1H3;GPLD1;PLIN5;PNPLA2
GO_Biological_Process_2023,Regulation Of Cell-Cell Adhesion Mediated By Cadherin (GO:2000047),5/18,0.3367798178818982,0.9999963846351302,0,0,1.4148190839832142,1.5397842834208637,RGCC;NOTCH4;SERPINF2;BMP6;PPM1F
GO_Biological_Process_2023,Regulation Of Epidermal Cell Differentiation (GO:0045604),5/18,0.3367798178818982,0.9999963846351302,0,0,1.4148190839832142,1.5397842834208637,BMP4;ZFP36;MAFF;AQP3;DLL1
GO_Biological_Process_2023,Regulation Of Lymphocyte Proliferation (GO:0050670),5/18,0.3367798178818982,0.9999963846351302,0,0,1.4148190839832142,1.5397842834208637,LGALS3;CD209;LEP;TNFRSF1B;FGF10
GO_Biological_Process_2023,Regulation Of Oligodendrocyte Differentiation (GO:0048713),5/18,0.3367798178818982,0.9999963846351302,0,0,1.4148190839832142,1.5397842834208637,PTPRZ1;DAAM2;IL34;PTN;TNFRSF1B
GO_Biological_Process_2023,Response To Cholesterol (GO:0070723),5/18,0.3367798178818982,0.9999963846351302,0,0,1.4148190839832142,1.5397842834208637,PTCH1;CYP7A1;GPLD1;TGFBR2;CES1
GO_Biological_Process_2023,Tight Junction Assembly (GO:0120192),13/53,0.3377577054647891,0.9999963846351302,0,0,1.195707248416608,1.297852319677265,RAMP2;FRMPD2;CLDN2;CLDN11;CDH5;CLDN10;CLDN5;CLDN8;CLDN19;PECAM1;CLDN18;ESAM;MPDZ
GO_Biological_Process_2023,Cardiac Muscle Tissue Morphogenesis (GO:0055008),8/31,0.3381681440957575,0.9999963846351302,0,0,1.2795729595371013,1.3873284080927837,TGFBR3;BMP2;TNNC1;MYL2;NOG;MYL3;S1PR1;PROX1
GO_Biological_Process_2023,Central Nervous System Neuron Differentiation (GO:0021953),8/31,0.3381681440957575,0.9999963846351302,0,0,1.2795729595371013,1.3873284080927837,NR4A2;NTRK2;GRID2;MAP2;NOVA2;PROX1;BRINP3;CBLN1
GO_Biological_Process_2023,Negative Regulation Of Intracellular Steroid Hormone Receptor Signaling Pathway (GO:0033144),8/31,0.3381681440957575,0.9999963846351302,0,0,1.2795729595371013,1.3873284080927837,KANK2;PER1;SFRP1;CRY2;TCF21;NR0B1;ZNF366;NODAL
GO_Biological_Process_2023,Positive Regulation Of G1/S Transition Of Mitotic Cell Cycle (GO:1900087),8/31,0.3381681440957575,0.9999963846351302,0,0,1.2795729595371013,1.3873284080927837,CCND2;ANXA1;RGCC;ADAMTS1;HYAL1;EGFR;STOX1;FGF10
GO_Biological_Process_2023,Positive Regulation Of Leukocyte Migration (GO:0002687),8/31,0.3381681440957575,0.9999963846351302,0,0,1.2795729595371013,1.3873284080927837,LGALS3;IL6;CSF1;EDN3;PTN;IL6R;LYVE1;JAM3
GO_Biological_Process_2023,Presynaptic Endocytosis (GO:0140238),8/31,0.3381681440957575,0.9999963846351302,0,0,1.2795729595371013,1.3873284080927837,NLGN4Y;NLGN1;NLGN4X;SYT2;SNCG;SYT8;VAMP2;SNCA
GO_Biological_Process_2023,Regulation Of Macrophage Activation (GO:0043030),8/31,0.3381681440957575,0.9999963846351302,0,0,1.2795729595371013,1.3873284080927837,CEBPA;IL33;IL6;LRFN5;NR1H3;BPI;TLR4;CD200
GO_Biological_Process_2023,Triglyceride Homeostasis (GO:0070328),8/31,0.3381681440957575,0.9999963846351302,0,0,1.2795729595371013,1.3873284080927837,CETP;MLXIPL;LIPC;DGAT2;ANGPTL8;NR1H3;ANGPTL4;GPIHBP1
GO_Biological_Process_2023,Organic Anion Transport (GO:0015711),21/89,0.3438269399674898,0.9999963846351302,0,0,1.1362963987004908,1.2131291587648558,SLC22A3;ABCC6;MGST1;SLC4A1;SLC2A4;SLCO1B7;SLC4A4;SLC22A12;SLCO1C1;SLC22A25;SLCO3A1;SLCO4A1;CA4;SLCO1A2;LRRC8C;SLC26A7;CFTR;SLC25A25;SLC22A11;ABCG2;SLC26A5
GO_Biological_Process_2023,Negative Regulation Of Secretion By Cell (GO:1903531),10/40,0.3455726647533675,0.9999963846351302,0,0,1.226285357087045,1.3029923759537347,CHGA;SYT4;ANXA1;GRM7;IL1RAPL1;LIF;STXBP6;DRD2;TNFRSF1B;SNCA
GO_Biological_Process_2023,Positive Regulation Of Cell Cycle G1/S Phase Transition (GO:1902808),10/40,0.3455726647533675,0.9999963846351302,0,0,1.226285357087045,1.3029923759537347,CCND2;ANXA1;RGCC;ADAMTS1;HYAL1;PLCG2;GLI1;EGFR;STOX1;FGF10
GO_Biological_Process_2023,Positive Regulation Of Monoatomic Ion Transport (GO:0043270),10/40,0.3455726647533675,0.9999963846351302,0,0,1.226285357087045,1.3029923759537347,TRPC6;FHL1;ANK2;ANO6;DRD1;SCN5A;SCN3B;SCN4B;ADRA2A;MYLK
GO_Biological_Process_2023,Positive Regulation Of Wound Healing (GO:0090303),10/40,0.3455726647533675,0.9999963846351302,0,0,1.226285357087045,1.3029923759537347,KANK1;FERMT1;SMOC2;ANXA1;DMTN;EMILIN2;ADRA2A;FERMT2;MYLK;HBEGF
GO_Biological_Process_2023,Regulation Of Microtubule Polymerization (GO:0031113),10/40,0.3455726647533675,0.9999963846351302,0,0,1.226285357087045,1.3029923759537347,CDH5;CAV3;NAV3;MAP2;FES;STMN2;ANKRD53;SLAIN1;MET;SNCA
GO_Biological_Process_2023,Antibacterial Humoral Response (GO:0019731),12/49,0.3498636591833317,0.9999963846351302,0,0,1.1931697175599614,1.2530808518537468,DMBT1;SLPI;RNASE7;DEFB1;CTSG;PI3;IGHA1;F3;IGHA2;JCHAIN;HLA-E;LTF
GO_Biological_Process_2023,L-glutamate Transmembrane Transport (GO:0015813),4/14,0.3499457154142273,0.9999963846351302,0,0,1.4713483146067416,1.5448822355991882,SLC25A18;SLC1A3;SLC17A7;SLC1A7
GO_Biological_Process_2023,"Blood Coagulation, Fibrin Clot Formation (GO:0072378)",4/14,0.3499457154142273,0.9999963846351302,0,0,1.4713483146067416,1.5448822355991882,THBD;F8;F13A1;FBLN1
GO_Biological_Process_2023,Bone Morphogenesis (GO:0060349),4/14,0.3499457154142273,0.9999963846351302,0,0,1.4713483146067416,1.5448822355991882,OSR2;CYP26B1;LRP5;LTF
GO_Biological_Process_2023,Endoderm Development (GO:0007492),4/14,0.3499457154142273,0.9999963846351302,0,0,1.4713483146067416,1.5448822355991882,SOX17;DUSP1;LAMC1;SOX7
GO_Biological_Process_2023,Hyaluronan Metabolic Process (GO:0030212),4/14,0.3499457154142273,0.9999963846351302,0,0,1.4713483146067416,1.5448822355991882,HYAL1;HAS1;HAS3;FGF2
GO_Biological_Process_2023,Medium-Chain Fatty Acid Metabolic Process (GO:0051791),4/14,0.3499457154142273,0.9999963846351302,0,0,1.4713483146067416,1.5448822355991882,OLAH;GLYATL2;CYP4A11;CES1
GO_Biological_Process_2023,Negative Regulation Of Receptor Signaling Pathway Via STAT (GO:1904893),4/14,0.3499457154142273,0.9999963846351302,0,0,1.4713483146067416,1.5448822355991882,PTPRT;SOCS3;CAV1;PPARG
GO_Biological_Process_2023,Negative Regulation Of Smooth Muscle Cell Migration (GO:0014912),4/14,0.3499457154142273,0.9999963846351302,0,0,1.4713483146067416,1.5448822355991882,BMP4;MEF2C;LRP1;SLIT2
GO_Biological_Process_2023,Positive Regulation Of Membrane Protein Ectodomain Proteolysis (GO:0051044),4/14,0.3499457154142273,0.9999963846351302,0,0,1.4713483146067416,1.5448822355991882,TNFRSF1B;ADRA2A;GPLD1;SH3D19
GO_Biological_Process_2023,Positive Regulation Of Response To Cytokine Stimulus (GO:0060760),4/14,0.3499457154142273,0.9999963846351302,0,0,1.4713483146067416,1.5448822355991882,TSLP;LRRC70;GAS6;AGPAT2
GO_Biological_Process_2023,Primary Alcohol Metabolic Process (GO:0034308),4/14,0.3499457154142273,0.9999963846351302,0,0,1.4713483146067416,1.5448822355991882,PECR;TKTL1;CYP11A1;IGF1
GO_Biological_Process_2023,Protein Activation Cascade (GO:0072376),4/14,0.3499457154142273,0.9999963846351302,0,0,1.4713483146067416,1.5448822355991882,THBD;F8;F13A1;FBLN1
GO_Biological_Process_2023,Protein Homotrimerization (GO:0070207),4/14,0.3499457154142273,0.9999963846351302,0,0,1.4713483146067416,1.5448822355991882,STEAP4;SCARA5;ITLN1;CLYBL
GO_Biological_Process_2023,Protein Trimerization (GO:0070206),4/14,0.3499457154142273,0.9999963846351302,0,0,1.4713483146067416,1.5448822355991882,STEAP4;SCARA5;ITLN1;CLYBL
GO_Biological_Process_2023,Regulation Of Exit From Mitosis (GO:0007096),4/14,0.3499457154142273,0.9999963846351302,0,0,1.4713483146067416,1.5448822355991882,NPM2;RGCC;CDC14C;CDC14B
GO_Biological_Process_2023,Regulation Of Extracellular Matrix Disassembly (GO:0010715),4/14,0.3499457154142273,0.9999963846351302,0,0,1.4713483146067416,1.5448822355991882,DPP4;IL6;LRP1;DDR2
GO_Biological_Process_2023,Smooth Muscle Contraction (GO:0006939),4/14,0.3499457154142273,0.9999963846351302,0,0,1.4713483146067416,1.5448822355991882,MYH11;NMUR1;APBB1;MYLK
GO_Biological_Process_2023,Striated Muscle Tissue Development (GO:0014706),4/14,0.3499457154142273,0.9999963846351302,0,0,1.4713483146067416,1.5448822355991882,MYL7;PGM5;SGCZ;SGCG
GO_Biological_Process_2023,Cardiac Muscle Cell Differentiation (GO:0055007),7/27,0.3517156942464522,0.9999963846351302,0,0,1.2875146404310145,1.3453653983000335,MESP1;MEF2C;MYOCD;BMP2;MYH11;NRG1;ALPK3
GO_Biological_Process_2023,Glycerophospholipid Catabolic Process (GO:0046475),7/27,0.3517156942464522,0.9999963846351302,0,0,1.2875146404310145,1.3453653983000335,LIPC;PLA2G4B;ENPP2;PLA2G4A;PLA2G5;ENPP6;ABHD12B
GO_Biological_Process_2023,Negative Regulation Of Notch Signaling Pathway (GO:0045746),7/27,0.3517156942464522,0.9999963846351302,0,0,1.2875146404310145,1.3453653983000335,DLL4;EGFL7;HEY1;TCIM;ARRB1;DLK1;DLK2
GO_Biological_Process_2023,Regulation Of Bone Mineralization (GO:0030500),14/58,0.3523519237860547,0.9999963846351302,0,0,1.1705985239537562,1.2210803738324758,OSR2;KL;MEF2C;PKDCC;FZD9;TWIST1;ANO6;PTN;BMP6;BMP4;BMP2;S1PR1;GPM6B;DDR2
GO_Biological_Process_2023,Renal System Development (GO:0072001),14/58,0.3523519237860547,0.9999963846351302,0,0,1.1705985239537562,1.2210803738324758,MYOCD;FOXC1;MME;CYP4A11;TCF21;LRP4;PROX1;PCSK5;TBX18;PYGO1;BMP4;SOX17;AGTR1;NPHP3
GO_Biological_Process_2023,Peptidyl-Tyrosine Phosphorylation (GO:0018108),16/67,0.3537061234909224,0.9999963846351302,0,0,1.1542299548927553,1.1995783458313416,ALK;EPHA4;PDGFRA;PKDCC;FLT4;EGFR;EFEMP1;RELN;FES;LEP;KDR;FYN;TEK;EPHA3;DDR2;FGFR1
GO_Biological_Process_2023,Positive Regulation Of Signaling Receptor Activity (GO:2000273),9/36,0.3590620725864285,0.9999963846351302,0,0,1.2262323255995626,1.2559807234122031,EDN1;RELN;EGF;CCL2;ADRB2;ADRA2B;SHANK3;ADRA2A;HBEGF
GO_Biological_Process_2023,Regulation Of Glucose Import (GO:0046324),9/36,0.3590620725864285,0.9999963846351302,0,0,1.2262323255995626,1.2559807234122031,PID1;IRS1;LEP;ITLN1;IRS2;PIK3R1;IGF1;SORBS1;RHOQ
GO_Biological_Process_2023,Axon Development (GO:0061564),23/99,0.3638158400338652,0.9999963846351302,0,0,1.113467892633064,1.1258357075721914,SEMA5A;AMIGO1;PLPPR4;BHLHE22;NMNAT2;L1CAM;S100B;GRM7;SLITRK2;CRTAC1;SLITRK3;S100A6;PLP1;SLITRK5;MGARP;CNTN4;APBB1;DRD2;PAK3;DSCAML1;FOLR1;GPM6B;NEUROG2
GO_Biological_Process_2023,Arginine Metabolic Process (GO:0006525),3/10,0.3641505774534028,0.9999963846351302,0,0,1.5763765838654675,1.5924364287935595,NOS1;ASS1;ART4
GO_Biological_Process_2023,Cellular Response To Cholesterol (GO:0071397),3/10,0.3641505774534028,0.9999963846351302,0,0,1.5763765838654675,1.5924364287935595,PTCH1;CYP7A1;GPLD1
GO_Biological_Process_2023,Epithelial Cell Apoptotic Process (GO:1904019),3/10,0.3641505774534028,0.9999963846351302,0,0,1.5763765838654675,1.5924364287935595,GSN;COL4A3;DAB2IP
GO_Biological_Process_2023,Hematopoietic Stem Cell Proliferation (GO:0071425),3/10,0.3641505774534028,0.9999963846351302,0,0,1.5763765838654675,1.5924364287935595,WNT10B;MECOM;CD34
GO_Biological_Process_2023,Lens Fiber Cell Differentiation (GO:0070306),3/10,0.3641505774534028,0.9999963846351302,0,0,1.5763765838654675,1.5924364287935595,MAF;WNT5B;PLAAT3
GO_Biological_Process_2023,Monoamine Transport (GO:0015844),3/10,0.3641505774534028,0.9999963846351302,0,0,1.5763765838654675,1.5924364287935595,SLC22A3;SLC29A4;SLC6A2
GO_Biological_Process_2023,Negative Regulation Of Dephosphorylation (GO:0035305),3/10,0.3641505774534028,0.9999963846351302,0,0,1.5763765838654675,1.5924364287935595,PPP1R15A;PPP1R16B;INPP5K
GO_Biological_Process_2023,Negative Regulation Of Hemostasis (GO:1900047),3/10,0.3641505774534028,0.9999963846351302,0,0,1.5763765838654675,1.5924364287935595,THBD;EDN1;TFPI
GO_Biological_Process_2023,Negative Regulation Of Hydrogen Peroxide-Induced Cell Death (GO:1903206),3/10,0.3641505774534028,0.9999963846351302,0,0,1.5763765838654675,1.5924364287935595,HGF;LRRK2;MET
GO_Biological_Process_2023,Negative Regulation Of Interleukin-17 Production (GO:0032700),3/10,0.3641505774534028,0.9999963846351302,0,0,1.5763765838654675,1.5924364287935595,PRNP;TLR4;VSIR
GO_Biological_Process_2023,Negative Regulation Of Oxidoreductase Activity (GO:0051354),3/10,0.3641505774534028,0.9999963846351302,0,0,1.5763765838654675,1.5924364287935595,PRKN;HP;SNCA
GO_Biological_Process_2023,Negative Regulation Of Pathway-Restricted SMAD Protein Phosphorylation (GO:0060394),3/10,0.3641505774534028,0.9999963846351302,0,0,1.5763765838654675,1.5924364287935595,LRP1;NOG;PPARG
GO_Biological_Process_2023,Negative Regulation Of Steroid Biosynthetic Process (GO:0010894),3/10,0.3641505774534028,0.9999963846351302,0,0,1.5763765838654675,1.5924364287935595,NR0B1;PROX1;BMP5
GO_Biological_Process_2023,Nucleoside Triphosphate Metabolic Process (GO:0009141),3/10,0.3641505774534028,0.9999963846351302,0,0,1.5763765838654675,1.5924364287935595,AK4;AK5;ENPP3
GO_Biological_Process_2023,Phenol-Containing Compound Biosynthetic Process (GO:0046189),3/10,0.3641505774534028,0.9999963846351302,0,0,1.5763765838654675,1.5924364287935595,OCA2;CITED1;TRPC1
GO_Biological_Process_2023,Positive Regulation Of Epidermal Growth Factor-Activated Receptor Activity (GO:0045741),3/10,0.3641505774534028,0.9999963846351302,0,0,1.5763765838654675,1.5924364287935595,EGF;ADRA2A;HBEGF
GO_Biological_Process_2023,Positive Regulation Of Lipid Localization (GO:1905954),3/10,0.3641505774534028,0.9999963846351302,0,0,1.5763765838654675,1.5924364287935595,C3;LRP1;PLIN5
GO_Biological_Process_2023,Positive Regulation Of Protein Depolymerization (GO:1901881),3/10,0.3641505774534028,0.9999963846351302,0,0,1.5763765838654675,1.5924364287935595,SEMA5A;STMN2;NES
GO_Biological_Process_2023,Prostaglandin Transport (GO:0015732),3/10,0.3641505774534028,0.9999963846351302,0,0,1.5763765838654675,1.5924364287935595,SLCO3A1;LEP;SLC22A11
GO_Biological_Process_2023,"Regulation Of Phagocytosis, Engulfment (GO:0060099)",3/10,0.3641505774534028,0.9999963846351302,0,0,1.5763765838654675,1.5924364287935595,C3;PLCG2;ANO6
GO_Biological_Process_2023,Regulation Of Respiratory Burst (GO:0060263),3/10,0.3641505774534028,0.9999963846351302,0,0,1.5763765838654675,1.5924364287935595,IGHA1;IGHA2;JCHAIN
GO_Biological_Process_2023,Regulation Of Triglyceride Catabolic Process (GO:0010896),3/10,0.3641505774534028,0.9999963846351302,0,0,1.5763765838654675,1.5924364287935595,GPLD1;PLIN5;PNPLA2
GO_Biological_Process_2023,Response To Corticosteroid (GO:0031960),3/10,0.3641505774534028,0.9999963846351302,0,0,1.5763765838654675,1.5924364287935595,IL6;CALCR;AKR1C3
GO_Biological_Process_2023,Sarcoplasmic Reticulum Calcium Ion Transport (GO:0070296),3/10,0.3641505774534028,0.9999963846351302,0,0,1.5763765838654675,1.5924364287935595,RYR1;RYR3;TRDN
GO_Biological_Process_2023,Mesenchymal Cell Differentiation (GO:0048762),13/54,0.3648980883867213,0.9999963846351302,0,0,1.1664692790488778,1.1759610428710403,MEF2C;FOXC1;SEMA3C;HGF;NOTCH4;NOG;IGF1;TGFBR3;RANBP3L;BMP2;HEY2;S100A4;FGFR1
GO_Biological_Process_2023,Regulation Of Blood Vessel Endothelial Cell Migration (GO:0043535),13/54,0.3648980883867213,0.9999963846351302,0,0,1.1664692790488778,1.1759610428710403,STAT5A;ANGPT4;MEF2C;ANGPT1;NRG1;PRKCA;FGF2;RGCC;KDR;PPARG;PRKD1;EPHA2;FGFR1
GO_Biological_Process_2023,Negative Regulation Of Wnt Signaling Pathway (GO:0030178),32/140,0.3663213613245703,0.9999963846351302,0,0,1.090236324920585,1.0948636088745405,CCL14;PRKN;CITED1;LRP1;JADE1;LRP4;APCDD1;GLI1;WNT11;SOX17;TMEM88;WIF1;NPHP3;SOSTDC1;IGFBP6;CER1;IGFBP1;TLE4;TLE2;CAV1;NOG;DAB2IP;AXIN2;TMEM170B;MCC;DKK3;DKK4;SFRP1;BMP2;SFRP5;TRABD2B;RBMS3
GO_Biological_Process_2023,Artery Development (GO:0060840),6/23,0.3668003625812967,0.9999963846351302,0,0,1.29827799972448,1.30209175639459,ACVRL1;EFEMP2;PDE2A;APLNR;PKD2;TGFBR2
GO_Biological_Process_2023,Bile Acid And Bile Salt Transport (GO:0015721),6/23,0.3668003625812967,0.9999963846351302,0,0,1.29827799972448,1.30209175639459,SLCO1C1;SLC10A6;AKR1C1;SLCO1A2;AKR1C4;SLC51B
GO_Biological_Process_2023,Cell-Cell Signaling By Wnt (GO:0198738),6/23,0.3668003625812967,0.9999963846351302,0,0,1.29827799972448,1.30209175639459,FZD4;PLCG2;CPE;PKD2;FERMT2;WLS
GO_Biological_Process_2023,Cellular Response To Interleukin-6 (GO:0071354),6/23,0.3668003625812967,0.9999963846351302,0,0,1.29827799972448,1.30209175639459,PTPRT;YAP1;IL6;PID1;PTGIS;IL6R
GO_Biological_Process_2023,Endocardial Cushion Development (GO:0003197),6/23,0.3668003625812967,0.9999963846351302,0,0,1.29827799972448,1.30209175639459,ACVRL1;BMP4;ADAMTS5;BMP2;HEY1;NOG
GO_Biological_Process_2023,Glial Cell Development (GO:0021782),6/23,0.3668003625812967,0.9999963846351302,0,0,1.29827799972448,1.30209175639459,PRDM8;NRROS;TPPP;DLL1;SOX10;ZNF488
GO_Biological_Process_2023,Long-Chain fatty-acyl-CoA Metabolic Process (GO:0035336),6/23,0.3668003625812967,0.9999963846351302,0,0,1.29827799972448,1.30209175639459,HACD1;DGAT2;ACSL1;ELOVL3;ACSL5;ACSL4
GO_Biological_Process_2023,Positive Regulation Of Protein Targeting To Membrane (GO:0090314),6/23,0.3668003625812967,0.9999963846351302,0,0,1.29827799972448,1.30209175639459,PRNP;MYO1C;KCNB1;FYN;PDZK1;SLC51B
GO_Biological_Process_2023,Potassium Ion Homeostasis (GO:0055075),6/23,0.3668003625812967,0.9999963846351302,0,0,1.29827799972448,1.30209175639459,SLC12A4;FXYD2;KCNMA1;ATP1A2;ATP1B2;KCNJ2
GO_Biological_Process_2023,Inflammatory Response (GO:0006954),53/236,0.3671092568299348,0.9999963846351302,0,0,1.0658170388802408,1.0680507491316993,CXCL6;NRROS;HP;LY75;ADM;CXCL1;CXCL3;CXCL2;CX3CL1;CXCL5;CRHBP;HYAL1;PROK2;PF4V1;PTGDR;ANXA1;PLA2G4B;FOS;TACR1;KIT;AGTR1;TLR4;MGLL;TLR3;CCL14;PTGER4;PTGFR;CCL13;PTGER3;HPR;ADCY8;CCL8;CXCR2;NLRP3;CCL2;CCL18;TAC1;CCL16;AOC3;CCL24;AFAP1L2;CCL23;CCL21;ODAM;PPBP;SELE;BMP2;IL6;KRT16;ACKR1;CDO1;FOLR2;PF4
GO_Biological_Process_2023,Negative Regulation Of Cell Migration (GO:0030336),37/163,0.3696858916253061,0.9999963846351302,0,0,1.080529624761755,1.0752367319230332,ACVRL1;PTPRT;KANK1;MCTP1;LRP1;CITED2;NEDD9;FGF2;CX3CL1;WNT11;TNN;HAS1;EMILIN2;SLIT2;HOXA7;DRD2;EPHA4;NGFR;LIMCH1;ADIPOQ;NOG;DAB2IP;MITF;ATP1B2;MCC;PODN;ALOX15B;CLDN5;SFRP1;TMEFF2;NAV3;KRT16;MMRN2;CLDN19;PHLDB2;RECK;NODAL
GO_Biological_Process_2023,Positive Regulation Of Kinase Activity (GO:0033674),24/104,0.3730983705031888,0.9999963846351302,0,0,1.1037629350893696,1.0882144100878366,ALK;PDGFRA;NTRK2;CSF1;CCL21;MMD;FLT4;LRRK2;NTRK3;TIE1;AXIN2;MERTK;EGFR;RELN;KDR;TYRO3;ROR1;TEK;GAS6;MET;MAP3K5;EPHA2;FGFR1;DDR2
GO_Biological_Process_2023,Amide Transport (GO:0042886),8/32,0.3738989686675002,0.9999963846351302,0,0,1.226179318962824,1.2062780059691125,SLC14A1;SLC27A1;SLC14A2;SLC1A3;FOLR2;PLTP;FOLR1;ABCG2
GO_Biological_Process_2023,Purine Ribonucleoside Triphosphate Metabolic Process (GO:0009205),8/32,0.3738989686675002,0.9999963846351302,0,0,1.226179318962824,1.2062780059691125,NT5E;MYH3;LRRK2;AK4;ATP1A2;ENPP3;GIMAP7;RHOQ
GO_Biological_Process_2023,Regulation Of Transmembrane Transport (GO:0034762),8/32,0.3738989686675002,0.9999963846351302,0,0,1.226179318962824,1.2062780059691125,KCNJ8;KCNJ12;FFAR4;BCL2;KCNJ16;KCNJ18;KCNJ2;SNCA
GO_Biological_Process_2023,Very Long-Chain Fatty Acid Metabolic Process (GO:0000038),8/32,0.3738989686675002,0.9999963846351302,0,0,1.226179318962824,1.2062780059691125,ABCD2;HACD1;ACSL1;ELOVL3;ACOT2;ACOT1;SLC27A6;CYP4F12
GO_Biological_Process_2023,Cellular Response To Retinoic Acid (GO:0071300),10/41,0.3771120540116728,0.9999963846351302,0,0,1.1866521482691348,1.1572384949106658,WNT6;WNT10B;WNT11;WNT5B;FZD4;TESC;WNT9B;BRINP3;EPHA3;AQP1
GO_Biological_Process_2023,Regulation Of Chemokine Production (GO:0032642),10/41,0.3771120540116728,0.9999963846351302,0,0,1.1866521482691348,1.1572384949106658,EGR1;IL33;IL6;TSLP;FFAR3;IL6R;ALOX15B;TLR4;ELANE;TLR3
GO_Biological_Process_2023,Regulation Of Dendrite Development (GO:0050773),10/41,0.3771120540116728,0.9999963846351302,0,0,1.1866521482691348,1.1572384949106658,ALK;BCL11A;SDC2;DAB2IP;PTN;VLDLR;MGARP;MARK1;BMP5;ZDHHC15
GO_Biological_Process_2023,Regulation Of Microtubule-Based Process (GO:0032886),10/41,0.3771120540116728,0.9999963846351302,0,0,1.1866521482691348,1.1572384949106658,PHLDB1;FRMPD2;FAM107A;MAP6;TPPP;EFNA5;MPDZ;MID1;PHLDB2;EPHA3
GO_Biological_Process_2023,Visual System Development (GO:0150063),10/41,0.3771120540116728,0.9999963846351302,0,0,1.1866521482691348,1.1572384949106658,C3;FOXC1;MEIS1;ADAMTS18;MAB21L1;SMOC1;CPAMD8;MEIS3P1;CHRDL1;MEIS2
GO_Biological_Process_2023,Regulation Of Anatomical Structure Morphogenesis (GO:0022603),29/127,0.377864383790524,0.9999963846351302,0,0,1.0887733478133423,1.059615911304029,PHLDB1;PID1;SDC2;FLT4;LRRK2;EFNA5;FGF2;DLL1;BMPER;ADGRA2;LRRC4C;PAK3;LZTS3;PPFIA2;SH3D19;EPHA4;MEF2C;WTIP;ZDHHC15;SFRP1;IL6;BCL6;ADGRB3;LEP;PHLDB2;SHANK3;FERMT2;RAPGEF3;EPHA2
GO_Biological_Process_2023,Cell-Cell Junction Organization (GO:0045216),16/68,0.3781008758331214,0.9999963846351302,0,0,1.131960996749729,1.100938758566899,KIRREL1;NLGN4X;CDH5;CLDN5;CDH4;CDH10;GJA4;CDH22;CDH12;CDHR3;CDH13;DSG1;PKP1;TLN2;TLN1;LIMS2
GO_Biological_Process_2023,"G Protein-Coupled Receptor Signaling Pathway, Coupled To Cyclic Nucleotide Second Messenger (GO:0007187)",12/50,0.3783906874755626,0.9999963846351302,0,0,1.1616964550212303,1.1289692033315266,CHRM2;VIPR1;LHCGR;ANXA1;CNR1;NPY1R;CCL2;HTR2A;PTH1R;DRD1;HTR4;TSHR
GO_Biological_Process_2023,Positive Regulation Of Fat Cell Differentiation (GO:0045600),12/50,0.3783906874755626,0.9999963846351302,0,0,1.1616964550212303,1.1289692033315266,FNDC5;ZFP36;SFRP1;BMP2;LMO3;RARRES2;ZBTB16;LRP5;ADIRF;PPARG;PTGS2;MEDAG
GO_Biological_Process_2023,Pyruvate Metabolic Process (GO:0006090),12/50,0.3783906874755626,0.9999963846351302,0,0,1.1616964550212303,1.1289692033315266,PFKFB1;LDHB;NR4A3;KRT17;ME1;ME3;ALDOC;HOGA1;ALDOB;PCK1;PGM1;GCK
GO_Biological_Process_2023,Steroid Biosynthetic Process (GO:0006694),12/50,0.3783906874755626,0.9999963846351302,0,0,1.1616964550212303,1.1289692033315266,CYP39A1;CH25H;CYP21A2;FAXDC2;HSD17B3;AKR1C3;AKR1C4;CYP46A1;OSBPL1A;CYP7A1;CYP8B1;CYP17A1
GO_Biological_Process_2023,G Protein-Coupled Receptor Internalization (GO:0002031),2/6,0.3785256680240896,0.9999963846351302,0,0,1.839026672905943,1.7865618042086464,DMBT1;ARRB1
GO_Biological_Process_2023,L-methionine Salvage (GO:0071267),2/6,0.3785256680240896,0.9999963846351302,0,0,1.839026672905943,1.7865618042086464,BHMT;BHMT2
GO_Biological_Process_2023,Actin Filament Reorganization (GO:0090527),2/6,0.3785256680240896,0.9999963846351302,0,0,1.839026672905943,1.7865618042086464,DMTN;NEDD9
GO_Biological_Process_2023,Adenosine To Inosine Editing (GO:0006382),2/6,0.3785256680240896,0.9999963846351302,0,0,1.839026672905943,1.7865618042086464,ADARB2;ADAD2
GO_Biological_Process_2023,Angiotensin-Activated Signaling Pathway (GO:0038166),2/6,0.3785256680240896,0.9999963846351302,0,0,1.839026672905943,1.7865618042086464,CAV1;AGTR1
GO_Biological_Process_2023,Axon Extension Involved In Axon Guidance (GO:0048846),2/6,0.3785256680240896,0.9999963846351302,0,0,1.839026672905943,1.7865618042086464,SEMA3A;SLIT2
GO_Biological_Process_2023,Cellular Hyperosmotic Response (GO:0071474),2/6,0.3785256680240896,0.9999963846351302,0,0,1.839026672905943,1.7865618042086464,YBX3;AQP1
GO_Biological_Process_2023,Cellular Response To Histamine (GO:0071420),2/6,0.3785256680240896,0.9999963846351302,0,0,1.839026672905943,1.7865618042086464,GABRB3;GABRB1
GO_Biological_Process_2023,Cellular Response To Laminar Fluid Shear Stress (GO:0071499),2/6,0.3785256680240896,0.9999963846351302,0,0,1.839026672905943,1.7865618042086464,KLF4;KLF2
GO_Biological_Process_2023,Copper Ion Import (GO:0015677),2/6,0.3785256680240896,0.9999963846351302,0,0,1.839026672905943,1.7865618042086464,STEAP4;STEAP2
GO_Biological_Process_2023,Cytolysis By Host Of Symbiont Cells (GO:0051838),2/6,0.3785256680240896,0.9999963846351302,0,0,1.839026672905943,1.7865618042086464,CFHR1;NRG1
GO_Biological_Process_2023,Dendrite Arborization (GO:0140059),2/6,0.3785256680240896,0.9999963846351302,0,0,1.839026672905943,1.7865618042086464,SEMA3A;PTN
GO_Biological_Process_2023,Detection Of Stimulus Involved In Sensory Perception Of Pain (GO:0062149),2/6,0.3785256680240896,0.9999963846351302,0,0,1.839026672905943,1.7865618042086464,KCNA1;EPHB1
GO_Biological_Process_2023,Forebrain Neuron Development (GO:0021884),2/6,0.3785256680240896,0.9999963846351302,0,0,1.839026672905943,1.7865618042086464,CCL14;LHX6
GO_Biological_Process_2023,Hindlimb Morphogenesis (GO:0035137),2/6,0.3785256680240896,0.9999963846351302,0,0,1.839026672905943,1.7865618042086464,OSR2;TBX4
GO_Biological_Process_2023,Histidine Catabolic Process (GO:0006548),2/6,0.3785256680240896,0.9999963846351302,0,0,1.839026672905943,1.7865618042086464,HDC;HNMT
GO_Biological_Process_2023,Histidine Metabolic Process (GO:0006547),2/6,0.3785256680240896,0.9999963846351302,0,0,1.839026672905943,1.7865618042086464,HDC;HNMT
GO_Biological_Process_2023,Host-Mediated Regulation Of Intestinal Microbiota Composition (GO:0048874),2/6,0.3785256680240896,0.9999963846351302,0,0,1.839026672905943,1.7865618042086464,CX3CR1;ST6GALNAC1
GO_Biological_Process_2023,Keratinocyte Proliferation (GO:0043616),2/6,0.3785256680240896,0.9999963846351302,0,0,1.839026672905943,1.7865618042086464,FERMT1;KLK8
GO_Biological_Process_2023,Locomotor Rhythm (GO:0045475),2/6,0.3785256680240896,0.9999963846351302,0,0,1.839026672905943,1.7865618042086464,EGR1;USP2
GO_Biological_Process_2023,Macrophage Derived Foam Cell Differentiation (GO:0010742),2/6,0.3785256680240896,0.9999963846351302,0,0,1.839026672905943,1.7865618042086464,SOAT2;PPARG
GO_Biological_Process_2023,Marginal Zone B Cell Differentiation (GO:0002315),2/6,0.3785256680240896,0.9999963846351302,0,0,1.839026672905943,1.7865618042086464,DOCK11;MFNG
GO_Biological_Process_2023,Meiotic DNA Double-Strand Break Formation (GO:0042138),2/6,0.3785256680240896,0.9999963846351302,0,0,1.839026672905943,1.7865618042086464,IHO1;MEI4
GO_Biological_Process_2023,Membrane Biogenesis (GO:0044091),2/6,0.3785256680240896,0.9999963846351302,0,0,1.839026672905943,1.7865618042086464,TLCD2;SPTBN1
GO_Biological_Process_2023,Metanephric Nephron Tubule Development (GO:0072234),2/6,0.3785256680240896,0.9999963846351302,0,0,1.839026672905943,1.7865618042086464,PKD2;POU3F3
GO_Biological_Process_2023,Negative Regulation Of Acute Inflammatory Response (GO:0002674),2/6,0.3785256680240896,0.9999963846351302,0,0,1.839026672905943,1.7865618042086464,GSTP1;NLRP3
GO_Biological_Process_2023,Negative Regulation Of Blood Vessel Endothelial Cell Proliferation Involved In Sprouting Angiogenesis (GO:1903588),2/6,0.3785256680240896,0.9999963846351302,0,0,1.839026672905943,1.7865618042086464,NGFR;MMRN2
GO_Biological_Process_2023,Negative Regulation Of Dendritic Spine Development (GO:0061000),2/6,0.3785256680240896,0.9999963846351302,0,0,1.839026672905943,1.7865618042086464,NLGN1;PTPRS
GO_Biological_Process_2023,Negative Regulation Of Digestive System Process (GO:0060457),2/6,0.3785256680240896,0.9999963846351302,0,0,1.839026672905943,1.7865618042086464,PTGER3;NR1H3
GO_Biological_Process_2023,Negative Regulation Of Heart Rate (GO:0010459),2/6,0.3785256680240896,0.9999963846351302,0,0,1.839026672905943,1.7865618042086464,PLN;SPX
GO_Biological_Process_2023,Negative Regulation Of Low-Density Lipoprotein Receptor Activity (GO:1905598),2/6,0.3785256680240896,0.9999963846351302,0,0,1.839026672905943,1.7865618042086464,ITGB3;ADIPOQ
GO_Biological_Process_2023,Negative Regulation Of Neuron Projection Regeneration (GO:0070571),2/6,0.3785256680240896,0.9999963846351302,0,0,1.839026672905943,1.7865618042086464,EPHA4;PTPRS
GO_Biological_Process_2023,Negative Regulation Of Plasminogen Activation (GO:0010757),2/6,0.3785256680240896,0.9999963846351302,0,0,1.839026672905943,1.7865618042086464,SERPINF2;PLAT
GO_Biological_Process_2023,Negative Regulation Of Response To Type II Interferon (GO:0060331),2/6,0.3785256680240896,0.9999963846351302,0,0,1.839026672905943,1.7865618042086464,NR1H3;PPARG
GO_Biological_Process_2023,Negative Regulation Of Ruffle Assembly (GO:1900028),2/6,0.3785256680240896,0.9999963846351302,0,0,1.839026672905943,1.7865618042086464,KANK1;ARHGAP24
GO_Biological_Process_2023,Negative Regulation Of Smooth Muscle Cell Apoptotic Process (GO:0034392),2/6,0.3785256680240896,0.9999963846351302,0,0,1.839026672905943,1.7865618042086464,IGF1;GRIA4
GO_Biological_Process_2023,Negative Regulation Of Type II Interferon-Mediated Signaling Pathway (GO:0060336),2/6,0.3785256680240896,0.9999963846351302,0,0,1.839026672905943,1.7865618042086464,NR1H3;PPARG
GO_Biological_Process_2023,Neuron Projection Extension Involved In Neuron Projection Guidance (GO:1902284),2/6,0.3785256680240896,0.9999963846351302,0,0,1.839026672905943,1.7865618042086464,SEMA3A;SLIT2
GO_Biological_Process_2023,Peptide Transport (GO:0015833),2/6,0.3785256680240896,0.9999963846351302,0,0,1.839026672905943,1.7865618042086464,CLEC4M;CD209
GO_Biological_Process_2023,Pharyngeal Arch Artery Morphogenesis (GO:0061626),2/6,0.3785256680240896,0.9999963846351302,0,0,1.839026672905943,1.7865618042086464,NOG;FOLR1
GO_Biological_Process_2023,Positive Regulation Of Activation Of Janus Kinase Activity (GO:0010536),2/6,0.3785256680240896,0.9999963846351302,0,0,1.839026672905943,1.7865618042086464,GH1;IL6R
GO_Biological_Process_2023,Positive Regulation Of Blood Circulation (GO:1903524),2/6,0.3785256680240896,0.9999963846351302,0,0,1.839026672905943,1.7865618042086464,HRC;ATP1A2
GO_Biological_Process_2023,Positive Regulation Of Catecholamine Secretion (GO:0033605),2/6,0.3785256680240896,0.9999963846351302,0,0,1.839026672905943,1.7865618042086464,KCNB1;VIP
GO_Biological_Process_2023,Positive Regulation Of Cell Killing (GO:0031343),2/6,0.3785256680240896,0.9999963846351302,0,0,1.839026672905943,1.7865618042086464,FCER2;PRF1
GO_Biological_Process_2023,Positive Regulation Of Gliogenesis (GO:0014015),2/6,0.3785256680240896,0.9999963846351302,0,0,1.839026672905943,1.7865618042086464,IL6;SOX8
GO_Biological_Process_2023,Positive Regulation Of Hormone Metabolic Process (GO:0032352),2/6,0.3785256680240896,0.9999963846351302,0,0,1.839026672905943,1.7865618042086464,SLCO1C1;EGR1
GO_Biological_Process_2023,Positive Regulation Of Icosanoid Secretion (GO:0032305),2/6,0.3785256680240896,0.9999963846351302,0,0,1.839026672905943,1.7865618042086464,CYP4A11;PLA2R1
GO_Biological_Process_2023,Positive Regulation Of Lipopolysaccharide-Mediated Signaling Pathway (GO:0031666),2/6,0.3785256680240896,0.9999963846351302,0,0,1.839026672905943,1.7865618042086464,PRKCA;SASH1
GO_Biological_Process_2023,Positive Regulation Of Lipoprotein Lipase Activity (GO:0051006),2/6,0.3785256680240896,0.9999963846351302,0,0,1.839026672905943,1.7865618042086464,NR1H3;GPIHBP1
GO_Biological_Process_2023,Positive Regulation Of Mast Cell Activation (GO:0033005),2/6,0.3785256680240896,0.9999963846351302,0,0,1.839026672905943,1.7865618042086464,NR4A3;TSLP
GO_Biological_Process_2023,Positive Regulation Of Mitophagy In Response To Mitochondrial Depolarization (GO:0098779),2/6,0.3785256680240896,0.9999963846351302,0,0,1.839026672905943,1.7865618042086464,PRKN;OPTN
GO_Biological_Process_2023,Positive Regulation Of Striated Muscle Contraction (GO:0045989),2/6,0.3785256680240896,0.9999963846351302,0,0,1.839026672905943,1.7865618042086464,CHGA;RGS2
GO_Biological_Process_2023,Protein Localization To Basolateral Plasma Membrane (GO:1903361),2/6,0.3785256680240896,0.9999963846351302,0,0,1.839026672905943,1.7865618042086464,CAV1;LIN7A
GO_Biological_Process_2023,Regulation Of SA Node Cell Action Potential (GO:0098907),2/6,0.3785256680240896,0.9999963846351302,0,0,1.839026672905943,1.7865618042086464,TBX18;HCN1
GO_Biological_Process_2023,Regulation Of Adiponectin Secretion (GO:0070163),2/6,0.3785256680240896,0.9999963846351302,0,0,1.839026672905943,1.7865618042086464,HCAR2;PPARG
GO_Biological_Process_2023,Regulation Of Axon Guidance (GO:1902667),2/6,0.3785256680240896,0.9999963846351302,0,0,1.839026672905943,1.7865618042086464,TUBB2B;NOVA2
GO_Biological_Process_2023,Regulation Of Bile Acid Metabolic Process (GO:1904251),2/6,0.3785256680240896,0.9999963846351302,0,0,1.839026672905943,1.7865618042086464,CYP7A1;CES1
GO_Biological_Process_2023,Regulation Of Cell Adhesion Molecule Production (GO:0060353),2/6,0.3785256680240896,0.9999963846351302,0,0,1.839026672905943,1.7865618042086464,CAV1;NOTCH4
GO_Biological_Process_2023,Regulation Of Collagen Fibril Organization (GO:1904026),2/6,0.3785256680240896,0.9999963846351302,0,0,1.839026672905943,1.7865618042086464,EFEMP2;TNXB
GO_Biological_Process_2023,Regulation Of Cortisol Biosynthetic Process (GO:2000064),2/6,0.3785256680240896,0.9999963846351302,0,0,1.839026672905943,1.7865618042086464,BMP5;DKK3
GO_Biological_Process_2023,Regulation Of Extracellular Matrix Assembly (GO:1901201),2/6,0.3785256680240896,0.9999963846351302,0,0,1.839026672905943,1.7865618042086464,RGCC;TIE1
GO_Biological_Process_2023,Regulation Of Glial Cell Apoptotic Process (GO:0034350),2/6,0.3785256680240896,0.9999963846351302,0,0,1.839026672905943,1.7865618042086464,PRKCA;DLL1
GO_Biological_Process_2023,Regulation Of Intestinal Cholesterol Absorption (GO:0030300),2/6,0.3785256680240896,0.9999963846351302,0,0,1.839026672905943,1.7865618042086464,ABCG8;CYP8B1
GO_Biological_Process_2023,Regulation Of Lens Fiber Cell Differentiation (GO:1902746),2/6,0.3785256680240896,0.9999963846351302,0,0,1.839026672905943,1.7865618042086464,SPRY2;SPRY1
GO_Biological_Process_2023,Regulation Of Osteoclast Development (GO:2001204),2/6,0.3785256680240896,0.9999963846351302,0,0,1.839026672905943,1.7865618042086464,SIGLEC15;LTF
GO_Biological_Process_2023,Regulation Of Potassium Ion Export Across Plasma Membrane (GO:1903764),2/6,0.3785256680240896,0.9999963846351302,0,0,1.839026672905943,1.7865618042086464,KCNIP2;KCNE5
GO_Biological_Process_2023,Regulation Of Respiratory Gaseous Exchange (GO:0043576),2/6,0.3785256680240896,0.9999963846351302,0,0,1.839026672905943,1.7865618042086464,NMB;NMBR
GO_Biological_Process_2023,Regulation Of Saliva Secretion (GO:0046877),2/6,0.3785256680240896,0.9999963846351302,0,0,1.839026672905943,1.7865618042086464,OPRK1;FGF10
GO_Biological_Process_2023,Regulation Of Striated Muscle Cell Differentiation (GO:0051153),2/6,0.3785256680240896,0.9999963846351302,0,0,1.839026672905943,1.7865618042086464,MESP1;NRG1
GO_Biological_Process_2023,Regulation Of Vascular Associated Smooth Muscle Cell Apoptotic Process (GO:1905459),2/6,0.3785256680240896,0.9999963846351302,0,0,1.839026672905943,1.7865618042086464,PPARG;IGF1
GO_Biological_Process_2023,Regulation Of Vascular Associated Smooth Muscle Cell Differentiation (GO:1905063),2/6,0.3785256680240896,0.9999963846351302,0,0,1.839026672905943,1.7865618042086464,KIT;NFATC2
GO_Biological_Process_2023,Response To Alkaloid (GO:0043279),2/6,0.3785256680240896,0.9999963846351302,0,0,1.839026672905943,1.7865618042086464,RYR1;DRD2
GO_Biological_Process_2023,Response To Cocaine (GO:0042220),2/6,0.3785256680240896,0.9999963846351302,0,0,1.839026672905943,1.7865618042086464,CRHBP;DRD2
GO_Biological_Process_2023,Skeletal Muscle Thin Filament Assembly (GO:0030240),2/6,0.3785256680240896,0.9999963846351302,0,0,1.839026672905943,1.7865618042086464,ACTC1;PROX1
GO_Biological_Process_2023,Spinal Cord Dorsal/Ventral Patterning (GO:0021513),2/6,0.3785256680240896,0.9999963846351302,0,0,1.839026672905943,1.7865618042086464,DLL4;RFX4
GO_Biological_Process_2023,Synaptic Signaling (GO:0099536),2/6,0.3785256680240896,0.9999963846351302,0,0,1.839026672905943,1.7865618042086464,DPYSL2;UTRN
GO_Biological_Process_2023,Synaptic Vesicle Docking (GO:0016081),2/6,0.3785256680240896,0.9999963846351302,0,0,1.839026672905943,1.7865618042086464,STX1B;UNC13C
GO_Biological_Process_2023,Toll-Like Receptor 3 Signaling Pathway (GO:0034138),2/6,0.3785256680240896,0.9999963846351302,0,0,1.839026672905943,1.7865618042086464,SCARA3;RFTN1
GO_Biological_Process_2023,Transepithelial Chloride Transport (GO:0030321),2/6,0.3785256680240896,0.9999963846351302,0,0,1.839026672905943,1.7865618042086464,CLCNKB;CLCNKA
GO_Biological_Process_2023,Vascular Associated Smooth Muscle Cell Development (GO:0097084),2/6,0.3785256680240896,0.9999963846351302,0,0,1.839026672905943,1.7865618042086464,RAMP2;HEY2
GO_Biological_Process_2023,Vascular Associated Smooth Muscle Contraction (GO:0014829),2/6,0.3785256680240896,0.9999963846351302,0,0,1.839026672905943,1.7865618042086464,EDNRB;EDN3
GO_Biological_Process_2023,White Fat Cell Differentiation (GO:0050872),2/6,0.3785256680240896,0.9999963846351302,0,0,1.839026672905943,1.7865618042086464,FFAR4;PPARG
GO_Biological_Process_2023,Xenobiotic Glucuronidation (GO:0052697),2/6,0.3785256680240896,0.9999963846351302,0,0,1.839026672905943,1.7865618042086464,UGT2B28;UGT2B4
GO_Biological_Process_2023,Heart Morphogenesis (GO:0003007),14/59,0.3785784880455342,0.9999963846351302,0,0,1.1445122269148549,1.1117011919515063,ACVRL1;MESP1;NOG;CCM2L;TGFBR3;ADAMTS5;BMP2;FGF8;HEY1;SOX17;SYNPO2L;FLRT2;HEY2;RBM20
GO_Biological_Process_2023,Regulation Of Wnt Signaling Pathway (GO:0030111),25/109,0.3819621817511518,0.9999963846351302,0,0,1.094980452778618,1.053846062236905,PRKN;KANK1;CITED1;LRP1;LRRK2;APCDD1;WIF1;GPC3;RSPO3;SOSTDC1;RSPO1;SOX7;CER1;WLS;TCF7L1;DCDC2;DKK4;SFRP1;BMP2;MDFIC;DAAM2;SFRP5;LGR6;FOLR1;TRABD2B
GO_Biological_Process_2023,Atrioventricular Valve Morphogenesis (GO:0003181),5/19,0.3839216015126442,0.9999963846351302,0,0,1.3136769575542695,1.2576051656993186,BMP2;HEY1;HEY2;AXIN2;TGFBR2
GO_Biological_Process_2023,Bicarbonate Transport (GO:0015701),5/19,0.3839216015126442,0.9999963846351302,0,0,1.3136769575542695,1.2576051656993186,SLC26A7;SLC4A1;SLC4A4;CFTR;SLC26A5
GO_Biological_Process_2023,Cardiac Ventricle Development (GO:0003231),5/19,0.3839216015126442,0.9999963846351302,0,0,1.3136769575542695,1.2576051656993186,DLL4;HEY1;PDE2A;HEY2;SCN5A
GO_Biological_Process_2023,Negative Regulation Of Peptidyl-Serine Phosphorylation (GO:0033137),5/19,0.3839216015126442,0.9999963846351302,0,0,1.3136769575542695,1.2576051656993186,MLXIPL;DMTN;INPP5K;DMD;PPM1F
GO_Biological_Process_2023,Negative Regulation Of Protein Dephosphorylation (GO:0035308),5/19,0.3839216015126442,0.9999963846351302,0,0,1.3136769575542695,1.2576051656993186,PPP1R15A;PPP1R16B;PPP4R4;CRY2;PPP1R1B
GO_Biological_Process_2023,Receptor Clustering (GO:0043113),5/19,0.3839216015126442,0.9999963846351302,0,0,1.3136769575542695,1.2576051656993186,PIGR;NLGN1;NRXN1;LRP4;PTN
GO_Biological_Process_2023,Regulation Of Acute Inflammatory Response (GO:0002673),5/19,0.3839216015126442,0.9999963846351302,0,0,1.3136769575542695,1.2576051656993186,IL6;GSTP1;NLRP3;C2CD4B;DNASE1L3
GO_Biological_Process_2023,Regulation Of Fibroblast Growth Factor Receptor Signaling Pathway (GO:0040036),5/19,0.3839216015126442,0.9999963846351302,0,0,1.3136769575542695,1.2576051656993186,SMOC2;NOG;SPRY2;SPRY1;FGF2
GO_Biological_Process_2023,Regulation Of Tissue Remodeling (GO:0034103),5/19,0.3839216015126442,0.9999963846351302,0,0,1.3136769575542695,1.2576051656993186,FLT4;HAND2;LEP;LEPR;DDR2
GO_Biological_Process_2023,Cellular Response To Reactive Oxygen Species (GO:0034614),17/73,0.3895800295497327,0.9999963846351302,0,0,1.1167779156743702,1.0527708697899771,PDGFRA;EDN1;JUN;ANXA1;UCP1;PJVK;FOS;PKD2;CLU;SLC6A2;EGFR;AQP1;IL6;SIRPA;FYN;PDK2;MAP3K5
GO_Biological_Process_2023,Cellular Response To Osmotic Stress (GO:0071470),7/28,0.3904261773143833,0.9999963846351302,0,0,1.226126337159366,1.153191896867631,CAPN3;NLRP3;AQP5;PKD2;SCN2A;YBX3;MYLK
GO_Biological_Process_2023,Negative Regulation Of Cation Channel Activity (GO:2001258),7/28,0.3904261773143833,0.9999963846351302,0,0,1.226126337159366,1.153191896867631,GSTM2;CASQ2;KCNAB1;PKD2;CLIC2;CRHR1;TRDN
GO_Biological_Process_2023,Regulation Of Glucose Metabolic Process (GO:0010906),7/28,0.3904261773143833,0.9999963846351302,0,0,1.226126337159366,1.153191896867631,PRKN;IRS1;PDK4;IRS2;MLYCD;PDK2;GPLD1
GO_Biological_Process_2023,Regulation Of Monoatomic Ion Transport (GO:0043269),7/28,0.3904261773143833,0.9999963846351302,0,0,1.226126337159366,1.153191896867631,CLDN10;KCNJ8;KCNJ12;KCNJ16;KCNJ18;PDZK1;KCNJ2
GO_Biological_Process_2023,Negative Regulation Of Cell Death (GO:0060548),15/64,0.3911252271353962,0.9999963846351302,0,0,1.1261369133431358,1.057135685119795,KANK2;PRKN;CHGA;PACRG;CSF1;AMIGO2;TNFRSF1B;MECOM;CCN6;ALB;CCN5;CCN3;FYN;CD200;SNCA
GO_Biological_Process_2023,Phosphatidylcholine Metabolic Process (GO:0046470),13/55,0.3923349088480487,0.9999963846351302,0,0,1.1386235939367535,1.065341147087944,CETP;SLC27A1;PCYT1B;PLA2G2A;PLA2G4A;LCAT;NR1H3;PLAAT3;PLA2G5;LIPC;LPCAT2;ENPP2;GPLD1
GO_Biological_Process_2023,Aortic Valve Morphogenesis (GO:0003180),9/37,0.3926538473928769,0.9999963846351302,0,0,1.182362985034651,1.1053046656594523,DLL4;BMP4;HEY1;TIE1;HEY2;TWIST1;SLIT2;AXIN2;TGFBR2
GO_Biological_Process_2023,Regulation Of p38MAPK Cascade (GO:1900744),9/37,0.3926538473928769,0.9999963846351302,0,0,1.182362985034651,1.1053046656594523,BMP4;PER1;BMP2;DUSP1;HAND2;LEP;DAB2IP;GDF6;SASH1
GO_Biological_Process_2023,Regulation Of Sodium Ion Transmembrane Transporter Activity (GO:2000649),9/37,0.3926538473928769,0.9999963846351302,0,0,1.182362985034651,1.1053046656594523,CAV3;FXYD2;FXYD1;DMD;FXYD6;SCN3B;UTRN;SCN4B;SCN2B
GO_Biological_Process_2023,Inorganic Cation Transmembrane Transport (GO:0098662),63/284,0.3927643756316591,0.9999963846351302,0,0,1.048992936107051,0.9803315230889732,KCNK7;KCNC2;LRRC38;KCNC4;PKD2;SLC4A4;SLC6A2;CLU;RYR3;AQP1;SCN9A;SCN5A;KCNH3;KCNH4;KCNH5;SLC36A2;TRPC6;SCARA5;SLC6A15;KCNH8;TRPC1;SLC6A14;ANO6;ABCC9;KCNK17;SCNN1B;SLC9A9;KCNQ4;SCN4A;GAS6;RHCG;SCN4B;ATP6V1B1;KCNE1;SLC24A4;KCNA1;KCNA2;UCP1;KCNA4;SLC1A3;KCNA5;ATP1A2;KCNA6;CACNA1G;TRPM1;SCN3B;TRPM6;TRPM3;KCNJ2;MCOLN3;SLC12A4;KCNJ8;KCNB1;KCNB2;TRPV3;SLC8A3;KCNS1;FXYD2;SCN2A;KCNK2;KCNK3;SCN2B;HCN1
GO_Biological_Process_2023,Regulation Of Neuron Apoptotic Process (GO:0043523),24/105,0.392890509126827,0.9999963846351302,0,0,1.0900665482038954,1.0183666673897722,PRKN;CNTFR;EGR1;PRNP;NTRK2;EPHA7;MEF2C;GRID2;CITED1;KCNB1;FZD9;NDNF;SEMA3E;NGF;CLU;NTF4;PTPRZ1;TRIM2;NTF3;TYRO3;FGF20;BCL2;CCL2;PPARGC1A
GO_Biological_Process_2023,T Cell Differentiation (GO:0030217),11/46,0.3929859629539151,0.9999963846351302,0,0,1.156114553676101,1.079789472552738,DLL4;JAG2;ANXA1;USP44;LEP;TCF7;KIT;LEPR;PIK3R1;ZFP36L2;RAG1
GO_Biological_Process_2023,Homotypic Cell-Cell Adhesion (GO:0034109),11/46,0.3929859629539151,0.9999963846351302,0,0,1.156114553676101,1.079789472552738,P2RY12;PDGFRA;CSRP1;ITGB3;STXBP1;TYRO3;HBB;PLPP3;TLN1;MYL9;XG
GO_Biological_Process_2023,Response To Glucose (GO:0009749),11/46,0.3929859629539151,0.9999963846351302,0,0,1.156114553676101,1.079789472552738,GYS2;KCNB1;GPER1;ADIPOQ;ZBTB20;IRS2;PCK1;GAS6;CYP7A1;GPLD1;VAMP2
GO_Biological_Process_2023,Regulation Of Neuron Projection Development (GO:0010975),39/174,0.3983937493279909,0.9999963846351302,0,0,1.062895654682296,0.978198222228074,KANK1;NLGN1;PTPRS;TENM3;LRRK2;SEMA3A;MYCBP2;STMN2;NDNF;PTN;CX3CL1;ADCY6;RELN;TNN;FUT9;ALKAL2;LRRC4C;PAK3;SCARF1;LZTS3;PPFIA2;MARK1;EPHA4;NTRK2;NTRK3;DAB2IP;ATP1B2;ZDHHC15;STX1B;FES;KIF26A;NOVA2;IL1RAPL1;ROR1;PRKD1;CAMK1;SHANK3;EPHA3;DDR2
GO_Biological_Process_2023,Organonitrogen Compound Catabolic Process (GO:1901565),18/78,0.4002935041865031,0.9999963846351302,0,0,1.1036167214654768,1.0104242800508547,PRKN;BCHE;CPQ;LVRN;DAB2IP;PLA2G4A;ETFB;HOGA1;PLA2G5;CYP3A4;CYP3A5;TRHDE;NAALADL1;LIPC;ANPEP;ENPP2;CAPN3;ELANE
GO_Biological_Process_2023,Regulation Of Endopeptidase Activity (GO:0052548),16/69,0.4027103884148546,0.9999963846351302,0,0,1.110532376649836,1.0100709687380294,SERPINB10;SERPINB4;SERPINB2;SERPINB13;SERPIND1;SERPINF1;SERPINA10;SERPINF2;NRG1;SERPINA6;VSIR;SERPINB5;SPOCK3;FETUB;SERPING1;TIMP4
GO_Biological_Process_2023,L-glutamate Import (GO:0051938),4/15,0.4039149925281339,0.9999963846351302,0,0,1.337504256043582,1.2125156037376763,SLC25A18;SLC1A3;SLC17A7;SLC1A7
GO_Biological_Process_2023,Cardiac Myofibril Assembly (GO:0055003),4/15,0.4039149925281339,0.9999963846351302,0,0,1.337504256043582,1.2125156037376763,FHOD3;PDGFRA;MYL2;PROX1
GO_Biological_Process_2023,Cellular Glucuronidation (GO:0052695),4/15,0.4039149925281339,0.9999963846351302,0,0,1.337504256043582,1.2125156037376763,UGT2B15;UGT2B28;UGT2B4;UGT2B7
GO_Biological_Process_2023,Cellular Response To Estrogen Stimulus (GO:0071391),4/15,0.4039149925281339,0.9999963846351302,0,0,1.337504256043582,1.2125156037376763,CRHBP;SFRP1;ARID5A;ESR2
GO_Biological_Process_2023,Dendritic Cell Chemotaxis (GO:0002407),4/15,0.4039149925281339,0.9999963846351302,0,0,1.337504256043582,1.2125156037376763,CCL21;CXCR1;CXCR2;CLU
GO_Biological_Process_2023,Ganglioside Biosynthetic Process (GO:0001574),4/15,0.4039149925281339,0.9999963846351302,0,0,1.337504256043582,1.2125156037376763,ST8SIA2;B4GALT6;ST6GALNAC3;ST6GALNAC6
GO_Biological_Process_2023,Glucuronate Metabolic Process (GO:0019585),4/15,0.4039149925281339,0.9999963846351302,0,0,1.337504256043582,1.2125156037376763,UGT2B15;UGT2B28;UGT2B4;UGT2B7
GO_Biological_Process_2023,High-Density Lipoprotein Particle Remodeling (GO:0034375),4/15,0.4039149925281339,0.9999963846351302,0,0,1.337504256043582,1.2125156037376763,CETP;LIPC;LCAT;PLTP
GO_Biological_Process_2023,Negative Regulation Of Epithelial Cell Differentiation (GO:0030857),4/15,0.4039149925281339,0.9999963846351302,0,0,1.337504256043582,1.2125156037376763,NOTCH4;SPRY2;SPRY1;DLL1
GO_Biological_Process_2023,Negative Regulation Of Platelet Activation (GO:0010544),4/15,0.4039149925281339,0.9999963846351302,0,0,1.337504256043582,1.2125156037376763,PDGFRA;THBD;C1QTNF1;PDGFA
GO_Biological_Process_2023,Oogenesis (GO:0048477),4/15,0.4039149925281339,0.9999963846351302,0,0,1.337504256043582,1.2125156037376763,PIWIL2;IHO1;MEI4;PTN
GO_Biological_Process_2023,Positive Regulation Of Cell Activation (GO:0050867),4/15,0.4039149925281339,0.9999963846351302,0,0,1.337504256043582,1.2125156037376763,SELP;SOX15;PLA2G4A;TLR4
GO_Biological_Process_2023,Positive Regulation Of Syncytium Formation By Plasma Membrane Fusion (GO:0060143),4/15,0.4039149925281339,0.9999963846351302,0,0,1.337504256043582,1.2125156037376763,EHD2;SCGB3A1;CAMK1;RAPGEF3
GO_Biological_Process_2023,Regulation Of Activin Receptor Signaling Pathway (GO:0032925),4/15,0.4039149925281339,0.9999963846351302,0,0,1.337504256043582,1.2125156037376763,FST;IGSF1;CER1;NODAL
GO_Biological_Process_2023,Regulation Of Carbohydrate Metabolic Process (GO:0006109),4/15,0.4039149925281339,0.9999963846351302,0,0,1.337504256043582,1.2125156037376763,PRKN;PDK4;MLYCD;PDK2
GO_Biological_Process_2023,Regulation Of Lipoprotein Lipase Activity (GO:0051004),4/15,0.4039149925281339,0.9999963846351302,0,0,1.337504256043582,1.2125156037376763,NR1H3;ANGPTL4;PCSK5;GPIHBP1
GO_Biological_Process_2023,Regulation Of Systemic Arterial Blood Pressure (GO:0003073),4/15,0.4039149925281339,0.9999963846351302,0,0,1.337504256043582,1.2125156037376763,ADM5;ADM;SPX;DRD2
GO_Biological_Process_2023,Positive Regulation Of Phagocytosis (GO:0050766),14/60,0.4050273516694891,0.9999963846351302,0,0,1.1195601167037317,1.0118591938480177,FCN1;TUB;FCN2;COLEC11;ANO6;PLA2G5;CFP;MERTK;SIRPB1;C3;PLCG2;SIRPA;CCL2;GAS6
GO_Biological_Process_2023,Negative Regulation Of MAP Kinase Activity (GO:0043407),12/51,0.4071468712781875,0.9999963846351302,0,0,1.131837205946024,1.017047742863424,BMP4;RGS2;BMP2;CAV3;DUSP1;GSTP1;DAB2IP;INPP5K;SPRY2;IRAK3;PPARG;SPRY1
GO_Biological_Process_2023,Embryonic Heart Tube Morphogenesis (GO:0003143),10/42,0.4088847717662323,0.9999963846351302,0,0,1.149496015002344,1.0280194535766751,MESP1;MEF2C;SOX17;SOX18;APLNR;NPHP3;PKD2;DLL1;FOLR1;TGFBR2
GO_Biological_Process_2023,Keratinocyte Differentiation (GO:0030216),10/42,0.4088847717662323,0.9999963846351302,0,0,1.149496015002344,1.0280194535766751,TGM1;SPRR2F;SCEL;CSTA;ANXA1;KRT16;AKR1C3;TXNIP;EPHA2;FGFR1
GO_Biological_Process_2023,Monoatomic Cation Transport (GO:0006812),10/42,0.4088847717662323,0.9999963846351302,0,0,1.149496015002344,1.0280194535766751,TRPM1;GRIN2A;TRPC6;CNGA1;SLC29A4;ATP1A2;ANO6;TRPM6;GRIN2B;TRPM3
GO_Biological_Process_2023,Organic Hydroxy Compound Biosynthetic Process (GO:1901617),10/42,0.4088847717662323,0.9999963846351302,0,0,1.149496015002344,1.0280194535766751,CYP39A1;CH25H;FAXDC2;AKR1C3;AKR1C4;CYP46A1;OSBPL1A;CYP7A1;ALOX15B;CYP8B1
GO_Biological_Process_2023,Potassium Ion Import Across Plasma Membrane (GO:1990573),10/42,0.4088847717662323,0.9999963846351302,0,0,1.149496015002344,1.0280194535766751,SLC12A4;KCNJ8;KCNJ12;FXYD2;KCNJ16;ATP1A2;ABCC9;ATP1B2;KCNJ18;KCNJ2
GO_Biological_Process_2023,Regulation Of Axonogenesis (GO:0050770),10/42,0.4088847717662323,0.9999963846351302,0,0,1.149496015002344,1.0280194535766751,CHODL;EPHA4;NTRK2;EFNB3;LRP4;MAP6;SLIT2;LRRC4C;PAK3;PLXNA4
GO_Biological_Process_2023,Ear Morphogenesis (GO:0042471),6/24,0.4091506532615836,0.9999963846351302,0,0,1.2260733801717407,1.0957072602281437,OSR2;TMIE;GSC;NOG;TWIST1;SOBP
GO_Biological_Process_2023,Mononuclear Cell Differentiation (GO:1903131),6/24,0.4091506532615836,0.9999963846351302,0,0,1.2260733801717407,1.0957072602281437,BMP4;PDE1B;LY6D;PPARG;GAS6;CLU
GO_Biological_Process_2023,Negative Regulation Of Cell Junction Assembly (GO:1901889),6/24,0.4091506532615836,0.9999963846351302,0,0,1.2260733801717407,1.0957072602281437,ACVRL1;DMTN;FAM107A;APOD;ARHGAP6;PHLDB2
GO_Biological_Process_2023,Neuromuscular Junction Development (GO:0007528),6/24,0.4091506532615836,0.9999963846351302,0,0,1.2260733801717407,1.0957072602281437,UNC13C;CACNB4;LRRK2;LRP4;PDZRN3;KY
GO_Biological_Process_2023,Positive Regulation Of Cellular Response To Transforming Growth Factor Beta Stimulus (GO:1903846),6/24,0.4091506532615836,0.9999963846351302,0,0,1.2260733801717407,1.0957072602281437,CDKN1C;ZEB2;TNXB;CITED1;CITED2;TGFB1I1
GO_Biological_Process_2023,Positive Regulation Of p38MAPK Cascade (GO:1900745),6/24,0.4091506532615836,0.9999963846351302,0,0,1.2260733801717407,1.0957072602281437,BMP4;BMP2;HAND2;LEP;GDF6;SASH1
GO_Biological_Process_2023,Positive Regulation Of Transforming Growth Factor Beta Receptor Signaling Pathway (GO:0030511),6/24,0.4091506532615836,0.9999963846351302,0,0,1.2260733801717407,1.0957072602281437,CDKN1C;ZEB2;TNXB;CITED1;CITED2;TGFB1I1
GO_Biological_Process_2023,Positive Regulation Of Vascular Endothelial Growth Factor Production (GO:0010575),6/24,0.4091506532615836,0.9999963846351302,0,0,1.2260733801717407,1.0957072602281437,C3;CCBE1;IL6;FLT4;PTGS2;NODAL
GO_Biological_Process_2023,Protein Kinase B Signaling (GO:0043491),6/24,0.4091506532615836,0.9999963846351302,0,0,1.2260733801717407,1.0957072602281437,KDR;TYRO3;CCL2;IGF1;GAS6;EPHA2
GO_Biological_Process_2023,Regulation Of Ruffle Assembly (GO:1900027),6/24,0.4091506532615836,0.9999963846351302,0,0,1.2260733801717407,1.0957072602281437,P2RY12;EPS8;KANK1;NLGN1;CAV1;ARHGAP24
GO_Biological_Process_2023,Phosphatidic Acid Metabolic Process (GO:0046473),8/33,0.4098588378332743,0.9999963846351302,0,0,1.1770571696344891,1.0498672869077237,SLC27A1;LIPC;GPAM;DGKB;PLA2G2A;GPAT3;PLD1;AGPAT2
GO_Biological_Process_2023,Positive Regulation Of Notch Signaling Pathway (GO:0045747),8/33,0.4098588378332743,0.9999963846351302,0,0,1.1770571696344891,1.0498672869077237,YAP1;DLL4;JAG2;MESP1;CCN3;WNT1;DLL1;TP63
GO_Biological_Process_2023,Positive Regulation Of Nitrogen Compound Metabolic Process (GO:0051173),8/33,0.4098588378332743,0.9999963846351302,0,0,1.1770571696344891,1.0498672869077237,SLCO1C1;CSF1;EGF;CHRNA7;AGTR1;NR1H3;KLF4;KLF2
GO_Biological_Process_2023,Regulation Of Protein Polymerization (GO:0032271),8/33,0.4098588378332743,0.9999963846351302,0,0,1.1770571696344891,1.0498672869077237,TPPP3;TPPP2;ARHGAP40;MAP2;DAAM2;ESAM;TPPP;PAK3
GO_Biological_Process_2023,Regulation Of Canonical Wnt Signaling Pathway (GO:0060828),46/207,0.4102016241115111,0.9999963846351302,0,0,1.0511989192840256,0.9367301624730958,CCL14;PRKN;SEMA5A;KANK1;LRRK2;JADE1;LRP4;GLI1;LYPD6;EGFR;SCEL;WNT11;SOX17;TMEM88;GPC3;NPHP3;GPC5;RSPO1;IGFBP6;SOX7;WLS;IGFBP1;TLE4;TLE2;EGF;CAV1;NOG;FZD9;DAB2IP;PLEKHA4;AXIN2;TMEM170B;MCC;DKK3;DKK4;SFRP1;GPRC5B;ZEB2;BMP2;DAAM2;SFRP5;LGR6;FOLR1;LGR4;FGF10;RBMS3
GO_Biological_Process_2023,Protein Homooligomerization (GO:0051260),29/129,0.413881287809678,0.9999963846351302,0,0,1.0668613138686132,0.941159543184406,RYR1;STEAP4;KCNC2;SYCP1;SHMT1;PRF1;ITLN1;AQP4;AQP5;AQP2;PKD2;ADCY8;CLU;ACACB;CLYBL;RYR3;RNF112;GLRA3;C9;ME1;NLRP3;NLRP1;KCNJ2;SCARA5;KCNJ12;KIF25;ALDH1A3;ALDH1A2;HCN1
GO_Biological_Process_2023,Regulation Of Inflammatory Response (GO:0050727),53/240,0.4198221905524145,0.9999963846351302,0,0,1.042750357413755,0.9050280749438,CX3CL1;CDH5;GPER1;NFKBIZ;FFAR4;SIRPA;CCN3;ENPP3;ANXA1;PTGIS;ADIPOQ;TNFRSF1B;ACE2;GPRC5B;FNDC4;AGTR1;TYRO3;PPARG;PPARA;DNASE1L3;TLR4;MGLL;TLR3;VAMP2;PTGER4;CEBPA;PTGS2;NLRP8;NLRP5;S100A12;NLRP3;NLRP1;ELANE;SNCA;IL33;TSLP;CMA1;PDE2A;PLA2G2A;NR1H3;KLF4;SELE;IL22RA1;NLRP14;BST1;NLRP13;IL6;LRFN5;MYO1C;BCL6;SAA1;TEK;CD200
GO_Biological_Process_2023,Negative Regulation Of Cell Population Proliferation (GO:0008285),83/379,0.4218774694573798,0.9999963846351302,0,0,1.0317420926769842,0.8904350710569809,ACVRL1;CDKN1C;TENM1;BTG2;MSTN;TGFB1I1;PINX1;ADRA1D;CXCL1;PKD2;NUDT6;TNN;ADAMTS1;MYC;RPS6KA2;GPER1;CCN6;TNFRSF8;CCN3;ADAMTS8;SOX7;CER1;TNS2;KLF10;FGFBP1;MYOCD;KRT4;TESC;NOG;AVPR2;ITGA1;P3H2;NRG1;PROX1;AXIN2;NGF;TGFBR3;KAT2B;SFRP1;SFRP5;ALDH1A2;COL4A3;MMRN2;CLDN19;CDH13;PPARG;ANG;GPLD1;PLPP1;KANK2;CEBPA;GSTP1;FBLN1;FOXO4;DLL1;PTHLH;DLL4;ACVR1C;ZNF503;APOD;IGFBP6;DRD2;PPARGC1A;CCL23;CDKN2C;DAB2IP;PODN;MCC;ALOX15B;GDF5;PTPN14;MYO16;BMP5;BMP4;BMP2;IL6;RGCC;MYO1C;FABP7;OGN;VIP;CD200;NODAL
GO_Biological_Process_2023,Negative Regulation Of Multicellular Organismal Process (GO:0051241),51/231,0.4230741678799106,0.9999963846351302,0,0,1.04239842209073,0.896679229965532,ADM;CRHBP;ADAMTS5;RGS2;FFAR4;SOSTDC1;SPX;HOXA7;EPHA4;MEF2C;MYOCD;ARRDC3;ADIPOQ;WNT9B;IL17RD;PROCR;SFRP1;ALDH1A1;GAS6;TLR4;PTGER4;LAMA4;NPR3;LRP4;EGFR;ACVR1C;WNT11;ZNF423;MARK1;WNT10B;PTCH1;PLCL2;CIDEA;DAB2IP;NR1H3;TRPV3;MCC;TBX18;BMP5;BMP4;BMP2;RGCC;NFIB;NOVA1;NOVA2;ID1;SPRY2;SPRY1;NODAL;LGR4;ASB1
GO_Biological_Process_2023,Positive Regulation Of Epithelial To Mesenchymal Transition (GO:0010718),11/47,0.4231877197118268,0.9999963846351302,0,0,1.12392861794972,0.9665105199671712,FOXC1;BMP2;IL6;TNXB;RGCC;TGFB1I1;TWIST1;ALX1;AXIN2;FERMT2;TGFBR2
GO_Biological_Process_2023,Membrane Assembly (GO:0071709),9/38,0.4263515169255068,0.9999963846351302,0,0,1.1415191162328373,0.9731349051792412,NLGN4Y;NLGN1;NLGN4X;NRXN1;RFTN1;IL1RAPL1;LRP4;TLCD2;SPTBN1
GO_Biological_Process_2023,AMP Metabolic Process (GO:0046033),3/11,0.4283624990996116,0.9999963846351302,0,0,1.3792417505265622,1.1693011313763058,NT5E;AMPD1;AK4
GO_Biological_Process_2023,Cellular Response To Nitrogen Levels (GO:0043562),3/11,0.4283624990996116,0.9999963846351302,0,0,1.3792417505265622,1.1693011313763058,GABARAPL3;GABARAPL1;MAP1LC3C
GO_Biological_Process_2023,Cellular Response To Nitrogen Starvation (GO:0006995),3/11,0.4283624990996116,0.9999963846351302,0,0,1.3792417505265622,1.1693011313763058,GABARAPL3;GABARAPL1;MAP1LC3C
GO_Biological_Process_2023,Cellular Response To Thyroid Hormone Stimulus (GO:0097067),3/11,0.4283624990996116,0.9999963846351302,0,0,1.3792417505265622,1.1693011313763058,THRB;KLF9;LMO2
GO_Biological_Process_2023,Central Nervous System Neuron Axonogenesis (GO:0021955),3/11,0.4283624990996116,0.9999963846351302,0,0,1.3792417505265622,1.1693011313763058,MYCBP2;B4GALT6;EPHB1
GO_Biological_Process_2023,Intestinal Absorption (GO:0050892),3/11,0.4283624990996116,0.9999963846351302,0,0,1.3792417505265622,1.1693011313763058,LEP;CD36;SLC5A1
GO_Biological_Process_2023,Lipoprotein Transport (GO:0042953),3/11,0.4283624990996116,0.9999963846351302,0,0,1.3792417505265622,1.1693011313763058,LRP1;PPARG;CD36
GO_Biological_Process_2023,Negative Regulation Of Glucose Transmembrane Transport (GO:0010829),3/11,0.4283624990996116,0.9999963846351302,0,0,1.3792417505265622,1.1693011313763058,PID1;LEP;INPP5K
GO_Biological_Process_2023,Negative Regulation Of Heart Contraction (GO:0045822),3/11,0.4283624990996116,0.9999963846351302,0,0,1.3792417505265622,1.1693011313763058,PLN;ATP1A2;SPX
GO_Biological_Process_2023,Negative Regulation Of Leukocyte Chemotaxis (GO:0002689),3/11,0.4283624990996116,0.9999963846351302,0,0,1.3792417505265622,1.1693011313763058,DUSP1;CCN3;SLIT2
GO_Biological_Process_2023,Negative Regulation Of Platelet-Derived Growth Factor Receptor Signaling Pathway (GO:0010642),3/11,0.4283624990996116,0.9999963846351302,0,0,1.3792417505265622,1.1693011313763058,LRP1;APOD;SNCA
GO_Biological_Process_2023,Negative Regulation Of Reactive Oxygen Species Biosynthetic Process (GO:1903427),3/11,0.4283624990996116,0.9999963846351302,0,0,1.3792417505265622,1.1693011313763058,ABCD2;FYN;PPARA
GO_Biological_Process_2023,Positive Regulation Of Behavior (GO:0048520),3/11,0.4283624990996116,0.9999963846351302,0,0,1.3792417505265622,1.1693011313763058,MEF2C;NLGN1;NR4A3
GO_Biological_Process_2023,Positive Regulation Of Endoplasmic Reticulum Unfolded Protein Response (GO:1900103),3/11,0.4283624990996116,0.9999963846351302,0,0,1.3792417505265622,1.1693011313763058,DAB2IP;PIK3R1;BOK
GO_Biological_Process_2023,Positive Regulation Of Keratinocyte Proliferation (GO:0010838),3/11,0.4283624990996116,0.9999963846351302,0,0,1.3792417505265622,1.1693011313763058,TGM1;FGF7;FGF10
GO_Biological_Process_2023,Positive Regulation Of Vascular Permeability (GO:0043117),3/11,0.4283624990996116,0.9999963846351302,0,0,1.3792417505265622,1.1693011313763058,PDE2A;PDE3A;BMP6
GO_Biological_Process_2023,Presynapse Organization (GO:0099172),3/11,0.4283624990996116,0.9999963846351302,0,0,1.3792417505265622,1.1693011313763058,NLGN4Y;NLGN1;NLGN4X
GO_Biological_Process_2023,Pyrimidine Nucleobase Metabolic Process (GO:0006206),3/11,0.4283624990996116,0.9999963846351302,0,0,1.3792417505265622,1.1693011313763058,DPYS;DPYSL2;DPYD
GO_Biological_Process_2023,Regulation Of Cell Communication By Electrical Coupling Involved In Cardiac Conduction (GO:1901844),3/11,0.4283624990996116,0.9999963846351302,0,0,1.3792417505265622,1.1693011313763058,CAV1;HRC;TRDN
GO_Biological_Process_2023,Regulation Of Epithelial Cell Apoptotic Process (GO:1904035),3/11,0.4283624990996116,0.9999963846351302,0,0,1.3792417505265622,1.1693011313763058,YAP1;ZFP36;TEK
GO_Biological_Process_2023,Regulation Of Fatty Acid Metabolic Process (GO:0019217),3/11,0.4283624990996116,0.9999963846351302,0,0,1.3792417505265622,1.1693011313763058,CAV1;PDK4;PPARA
GO_Biological_Process_2023,Regulation Of Keratinocyte Migration (GO:0051547),3/11,0.4283624990996116,0.9999963846351302,0,0,1.3792417505265622,1.1693011313763058,EPB41L4B;FGF7;FGF10
GO_Biological_Process_2023,Regulation Of Leukocyte Cell-Cell Adhesion (GO:1903037),3/11,0.4283624990996116,0.9999963846351302,0,0,1.3792417505265622,1.1693011313763058,FUT9;PPARA;ASS1
GO_Biological_Process_2023,Regulation Of Monocyte Chemotactic Protein-1 Production (GO:0071637),3/11,0.4283624990996116,0.9999963846351302,0,0,1.3792417505265622,1.1693011313763058,GSTP1;TWIST1;APOD
GO_Biological_Process_2023,Self Proteolysis (GO:0097264),3/11,0.4283624990996116,0.9999963846351302,0,0,1.3792417505265622,1.1693011313763058,DHH;CAPN3;NLRP1
GO_Biological_Process_2023,Tyrosine Metabolic Process (GO:0006570),3/11,0.4283624990996116,0.9999963846351302,0,0,1.3792417505265622,1.1693011313763058,OCA2;TAT;HPD
GO_Biological_Process_2023,Vitamin D Metabolic Process (GO:0042359),3/11,0.4283624990996116,0.9999963846351302,0,0,1.3792417505265622,1.1693011313763058,CYP24A1;CYP1A1;CYP3A4
GO_Biological_Process_2023,Alpha-Amino Acid Catabolic Process (GO:1901606),7/29,0.4291630914570626,0.9999963846351302,0,0,1.1703187887305948,0.9899940401171918,ALDH4A1;TAT;HOGA1;HMGCLL1;HPD;ACAT1;OTC
GO_Biological_Process_2023,Defense Response To Fungus (GO:0050832),7/29,0.4291630914570626,0.9999963846351302,0,0,1.1703187887305948,0.9899940401171918,CX3CR1;RARRES2;RNASE7;PLCG2;S100A12;NRG1;LTF
GO_Biological_Process_2023,Integrated Stress Response Signaling (GO:0140467),7/29,0.4291630914570626,0.9999963846351302,0,0,1.1703187887305948,0.9899940401171918,CEBPA;JUN;MAF;CEBPD;MAP3K20;FOS;JUNB
GO_Biological_Process_2023,Phosphatidic Acid Biosynthetic Process (GO:0006654),7/29,0.4291630914570626,0.9999963846351302,0,0,1.1703187887305948,0.9899940401171918,SLC27A1;LIPC;GPAM;DGKB;GPAT3;PLD1;AGPAT2
GO_Biological_Process_2023,Regulation Of Blood Coagulation (GO:0030193),7/29,0.4291630914570626,0.9999963846351302,0,0,1.1703187887305948,0.9899940401171918,THBD;EDN1;DMTN;CAV1;EMILIN2;NRG1;TFPI
GO_Biological_Process_2023,Regulation Of Developmental Growth (GO:0048638),7/29,0.4291630914570626,0.9999963846351302,0,0,1.1703187887305948,0.9899940401171918,GHR;STAT5A;STAT5B;SPAAR;LEP;MYCBP2;DLL1
GO_Biological_Process_2023,Regulation Of Monoatomic Ion Transmembrane Transport (GO:0034765),7/29,0.4291630914570626,0.9999963846351302,0,0,1.1703187887305948,0.9899940401171918,GRIN2A;KCNJ8;KCNJ12;KCNJ16;KCNJ18;GRIN2B;KCNJ2
GO_Biological_Process_2023,Leukotriene Metabolic Process (GO:0006691),5/20,0.4308707070058947,0.9999963846351302,0,0,1.226020447982518,1.0322445049333475,CPA1;CYP4A11;PLA2G4A;PLA2G5;LTC4S
GO_Biological_Process_2023,Long-Term Memory (GO:0007616),5/20,0.4308707070058947,0.9999963846351302,0,0,1.226020447982518,1.0322445049333475,NPAS4;NTF4;PRNP;SLC2A4;SGK1
GO_Biological_Process_2023,Negative Regulation Of Phosphoprotein Phosphatase Activity (GO:0032515),5/20,0.4308707070058947,0.9999963846351302,0,0,1.226020447982518,1.0322445049333475,PPP1R15A;LGALS3;PPP4R4;CRY2;PPP1R1B
GO_Biological_Process_2023,Negative Regulation Of Protein Localization To Plasma Membrane (GO:1903077),5/20,0.4308707070058947,0.9999963846351302,0,0,1.226020447982518,1.0322445049333475,PID1;PKDCC;TMBIM1;MRAP2;RHOQ
GO_Biological_Process_2023,Positive Regulation Of Epithelial Cell Differentiation (GO:0030858),5/20,0.4308707070058947,0.9999963846351302,0,0,1.226020447982518,1.0322445049333475,BMP4;TMEM100;MESP1;ATOH8;FGF2
GO_Biological_Process_2023,Positive Regulation Of Vascular Associated Smooth Muscle Cell Proliferation (GO:1904707),5/20,0.4308707070058947,0.9999963846351302,0,0,1.226020447982518,1.0322445049333475,JUN;NR4A3;FGF9;IGF1;FGF2
GO_Biological_Process_2023,Pulmonary Valve Development (GO:0003177),5/20,0.4308707070058947,0.9999963846351302,0,0,1.226020447982518,1.0322445049333475,BMP4;HEY1;HEY2;SLIT2;TNFRSF1B
GO_Biological_Process_2023,Regulation Of Toll-Like Receptor Signaling Pathway (GO:0034121),5/20,0.4308707070058947,0.9999963846351302,0,0,1.226020447982518,1.0322445049333475,TYRO3;IRAK3;CD36;LGR4;TLR3
GO_Biological_Process_2023,Regulation Of Cell Adhesion (GO:0030155),32/144,0.434809238324264,0.9999963846351302,0,0,1.0510300255823348,0.8753481251172904,SEMA5A;ACVRL1;TNXB;LAMA2;LAMA1;PDE3B;ARHGDIG;C2CD4B;FBLN1;LAMC1;EFNA5;ZDHHC2;DLL1;EPB41L4B;TNN;HYAL1;DACT2;PLXNA4;EPHA4;EPHA7;ANGPT1;DUSP1;LAMB2;TESC;PRKCA;NRG1;DUSP26;CXCL12;FES;SAA1;CDH13;EPHA2
GO_Biological_Process_2023,Regulation Of Cell Population Proliferation (GO:0042127),166/766,0.4352152919048491,0.9999963846351302,0,0,1.0180794809407947,0.8469550277869249,CSF3;VIPR1;CSF1;IRS1;IRS2;FGF1;CLU;FGF2;NUDT6;FGF7;FGF8;CCND2;FGF9;MYC;RPS6KA2;CCN6;CHP2;KDR;TNFRSF8;JUNB;SOX7;IL6R;CER1;TNS2;KRT6A;EPHA4;OSR2;PDGFRA;IL11RA;P3H2;LIFR;POU3F3;ACE2;CLDN5;SFRP1;SFRP5;COL4A3;AGTR1;GPLD1;PLPP1;PTGFR;CHRNA7;NPR3;PDGFA;FOXO4;DPP4;GRK5;PDGFD;FGF20;IGFBP6;DRD2;WNT1;JAG2;STAT5A;STAT5B;JUN;TSLP;IGF2;LIF;IGF1;ALOX15B;BMP6;BMP5;ACER2;BMP4;FGF17;MLXIPL;BST1;FGF16;BMP2;IL6;RGCC;NR4A3;BCL6;FES;BCL2;SCGB3A1;MEIS3P1;LACRT;CD200;FGFR1;ALK;ACVRL1;TENM1;BTG2;TGFB1I1;FLT4;PINX1;ADRA1D;CXCL1;LAMC2;PRL;GLI1;PKD2;CX3CL1;CXCL5;ADAMTS1;GPER1;EMILIN2;ADAMTS8;BOK;KLF10;FGFBP1;EDN1;MYOCD;CR1;EDN3;TESC;AVPR2;ITGA1;GLP2R;NRG1;AVPR1A;PROX1;AXIN2;NGF;ECRG4;ADRA2A;TGFBR2;KAT2B;ALDH1A2;KIT;MMRN2;CLDN19;CDH13;SGK1;SGK2;HBEGF;CCL14;KANK2;YAP1;CEBPA;CTF1;TNXB;LRP5;PTN;DLL1;EGFR;PTHLH;DLL4;FTMT;NTF3;CXCR2;ZNF503;NTRK2;CCL23;CDKN2C;EGF;NTRK3;IL34;DAB2IP;AKR1C3;AKR1C2;VEGFD;PODN;S100B;PTPN14;MEIS2;MYO16;TSHR;MEIS1;MYO1C;FABP7;FOLR2;VIP;PF4
GO_Biological_Process_2023,Rho Protein Signal Transduction (GO:0007266),12/52,0.4359742287402997,0.9999963846351302,0,0,1.103470919324578,0.9160708208947618,ROPN1B;EPS8;NGFR;RHOJ;ARHGDIG;AGTR1;CDH13;ARHGAP29;RHOU;ARHGAP6;CTNNAL1;ADRA2A
GO_Biological_Process_2023,Energy Derivation By Oxidation Of Organic Compounds (GO:0015980),10/43,0.4406791986085395,0.9999963846351302,0,0,1.1145917686002074,0.913338971219649,PID1;ADGRF1;NR4A3;ADRB3;LEP;COX4I2;ADGRF5;LEPR;PPARGC1A;MRAP2
GO_Biological_Process_2023,Regulation Of Cell-Cell Adhesion (GO:0022407),10/43,0.4406791986085395,0.9999963846351302,0,0,1.1145917686002074,0.913338971219649,DPP4;EPHA7;TENM3;CITED2;FUT9;EFNA5;WNT1;PLPP3;ZDHHC2;NODAL
GO_Biological_Process_2023,Regulation Of Primary Metabolic Process (GO:0080090),10/43,0.4406791986085395,0.9999963846351302,0,0,1.1145917686002074,0.913338971219649,PM20D2;C1QTNF2;ADGRF1;ADGRF5;ANGPTL8;PLCG2;IRS2;PPARG;PPARA;PLPP1
GO_Biological_Process_2023,Positive Regulation Of Peptidyl-Serine Phosphorylation (GO:0033138),20/89,0.4418069618129159,0.9999963846351302,0,0,1.0661844829464966,0.8709471583214756,TENM1;CSF3;RAMP3;CAV1;NTRK3;SH2D3C;LIF;NGF;EGFR;NTF4;IL6;CALCR;IFNE;NTF3;SPRY2;NOS1;PRKD1;GAS6;STOX1;SNCA
GO_Biological_Process_2023,Cellular Response To Glucose Stimulus (GO:0071333),8/34,0.4457442442345288,0.9999963846351302,0,0,1.1317136471775646,0.914435870340614,MLXIPL;PTPRN2;KCNB1;GPER1;ZBTB20;PCK1;GAS6;CYP7A1
GO_Biological_Process_2023,Embryonic Limb Morphogenesis (GO:0030326),8/34,0.4457442442345288,0.9999963846351302,0,0,1.1317136471775646,0.914435870340614,OSR2;CYP26B1;MYH3;PTCH1;NOG;MAP3K20;TWIST1;TBX4
GO_Biological_Process_2023,Negative Regulation Of Ras Protein Signal Transduction (GO:0046580),8/34,0.4457442442345288,0.9999963846351302,0,0,1.1317136471775646,0.914435870340614,KANK1;MYOC;DAB2IP;SPRY2;SPRY1;MET;RASIP1;ARHGAP24
GO_Biological_Process_2023,Regulation Of DNA Biosynthetic Process (GO:2000278),8/34,0.4457442442345288,0.9999963846351302,0,0,1.1317136471775646,0.914435870340614,SMOC2;RGCC;HGF;PINX1;ADIPOQ;JADE1;PDGFA;FGF2
GO_Biological_Process_2023,Regulation Of Calcium Ion Transport (GO:0051924),13/57,0.447539331823604,0.9999963846351302,0,0,1.0867293625914316,0.8737204669777793,GRAMD2A;TRPC6;CAV3;EGF;CACNA2D1;ANK2;PKD2;MYLK;PLN;BCL2;HRC;INPP5K;NOS1
GO_Biological_Process_2023,Bile Acid Biosynthetic Process (GO:0006699),6/25,0.4512108306882748,0.9999963846351302,0,0,1.161469246887711,0.924321123788448,CYP39A1;AKR1C4;CYP46A1;OSBPL1A;CYP7A1;CYP8B1
GO_Biological_Process_2023,Carbohydrate Biosynthetic Process (GO:0016051),6/25,0.4512108306882748,0.9999963846351302,0,0,1.161469246887711,0.924321123788448,FUT6;ST6GALNAC1;FUT9;B3GALT2;ST3GAL3;ST6GALNAC6
GO_Biological_Process_2023,Cardiac Conduction System Development (GO:0003161),6/25,0.4512108306882748,0.9999963846351302,0,0,1.161469246887711,0.924321123788448,HEY1;HEY2;MSX1;SCN5A;TBX18;CACNA1G
GO_Biological_Process_2023,Cellular Response To Hexose Stimulus (GO:0071331),6/25,0.4512108306882748,0.9999963846351302,0,0,1.161469246887711,0.924321123788448,KCNB1;GPER1;ZBTB20;PCK1;GAS6;CYP7A1
GO_Biological_Process_2023,fatty-acyl-CoA Biosynthetic Process (GO:0046949),6/25,0.4512108306882748,0.9999963846351302,0,0,1.161469246887711,0.924321123788448,HACD1;ACSL1;ELOVL3;ACSL5;ACSL4;ACAT1
GO_Biological_Process_2023,Negative Regulation Of Intracellular Protein Transport (GO:0090317),6/25,0.4512108306882748,0.9999963846351302,0,0,1.161469246887711,0.924321123788448,KCNE1;DMTN;MDFIC;LRRK2;INPP5K;APOD
GO_Biological_Process_2023,Negative Regulation Of Response To Wounding (GO:1903035),6/25,0.4512108306882748,0.9999963846351302,0,0,1.161469246887711,0.924321123788448,EPHA4;IL33;PTPRS;MMRN1;CLDN19;FGF2
GO_Biological_Process_2023,Negative Regulation Of Signaling Receptor Activity (GO:2000272),6/25,0.4512108306882748,0.9999963846351302,0,0,1.161469246887711,0.924321123788448,CRHBP;RAMP3;CALCR;CNRIP1;PPARG;PPARA
GO_Biological_Process_2023,Negative Regulation Of Smoothened Signaling Pathway (GO:0045879),6/25,0.4512108306882748,0.9999963846351302,0,0,1.161469246887711,0.924321123788448,HHIP;PTCH1;RFX4;PTCH2;GPC3;GLI1
GO_Biological_Process_2023,Regulation Of Biomineral Tissue Development (GO:0070167),6/25,0.4512108306882748,0.9999963846351302,0,0,1.161469246887711,0.924321123788448,HEY1;HEY2;S1PR1;TWIST1;GAS6;DDR2
GO_Biological_Process_2023,Regulation Of Monocyte Chemotaxis (GO:0090025),6/25,0.4512108306882748,0.9999963846351302,0,0,1.161469246887711,0.924321123788448,CXCL12;DUSP1;DEFB124;CCN3;ANO6;SLIT2
GO_Biological_Process_2023,Regulation Of Synapse Organization (GO:0050807),6/25,0.4512108306882748,0.9999963846351302,0,0,1.161469246887711,0.924321123788448,EPHA4;MEF2C;SLITRK2;CTTNBP2;IL1RAPL1;KLK8
GO_Biological_Process_2023,Response To Zinc Ion (GO:0010043),6/25,0.4512108306882748,0.9999963846351302,0,0,1.161469246887711,0.924321123788448,MT1A;HAAO;MT1L;MT1M;MT1X;MT1E
GO_Biological_Process_2023,Sodium Ion Homeostasis (GO:0055078),6/25,0.4512108306882748,0.9999963846351302,0,0,1.161469246887711,0.924321123788448,FXYD2;SCNN1B;CYP4A11;ATP1A2;ATP1B2;CYP4F12
GO_Biological_Process_2023,Sterol Transport (GO:0015918),6/25,0.4512108306882748,0.9999963846351302,0,0,1.161469246887711,0.924321123788448,CETP;ABCG8;CAV1;LCAT;CD36;APOB
GO_Biological_Process_2023,Neuron Differentiation (GO:0030182),38/173,0.4551055951415596,0.9999963846351302,0,0,1.035397549507979,0.8150916742963649,ALK;TENM1;TENM2;RTN1;TENM3;CTF1;BHLHE22;RNF112;WNT6;FGF8;WNT11;FUT9;DMD;WNT1;BRINP3;EPHA5;IRX1;WNT10B;NTRK2;MEF2C;EMX2;NLGN4X;WNT5B;FZD5;FZD4;IRX6;SPINK5;IRX4;WNT9B;FZD8;ACSL4;NR4A2;LMX1A;HAND2;NOVA2;IL1RAPL1;LHX6;MET
GO_Biological_Process_2023,Negative Regulation Of Cell Cycle (GO:0045786),19/85,0.4555522538881531,0.9999963846351302,0,0,1.058869170919911,0.8325304337458764,CDKN1C;CEBPA;BTG2;MYOCD;FOXC1;HPGD;DUSP1;NUDT6;BMP4;NPPC;NR4A1;BRINP2;BMP2;BRINP1;GPER1;RPS6KA2;GAS1;GMNC;BRINP3
GO_Biological_Process_2023,Activin Receptor Signaling Pathway (GO:0032924),4/16,0.4569559762133128,0.9999963846351302,0,0,1.2259675405742825,0.9601388224940894,ACVR1C;INHBB;GDF6;GDF7
GO_Biological_Process_2023,Negative Regulation Of Phosphatase Activity (GO:0010923),4/16,0.4569559762133128,0.9999963846351302,0,0,1.2259675405742825,0.9601388224940894,PPP1R15A;PPP4R4;CRY2;PPP1R1B
GO_Biological_Process_2023,Negative Regulation Of Release Of Cytochrome C From Mitochondria (GO:0090201),4/16,0.4569559762133128,0.9999963846351302,0,0,1.2259675405742825,0.9601388224940894,PRKN;HGF;IGF1;CLU
GO_Biological_Process_2023,Nitric Oxide Metabolic Process (GO:0046209),4/16,0.4569559762133128,0.9999963846351302,0,0,1.2259675405742825,0.9601388224940894,MTARC2;CPS1;MTARC1;NOS1
GO_Biological_Process_2023,Pharyngeal System Development (GO:0060037),4/16,0.4569559762133128,0.9999963846351302,0,0,1.2259675405742825,0.9601388224940894,PTCH1;NOG;FOLR1;BMP5
GO_Biological_Process_2023,Positive Regulation Of Lymphocyte Migration (GO:2000403),4/16,0.4569559762133128,0.9999963846351302,0,0,1.2259675405742825,0.9601388224940894,CXCL12;CCL21;NEDD9;JAM2
GO_Biological_Process_2023,Positive Regulation Of Myeloid Leukocyte Cytokine Production Involved In Immune Response (GO:0061081),4/16,0.4569559762133128,0.9999963846351302,0,0,1.2259675405742825,0.9601388224940894,GPRC5B;NR4A3;KIT;PLCG2
GO_Biological_Process_2023,Regulation Of Fibrinolysis (GO:0051917),4/16,0.4569559762133128,0.9999963846351302,0,0,1.2259675405742825,0.9601388224940894,THBD;SERPINF2;NRG1;PLAT
GO_Biological_Process_2023,Regulation Of Interleukin-1 Production (GO:0032652),4/16,0.4569559762133128,0.9999963846351302,0,0,1.2259675405742825,0.9601388224940894,SAA1;SIRPA;GAS6;TLR4
GO_Biological_Process_2023,Regulation Of Protein Kinase C Signaling (GO:0090036),4/16,0.4569559762133128,0.9999963846351302,0,0,1.2259675405742825,0.9601388224940894,WNT11;FLT4;ADRA1D;SEZ6L
GO_Biological_Process_2023,Regulation Of Triglyceride Biosynthetic Process (GO:0010866),4/16,0.4569559762133128,0.9999963846351302,0,0,1.2259675405742825,0.9601388224940894,SLC27A1;NR1H3;GPLD1;PLIN5
GO_Biological_Process_2023,Retinal Metabolic Process (GO:0042574),4/16,0.4569559762133128,0.9999963846351302,0,0,1.2259675405742825,0.9601388224940894,ALDH1A3;AKR1C1;AKR1C3;RPE65
GO_Biological_Process_2023,Stabilization Of Membrane Potential (GO:0030322),4/16,0.4569559762133128,0.9999963846351302,0,0,1.2259675405742825,0.9601388224940894,KCNK7;KCNK17;KCNK2;KCNK3
GO_Biological_Process_2023,Phosphatidylinositol-Mediated Signaling (GO:0048015),14/62,0.4581011347651235,0.9999963846351302,0,0,1.0727749100578758,0.8374781480443974,PDGFRA;EDN1;NYAP1;IRS1;PIK3C2G;HTR2A;PIK3R1;IGF1;MYO16;TYRO3;PLCG2;PLCH2;PIRT;FGFR1
GO_Biological_Process_2023,Regulation Of Protein Tyrosine Kinase Activity (GO:0061097),9/39,0.4599113256491873,0.9999963846351302,0,0,1.1033981720178112,0.8570331697837628,EPHA4;PRNP;GPRC5B;RELN;CAV1;IL34;SH3BP5;NEDD9;GAS6
GO_Biological_Process_2023,Positive Regulation Of Cellular Component Organization (GO:0051130),25/113,0.4601791091793735,0.9999963846351302,0,0,1.0449412972348753,0.811020213354664,PPP1R15A;AHNAK;LRP1;FRMPD4;NRXN1;LRP4;CLU;DLL1;CDH5;LGALS3;RELN;HYAL1;GPC3;HAS3;TPPP;SNCA;DAB2IP;NRG1;TAL1;CDC42EP2;CLDN19;CAMK1;SHANK3;TRABD2B;RAPGEF3
GO_Biological_Process_2023,L-alanine Transport (GO:0015808),2/7,0.460922335294347,0.9999963846351302,0,0,1.471127749181095,1.1394262795223469,SLC36A2;SLC38A3
GO_Biological_Process_2023,T-helper 17 Cell Lineage Commitment (GO:0072540),2/7,0.460922335294347,0.9999963846351302,0,0,1.471127749181095,1.1394262795223469,SOCS3;IL6
GO_Biological_Process_2023,UV Protection (GO:0009650),2/7,0.460922335294347,0.9999963846351302,0,0,1.471127749181095,1.1394262795223469,MFAP4;SCARA3
GO_Biological_Process_2023,Cardiac Atrium Development (GO:0003230),2/7,0.460922335294347,0.9999963846351302,0,0,1.471127749181095,1.1394262795223469,DLL4;NPHP3
GO_Biological_Process_2023,Catecholamine Catabolic Process (GO:0042424),2/7,0.460922335294347,0.9999963846351302,0,0,1.471127749181095,1.1394262795223469,MAOB;MAOA
GO_Biological_Process_2023,Cellular Biogenic Amine Catabolic Process (GO:0042402),2/7,0.460922335294347,0.9999963846351302,0,0,1.471127749181095,1.1394262795223469,DMGDH;HNMT
GO_Biological_Process_2023,Cellular Response To Nitric Oxide (GO:0071732),2/7,0.460922335294347,0.9999963846351302,0,0,1.471127749181095,1.1394262795223469,KCNC2;FOXO1
GO_Biological_Process_2023,Cellular Response To Potassium Ion (GO:0035865),2/7,0.460922335294347,0.9999963846351302,0,0,1.471127749181095,1.1394262795223469,CRHBP;DLG2
GO_Biological_Process_2023,Cellular Response To Reactive Nitrogen Species (GO:1902170),2/7,0.460922335294347,0.9999963846351302,0,0,1.471127749181095,1.1394262795223469,KCNC2;FOXO1
GO_Biological_Process_2023,Collecting Duct Development (GO:0072044),2/7,0.460922335294347,0.9999963846351302,0,0,1.471127749181095,1.1394262795223469,PTCH1;DACT2
GO_Biological_Process_2023,Dermatan Sulfate Proteoglycan Biosynthetic Process (GO:0050651),2/7,0.460922335294347,0.9999963846351302,0,0,1.471127749181095,1.1394262795223469,DSEL;UST
GO_Biological_Process_2023,Dopamine Catabolic Process (GO:0042420),2/7,0.460922335294347,0.9999963846351302,0,0,1.471127749181095,1.1394262795223469,MAOB;MAOA
GO_Biological_Process_2023,Estrogen Biosynthetic Process (GO:0006703),2/7,0.460922335294347,0.9999963846351302,0,0,1.471127749181095,1.1394262795223469,HSD17B2;HSD17B11
GO_Biological_Process_2023,Foam Cell Differentiation (GO:0090077),2/7,0.460922335294347,0.9999963846351302,0,0,1.471127749181095,1.1394262795223469,SOAT2;PPARG
GO_Biological_Process_2023,Folic Acid Transport (GO:0015884),2/7,0.460922335294347,0.9999963846351302,0,0,1.471127749181095,1.1394262795223469,FOLR2;FOLR1
GO_Biological_Process_2023,Fructose Metabolic Process (GO:0006000),2/7,0.460922335294347,0.9999963846351302,0,0,1.471127749181095,1.1394262795223469,ALDOC;ALDOB
GO_Biological_Process_2023,Glycine Metabolic Process (GO:0006544),2/7,0.460922335294347,0.9999963846351302,0,0,1.471127749181095,1.1394262795223469,SHMT1;GLYAT
GO_Biological_Process_2023,Growth Hormone Receptor Signaling Pathway Via JAK-STAT (GO:0060397),2/7,0.460922335294347,0.9999963846351302,0,0,1.471127749181095,1.1394262795223469,STAT5A;STAT5B
GO_Biological_Process_2023,Hyperosmotic Response (GO:0006972),2/7,0.460922335294347,0.9999963846351302,0,0,1.471127749181095,1.1394262795223469,YBX3;TLR3
GO_Biological_Process_2023,Immunological Synapse Formation (GO:0001771),2/7,0.460922335294347,0.9999963846351302,0,0,1.471127749181095,1.1394262795223469,CCL21;PRF1
GO_Biological_Process_2023,Inhibitory Postsynaptic Potential (GO:0060080),2/7,0.460922335294347,0.9999963846351302,0,0,1.471127749181095,1.1394262795223469,NPAS4;INSYN2B
GO_Biological_Process_2023,Intermediate Filament Bundle Assembly (GO:0045110),2/7,0.460922335294347,0.9999963846351302,0,0,1.471127749181095,1.1394262795223469,KRT14;PKP1
GO_Biological_Process_2023,Intracellular pH Elevation (GO:0051454),2/7,0.460922335294347,0.9999963846351302,0,0,1.471127749181095,1.1394262795223469,OCA2;SLC26A3
GO_Biological_Process_2023,Lactate Metabolic Process (GO:0006089),2/7,0.460922335294347,0.9999963846351302,0,0,1.471127749181095,1.1394262795223469,LDHB;LDHD
GO_Biological_Process_2023,Malate Metabolic Process (GO:0006108),2/7,0.460922335294347,0.9999963846351302,0,0,1.471127749181095,1.1394262795223469,ME1;ME3
GO_Biological_Process_2023,Myoblast Migration (GO:0051451),2/7,0.460922335294347,0.9999963846351302,0,0,1.471127749181095,1.1394262795223469,ANXA1;MSTN
GO_Biological_Process_2023,Negative Regulation Of B Cell Apoptotic Process (GO:0002903),2/7,0.460922335294347,0.9999963846351302,0,0,1.471127749181095,1.1394262795223469,BCL6;IRS2
GO_Biological_Process_2023,"Negative Regulation Of CD8-positive, Alpha-Beta T Cell Activation (GO:2001186)",2/7,0.460922335294347,0.9999963846351302,0,0,1.471127749181095,1.1394262795223469,DAPL1;VSIR
GO_Biological_Process_2023,Negative Regulation Of SMAD Protein Signal Transduction (GO:0060392),2/7,0.460922335294347,0.9999963846351302,0,0,1.471127749181095,1.1394262795223469,LRP1;PPARG
GO_Biological_Process_2023,Negative Regulation Of Cell Cycle G2/M Phase Transition (GO:1902750),2/7,0.460922335294347,0.9999963846351302,0,0,1.471127749181095,1.1394262795223469,FHL1;PINX1
GO_Biological_Process_2023,Negative Regulation Of Circadian Rhythm (GO:0042754),2/7,0.460922335294347,0.9999963846351302,0,0,1.471127749181095,1.1394262795223469,PIWIL2;CRY2
GO_Biological_Process_2023,Negative Regulation Of Fatty Acid Oxidation (GO:0046322),2/7,0.460922335294347,0.9999963846351302,0,0,1.471127749181095,1.1394262795223469,ACADVL;PLIN5
GO_Biological_Process_2023,Negative Regulation Of Glucose Import (GO:0046325),2/7,0.460922335294347,0.9999963846351302,0,0,1.471127749181095,1.1394262795223469,PID1;LEP
GO_Biological_Process_2023,Negative Regulation Of Intracellular Transport (GO:0032387),2/7,0.460922335294347,0.9999963846351302,0,0,1.471127749181095,1.1394262795223469,PLN;CRYAB
GO_Biological_Process_2023,Negative Regulation Of Microglial Cell Activation (GO:1903979),2/7,0.460922335294347,0.9999963846351302,0,0,1.471127749181095,1.1394262795223469,TAFA3;CX3CL1
GO_Biological_Process_2023,Negative Regulation Of Monooxygenase Activity (GO:0032769),2/7,0.460922335294347,0.9999963846351302,0,0,1.471127749181095,1.1394262795223469,CAV3;SNCA
GO_Biological_Process_2023,Negative Regulation Of Osteoblast Proliferation (GO:0033689),2/7,0.460922335294347,0.9999963846351302,0,0,1.471127749181095,1.1394262795223469,SFRP1;TNN
GO_Biological_Process_2023,Negative Regulation Of Peptidyl-Lysine Acetylation (GO:2000757),2/7,0.460922335294347,0.9999963846351302,0,0,1.471127749181095,1.1394262795223469,TWIST1;KLF15
GO_Biological_Process_2023,Neuron Projection Arborization (GO:0140058),2/7,0.460922335294347,0.9999963846351302,0,0,1.471127749181095,1.1394262795223469,NLGN1;PTN
GO_Biological_Process_2023,Nucleobase-Containing Small Molecule Interconversion (GO:0015949),2/7,0.460922335294347,0.9999963846351302,0,0,1.471127749181095,1.1394262795223469,AK4;AK5
GO_Biological_Process_2023,Peptidyl-Tyrosine Dephosphorylation Involved In Inactivation Of Protein Kinase Activity (GO:1990264),2/7,0.460922335294347,0.9999963846351302,0,0,1.471127749181095,1.1394262795223469,PTPRT;PTPRB
GO_Biological_Process_2023,Pericardium Development (GO:0060039),2/7,0.460922335294347,0.9999963846351302,0,0,1.471127749181095,1.1394262795223469,DLL4;BMP5
GO_Biological_Process_2023,Platelet Activating Factor Metabolic Process (GO:0046469),2/7,0.460922335294347,0.9999963846351302,0,0,1.471127749181095,1.1394262795223469,LPCAT2;PLA2G4A
GO_Biological_Process_2023,Positive Regulation Of CoA-transferase Activity (GO:1905920),2/7,0.460922335294347,0.9999963846351302,0,0,1.471127749181095,1.1394262795223469,CHRNA7;AGTR1
GO_Biological_Process_2023,Positive Regulation Of T-helper 2 Cell Cytokine Production (GO:2000553),2/7,0.460922335294347,0.9999963846351302,0,0,1.471127749181095,1.1394262795223469,IL6;NLRP3
GO_Biological_Process_2023,Positive Regulation Of Apoptotic Cell Clearance (GO:2000427),2/7,0.460922335294347,0.9999963846351302,0,0,1.471127749181095,1.1394262795223469,C3;CCL2
GO_Biological_Process_2023,Positive Regulation Of Calcium Ion Import (GO:0090280),2/7,0.460922335294347,0.9999963846351302,0,0,1.471127749181095,1.1394262795223469,LGALS3;CXCL12
GO_Biological_Process_2023,Positive Regulation Of Dendritic Cell Chemotaxis (GO:2000510),2/7,0.460922335294347,0.9999963846351302,0,0,1.471127749181095,1.1394262795223469,CCL21;GAS6
GO_Biological_Process_2023,Positive Regulation Of Endocytic Recycling (GO:2001137),2/7,0.460922335294347,0.9999963846351302,0,0,1.471127749181095,1.1394262795223469,EHD2;ZDHHC2
GO_Biological_Process_2023,Positive Regulation Of Epithelial Tube Formation (GO:1905278),2/7,0.460922335294347,0.9999963846351302,0,0,1.471127749181095,1.1394262795223469,MMRN2;FGF2
GO_Biological_Process_2023,Positive Regulation Of Extracellular Matrix Disassembly (GO:0090091),2/7,0.460922335294347,0.9999963846351302,0,0,1.471127749181095,1.1394262795223469,IL6;DDR2
GO_Biological_Process_2023,Positive Regulation Of Fibroblast Migration (GO:0010763),2/7,0.460922335294347,0.9999963846351302,0,0,1.471127749181095,1.1394262795223469,DMTN;DDR2
GO_Biological_Process_2023,Positive Regulation Of Intracellular Steroid Hormone Receptor Signaling Pathway (GO:0033145),2/7,0.460922335294347,0.9999963846351302,0,0,1.471127749181095,1.1394262795223469,YAP1;LMO3
GO_Biological_Process_2023,Positive Regulation Of Meiotic Nuclear Division (GO:0045836),2/7,0.460922335294347,0.9999963846351302,0,0,1.471127749181095,1.1394262795223469,NPM2;OOEP
GO_Biological_Process_2023,Positive Regulation Of Triglyceride Lipase Activity (GO:0061365),2/7,0.460922335294347,0.9999963846351302,0,0,1.471127749181095,1.1394262795223469,NR1H3;GPIHBP1
GO_Biological_Process_2023,Positive Regulation Of Vascular Associated Smooth Muscle Cell Migration (GO:1904754),2/7,0.460922335294347,0.9999963846351302,0,0,1.471127749181095,1.1394262795223469,NR4A3;FGF9
GO_Biological_Process_2023,Regulation Of CoA-transferase Activity (GO:1905918),2/7,0.460922335294347,0.9999963846351302,0,0,1.471127749181095,1.1394262795223469,CHRNA7;AGTR1
GO_Biological_Process_2023,Regulation Of DNA-templated Transcription In Response To Stress (GO:0043620),2/7,0.460922335294347,0.9999963846351302,0,0,1.471127749181095,1.1394262795223469,RPS6KA3;TCIM
GO_Biological_Process_2023,Regulation Of Activation Of Janus Kinase Activity (GO:0010533),2/7,0.460922335294347,0.9999963846351302,0,0,1.471127749181095,1.1394262795223469,GH1;IL6R
GO_Biological_Process_2023,Regulation Of Apoptotic Cell Clearance (GO:2000425),2/7,0.460922335294347,0.9999963846351302,0,0,1.471127749181095,1.1394262795223469,C3;CCL2
GO_Biological_Process_2023,Regulation Of Cardiac Muscle Cell Action Potential Involved In Regulation Of Contraction (GO:0098909),2/7,0.460922335294347,0.9999963846351302,0,0,1.471127749181095,1.1394262795223469,CAV3;CAV1
GO_Biological_Process_2023,Regulation Of Chaperone-Mediated Autophagy (GO:1904714),2/7,0.460922335294347,0.9999963846351302,0,0,1.471127749181095,1.1394262795223469,GFAP;SNCA
GO_Biological_Process_2023,Regulation Of Chemokine (C-C Motif) Ligand 5 Production (GO:0071649),2/7,0.460922335294347,0.9999963846351302,0,0,1.471127749181095,1.1394262795223469,DEFB124;SIRPA
GO_Biological_Process_2023,Regulation Of Collateral Sprouting (GO:0048670),2/7,0.460922335294347,0.9999963846351302,0,0,1.471127749181095,1.1394262795223469,PTPRS;NGF
GO_Biological_Process_2023,Regulation Of Dopamine Uptake Involved In Synaptic Transmission (GO:0051584),2/7,0.460922335294347,0.9999963846351302,0,0,1.471127749181095,1.1394262795223469,DRD2;SNCA
GO_Biological_Process_2023,Regulation Of Epithelial To Mesenchymal Transition Involved In Endocardial Cushion Formation (GO:1905005),2/7,0.460922335294347,0.9999963846351302,0,0,1.471127749181095,1.1394262795223469,NOG;TGFBR2
GO_Biological_Process_2023,Regulation Of Meiotic Nuclear Division (GO:0040020),2/7,0.460922335294347,0.9999963846351302,0,0,1.471127749181095,1.1394262795223469,NPM2;OOEP
GO_Biological_Process_2023,Regulation Of Nitric Oxide Metabolic Process (GO:0080164),2/7,0.460922335294347,0.9999963846351302,0,0,1.471127749181095,1.1394262795223469,CX3CR1;SIRPA
GO_Biological_Process_2023,Regulation Of Protein Glycosylation (GO:0060049),2/7,0.460922335294347,0.9999963846351302,0,0,1.471127749181095,1.1394262795223469,ACER2;SLC51B
GO_Biological_Process_2023,Regulation Of Protein Localization To Cell Cortex (GO:1904776),2/7,0.460922335294347,0.9999963846351302,0,0,1.471127749181095,1.1394262795223469,EPB41L2;GNAI1
GO_Biological_Process_2023,Regulation Of Transforming Growth Factor Beta Activation (GO:1901388),2/7,0.460922335294347,0.9999963846351302,0,0,1.471127749181095,1.1394262795223469,TNXB;ITGB8
GO_Biological_Process_2023,Response To Auditory Stimulus (GO:0010996),2/7,0.460922335294347,0.9999963846351302,0,0,1.471127749181095,1.1394262795223469,ATP1A2;PTN
GO_Biological_Process_2023,Response To Potassium Ion (GO:0035864),2/7,0.460922335294347,0.9999963846351302,0,0,1.471127749181095,1.1394262795223469,CRHBP;DLG2
GO_Biological_Process_2023,Sodium-Dependent Phosphate Transport (GO:0044341),2/7,0.460922335294347,0.9999963846351302,0,0,1.471127749181095,1.1394262795223469,SLC34A2;SLC17A7
GO_Biological_Process_2023,Spleen Development (GO:0048536),2/7,0.460922335294347,0.9999963846351302,0,0,1.471127749181095,1.1394262795223469,CITED2;TCF21
GO_Biological_Process_2023,Tooth Mineralization (GO:0034505),2/7,0.460922335294347,0.9999963846351302,0,0,1.471127749181095,1.1394262795223469,SLC24A4;TSPEAR
GO_Biological_Process_2023,Ventricular Cardiac Muscle Cell Membrane Repolarization (GO:0099625),2/7,0.460922335294347,0.9999963846351302,0,0,1.471127749181095,1.1394262795223469,KCNE1;KCNJ8
GO_Biological_Process_2023,Ventricular Trabecula Myocardium Morphogenesis (GO:0003222),2/7,0.460922335294347,0.9999963846351302,0,0,1.471127749181095,1.1394262795223469,DLL4;NRG1
GO_Biological_Process_2023,Positive Regulation Of Protein Secretion (GO:0050714),17/76,0.4613900049563678,0.9999963846351302,0,0,1.059789637895424,0.8197595741307098,MYOM1;IRS2;ACSL4;DOC2B;MYRIP;IGF1;BMP6;GCK;HCAR2;GPER1;NNAT;ANG;PPARG;APBB1;TLR4;MYH10;WLS
GO_Biological_Process_2023,Positive Regulation Of Chemokine Production (GO:0032722),12/53,0.4647205181795002,0.9999963846351302,0,0,1.076488354001739,0.8249335761168376,EGR1;IL33;IL6;TSLP;ADIPOQ;FFAR3;DEFB124;TWIST1;IL6R;TLR4;ALOX15B;TLR3
GO_Biological_Process_2023,Brain Development (GO:0007420),37/169,0.4653720401709293,0.9999963846351302,0,0,1.0310178930136469,0.7886442549083359,CCL14;CX3CR1;RTN1;AMIGO1;AMIGO2;PCDH18;AFF2;GRIN2A;RELN;NNAT;APOD;JHY;SOX6;EPHA7;EGR2;EMX2;CA10;CADM2;PTCH1;SCTR;PROX1;GRIN2B;MEIS2;SHROOM4;POU6F1;TGFBR2;MEIS1;NFASC;NFIB;CNTN1;CNTN4;MEIS3P1;NES;DSCAML1;SHANK3;ADGRL2;ADGRL3
GO_Biological_Process_2023,Intrinsic Apoptotic Signaling Pathway In Response To Endoplasmic Reticulum Stress (GO:0070059),7/30,0.4675647818172171,0.9999963846351302,0,0,1.1193640705999777,0.8509600088405553,PPP1R15A;TMEM238L;ITPR1;DAB2IP;BCL2;RNF186;MAP3K5
GO_Biological_Process_2023,Negative Regulation Of Interleukin-1 Production (GO:0032692),7/30,0.4675647818172171,0.9999963846351302,0,0,1.1193640705999777,0.8509600088405553,CX3CR1;GSTP1;FFAR4;NLRP3;IGF1;GAS6;CX3CL1
GO_Biological_Process_2023,Regulation Of Calcium-Mediated Signaling (GO:0050848),7/30,0.4675647818172171,0.9999963846351302,0,0,1.1193640705999777,0.8509600088405553,SLC24A4;LRRK2;ITPR1;PLCG2;RGN;CDH13;LACRT
GO_Biological_Process_2023,Regulation Of Vasculature Development (GO:1901342),7/30,0.4675647818172171,0.9999963846351302,0,0,1.1193640705999777,0.8509600088405553,IL6;SFRP1;BMPER;LEP;FGF2;RAPGEF3;EPHA2
GO_Biological_Process_2023,Activation Of Protein Kinase Activity (GO:0032147),18/81,0.4700098053755069,0.9999963846351302,0,0,1.0508622425015095,0.7934028026677185,CARD10;ANGPT1;CAB39L;ITGB3;NTRK3;NRG1;ADRB2;IGF1;FGF1;ADCY8;ADRA2B;ADRA2A;TGFBR2;LEP;NTF3;ANG;GAS6;TLR3
GO_Biological_Process_2023,Cellular Response To Interleukin-1 (GO:0071347),18/81,0.4700098053755069,0.9999963846351302,0,0,1.0508622425015095,0.7934028026677185,CCL14;CCL13;CCL24;EGR1;CCL23;PTGIS;CCL21;DAB2IP;IRAK3;CX3CL1;MAPK11;SFRP1;CCL8;HYAL1;SIRPA;CCL2;CCL18;CCL16
GO_Biological_Process_2023,Regulation Of Transport (GO:0051049),10/44,0.4722943963108639,0.9999963846351302,0,0,1.0817407131629022,0.8114707889740652,PRKN;CLDN10;PTPRN2;FES;LRRK2;LEPR;CLDN19;PLD1;VAMP2;SNCA
GO_Biological_Process_2023,Positive Regulation Of Wnt Signaling Pathway (GO:0030177),24/109,0.4728884656965174,0.9999963846351302,0,0,1.0385036799291685,0.7777309613170909,SEMA5A;KANK1;WNT5B;EGF;CAV1;LRRK2;FZD9;PLEKHA4;LYPD6;EGFR;SCEL;SFRP1;BMP2;GPRC5B;ZEB2;DAAM2;GPC3;RSPO3;GPC5;RSPO1;LGR6;LGR4;WLS;FGF10
GO_Biological_Process_2023,Regulation Of Cell Motility (GO:2000145),27/123,0.4738841512070618,0.9999963846351302,0,0,1.0344492821840432,0.772518855805611,ROBO4;TNXB;TWIST1;NEXN;FBLN1;LDB2;FGF1;FGF2;ADGRG3;FGF7;FGF8;FGF9;TNN;SPOCK3;ENPP2;FGF20;MGAT3;FYN;PLXNA4;CAVIN1;CCL21;KRT5;FGF17;FES;AMOTL2;AMOTL1;SGK1
GO_Biological_Process_2023,Negative Regulation Of Osteoclast Differentiation (GO:0045671),5/21,0.4770120663956469,0.9999963846351302,0,0,1.1493210021072349,0.8507429123835787,TMEM178A;GPR55;TLR4;TLR3;LTF
GO_Biological_Process_2023,Positive Regulation Of Dendritic Spine Development (GO:0060999),5/21,0.4770120663956469,0.9999963846351302,0,0,1.1493210021072349,0.8507429123835787,NLGN1;CUX2;RELN;CAMK1;SHANK3
GO_Biological_Process_2023,Regulation Of Membrane Protein Ectodomain Proteolysis (GO:0051043),5/21,0.4770120663956469,0.9999963846351302,0,0,1.1493210021072349,0.8507429123835787,TNFRSF1B;ADRA2A;GPLD1;TIMP4;SH3D19
GO_Biological_Process_2023,Sulfur Compound Transport (GO:0072348),5/21,0.4770120663956469,0.9999963846351302,0,0,1.1493210021072349,0.8507429123835787,SLC27A1;SLC35F3;SLC19A3;SLC26A7;SLC26A4
GO_Biological_Process_2023,Macrophage Activation (GO:0042116),8/35,0.4812735134595892,0.9999963846351302,0,0,1.0897289041618938,0.7969400359438416,FCER2;MYO1C;CD93;PLCG2;CLU;TLR4;CX3CL1;SNCA
GO_Biological_Process_2023,Positive Regulation Of Cell Development (GO:0010720),8/35,0.4812735134595892,0.9999963846351302,0,0,1.0897289041618938,0.7969400359438416,CX3CR1;BMP4;RASSF10;MME;GPER1;SERPINF1;MYF6;PDE3A
GO_Biological_Process_2023,Regulation Of Cardiac Muscle Contraction (GO:0055117),8/35,0.4812735134595892,0.9999963846351302,0,0,1.0897289041618938,0.7969400359438416,CHGA;RGS2;PLN;CAV3;ANK2;NOS1;SCN5A;TNNI3K
GO_Biological_Process_2023,Regulation Of Regulated Secretory Pathway (GO:1903305),8/35,0.4812735134595892,0.9999963846351302,0,0,1.0897289041618938,0.7969400359438416,SYT4;RPH3AL;RIMS3;SYT2;LRRK2;SYT15;DOC2B;SYT8
GO_Biological_Process_2023,Regulation Of Sodium Ion Transport (GO:0002028),8/35,0.4812735134595892,0.9999963846351302,0,0,1.0897289041618938,0.7969400359438416,NKAIN2;PER1;NOS1;SCN5A;DRD2;SCN3B;SCN4B;SNTA1
GO_Biological_Process_2023,Cell Morphogenesis Involved In Neuron Differentiation (GO:0048667),17/77,0.4852451371839845,0.9999963846351302,0,0,1.0420599514753073,0.7535146745050253,MEF2C;PLPPR4;SDC2;LRP4;DCDC2;S100B;SLITRK2;MAP2;SLITRK3;S100A6;MAP6;SLITRK5;APBB1;CNTN4;DRD2;PAK3;DSCAML1
GO_Biological_Process_2023,C4-dicarboxylate Transport (GO:0015740),3/12,0.4900669911315553,0.9999963846351302,0,0,1.2259146579296356,0.8743384923596434,SLC13A2;SLC25A18;SLC13A5
GO_Biological_Process_2023,Adipose Tissue Development (GO:0060612),3/12,0.4900669911315553,0.9999963846351302,0,0,1.2259146579296356,0.8743384923596434,DGAT2;LRP5;SOX8
GO_Biological_Process_2023,Aspartate Family Amino Acid Metabolic Process (GO:0009066),3/12,0.4900669911315553,0.9999963846351302,0,0,1.2259146579296356,0.8743384923596434,MSRA;ASPG;ASS1
GO_Biological_Process_2023,Defense Response To Tumor Cell (GO:0002357),3/12,0.4900669911315553,0.9999963846351302,0,0,1.2259146579296356,0.8743384923596434,PRF1;KLF4;RBMS3
GO_Biological_Process_2023,Fibrinolysis (GO:0042730),3/12,0.4900669911315553,0.9999963846351302,0,0,1.2259146579296356,0.8743384923596434,SERPINB2;SERPINF2;PLAT
GO_Biological_Process_2023,Glucose Import (GO:0046323),3/12,0.4900669911315553,0.9999963846351302,0,0,1.2259146579296356,0.8743384923596434,TRARG1;SLC27A1;SLC2A4
GO_Biological_Process_2023,Granulocyte Activation (GO:0036230),3/12,0.4900669911315553,0.9999963846351302,0,0,1.2259146579296356,0.8743384923596434,CXCL6;CXCR2;CTSG
GO_Biological_Process_2023,Ionotropic Glutamate Receptor Signaling Pathway (GO:0035235),3/12,0.4900669911315553,0.9999963846351302,0,0,1.2259146579296356,0.8743384923596434,GRIA2;GRIN2A;GRIN2B
GO_Biological_Process_2023,Lipoprotein Localization (GO:0044872),3/12,0.4900669911315553,0.9999963846351302,0,0,1.2259146579296356,0.8743384923596434,LRP1;PPARG;CD36
GO_Biological_Process_2023,Negative Regulation By Host Of Viral Process (GO:0044793),3/12,0.4900669911315553,0.9999963846351302,0,0,1.2259146579296356,0.8743384923596434,PRKN;CCL8;LTF
GO_Biological_Process_2023,Negative Regulation Of Alcohol Biosynthetic Process (GO:1902931),3/12,0.4900669911315553,0.9999963846351302,0,0,1.2259146579296356,0.8743384923596434,BMP2;BMP5;DKK3
GO_Biological_Process_2023,Negative Regulation Of Locomotion (GO:0040013),3/12,0.4900669911315553,0.9999963846351302,0,0,1.2259146579296356,0.8743384923596434,SPOCK3;FBLN1;ELANE
GO_Biological_Process_2023,Neutrophil Mediated Immunity (GO:0002446),3/12,0.4900669911315553,0.9999963846351302,0,0,1.2259146579296356,0.8743384923596434,IL6;ANXA3;VAMP2
GO_Biological_Process_2023,Nucleotide Metabolic Process (GO:0009117),3/12,0.4900669911315553,0.9999963846351302,0,0,1.2259146579296356,0.8743384923596434,ME1;ENPP3;NMNAT2
GO_Biological_Process_2023,Phosphatidylcholine Acyl-Chain Remodeling (GO:0036151),3/12,0.4900669911315553,0.9999963846351302,0,0,1.2259146579296356,0.8743384923596434,LPCAT2;NR1H3;PLA2G4A
GO_Biological_Process_2023,Phospholipid Homeostasis (GO:0055091),3/12,0.4900669911315553,0.9999963846351302,0,0,1.2259146579296356,0.8743384923596434,CETP;TLCD2;ABCB11
GO_Biological_Process_2023,Polysaccharide Biosynthetic Process (GO:0000271),3/12,0.4900669911315553,0.9999963846351302,0,0,1.2259146579296356,0.8743384923596434,FUT9;HAS1;HAS3
GO_Biological_Process_2023,Positive Regulation Of Calcium-Mediated Signaling (GO:0050850),3/12,0.4900669911315553,0.9999963846351302,0,0,1.2259146579296356,0.8743384923596434,PLCG2;CDH13;LACRT
GO_Biological_Process_2023,Positive Regulation Of Cellular Extravasation (GO:0002693),3/12,0.4900669911315553,0.9999963846351302,0,0,1.2259146579296356,0.8743384923596434,LYVE1;JAM3;XG
GO_Biological_Process_2023,Positive Regulation Of Insulin Receptor Signaling Pathway (GO:0046628),3/12,0.4900669911315553,0.9999963846351302,0,0,1.2259146579296356,0.8743384923596434,IRS1;IGF2;SORBS1
GO_Biological_Process_2023,Positive Regulation Of Neuron Migration (GO:2001224),3/12,0.4900669911315553,0.9999963846351302,0,0,1.2259146579296356,0.8743384923596434,SEMA6A;SEMA3A;DAB2IP
GO_Biological_Process_2023,Positive Regulation Of Protein Export From Nucleus (GO:0046827),3/12,0.4900669911315553,0.9999963846351302,0,0,1.2259146579296356,0.8743384923596434,CAMK1;GAS6;RAPGEF3
GO_Biological_Process_2023,Positive Regulation Of Reactive Oxygen Species Biosynthetic Process (GO:1903428),3/12,0.4900669911315553,0.9999963846351302,0,0,1.2259146579296356,0.8743384923596434,PLCG2;CD36;TLR4
GO_Biological_Process_2023,Positive Regulation Of Regulated Secretory Pathway (GO:1903307),3/12,0.4900669911315553,0.9999963846351302,0,0,1.2259146579296356,0.8743384923596434,SYT4;NLGN1;KCNB1
GO_Biological_Process_2023,Positive Regulation Of Ruffle Assembly (GO:1900029),3/12,0.4900669911315553,0.9999963846351302,0,0,1.2259146579296356,0.8743384923596434,EPS8;P2RY12;NLGN1
GO_Biological_Process_2023,Positive Regulation Of Vascular Endothelial Cell Proliferation (GO:1905564),3/12,0.4900669911315553,0.9999963846351302,0,0,1.2259146579296356,0.8743384923596434,IGF2;FGF2;FGFR1
GO_Biological_Process_2023,Positive Regulation Of Voltage-Gated Calcium Channel Activity (GO:1901387),3/12,0.4900669911315553,0.9999963846351302,0,0,1.2259146579296356,0.8743384923596434,STAC;CACNA2D1;STAC2
GO_Biological_Process_2023,Regulation Of Monooxygenase Activity (GO:0032768),3/12,0.4900669911315553,0.9999963846351302,0,0,1.2259146579296356,0.8743384923596434,LEP;EGFR;SNCA
GO_Biological_Process_2023,Regulation Of Platelet-Derived Growth Factor Receptor Signaling Pathway (GO:0010640),3/12,0.4900669911315553,0.9999963846351302,0,0,1.2259146579296356,0.8743384923596434,CNTN1;APOD;SNCA
GO_Biological_Process_2023,Response To Thyroid Hormone (GO:0097066),3/12,0.4900669911315553,0.9999963846351302,0,0,1.2259146579296356,0.8743384923596434,THRB;KLF9;LMO2
GO_Biological_Process_2023,Secretion (GO:0046903),3/12,0.4900669911315553,0.9999963846351302,0,0,1.2259146579296356,0.8743384923596434,NPR1;VIP;FBLN5
GO_Biological_Process_2023,Dendritic Spine Organization (GO:0097061),6/26,0.4925471931879049,0.9999963846351302,0,0,1.1033255269320843,0.7813365209292036,PRNP;CHRNA7;FYN;PAK3;EPHB1;SHANK3
GO_Biological_Process_2023,Negative Regulation Of Interleukin-1 Beta Production (GO:0032691),6/26,0.4925471931879049,0.9999963846351302,0,0,1.1033255269320843,0.7813365209292036,CX3CR1;GSTP1;FFAR4;NLRP3;IGF1;CX3CL1
GO_Biological_Process_2023,Regulation Of Cardiac Muscle Cell Contraction (GO:0086004),6/26,0.4925471931879049,0.9999963846351302,0,0,1.1033255269320843,0.7813365209292036,PLN;CAV3;CAV1;CTNNA3;ANK2;SCN5A
GO_Biological_Process_2023,Regulation Of Vascular Endothelial Growth Factor Production (GO:0010574),6/26,0.4925471931879049,0.9999963846351302,0,0,1.1033255269320843,0.7813365209292036,C3;CCBE1;IL6;FLT4;PTGS2;NODAL
GO_Biological_Process_2023,Negative Regulation Of Cell-Cell Adhesion (GO:0022408),9/40,0.4931064069762841,0.9999963846351302,0,0,1.0677366435585929,0.7549221514903286,BMP2;RGCC;NOTCH4;WNT1;KLF4;PPARA;PPM1F;ASS1;BMP6
GO_Biological_Process_2023,Regulation Of Small Molecule Metabolic Process (GO:0062012),9/40,0.4931064069762841,0.9999963846351302,0,0,1.0677366435585929,0.7549221514903286,PRKN;ACADVL;ACADL;ADIPOQ;PDK4;MLYCD;PPARA;PDK2;GCK
GO_Biological_Process_2023,Skin Development (GO:0043588),15/68,0.4932186842436872,0.9999963846351302,0,0,1.0408797651361847,0.7356965499992723,RYR1;SPRR2F;CSTA;ANXA1;AKR1C3;PDGFA;DLL1;KRT9;TGM1;SCEL;KRT16;DACT2;TXNIP;EPHA2;FGFR1
GO_Biological_Process_2023,Apical Junction Assembly (GO:0043297),12/54,0.4932412012588914,0.9999963846351302,0,0,1.0507906727418923,0.7426536346379905,CLDN11;CDH5;CLDN10;CLDN5;RAMP2;CLDN8;FRMPD2;CLDN19;PECAM1;CLDN18;ESAM;CLDN2
GO_Biological_Process_2023,Epidermal Cell Differentiation (GO:0009913),12/54,0.4932412012588914,0.9999963846351302,0,0,1.0507906727418923,0.7426536346379905,TGM1;SPRR2F;SCEL;CSTA;ANXA1;KRT16;SPINK5;AKR1C3;TXNIP;GLI1;EPHA2;FGFR1
GO_Biological_Process_2023,Negative Regulation Of Neuron Projection Development (GO:0010977),12/54,0.4932412012588914,0.9999963846351302,0,0,1.0507906727418923,0.7426536346379905,EPHA4;STX1B;KANK1;NLGN1;PTPRS;EFNB3;BCL11A;SEMA3A;STMN2;LRP4;MGARP;ADCY6
GO_Biological_Process_2023,Positive Regulation Of Secretion By Cell (GO:1903532),16/73,0.5013331360130592,0.9999963846351302,0,0,1.032336710320402,0.7128124525895785,MYOM1;EDN1;NMB;EDN3;KCNB1;IGF1;BMP6;STX1B;BMP2;RGCC;GPER1;ANG;APBB1;MYH10;CFTR;SNCA
GO_Biological_Process_2023,Organic Hydroxy Compound Transport (GO:0015850),10/45,0.5035429537869943,0.9999963846351302,0,0,1.050766860893443,0.7209167057864877,SLCO1C1;SLC22A3;ABCG8;SLC10A6;AKR1C1;SLCO1A2;SLC29A4;SLC5A1;AKR1C4;SLC51B
GO_Biological_Process_2023,Bile Acid Metabolic Process (GO:0008206),7/31,0.5053054506278625,0.9999963846351302,0,0,1.0726555789802452,0.732186309860813,CYP39A1;AKR1C1;AKR1C4;CYP46A1;OSBPL1A;CYP7A1;CYP8B1
GO_Biological_Process_2023,Leukocyte Cell-Cell Adhesion (GO:0007159),7/31,0.5053054506278625,0.9999963846351302,0,0,1.0726555789802452,0.732186309860813,SELP;NT5E;CLEC4M;CD209;PECAM1;SELE;JAM2
GO_Biological_Process_2023,Negative Regulation Of Developmental Growth (GO:0048640),7/31,0.5053054506278625,0.9999963846351302,0,0,1.0726555789802452,0.732186309860813,PTPRS;MSTN;MAP2;PTCH1;SEMA3G;OSTN;MYOZ1
GO_Biological_Process_2023,Positive Regulation Of Extrinsic Apoptotic Signaling Pathway (GO:2001238),7/31,0.5053054506278625,0.9999963846351302,0,0,1.0726555789802452,0.732186309860813,SFRP1;PPP2R1B;GPER1;CAV1;TNFSF12;G0S2;TLR4
GO_Biological_Process_2023,Carboxylic Acid Biosynthetic Process (GO:0046394),4/17,0.5082819541595901,0.9999963846351302,0,0,1.131590319792567,0.7657686215287548,CYP2C9;CYP4A11;RGN;CDO1
GO_Biological_Process_2023,Leukocyte Tethering Or Rolling (GO:0050901),4/17,0.5082819541595901,0.9999963846351302,0,0,1.131590319792567,0.7657686215287548,CX3CR1;SELP;SELE;JAM2
GO_Biological_Process_2023,Myeloid Cell Activation Involved In Immune Response (GO:0002275),4/17,0.5082819541595901,0.9999963846351302,0,0,1.131590319792567,0.7657686215287548,MYO1C;PLCG2;ENPP3;DNASE1L3
GO_Biological_Process_2023,Negative Regulation Of Rho Protein Signal Transduction (GO:0035024),4/17,0.5082819541595901,0.9999963846351302,0,0,1.131590319792567,0.7657686215287548,KANK1;MYOC;MET;RASIP1
GO_Biological_Process_2023,Negative Regulation Of Fibroblast Proliferation (GO:0048147),4/17,0.5082819541595901,0.9999963846351302,0,0,1.131590319792567,0.7657686215287548,SFRP1;GSTP1;MYC;DAB2IP
GO_Biological_Process_2023,Negative Regulation Of Interleukin-8 Production (GO:0032717),4/17,0.5082819541595901,0.9999963846351302,0,0,1.131590319792567,0.7657686215287548,ARRB1;BPI;KLF4;ELANE
GO_Biological_Process_2023,Negative Regulation Of Leukocyte Activation (GO:0002695),4/17,0.5082819541595901,0.9999963846351302,0,0,1.131590319792567,0.7657686215287548,LRFN5;GPER1;NR1H3;CD200
GO_Biological_Process_2023,Negative Regulation Of Striated Muscle Cell Differentiation (GO:0051154),4/17,0.5082819541595901,0.9999963846351302,0,0,1.131590319792567,0.7657686215287548,BMP2;BHLHE41;CCN3;SOX6
GO_Biological_Process_2023,Neural Tube Development (GO:0021915),4/17,0.5082819541595901,0.9999963846351302,0,0,1.131590319792567,0.7657686215287548,PTCH1;PROX1;SLC39A12;PKD2
GO_Biological_Process_2023,Positive Regulation Of Amyloid-Beta Formation (GO:1902004),4/17,0.5082819541595901,0.9999963846351302,0,0,1.131590319792567,0.7657686215287548,EPHA4;LRRTM3;CHRNA7;CLU
GO_Biological_Process_2023,Positive Regulation Of Leukocyte Proliferation (GO:0070665),4/17,0.5082819541595901,0.9999963846351302,0,0,1.131590319792567,0.7657686215287548,NMB;CSF1;IL34;NMBR
GO_Biological_Process_2023,Positive Regulation Of Macrophage Activation (GO:0043032),4/17,0.5082819541595901,0.9999963846351302,0,0,1.131590319792567,0.7657686215287548,CEBPA;IL33;TAFA3;TLR4
GO_Biological_Process_2023,Positive Regulation Of Small GTPase Mediated Signal Transduction (GO:0051057),4/17,0.5082819541595901,0.9999963846351302,0,0,1.131590319792567,0.7657686215287548,RELN;IGF1;NGF;FGF10
GO_Biological_Process_2023,Negative Regulation Of Cell Projection Organization (GO:0031345),11/50,0.5129009085257267,0.9999963846351302,0,0,1.0372741756094628,0.6925595594733329,EPHA4;STX1B;KANK1;PRNP;PTPRS;SEMA3A;STMN2;SPRY2;FYN;GRIN2B;ADCY6
GO_Biological_Process_2023,Regulation Of Epithelial Cell Migration (GO:0010632),11/50,0.5129009085257267,0.9999963846351302,0,0,1.0372741756094628,0.6925595594733329,BMPER;HYAL1;RHOJ;ENPP2;PLCG2;DAB2IP;PTN;MCC;PPM1F;SASH1;FGF10
GO_Biological_Process_2023,Regulation Of Receptor Internalization (GO:0002090),8/36,0.5161910518522471,0.9999963846351302,0,0,1.050743071361628,0.6948336198121462,CCL14;GH1;ANGPT1;EGF;NTF3;ARRB1;RSPO1;SELE
GO_Biological_Process_2023,Cellular Response To Low-Density Lipoprotein Particle Stimulus (GO:0071404),5/22,0.5218254655116741,0.9999963846351302,0,0,1.0816450204525734,0.7035258302723372,CDH13;PPARG;CD36;TLR4;CES1
GO_Biological_Process_2023,Hexose Transmembrane Transport (GO:0008645),5/22,0.5218254655116741,0.9999963846351302,0,0,1.0816450204525734,0.7035258302723372,SLC5A9;SLC2A12;PPBP;SLC2A4;SLC5A1
GO_Biological_Process_2023,Modulation By Host Of Viral Process (GO:0044788),5/22,0.5218254655116741,0.9999963846351302,0,0,1.0816450204525734,0.7035258302723372,KRT17;CAV2;PIK3C2G;ZNF502;LTF
GO_Biological_Process_2023,Negative Regulation Of Axonogenesis (GO:0050771),5/22,0.5218254655116741,0.9999963846351302,0,0,1.0816450204525734,0.7035258302723372,PTPRS;EFNB3;MAP2;SEMA3G;LRP4
GO_Biological_Process_2023,Response To Gamma Radiation (GO:0010332),5/22,0.5218254655116741,0.9999963846351302,0,0,1.0816450204525734,0.7035258302723372,YAP1;DCUN1D3;MYC;MAP3K20;CRYAB
GO_Biological_Process_2023,Non-Canonical Wnt Signaling Pathway (GO:0035567),9/41,0.5257298034980218,0.9999963846351302,0,0,1.034303960628076,0.6650242246200165,SFRP1;WNT11;FZD5;FZD4;SFRP5;PRICKLE2;FZD9;WNT9B;FZD8
GO_Biological_Process_2023,Positive Regulation Of Actin Filament Polymerization (GO:0030838),9/41,0.5257298034980218,0.9999963846351302,0,0,1.034303960628076,0.6650242246200165,TENM1;CCL24;CSF3;CCL21;BIN1;CDC42EP5;CDC42EP3;LMOD1;CDC42EP2
GO_Biological_Process_2023,Amino Acid Import Across Plasma Membrane (GO:0089718),6/27,0.532784743605066,0.9999963846351302,0,0,1.0507193041150886,0.6615725853244742,SLC47A1;SLC6A14;SLC1A3;SLC38A3;SLC6A2;SLC7A3
GO_Biological_Process_2023,Cellular Response To Epidermal Growth Factor Stimulus (GO:0071364),6/27,0.532784743605066,0.9999963846351302,0,0,1.0507193041150886,0.6615725853244742,STAT5B;FOXC1;ZFP36;INPP5K;EGFR;ZFP36L2
GO_Biological_Process_2023,Positive Regulation Of Immune System Process (GO:0002684),6/27,0.532784743605066,0.9999963846351302,0,0,1.0507193041150886,0.6615725853244742,HCAR2;C6;C7;C9;CFP;AQP3
GO_Biological_Process_2023,Regulation Of Extrinsic Apoptotic Signaling Pathway In Absence Of Ligand (GO:2001239),6/27,0.532784743605066,0.9999963846351302,0,0,1.0507193041150886,0.6615725853244742,PPP2R1B;EYA1;EYA4;BCL2;FGFR1;PF4
GO_Biological_Process_2023,Cellular Component Disassembly (GO:0022411),10/46,0.5342532145772796,0.9999963846351302,0,0,1.0215137781945096,0.6403720405667397,ADAMTS5;GSN;MMP7;CMA1;KLK5;CTSG;PLAAT3;LAMC1;KLK7;ELANE
GO_Biological_Process_2023,Positive Regulation Of Peptide Hormone Secretion (GO:0090277),10/46,0.5342532145772796,0.9999963846351302,0,0,1.0215137781945096,0.6403720405667397,RASL10B;GPER1;NNAT;FFAR4;IRS2;ACSL4;DOC2B;MYRIP;DRD2;GCK
GO_Biological_Process_2023,Cdc42 Protein Signal Transduction (GO:0032488),2/8,0.5365017198318192,0.9999963846351302,0,0,1.2258618000311965,0.7633263816931669,RHOJ;RHOU
GO_Biological_Process_2023,L-fucose Catabolic Process (GO:0042355),2/8,0.5365017198318192,0.9999963846351302,0,0,1.2258618000311965,0.7633263816931669,FUT6;FUT9
GO_Biological_Process_2023,L-fucose Metabolic Process (GO:0042354),2/8,0.5365017198318192,0.9999963846351302,0,0,1.2258618000311965,0.7633263816931669,FUT6;FUT9
GO_Biological_Process_2023,N-acylphosphatidylethanolamine Metabolic Process (GO:0070292),2/8,0.5365017198318192,0.9999963846351302,0,0,1.2258618000311965,0.7633263816931669,PLAAT3;PLAAT5
GO_Biological_Process_2023,T-helper 17 Cell Differentiation (GO:0072539),2/8,0.5365017198318192,0.9999963846351302,0,0,1.2258618000311965,0.7633263816931669,SOCS3;IL6
GO_Biological_Process_2023,Auditory Behavior (GO:0031223),2/8,0.5365017198318192,0.9999963846351302,0,0,1.2258618000311965,0.7633263816931669,NRXN1;SHANK3
GO_Biological_Process_2023,Cardioblast Differentiation (GO:0010002),2/8,0.5365017198318192,0.9999963846351302,0,0,1.2258618000311965,0.7633263816931669,MYOCD;NRG1
GO_Biological_Process_2023,Cellular Response To Platelet-Derived Growth Factor Stimulus (GO:0036120),2/8,0.5365017198318192,0.9999963846351302,0,0,1.2258618000311965,0.7633263816931669,HYAL1;HAS1
GO_Biological_Process_2023,Collagen-Activated Signaling Pathway (GO:0038065),2/8,0.5365017198318192,0.9999963846351302,0,0,1.2258618000311965,0.7633263816931669,COL4A6;DDR2
GO_Biological_Process_2023,Commissural Neuron Axon Guidance (GO:0071679),2/8,0.5365017198318192,0.9999963846351302,0,0,1.2258618000311965,0.7633263816931669,NFIB;NCAM1
GO_Biological_Process_2023,Detection Of Mechanical Stimulus Involved In Sensory Perception Of Sound (GO:0050910),2/8,0.5365017198318192,0.9999963846351302,0,0,1.2258618000311965,0.7633263816931669,KIT;TMC2
GO_Biological_Process_2023,Embryonic Placenta Development (GO:0001892),2/8,0.5365017198318192,0.9999963846351302,0,0,1.2258618000311965,0.7633263816931669,IGF2;PKD2
GO_Biological_Process_2023,Endochondral Ossification (GO:0001958),2/8,0.5365017198318192,0.9999963846351302,0,0,1.2258618000311965,0.7633263816931669,FOXC1;MEF2C
GO_Biological_Process_2023,Endothelial Cell Chemotaxis (GO:0035767),2/8,0.5365017198318192,0.9999963846351302,0,0,1.2258618000311965,0.7633263816931669,NR4A1;EGR3
GO_Biological_Process_2023,Epithelial To Mesenchymal Transition Involved In Endocardial Cushion Formation (GO:0003198),2/8,0.5365017198318192,0.9999963846351302,0,0,1.2258618000311965,0.7633263816931669,FGF8;HEY2
GO_Biological_Process_2023,Fat-Soluble Vitamin Catabolic Process (GO:0042363),2/8,0.5365017198318192,0.9999963846351302,0,0,1.2258618000311965,0.7633263816931669,CYP26B1;CYP3A4
GO_Biological_Process_2023,"Fructose 1,6-Bisphosphate Metabolic Process (GO:0030388)",2/8,0.5365017198318192,0.9999963846351302,0,0,1.2258618000311965,0.7633263816931669,ALDOC;ALDOB
GO_Biological_Process_2023,Fucose Catabolic Process (GO:0019317),2/8,0.5365017198318192,0.9999963846351302,0,0,1.2258618000311965,0.7633263816931669,FUT6;FUT9
GO_Biological_Process_2023,Hyaluronan Catabolic Process (GO:0030214),2/8,0.5365017198318192,0.9999963846351302,0,0,1.2258618000311965,0.7633263816931669,HYAL1;FGF2
GO_Biological_Process_2023,Intermembrane Lipid Transfer (GO:0120009),2/8,0.5365017198318192,0.9999963846351302,0,0,1.2258618000311965,0.7633263816931669,TTPA;ESYT1
GO_Biological_Process_2023,Learned Vocalization Behavior Or Vocal Learning (GO:0098598),2/8,0.5365017198318192,0.9999963846351302,0,0,1.2258618000311965,0.7633263816931669,NRXN1;SHANK3
GO_Biological_Process_2023,Leptin-Mediated Signaling Pathway (GO:0033210),2/8,0.5365017198318192,0.9999963846351302,0,0,1.2258618000311965,0.7633263816931669,LEP;LEPR
GO_Biological_Process_2023,Negative Regulation Of Mitotic Nuclear Division (GO:0045839),2/8,0.5365017198318192,0.9999963846351302,0,0,1.2258618000311965,0.7633263816931669,BMP4;USP44
GO_Biological_Process_2023,Negative Regulation Of Systemic Arterial Blood Pressure (GO:0003085),2/8,0.5365017198318192,0.9999963846351302,0,0,1.2258618000311965,0.7633263816931669,ADRB3;ADRB2
GO_Biological_Process_2023,Negative Regulation Of Transporter Activity (GO:0032410),2/8,0.5365017198318192,0.9999963846351302,0,0,1.2258618000311965,0.7633263816931669,TWIST1;SNCA
GO_Biological_Process_2023,Neuronal Ion Channel Clustering (GO:0045161),2/8,0.5365017198318192,0.9999963846351302,0,0,1.2258618000311965,0.7633263816931669,MYOC;KCNIP2
GO_Biological_Process_2023,Neurotransmitter Reuptake (GO:0098810),2/8,0.5365017198318192,0.9999963846351302,0,0,1.2258618000311965,0.7633263816931669,SLC22A3;SLC29A4
GO_Biological_Process_2023,Positive Regulation Of Blood Pressure (GO:0045777),2/8,0.5365017198318192,0.9999963846351302,0,0,1.2258618000311965,0.7633263816931669,GLP1R;SPX
GO_Biological_Process_2023,Positive Regulation Of Calcium Ion Import Across Plasma Membrane (GO:1905665),2/8,0.5365017198318192,0.9999963846351302,0,0,1.2258618000311965,0.7633263816931669,CALCR;RAMP3
GO_Biological_Process_2023,Positive Regulation Of Calcium Ion-Dependent Exocytosis (GO:0045956),2/8,0.5365017198318192,0.9999963846351302,0,0,1.2258618000311965,0.7633263816931669,SYT4;KCNB1
GO_Biological_Process_2023,Positive Regulation Of Dendritic Cell Cytokine Production (GO:0002732),2/8,0.5365017198318192,0.9999963846351302,0,0,1.2258618000311965,0.7633263816931669,KIT;PLCG2
GO_Biological_Process_2023,Positive Regulation Of Dendritic Spine Morphogenesis (GO:0061003),2/8,0.5365017198318192,0.9999963846351302,0,0,1.2258618000311965,0.7633263816931669,CUX2;RELN
GO_Biological_Process_2023,Positive Regulation Of Macrophage Cytokine Production (GO:0060907),2/8,0.5365017198318192,0.9999963846351302,0,0,1.2258618000311965,0.7633263816931669,GPRC5B;PLCG2
GO_Biological_Process_2023,Positive Regulation Of Membrane Invagination (GO:1905155),2/8,0.5365017198318192,0.9999963846351302,0,0,1.2258618000311965,0.7633263816931669,C3;PLCG2
GO_Biological_Process_2023,Positive Regulation Of Protein Localization To Early Endosome (GO:1902966),2/8,0.5365017198318192,0.9999963846351302,0,0,1.2258618000311965,0.7633263816931669,EGF;MGAT3
GO_Biological_Process_2023,Positive Regulation Of Protein Localization To Endosome (GO:1905668),2/8,0.5365017198318192,0.9999963846351302,0,0,1.2258618000311965,0.7633263816931669,EGF;MGAT3
GO_Biological_Process_2023,Protein K29-linked Ubiquitination (GO:0035519),2/8,0.5365017198318192,0.9999963846351302,0,0,1.2258618000311965,0.7633263816931669,PRKN;RNF186
GO_Biological_Process_2023,Pyrimidine-Containing Compound Metabolic Process (GO:0072527),2/8,0.5365017198318192,0.9999963846351302,0,0,1.2258618000311965,0.7633263816931669,SLC19A3;ENPP3
GO_Biological_Process_2023,"Regulation Of CD8-positive, Alpha-Beta T Cell Proliferation (GO:2000564)",2/8,0.5365017198318192,0.9999963846351302,0,0,1.2258618000311965,0.7633263816931669,VSIR;HLA-E
GO_Biological_Process_2023,Regulation Of RNA Biosynthetic Process (GO:2001141),2/8,0.5365017198318192,0.9999963846351302,0,0,1.2258618000311965,0.7633263816931669,MITF;TNFRSF1B
GO_Biological_Process_2023,Regulation Of Aspartic-Type Endopeptidase Activity Involved In Amyloid Precursor Protein Catabolic Process (GO:1902959),2/8,0.5365017198318192,0.9999963846351302,0,0,1.2258618000311965,0.7633263816931669,EPHA4;BIN1
GO_Biological_Process_2023,Regulation Of Defense Response To Bacterium (GO:1900424),2/8,0.5365017198318192,0.9999963846351302,0,0,1.2258618000311965,0.7633263816931669,MMRN2;EMILIN2
GO_Biological_Process_2023,Regulation Of Glucan Biosynthetic Process (GO:0010962),2/8,0.5365017198318192,0.9999963846351302,0,0,1.2258618000311965,0.7633263816931669,PPP1R3G;INPP5K
GO_Biological_Process_2023,Regulation Of Interleukin-23 Production (GO:0032667),2/8,0.5365017198318192,0.9999963846351302,0,0,1.2258618000311965,0.7633263816931669,PLCG2;TLR4
GO_Biological_Process_2023,Regulation Of Lysosomal Protein Catabolic Process (GO:1905165),2/8,0.5365017198318192,0.9999963846351302,0,0,1.2258618000311965,0.7633263816931669,LRP1;MGAT3
GO_Biological_Process_2023,Regulation Of Mitotic Sister Chromatid Segregation (GO:0033047),2/8,0.5365017198318192,0.9999963846351302,0,0,1.2258618000311965,0.7633263816931669,DUSP1;USP44
GO_Biological_Process_2023,Regulation Of Morphogenesis Of An Epithelium (GO:1905330),2/8,0.5365017198318192,0.9999963846351302,0,0,1.2258618000311965,0.7633263816931669,MMRN2;FGF1
GO_Biological_Process_2023,Regulation Of Nephron Tubule Epithelial Cell Differentiation (GO:0072182),2/8,0.5365017198318192,0.9999963846351302,0,0,1.2258618000311965,0.7633263816931669,LIF;PROM1
GO_Biological_Process_2023,Regulation Of Neutrophil Migration (GO:1902622),2/8,0.5365017198318192,0.9999963846351302,0,0,1.2258618000311965,0.7633263816931669,OLFM4;JAM3
GO_Biological_Process_2023,Regulation Of Pinocytosis (GO:0048548),2/8,0.5365017198318192,0.9999963846351302,0,0,1.2258618000311965,0.7633263816931669,CAV1;NR1H3
GO_Biological_Process_2023,Regulation Of Protein Localization To Early Endosome (GO:1902965),2/8,0.5365017198318192,0.9999963846351302,0,0,1.2258618000311965,0.7633263816931669,EGF;MGAT3
GO_Biological_Process_2023,Regulation Of Skeletal Muscle Cell Differentiation (GO:2001014),2/8,0.5365017198318192,0.9999963846351302,0,0,1.2258618000311965,0.7633263816931669,MEF2C;MYOCD
GO_Biological_Process_2023,Response To Misfolded Protein (GO:0051788),2/8,0.5365017198318192,0.9999963846351302,0,0,1.2258618000311965,0.7633263816931669,CLU;DNAJC18
GO_Biological_Process_2023,Response To Vitamin (GO:0033273),2/8,0.5365017198318192,0.9999963846351302,0,0,1.2258618000311965,0.7633263816931669,CYP24A1;AQP3
GO_Biological_Process_2023,Serotonin Uptake (GO:0051610),2/8,0.5365017198318192,0.9999963846351302,0,0,1.2258618000311965,0.7633263816931669,SLC22A3;SLC29A4
GO_Biological_Process_2023,Somite Development (GO:0061053),2/8,0.5365017198318192,0.9999963846351302,0,0,1.2258618000311965,0.7633263816931669,PTCH1;MEOX1
GO_Biological_Process_2023,Sphingosine-1-Phosphate Receptor Signaling Pathway (GO:0003376),2/8,0.5365017198318192,0.9999963846351302,0,0,1.2258618000311965,0.7633263816931669,SPNS2;S1PR1
GO_Biological_Process_2023,succinyl-CoA Metabolic Process (GO:0006104),2/8,0.5365017198318192,0.9999963846351302,0,0,1.2258618000311965,0.7633263816931669,NUDT7;SUCLA2
GO_Biological_Process_2023,Regulation Of Stress-Activated MAPK Cascade (GO:0032872),11/51,0.5419832549467264,0.9999963846351302,0,0,1.0112778429073856,0.6194280792401454,TGFBR3;PER1;MDFIC;MYC;GSTP1;DAB2IP;IGFBP6;EPHB1;MID1;EGFR;FOXO1
GO_Biological_Process_2023,Glycosphingolipid Metabolic Process (GO:0006687),7/32,0.5420992465194041,0.9999963846351302,0,0,1.029683766690091,0.6304817365145305,FUT6;UGT8;FUT9;ST8SIA1;B4GALT6;ST6GALNAC3;ST6GALNAC6
GO_Biological_Process_2023,Respiratory System Development (GO:0060541),7/32,0.5420992465194041,0.9999963846351302,0,0,1.029683766690091,0.6304817365145305,BMP4;CEBPA;FGF7;FGF9;TCF21;NPHP3;PROX1
GO_Biological_Process_2023,Positive Regulation Of Response To External Stimulus (GO:0032103),33/155,0.5427236357187204,0.9999963846351302,0,0,0.9946295344695024,0.6078728596596262,PTGER4;CEBPA;PLAT;PTN;CX3CL1;PPM1F;THBD;NFKBIZ;NLRP3;S100A12;EMILIN2;NLRP1;SCARF1;SASH1;SNCA;P2RY12;IL33;TSLP;CCL21;RARRES2;SERPINF2;PDE2A;PLA2G2A;PRKCA;NRG1;BMP6;GPRC5B;MYO1C;MMRN2;AGTR1;TLR4;OPTN;TLR3
GO_Biological_Process_2023,Response To Tumor Necrosis Factor (GO:0034612),23/108,0.5465071154873478,0.9999963846351302,0,0,0.9949986860486024,0.6011861176887593,CCL14;CCL13;CCL24;CCL23;PID1;CCL21;LRRK2;ADIPOQ;DAB2IP;SELE;YBX3;ZFP36L2;CX3CL1;CRHBP;ZFP36;SFRP1;CCL8;HYAL1;GPER1;INPP5K;CCL2;CCL18;CCL16
GO_Biological_Process_2023,GTP Metabolic Process (GO:0046039),3/13,0.5482830822578484,0.9999963846351302,0,0,1.1032529838520946,0.663014831874126,LRRK2;GIMAP7;RHOQ
GO_Biological_Process_2023,acyl-CoA Biosynthetic Process (GO:0071616),3/13,0.5482830822578484,0.9999963846351302,0,0,1.1032529838520946,0.663014831874126,ACSS2;MLYCD;ACAT1
GO_Biological_Process_2023,Atrioventricular Valve Development (GO:0003171),3/13,0.5482830822578484,0.9999963846351302,0,0,1.1032529838520946,0.663014831874126,BMP2;APLNR;TGFBR2
GO_Biological_Process_2023,Chondroitin Sulfate Biosynthetic Process (GO:0030206),3/13,0.5482830822578484,0.9999963846351302,0,0,1.1032529838520946,0.663014831874126,CHST9;CHST7;CHST3
GO_Biological_Process_2023,Interleukin-6-Mediated Signaling Pathway (GO:0070102),3/13,0.5482830822578484,0.9999963846351302,0,0,1.1032529838520946,0.663014831874126,YAP1;IL6;IL6R
GO_Biological_Process_2023,Membrane Depolarization (GO:0051899),3/13,0.5482830822578484,0.9999963846351302,0,0,1.1032529838520946,0.663014831874126,CAV1;SCN5A;SCN3B
GO_Biological_Process_2023,Negative Regulation Of Fibroblast Growth Factor Receptor Signaling Pathway (GO:0040037),3/13,0.5482830822578484,0.9999963846351302,0,0,1.1032529838520946,0.663014831874126,SPRY2;SPRY1;FGF2
GO_Biological_Process_2023,Negative Regulation Of Toll-Like Receptor Signaling Pathway (GO:0034122),3/13,0.5482830822578484,0.9999963846351302,0,0,1.1032529838520946,0.663014831874126,TYRO3;IRAK3;LGR4
GO_Biological_Process_2023,Peptidyl-Tyrosine Autophosphorylation (GO:0038083),3/13,0.5482830822578484,0.9999963846351302,0,0,1.1032529838520946,0.663014831874126,ALK;KDR;EGFR
GO_Biological_Process_2023,Protein Localization To Synapse (GO:0035418),3/13,0.5482830822578484,0.9999963846351302,0,0,1.1032529838520946,0.663014831874126,NLGN1;NRXN1;ZDHHC15
GO_Biological_Process_2023,Regulation Of cAMP-dependent Protein Kinase Activity (GO:2000479),3/13,0.5482830822578484,0.9999963846351302,0,0,1.1032529838520946,0.663014831874126,PRKAR2B;PKIA;ADRB2
GO_Biological_Process_2023,Regulation Of Immune Effector Process (GO:0002697),3/13,0.5482830822578484,0.9999963846351302,0,0,1.1032529838520946,0.663014831874126,CFH;C4BPA;C4BPB
GO_Biological_Process_2023,Regulation Of Leukocyte Migration (GO:0002685),3/13,0.5482830822578484,0.9999963846351302,0,0,1.1032529838520946,0.663014831874126,BST1;ANXA1;HOXA7
GO_Biological_Process_2023,Regulation Of Macrophage Cytokine Production (GO:0010935),3/13,0.5482830822578484,0.9999963846351302,0,0,1.1032529838520946,0.663014831874126,GPRC5B;PLCG2;IRAK3
GO_Biological_Process_2023,Regulation Of Trophoblast Cell Migration (GO:1901163),3/13,0.5482830822578484,0.9999963846351302,0,0,1.1032529838520946,0.663014831874126,SYDE1;ACVR1C;NODAL
GO_Biological_Process_2023,Response To Chemokine (GO:1990868),3/13,0.5482830822578484,0.9999963846351302,0,0,1.1032529838520946,0.663014831874126,FOXC1;CXCL12;DUSP1
GO_Biological_Process_2023,Secondary Palate Development (GO:0062009),3/13,0.5482830822578484,0.9999963846351302,0,0,1.1032529838520946,0.663014831874126,TGFBR3;WNT11;TGFBR2
GO_Biological_Process_2023,Thymus Development (GO:0048538),3/13,0.5482830822578484,0.9999963846351302,0,0,1.1032529838520946,0.663014831874126,FOXE1;HAND2;FGF10
GO_Biological_Process_2023,Peptide Metabolic Process (GO:0006518),12/56,0.549075634396428,0.9999963846351302,0,0,1.0028995394849054,0.6012574086334272,CPM;MME;CPQ;CPXM2;LVRN;ANPEP;MGAT3;CPE;DMD;PCSK5;TRHDE;NAALADL1
GO_Biological_Process_2023,Regulation Of Mitotic Nuclear Division (GO:0007088),12/56,0.549075634396428,0.9999963846351302,0,0,1.0028995394849054,0.6012574086334272,BMP4;EDN1;RGCC;EDN3;DUSP1;CAV2;EGF;USP44;CCDC8;LRP5;IGF2;IGF1
GO_Biological_Process_2023,Regulation Of Reactive Oxygen Species Metabolic Process (GO:2000377),12/56,0.549075634396428,0.9999963846351302,0,0,1.0028995394849054,0.6012574086334272,PRKN;ACE2;BST1;PID1;AKR1C1;CCN6;AGTR1;UCP1;AKR1C3;TGFBR2;PLIN5;SNCA
GO_Biological_Process_2023,Calcium Ion Transmembrane Transport (GO:0070588),17/80,0.5554239102949851,0.9999963846351302,0,0,0.9922479753425985,0.5834652805825116,SLC24A4;MCOLN3;TRPC6;CACNA2D1;TRPC1;TRPV3;PKD2;CLU;GRIN2B;RYR3;CACNA1G;TRPM1;SLC8A3;GRIN2A;GAS6;TRPM6;TRPM3
GO_Biological_Process_2023,Regulation Of Protein Localization To Plasma Membrane (GO:1903076),17/80,0.5554239102949851,0.9999963846351302,0,0,0.9922479753425985,0.5834652805825116,PID1;RAMP3;LRP1;STAC;PIK3R1;SORBS1;ZDHHC2;EGFR;LGALS3;GPER1;TMBIM1;STAC2;MRAP2;EPHA3;RHOQ;SPTBN1;EPHA2
GO_Biological_Process_2023,Wound Healing (GO:0042060),17/80,0.5554239102949851,0.9999963846351302,0,0,0.9922479753425985,0.5834652805825116,PDGFRA;DST;ODAM;ITGB3;NOG;PDGFA;NRG1;IGF1;FGF1;FGF2;PPL;EPB41L4B;MYOZ1;PLPP3;LACRT;KRT6A;FGF10
GO_Biological_Process_2023,Regulation Of Small GTPase Mediated Signal Transduction (GO:0051056),25/118,0.5568789856799793,0.9999963846351302,0,0,0.9884454764596818,0.5786432208564086,ARHGEF25;ARHGEF28;RASGRF2;FAM13A;ITSN1;ARHGAP6;SLC6A2;PREX2;SYDE1;ARHGAP20;FGD5;RELN;ARHGAP40;SLIT2;ARHGEF40;ARHGEF10;ARHGEF15;PLEKHG6;ARHGAP29;ARHGAP26;MRAP;ARHGAP31;OBSCN;ARHGEF4;RHOU
GO_Biological_Process_2023,Actin Filament Capping (GO:0051693),4/18,0.5572825353207227,0.9999963846351302,0,0,1.050695559122525,0.614323750605776,EPS8;GSN;CAPZA3;ADD3
GO_Biological_Process_2023,Barbed-End Actin Filament Capping (GO:0051016),4/18,0.5572825353207227,0.9999963846351302,0,0,1.050695559122525,0.614323750605776,EPS8;GSN;CAPZA3;ADD3
GO_Biological_Process_2023,fatty-acyl-CoA Metabolic Process (GO:0035337),4/18,0.5572825353207227,0.9999963846351302,0,0,1.050695559122525,0.614323750605776,NUDT7;DGAT2;ACSM2A;ACSL4
GO_Biological_Process_2023,Intracellular Sodium Ion Homeostasis (GO:0006883),4/18,0.5572825353207227,0.9999963846351302,0,0,1.050695559122525,0.614323750605776,FXYD2;SCNN1B;ATP1A2;ATP1B2
GO_Biological_Process_2023,Neutrophil Activation (GO:0042119),4/18,0.5572825353207227,0.9999963846351302,0,0,1.050695559122525,0.614323750605776,CXCL6;CXCR2;CTSG;DNASE1L3
GO_Biological_Process_2023,Nitric Oxide Mediated Signal Transduction (GO:0007263),4/18,0.5572825353207227,0.9999963846351302,0,0,1.050695559122525,0.614323750605776,KCNC2;NDNF;CD36;NOS1
GO_Biological_Process_2023,Positive Regulation Of DNA Replication (GO:0045740),4/18,0.5572825353207227,0.9999963846351302,0,0,1.050695559122525,0.614323750605776,NPM2;EGF;GLI1;EGFR
GO_Biological_Process_2023,Positive Regulation Of NLRP3 Inflammasome Complex Assembly (GO:1900227),4/18,0.5572825353207227,0.9999963846351302,0,0,1.050695559122525,0.614323750605776,PLCG2;CD36;PRKD1;TLR4
GO_Biological_Process_2023,Positive Regulation Of Glycolytic Process (GO:0045821),4/18,0.5572825353207227,0.9999963846351302,0,0,1.050695559122525,0.614323750605776,MLXIPL;ZBTB20;IGF1;SLC4A4
GO_Biological_Process_2023,Positive Regulation Of Nervous System Process (GO:0031646),4/18,0.5572825353207227,0.9999963846351302,0,0,1.050695559122525,0.614323750605776,EGR2;TPPP;TNFRSF1B;NCMAP
GO_Biological_Process_2023,Pulmonary Valve Morphogenesis (GO:0003184),4/18,0.5572825353207227,0.9999963846351302,0,0,1.050695559122525,0.614323750605776,BMP4;HEY1;HEY2;SLIT2
GO_Biological_Process_2023,Regulation Of Dendrite Extension (GO:1903859),4/18,0.5572825353207227,0.9999963846351302,0,0,1.050695559122525,0.614323750605776,RNF157;SYT4;SYT2;OSTN
GO_Biological_Process_2023,Regulation Of Epithelial Cell Differentiation (GO:0030856),4/18,0.5572825353207227,0.9999963846351302,0,0,1.050695559122525,0.614323750605776,CAV1;MAFF;ALOX15B;DLL1
GO_Biological_Process_2023,Collagen Fibril Organization (GO:0030199),9/42,0.5575966137076169,0.9999963846351302,0,0,1.002897500905469,0.5858119792905085,COLGALT2;CRTAP;ADAMTS3;COL14A1;SERPINF2;DPT;LOXL4;TLL1;DDR2
GO_Biological_Process_2023,Regulation Of Neurotransmitter Receptor Activity (GO:0099601),9/42,0.5575966137076169,0.9999963846351302,0,0,1.002897500905469,0.5858119792905085,CRHBP;NLGN1;LYNX1;MEF2C;RELN;DLGAP1;NPTX1;DLGAP2;BEGAIN
GO_Biological_Process_2023,Protein Localization To Plasma Membrane (GO:0072659),29/137,0.5580049778961649,0.9999963846351302,0,0,0.9873287462173734,0.575995145935505,HYCC1;TRARG1;RAB3C;RAMP2;PLEKHF1;RAMP3;STXBP1;ZDHHC2;DPP6;TMEM88;INPP5K;SCN3B;SPTBN1;PDZK1P1;CAV3;KCNB1;PTCH1;TESC;KCNB2;ADIPOQ;ANK2;PDZK1;ANK1;EHD2;PRPH2;GAS6;MRAP2;NECTIN3;EPHA2
GO_Biological_Process_2023,Regulation Of Kinase Activity (GO:0043549),18/85,0.5610590751859622,0.9999963846351302,0,0,0.9878718198579672,0.5709198477029634,CDKN1C;PDGFRA;NTRK2;FLT4;NTRK3;TIE1;IRS2;LDB2;MERTK;EGFR;KDR;TYRO3;ROR1;TEK;MET;DDR2;EPHA2;FGFR1
GO_Biological_Process_2023,Protein Localization To Cell Periphery (GO:1990778),30/142,0.5626113068302059,0.9999963846351302,0,0,0.9848765224412892,0.5664677712558829,HYCC1;TRARG1;RAB3C;RAMP2;PLEKHF1;RAMP3;STXBP1;LIN7A;ZDHHC2;DPP6;TMEM88;INPP5K;SCN3B;SPTBN1;PDZK1P1;CAV3;KCNB1;CAV1;PTCH1;TESC;KCNB2;ADIPOQ;ANK2;PDZK1;ANK1;EHD2;PRPH2;GAS6;MRAP2;EPHA2
GO_Biological_Process_2023,Epithelial To Mesenchymal Transition (GO:0001837),10/47,0.5642709001939301,0.9999963846351302,0,0,0.993841943209032,0.5686970549808736,TGFBR3;BMP2;HEY1;NOTCH4;HGF;HEY2;NOG;S100A4;IGF1;FGFR1
GO_Biological_Process_2023,Negative Regulation Of Actin Filament Polymerization (GO:0030837),5/23,0.564887968547262,0.9999963846351302,0,0,1.0214885923150967,0.5834005868523453,KANK1;GSN;SLIT2;KANK4;KANK3
GO_Biological_Process_2023,Negative Regulation Of Neuron Differentiation (GO:0045665),5/23,0.564887968547262,0.9999963846351302,0,0,1.0214885923150967,0.5834005868523453,HEY1;DTX1;TUNAR;CNTN4;DLL1
GO_Biological_Process_2023,Positive Regulation Of Oxidoreductase Activity (GO:0051353),5/23,0.564887968547262,0.9999963846351302,0,0,1.0214885923150967,0.5834005868523453,EDN1;PDP2;EDN3;FTMT;AGTR1
GO_Biological_Process_2023,Regulation Of T Cell Migration (GO:2000404),5/23,0.564887968547262,0.9999963846351302,0,0,1.0214885923150967,0.5834005868523453,CXCL12;CCL21;SPNS2;APOD;CD200
GO_Biological_Process_2023,Regulation Of Cholesterol Transport (GO:0032374),5/23,0.564887968547262,0.9999963846351302,0,0,1.0214885923150967,0.5834005868523453,CETP;ABCA5;LRP1;NR1H3;ABCA8
GO_Biological_Process_2023,Negative Regulation Of Supramolecular Fiber Organization (GO:1902904),15/71,0.567527627350236,0.9999963846351302,0,0,0.9849297616253728,0.5579290728917504,PRKN;KANK1;PLEKHH2;CAV3;STMN2;CLU;CDH5;NAV3;MAP2;SLIT2;CRYAB;SHANK3;KANK4;KANK3;SNCA
GO_Biological_Process_2023,Fatty Acid Oxidation (GO:0019395),11/52,0.5704246861253623,0.9999963846351302,0,0,0.9865496239956538,0.5538234390404698,ADH4;ABCD2;ACAA2;ADIPOQ;ECHDC1;ECHDC2;ADH7;ACADS;HAO2;PPARGC1A;ACAT1
GO_Biological_Process_2023,Negative Regulation Of Cell Motility (GO:2000146),28/133,0.5710313408817433,0.9999963846351302,0,0,0.9804770872567484,0.54937227678638,PTPRT;KANK1;MCTP1;CITED2;NEDD9;FBLN1;CX3CL1;WNT11;SPOCK3;EMILIN2;SLIT2;DRD2;EPHA4;NGFR;LIMCH1;ADIPOQ;NOG;MITF;PODN;ALOX15B;CLDN5;SFRP1;TMEFF2;NAV3;KRT16;MMRN2;CLDN19;RECK
GO_Biological_Process_2023,Cell-Substrate Junction Assembly (GO:0007044),6/28,0.5716097842447505,0.9999963846351302,0,0,1.002895465190547,0.5609181457424566,COL17A1;DST;LAMC1;SORBS1;THSD1;FERMT2
GO_Biological_Process_2023,Establishment Of Endothelial Barrier (GO:0061028),6/28,0.5716097842447505,0.9999963846351302,0,0,1.002895465190547,0.5609181457424566,PPP1R16B;ROBO4;SOX18;PDE2A;PECAM1;RAPGEF3
GO_Biological_Process_2023,Hematopoietic Progenitor Cell Differentiation (GO:0002244),6/28,0.5716097842447505,0.9999963846351302,0,0,1.002895465190547,0.5609181457424566,BMP4;SFRP1;FST;KIT;HOXB4;MEOX1
GO_Biological_Process_2023,Regulation Of Cardiac Muscle Cell Action Potential (GO:0098901),6/28,0.5716097842447505,0.9999963846351302,0,0,1.002895465190547,0.5609181457424566,CAV3;CAV1;CTNNA3;ANK2;TBX18;HCN1
GO_Biological_Process_2023,Regulation Of Nitric-Oxide Synthase Activity (GO:0050999),6/28,0.5716097842447505,0.9999963846351302,0,0,1.002895465190547,0.5609181457424566,FCER2;CAV3;S100A1;LEP;NPR3;EGFR
GO_Biological_Process_2023,Carboxylic Acid Metabolic Process (GO:0019752),7/33,0.5777024126034053,0.9999963846351302,0,0,0.9900174784222572,0.5432190263292667,CYP2C9;PTGIS;PLA2G4A;GLYAT;CYP4F22;PCK1;CYP4F8
GO_Biological_Process_2023,Negative Regulation Of Epithelial Cell Migration (GO:0010633),7/33,0.5777024126034053,0.9999963846351302,0,0,0.9900174784222572,0.5432190263292667,DLL4;DAB2IP;PTPRM;SLIT2;MCC;ADAMTS9;DCN
GO_Biological_Process_2023,Regulation Of Lamellipodium Assembly (GO:0010591),7/33,0.5777024126034053,0.9999963846351302,0,0,0.9900174784222572,0.5432190263292667,DMTN;MSTN;NRG1;PIK3R1;SLIT2;WNT1;EPHA2
GO_Biological_Process_2023,Cell Junction Organization (GO:0034330),13/62,0.5815223423487028,0.9999963846351302,0,0,0.975527438280027,0.5288391660877748,NLGN4X;CHRNA7;LRP4;SEMA3E;L1CAM;SLC8A3;HMCN2;SNCG;PAK3;LIMS2;PPFIA2;SNCA;CBLN1
GO_Biological_Process_2023,Connective Tissue Development (GO:0061448),8/38,0.5833152426554876,0.9999963846351302,0,0,0.9805685723211496,0.5285534396527836,HYAL1;ZBTB16;LRP5;ITGB8;SOX8;HOXD3;SOX6;SOX5
GO_Biological_Process_2023,Positive Regulation Of Axonogenesis (GO:0050772),8/38,0.5833152426554876,0.9999963846351302,0,0,0.9805685723211496,0.5285534396527836,CHODL;NTRK2;MAP6;ISLR2;SLIT2;L1CAM;NGF;PLXNA4
GO_Biological_Process_2023,Regulation Of Neurotransmitter Secretion (GO:0046928),8/38,0.5833152426554876,0.9999963846351302,0,0,0.9805685723211496,0.5285534396527836,STX1B;FER1L5;MEF2C;MCTP1;RIMS3;LRRK2;GPER1;SNCAIP
GO_Biological_Process_2023,Cholesterol Metabolic Process (GO:0008203),14/67,0.586588863822071,0.9999963846351302,0,0,0.9712598390338488,0.5181002110211705,CETP;ACAA2;ABCA5;LCAT;CYP46A1;CYP7A1;TM7SF2;CH25H;SOAT2;CYP11A1;APOB;OSBPL1A;SCARF1;CES1
GO_Biological_Process_2023,Neurotransmitter Secretion (GO:0007269),9/43,0.5885453233275103,0.9999963846351302,0,0,0.9733384799900744,0.5159680327569993,RPH3AL;PTPRN2;NRXN1;STXBP1;LIN7A;DOC2B;SYN2;VAMP2;SNCA
GO_Biological_Process_2023,Nitrogen Compound Transport (GO:0071705),34/163,0.5955225593834536,0.9999963846351302,0,0,0.9689556995566666,0.5022252499376866,SLC22A3;RAMP2;RAMP3;SLC35F3;SLC7A14;HBB;SLC7A10;SLC6A2;AQP1;SLC7A3;SLC22A12;SLC19A3;SLC38A3;SLC13A5;RILP;CUBN;EDN1;SLC36A2;SLC6A15;ARRDC3;SLC6A14;NRG1;HBA1;LRP1B;SLC7A4;TCN2;TCN1;TXNIP;SLC26A7;SLC29A4;RHCG;SLC26A4;VAMP2;ABCG2
GO_Biological_Process_2023,Actin Cytoskeleton Reorganization (GO:0031532),11/53,0.5981090951663737,0.9999963846351302,0,0,0.962998939317814,0.4949642251037723,SYDE1;FGF7;ANXA1;DMTN;THSD7B;KIT;S1PR1;NEDD9;THSD7A;PDLIM4;FGF10
GO_Biological_Process_2023,"RNA Phosphodiester Bond Hydrolysis, Endonucleolytic (GO:0090502)",3/14,0.6023750524801074,0.9999963846351302,0,0,1.0028934323341063,0.5083416254629045,NYNRIN;ZC3H12C;ZC3H12B
GO_Biological_Process_2023,Contractile Actin Filament Bundle Assembly (GO:0030038),3/14,0.6023750524801074,0.9999963846351302,0,0,1.0028934323341063,0.5083416254629045,PDLIM1;FAM171A1;SORBS1
GO_Biological_Process_2023,Detection Of Mechanical Stimulus Involved In Sensory Perception (GO:0050974),3/14,0.6023750524801074,0.9999963846351302,0,0,1.0028934323341063,0.5083416254629045,KCNA1;KIT;TMC2
GO_Biological_Process_2023,Embryonic Cranial Skeleton Morphogenesis (GO:0048701),3/14,0.6023750524801074,0.9999963846351302,0,0,1.0028934323341063,0.5083416254629045,PDGFRA;TWIST1;TGFBR2
GO_Biological_Process_2023,Establishment Of Spindle Localization (GO:0051293),3/14,0.6023750524801074,0.9999963846351302,0,0,1.0028934323341063,0.5083416254629045,NLRP5;KIF25;OOEP
GO_Biological_Process_2023,Icosanoid Transport (GO:0071715),3/14,0.6023750524801074,0.9999963846351302,0,0,1.0028934323341063,0.5083416254629045,SLCO3A1;ABCC6;SLC22A11
GO_Biological_Process_2023,Membrane Raft Organization (GO:0031579),3/14,0.6023750524801074,0.9999963846351302,0,0,1.0028934323341063,0.5083416254629045,COLEC12;CAV3;RFTN1
GO_Biological_Process_2023,Monosaccharide Transmembrane Transport (GO:0015749),3/14,0.6023750524801074,0.9999963846351302,0,0,1.0028934323341063,0.5083416254629045,SLC5A9;SLC2A12;SLC5A1
GO_Biological_Process_2023,Myotube Cell Development (GO:0014904),3/14,0.6023750524801074,0.9999963846351302,0,0,1.0028934323341063,0.5083416254629045,RYR1;CAV2;IGF1
GO_Biological_Process_2023,Negative Regulation Of Androgen Receptor Signaling Pathway (GO:0060766),3/14,0.6023750524801074,0.9999963846351302,0,0,1.0028934323341063,0.5083416254629045,SFRP1;TCF21;NODAL
GO_Biological_Process_2023,Negative Regulation Of Blood Pressure (GO:0045776),3/14,0.6023750524801074,0.9999963846351302,0,0,1.0028934323341063,0.5083416254629045,FFAR3;NOS1;DRD2
GO_Biological_Process_2023,Negative Regulation Of Chondrocyte Differentiation (GO:0032331),3/14,0.6023750524801074,0.9999963846351302,0,0,1.0028934323341063,0.5083416254629045,EFEMP1;GDF5;PTHLH
GO_Biological_Process_2023,Negative Regulation Of Peptidyl-Threonine Phosphorylation (GO:0010801),3/14,0.6023750524801074,0.9999963846351302,0,0,1.0028934323341063,0.5083416254629045,DMTN;INPP5K;SPRY2
GO_Biological_Process_2023,Pancreas Development (GO:0031016),3/14,0.6023750524801074,0.9999963846351302,0,0,1.0028934323341063,0.5083416254629045,NPHP3;PROX1;MET
GO_Biological_Process_2023,Phagolysosome Assembly (GO:0001845),3/14,0.6023750524801074,0.9999963846351302,0,0,1.0028934323341063,0.5083416254629045,SRPX;PLA2G5;RAB7B
GO_Biological_Process_2023,Regulation Of ATP Biosynthetic Process (GO:2001169),3/14,0.6023750524801074,0.9999963846351302,0,0,1.0028934323341063,0.5083416254629045,PID1;PPARA;PPARGC1A
GO_Biological_Process_2023,Regulation Of Branching Involved In Ureteric Bud Morphogenesis (GO:0090189),3/14,0.6023750524801074,0.9999963846351302,0,0,1.0028934323341063,0.5083416254629045,BMP4;NOG;SOX8
GO_Biological_Process_2023,Regulation Of Feeding Behavior (GO:0060259),3/14,0.6023750524801074,0.9999963846351302,0,0,1.0028934323341063,0.5083416254629045,SLC24A4;NR4A3;LEPR
GO_Biological_Process_2023,Regulation Of Leukocyte Activation (GO:0002694),3/14,0.6023750524801074,0.9999963846351302,0,0,1.0028934323341063,0.5083416254629045,GPER1;PLA2G2A;CD200
GO_Biological_Process_2023,Regulation Of Microglial Cell Activation (GO:1903978),3/14,0.6023750524801074,0.9999963846351302,0,0,1.0028934323341063,0.5083416254629045,IL6;TAFA3;CX3CL1
GO_Biological_Process_2023,Regulation Of Transposition (GO:0010528),3/14,0.6023750524801074,0.9999963846351302,0,0,1.0028934323341063,0.5083416254629045,PIWIL2;PIWIL4;TDRD9
GO_Biological_Process_2023,Respiratory Electron Transport Chain (GO:0022904),3/14,0.6023750524801074,0.9999963846351302,0,0,1.0028934323341063,0.5083416254629045,SLC25A18;ETFB;PPARGC1A
GO_Biological_Process_2023,Response To Muscle Stretch (GO:0035994),3/14,0.6023750524801074,0.9999963846351302,0,0,1.0028934323341063,0.5083416254629045,GSN;CAV3;DMD
GO_Biological_Process_2023,Serine Family Amino Acid Metabolic Process (GO:0009069),3/14,0.6023750524801074,0.9999963846351302,0,0,1.0028934323341063,0.5083416254629045,SHMT1;GLYAT;CDO1
GO_Biological_Process_2023,Stress Fiber Assembly (GO:0043149),3/14,0.6023750524801074,0.9999963846351302,0,0,1.0028934323341063,0.5083416254629045,PDLIM1;FAM171A1;SORBS1
GO_Biological_Process_2023,Glycosaminoglycan Biosynthetic Process (GO:0006024),12/58,0.6025295336435079,0.9999963846351302,0,0,0.9591728525980912,0.485934804214608,CHST9;CHST7;ANGPT1;HYAL1;DSEL;HAS1;UST;B3GNT3;HAS3;CHST2;CHST3;ST3GAL3
GO_Biological_Process_2023,Dopaminergic Neuron Differentiation (GO:0071542),4/19,0.6035120854005434,0.9999963846351302,0,0,0.9805867665418228,0.4951857396380628,NR4A2;FGF8;LMX1A;WNT9B
GO_Biological_Process_2023,Epithelial Structure Maintenance (GO:0010669),4/19,0.6035120854005434,0.9999963846351302,0,0,0.9805867665418228,0.4951857396380628,PIWIL4;LACRT;MUC4;MUC6
GO_Biological_Process_2023,Eye Morphogenesis (GO:0048592),4/19,0.6035120854005434,0.9999963846351302,0,0,0.9805867665418228,0.4951857396380628,MFAP5;ALDH1A3;TENM3;EFEMP1
GO_Biological_Process_2023,Leukocyte Adhesion To Vascular Endothelial Cell (GO:0061756),4/19,0.6035120854005434,0.9999963846351302,0,0,0.9805867665418228,0.4951857396380628,CX3CR1;SELP;SELE;JAM2
GO_Biological_Process_2023,Leukotriene Biosynthetic Process (GO:0019370),4/19,0.6035120854005434,0.9999963846351302,0,0,0.9805867665418228,0.4951857396380628,PLA2G4A;PLA2G5;LTC4S;GGTA1
GO_Biological_Process_2023,Mesoderm Development (GO:0007498),4/19,0.6035120854005434,0.9999963846351302,0,0,0.9805867665418228,0.4951857396380628,MESP1;TCF15;TIE1;MEST
GO_Biological_Process_2023,Negative Regulation Of Calcium Ion Transmembrane Transport (GO:1903170),4/19,0.6035120854005434,0.9999963846351302,0,0,0.9805867665418228,0.4951857396380628,PLN;BIN1;ATP1A2;NOS1
GO_Biological_Process_2023,Neuron Apoptotic Process (GO:0051402),4/19,0.6035120854005434,0.9999963846351302,0,0,0.9805867665418228,0.4951857396380628,NGFR;BCL2;NLRP1;SCN2A
GO_Biological_Process_2023,Positive Regulation Of calcineurin-NFAT Signaling Cascade (GO:0070886),4/19,0.6035120854005434,0.9999963846351302,0,0,0.9805867665418228,0.4951857396380628,CHP2;AKAP6;IGF1;LACRT
GO_Biological_Process_2023,Positive Regulation Of Calcineurin-Mediated Signaling (GO:0106058),4/19,0.6035120854005434,0.9999963846351302,0,0,0.9805867665418228,0.4951857396380628,CHP2;AKAP6;IGF1;LACRT
GO_Biological_Process_2023,Regulation Of Cellular Response To Growth Factor Stimulus (GO:0090287),4/19,0.6035120854005434,0.9999963846351302,0,0,0.9805867665418228,0.4951857396380628,DOK5;FST;SLIT2;FSTL1
GO_Biological_Process_2023,Regulation Of Smooth Muscle Cell Migration (GO:0014910),4/19,0.6035120854005434,0.9999963846351302,0,0,0.9805867665418228,0.4951857396380628,LRP1;PDGFA;IGF1;SLIT2
GO_Biological_Process_2023,Release Of Cytochrome C From Mitochondria (GO:0001836),4/19,0.6035120854005434,0.9999963846351302,0,0,0.9805867665418228,0.4951857396380628,FZD9;BCL2;CLU;BOK
GO_Biological_Process_2023,B Cell Homeostasis (GO:0001782),2/9,0.6044121194316205,0.9999963846351302,0,0,1.0506718363526977,0.5290122155485043,DOCK11;MEF2C
GO_Biological_Process_2023,NAD Biosynthesis Via Nicotinamide Riboside Salvage Pathway (GO:0034356),2/9,0.6044121194316205,0.9999963846351302,0,0,1.0506718363526977,0.5290122155485043,NNMT;PTGIS
GO_Biological_Process_2023,Wnt Signaling Pathway Involved In Midbrain Dopaminergic Neuron Differentiation (GO:1904953),2/9,0.6044121194316205,0.9999963846351302,0,0,1.0506718363526977,0.5290122155485043,WNT9B;WNT1
GO_Biological_Process_2023,Actin-Mediated Cell Contraction (GO:0070252),2/9,0.6044121194316205,0.9999963846351302,0,0,1.0506718363526977,0.5290122155485043,GSN;EPDR1
GO_Biological_Process_2023,Adherens Junction Assembly (GO:0034333),2/9,0.6044121194316205,0.9999963846351302,0,0,1.0506718363526977,0.5290122155485043,RAMP2;JAM3
GO_Biological_Process_2023,Adrenal Gland Development (GO:0030325),2/9,0.6044121194316205,0.9999963846351302,0,0,1.0506718363526977,0.5290122155485043,WNT11;NR0B1
GO_Biological_Process_2023,Aspartate Transmembrane Transport (GO:0015810),2/9,0.6044121194316205,0.9999963846351302,0,0,1.0506718363526977,0.5290122155485043,SLC25A18;SLC1A3
GO_Biological_Process_2023,Biomineral Tissue Development (GO:0031214),2/9,0.6044121194316205,0.9999963846351302,0,0,1.0506718363526977,0.5290122155485043,TSPEAR;DDR2
GO_Biological_Process_2023,Cell Differentiation Involved In Metanephros Development (GO:0072202),2/9,0.6044121194316205,0.9999963846351302,0,0,1.0506718363526977,0.5290122155485043,TCF21;POU3F3
GO_Biological_Process_2023,Cellular Response To Oxidised Low-Density Lipoprotein Particle Stimulus (GO:0140052),2/9,0.6044121194316205,0.9999963846351302,0,0,1.0506718363526977,0.5290122155485043,CD36;TLR4
GO_Biological_Process_2023,Dopamine Transport (GO:0015872),2/9,0.6044121194316205,0.9999963846351302,0,0,1.0506718363526977,0.5290122155485043,SLC22A3;SLC29A4
GO_Biological_Process_2023,Ectoderm Development (GO:0007398),2/9,0.6044121194316205,0.9999963846351302,0,0,1.0506718363526977,0.5290122155485043,EDA2R;KRT6B
GO_Biological_Process_2023,Embryonic Eye Morphogenesis (GO:0048048),2/9,0.6044121194316205,0.9999963846351302,0,0,1.0506718363526977,0.5290122155485043,MFAP5;EFEMP1
GO_Biological_Process_2023,Ether Lipid Biosynthetic Process (GO:0008611),2/9,0.6044121194316205,0.9999963846351302,0,0,1.0506718363526977,0.5290122155485043,LPCAT2;PLA2G4A
GO_Biological_Process_2023,Excitatory Synapse Assembly (GO:1904861),2/9,0.6044121194316205,0.9999963846351302,0,0,1.0506718363526977,0.5290122155485043,NLGN1;SHANK3
GO_Biological_Process_2023,Glucan Biosynthetic Process (GO:0009250),2/9,0.6044121194316205,0.9999963846351302,0,0,1.0506718363526977,0.5290122155485043,GYS2;GYG2
GO_Biological_Process_2023,Glycerolipid Metabolic Process (GO:0046486),2/9,0.6044121194316205,0.9999963846351302,0,0,1.0506718363526977,0.5290122155485043,GAL3ST1;DGKB
GO_Biological_Process_2023,Glycogen Biosynthetic Process (GO:0005978),2/9,0.6044121194316205,0.9999963846351302,0,0,1.0506718363526977,0.5290122155485043,GYS2;GYG2
GO_Biological_Process_2023,Granulocyte Migration (GO:0097530),2/9,0.6044121194316205,0.9999963846351302,0,0,1.0506718363526977,0.5290122155485043,ANXA1;JAM3
GO_Biological_Process_2023,Hormone Transport (GO:0009914),2/9,0.6044121194316205,0.9999963846351302,0,0,1.0506718363526977,0.5290122155485043,SLCO1C1;FFAR4
GO_Biological_Process_2023,Lipid Phosphorylation (GO:0046834),2/9,0.6044121194316205,0.9999963846351302,0,0,1.0506718363526977,0.5290122155485043,DGKB;DGKI
GO_Biological_Process_2023,Lung Epithelium Development (GO:0060428),2/9,0.6044121194316205,0.9999963846351302,0,0,1.0506718363526977,0.5290122155485043,BMP4;FGF10
GO_Biological_Process_2023,Mesenchymal To Epithelial Transition (GO:0060231),2/9,0.6044121194316205,0.9999963846351302,0,0,1.0506718363526977,0.5290122155485043,BMP4;CITED1
GO_Biological_Process_2023,Mitochondrion Morphogenesis (GO:0070584),2/9,0.6044121194316205,0.9999963846351302,0,0,1.0506718363526977,0.5290122155485043,MYH7B;PID1
GO_Biological_Process_2023,Morphogenesis Of An Epithelial Sheet (GO:0002011),2/9,0.6044121194316205,0.9999963846351302,0,0,1.0506718363526977,0.5290122155485043,DLL4;BMP5
GO_Biological_Process_2023,Myelin Maintenance (GO:0043217),2/9,0.6044121194316205,0.9999963846351302,0,0,1.0506718363526977,0.5290122155485043,ABCD2;CLU
GO_Biological_Process_2023,Negative Regulation Of Extracellular Matrix Organization (GO:1903054),2/9,0.6044121194316205,0.9999963846351302,0,0,1.0506718363526977,0.5290122155485043,DPP4;TNFRSF1B
GO_Biological_Process_2023,Negative Regulation Of Muscle Cell Apoptotic Process (GO:0010656),2/9,0.6044121194316205,0.9999963846351302,0,0,1.0506718363526977,0.5290122155485043,IGF1;GRIA4
GO_Biological_Process_2023,Negative Regulation Of Necroptotic Process (GO:0060546),2/9,0.6044121194316205,0.9999963846351302,0,0,1.0506718363526977,0.5290122155485043,FZD9;YBX3
GO_Biological_Process_2023,Negative Regulation Of Protein Localization To Cell Surface (GO:2000009),2/9,0.6044121194316205,0.9999963846351302,0,0,1.0506718363526977,0.5290122155485043,CAV3;GPM6B
GO_Biological_Process_2023,Negative Regulation Of Receptor Binding (GO:1900121),2/9,0.6044121194316205,0.9999963846351302,0,0,1.0506718363526977,0.5290122155485043,ADIPOQ;NOG
GO_Biological_Process_2023,Negative Regulation Of Toll-Like Receptor 4 Signaling Pathway (GO:0034144),2/9,0.6044121194316205,0.9999963846351302,0,0,1.0506718363526977,0.5290122155485043,DAB2IP;RAB7B
GO_Biological_Process_2023,Phosphatidylglycerol Biosynthetic Process (GO:0006655),2/9,0.6044121194316205,0.9999963846351302,0,0,1.0506718363526977,0.5290122155485043,SLC27A1;GPAM
GO_Biological_Process_2023,Positive Regulation Of Leukocyte Apoptotic Process (GO:2000108),2/9,0.6044121194316205,0.9999963846351302,0,0,1.0506718363526977,0.5290122155485043,HCAR2;MEF2C
GO_Biological_Process_2023,Positive Regulation Of miRNA-mediated Gene Silencing (GO:2000637),2/9,0.6044121194316205,0.9999963846351302,0,0,1.0506718363526977,0.5290122155485043,ZFP36;WTIP
GO_Biological_Process_2023,Positive Regulation Of Myoblast Fusion (GO:1901741),2/9,0.6044121194316205,0.9999963846351302,0,0,1.0506718363526977,0.5290122155485043,EHD2;SCGB3A1
GO_Biological_Process_2023,Positive Regulation Of Receptor Recycling (GO:0001921),2/9,0.6044121194316205,0.9999963846351302,0,0,1.0506718363526977,0.5290122155485043,RAMP3;SNCA
GO_Biological_Process_2023,Positive Regulation Of Tissue Remodeling (GO:0034105),2/9,0.6044121194316205,0.9999963846351302,0,0,1.0506718363526977,0.5290122155485043,TMBIM1;NRG1
GO_Biological_Process_2023,Primary Alcohol Catabolic Process (GO:0034310),2/9,0.6044121194316205,0.9999963846351302,0,0,1.0506718363526977,0.5290122155485043,AKR1C3;SULT1C4
GO_Biological_Process_2023,Purine Nucleobase Metabolic Process (GO:0006144),2/9,0.6044121194316205,0.9999963846351302,0,0,1.0506718363526977,0.5290122155485043,SHMT1;DPYD
GO_Biological_Process_2023,"Regulation Of CD4-positive, Alpha-Beta T Cell Proliferation (GO:2000561)",2/9,0.6044121194316205,0.9999963846351302,0,0,1.0506718363526977,0.5290122155485043,VSIR;TGFBR2
GO_Biological_Process_2023,"Regulation Of CD8-positive, Alpha-Beta T Cell Activation (GO:2001185)",2/9,0.6044121194316205,0.9999963846351302,0,0,1.0506718363526977,0.5290122155485043,DAPL1;HLA-E
GO_Biological_Process_2023,Regulation Of PERK-mediated Unfolded Protein Response (GO:1903897),2/9,0.6044121194316205,0.9999963846351302,0,0,1.0506718363526977,0.5290122155485043,PPP1R15A;BOK
GO_Biological_Process_2023,Regulation Of Actin Filament-Based Movement (GO:1903115),2/9,0.6044121194316205,0.9999963846351302,0,0,1.0506718363526977,0.5290122155485043,PLN;SCN5A
GO_Biological_Process_2023,Regulation Of Bile Acid Biosynthetic Process (GO:0070857),2/9,0.6044121194316205,0.9999963846351302,0,0,1.0506718363526977,0.5290122155485043,PROX1;CYP7A1
GO_Biological_Process_2023,Regulation Of Complement Activation (GO:0030449),2/9,0.6044121194316205,0.9999963846351302,0,0,1.0506718363526977,0.5290122155485043,CR1;CFH
GO_Biological_Process_2023,Regulation Of Complement-Dependent Cytotoxicity (GO:1903659),2/9,0.6044121194316205,0.9999963846351302,0,0,1.0506718363526977,0.5290122155485043,CR1;CFH
GO_Biological_Process_2023,Regulation Of Hair Cycle (GO:0042634),2/9,0.6044121194316205,0.9999963846351302,0,0,1.0506718363526977,0.5290122155485043,PER1;TRPV3
GO_Biological_Process_2023,Regulation Of Leukocyte Mediated Cytotoxicity (GO:0001910),2/9,0.6044121194316205,0.9999963846351302,0,0,1.0506718363526977,0.5290122155485043,LEP;DNASE1L3
GO_Biological_Process_2023,Regulation Of Mast Cell Activation Involved In Immune Response (GO:0033006),2/9,0.6044121194316205,0.9999963846351302,0,0,1.0506718363526977,0.5290122155485043,FES;ENPP3
GO_Biological_Process_2023,Regulation Of Myeloid Leukocyte Mediated Immunity (GO:0002886),2/9,0.6044121194316205,0.9999963846351302,0,0,1.0506718363526977,0.5290122155485043,FES;DNASE1L3
GO_Biological_Process_2023,Regulation Of Natural Killer Cell Proliferation (GO:0032817),2/9,0.6044121194316205,0.9999963846351302,0,0,1.0506718363526977,0.5290122155485043,LEP;HLA-E
GO_Biological_Process_2023,Regulation Of Receptor Binding (GO:1900120),2/9,0.6044121194316205,0.9999963846351302,0,0,1.0506718363526977,0.5290122155485043,GREM2;ADIPOQ
GO_Biological_Process_2023,Regulation Of Tau-Protein Kinase Activity (GO:1902947),2/9,0.6044121194316205,0.9999963846351302,0,0,1.0506718363526977,0.5290122155485043,EGR1;CLU
GO_Biological_Process_2023,Regulation Of Transmembrane Transporter Activity (GO:0022898),2/9,0.6044121194316205,0.9999963846351302,0,0,1.0506718363526977,0.5290122155485043,BCL2;SNCA
GO_Biological_Process_2023,Response To Platelet-Derived Growth Factor (GO:0036119),2/9,0.6044121194316205,0.9999963846351302,0,0,1.0506718363526977,0.5290122155485043,HYAL1;HAS1
GO_Biological_Process_2023,Serotonin Transport (GO:0006837),2/9,0.6044121194316205,0.9999963846351302,0,0,1.0506718363526977,0.5290122155485043,SLC22A3;SLC29A4
GO_Biological_Process_2023,Synaptic Vesicle Fusion To Presynaptic Active Zone Membrane (GO:0031629),2/9,0.6044121194316205,0.9999963846351302,0,0,1.0506718363526977,0.5290122155485043,STX19;STX11
GO_Biological_Process_2023,Cytoskeleton Organization (GO:0007010),23/111,0.6046469968152641,0.9999963846351302,0,0,0.9608939144561058,0.4834357865951193,CCL13;CCL24;SEMA6A;DMTN;KRT4;MAST4;DST;ARAP3;NEDD9;WTIP;ANK1;SYNE3;MRAP;FGD5;DES;BIN1;KRT16;DPYSL2;CCL2;RHOU;WASF3;MARK1;SH3D19
GO_Biological_Process_2023,Cell Morphogenesis Involved In Differentiation (GO:0000904),5/24,0.6058714446358282,0.9999963846351302,0,0,0.9676644197710385,0.4848844994441988,MEF2C;RELN;DACT2;PROX1;EPHA2
GO_Biological_Process_2023,Iron Ion Transport (GO:0006826),5/24,0.6058714446358282,0.9999963846351302,0,0,0.9676644197710385,0.4848844994441988,SCARA5;TTYH1;CP;F3;LTF
GO_Biological_Process_2023,Outflow Tract Septum Morphogenesis (GO:0003148),5/24,0.6058714446358282,0.9999963846351302,0,0,0.9676644197710385,0.4848844994441988,BMP4;FGF8;SEMA3C;ZFPM2;TGFBR2
GO_Biological_Process_2023,Regulation Of Cysteine-Type Endopeptidase Activity (GO:2000116),5/24,0.6058714446358282,0.9999963846351302,0,0,0.9676644197710385,0.4848844994441988,EPHA7;FYN;CSN2;GRIN2B;LTF
GO_Biological_Process_2023,Positive Regulation Of Protein Catabolic Process (GO:0045732),19/92,0.608560390165477,0.9999963846351302,0,0,0.9569057893364996,0.4752559941103084,PRKN;TIPARP;TNFSF12;ECSCR;DAB2IP;C4BPA;ASB11;C4BPB;TNFRSF1B;ADRA2A;FOXO1;RNF128;ASB9;GPC3;ASB5;VIP;RILP;GPLD1;SH3D19
GO_Biological_Process_2023,JNK Cascade (GO:0007254),6/29,0.6087697662527082,0.9999963846351302,0,0,0.9592302209550962,0.4760804764963752,PTGER4;MAPK10;LRRK2;SH2D3C;MAP3K20;MAP3K5
GO_Biological_Process_2023,Heterotypic Cell-Cell Adhesion (GO:0034113),6/29,0.6087697662527082,0.9999963846351302,0,0,0.9592302209550962,0.4760804764963752,ITGB3;IZUMO1;ITGA7;CTNNA3;CD200;JAM3
GO_Biological_Process_2023,Modified Amino Acid Transport (GO:0072337),6/29,0.6087697662527082,0.9999963846351302,0,0,0.9592302209550962,0.4760804764963752,SLC47A1;SLC16A12;SLC16A9;FOLR2;FOLR1;SLC7A3
GO_Biological_Process_2023,Negative Regulation Of Plasma Membrane Bounded Cell Projection Assembly (GO:0120033),6/29,0.6087697662527082,0.9999963846351302,0,0,0.9592302209550962,0.4760804764963752,YAP1;KANK1;CCL21;NRG1;SLIT2;ARHGAP24
GO_Biological_Process_2023,Positive Regulation Of Microtubule Polymerization (GO:0031116),6/29,0.6087697662527082,0.9999963846351302,0,0,0.9592302209550962,0.4760804764963752,CAV3;NAV3;FES;ANKRD53;SLAIN1;MET
GO_Biological_Process_2023,Negative Regulation Of JNK Cascade (GO:0046329),7/34,0.6119137671433397,0.9999963846351302,0,0,0.953289433729818,0.468221365401897,PRKN;PER1;SH3RF2;MECOM;GSTP1;SIRPA;KLHL31
GO_Biological_Process_2023,Positive Regulation Of Neuron Death (GO:1901216),7/34,0.6119137671433397,0.9999963846351302,0,0,0.953289433729818,0.468221365401897,PRNP;EPHA7;FYN;CLU;GRIN2B;MAP3K5;SNCA
GO_Biological_Process_2023,Regulation Of Rho Protein Signal Transduction (GO:0035023),15/73,0.6146842820651569,0.9999963846351302,0,0,0.950845276727982,0.4627255311784345,KANK2;KANK1;GPR17;MYOC;STARD8;ARHGEF28;GPR55;ARRB1;SLC6A2;ABRA;RASIP1;EPS8;SYNPO2L;LPAR6;MET
GO_Biological_Process_2023,Carboxylic Acid Transmembrane Transport (GO:1905039),8/39,0.6151613941297326,0.9999963846351302,0,0,0.9488768630770626,0.4610313860899829,SLC13A2;SLC27A1;SLC6A14;SLC16A12;SLC16A7;SLC16A9;SLC7A10;SLC38A3
GO_Biological_Process_2023,Digestive Tract Development (GO:0048565),8/39,0.6151613941297326,0.9999963846351302,0,0,0.9488768630770626,0.4610313860899829,PKDCC;CLMP;EDNRB;RARRES2;KIT;RARB;GLI1;PCSK5
GO_Biological_Process_2023,Neuron Projection Extension (GO:1990138),8/39,0.6151613941297326,0.9999963846351302,0,0,0.9488768630770626,0.4610313860899829,SEMA5A;NRN1;TNN;SPAG6;SEMA3A;SLC39A12;S100B;SH3GL2
GO_Biological_Process_2023,Extracellular Matrix Disassembly (GO:0022617),9/44,0.6184383997365885,0.9999963846351302,0,0,0.9454685459841308,0.4543521788485586,ADAMTS5;GSN;MMP7;CMA1;KLK5;CTSG;LAMC1;KLK7;ELANE
GO_Biological_Process_2023,Negative Regulation Of Immune System Process (GO:0002683),9/44,0.6184383997365885,0.9999963846351302,0,0,0.9454685459841308,0.4543521788485586,GPER1;SPINK5;DAB2IP;TYRO3;IRAK3;HOXA7;RAB7B;CD200;LGR4
GO_Biological_Process_2023,Regulation Of Insulin Receptor Signaling Pathway (GO:0046626),9/44,0.6184383997365885,0.9999963846351302,0,0,0.9454685459841308,0.4543521788485586,KANK1;PID1;IRS1;IGF2;FFAR3;INPP5K;SORBS1;SIK2;TNS2
GO_Biological_Process_2023,Fatty Acid Beta-Oxidation (GO:0006635),10/49,0.6217041184608321,0.9999963846351302,0,0,0.9427554786204576,0.448083187791474,ABCD2;ACADVL;ACAA2;ACADL;ADIPOQ;ECHDC1;ECHDC2;ETFB;ACADS;ACAT1
GO_Biological_Process_2023,Negative Regulation Of Defense Response (GO:0031348),23/112,0.6233332908018422,0.9999963846351302,0,0,0.9500365901663598,0.4490575249498452,PTGER4;PTGIS;ADIPOQ;NR1H3;IRAK3;KLF4;IL22RA1;CDH5;LRFN5;FNDC4;MYO1C;GPER1;TYRO3;FFAR4;SAA1;SIRPA;NLRP3;CCN3;PPARG;ENPP3;TEK;PPARA;ELANE
GO_Biological_Process_2023,Regulation Of Myoblast Differentiation (GO:0045661),11/54,0.6249357488994665,0.9999963846351302,0,0,0.9405436353226642,0.4421556165777688,BMP4;MEF2C;RANBP3L;MSTN;BOC;MYF6;DPF3;SOSTDC1;SMYD1;SOX8;DLL1
GO_Biological_Process_2023,Cellular Response To Molecule Of Bacterial Origin (GO:0071219),24/117,0.6267441288724267,0.9999963846351302,0,0,0.9486844900312568,0.443241435582297,CX3CR1;CXCL6;MEF2C;FZD5;GSTP1;DAB2IP;DEFB124;NR1H3;CXCL1;PPBP;CXCL3;TNFRSF1B;CXCL2;CXCL5;ZFP36;IL6;SIRPA;NLRP3;CCL2;CTSG;VIM;TLR4;PF4V1;PF4
GO_Biological_Process_2023,Chordate Embryonic Development (GO:0043009),12/59,0.6281205052268913,0.9999963846351302,0,0,0.9387050417149015,0.4365196632988197,BMP2;WNT11;ALDH1A2;PTCH1;NOG;IGF2;SOX8;PROX1;PKD2;PCSK5;BMP5;FGFR1
GO_Biological_Process_2023,Positive Regulation Of Cellular Component Biogenesis (GO:0044089),19/93,0.6289492093054262,0.9999963846351302,0,0,0.9439143160073392,0.437697574451246,CHGA;SYNPO2;DAB2IP;NRG1;PRKCA;CLU;CX3CL1;CDH5;LGALS3;RGCC;SYNPO2L;HYAL1;TAL1;CDC42EP2;CLDN19;HAS3;TPPP;SYNPO;TRABD2B
GO_Biological_Process_2023,Positive Regulation Of Macromolecule Biosynthetic Process (GO:0010557),25/122,0.6300588220333531,0.9999963846351302,0,0,0.9474423240620158,0.4376634926830068,PIWIL2;IRS1;IRS2;PLD1;FGF2;KDR;CCL2;NIBAN1;IL33;CCL21;EGF;HGF;IGF2;SAMD4A;IGF1;SORBS1;KLF4;LARP6;GCK;FCER2;SMOC2;IL6;RGCC;VIM;TLR4
GO_Biological_Process_2023,Regulation Of Tumor Necrosis Factor Production (GO:0032680),26/127,0.6332840564568498,0.9999963846351302,0,0,0.9462970297029702,0.4323027496409416,CX3CR1;CHRNA7;GSTP1;TWIST1;CLU;CX3CL1;VSIR;C1QTNF4;ZFP36;PLCG2;SIRPA;TNFRSF8;IL33;FZD5;CIDEA;IRAK3;IGF1;HLA-E;POMC;IL6;BPI;GAS6;TLR4;TLR3;LTF;PF4
GO_Biological_Process_2023,Positive Regulation Of Catabolic Process (GO:0009896),16/79,0.6402966571748587,0.9999963846351302,0,0,0.9336612266189732,0.4162482869011718,PRKN;CAV3;TIPARP;TNFSF12;DAB2IP;C4BPA;ASB11;C4BPB;CLU;VSIR;FOXO1;ASB9;GPC3;ASB5;VIP;RILP
GO_Biological_Process_2023,Innate Immune Response Activating Cell Surface Receptor Signaling Pathway (GO:0002220),6/30,0.6440709857978261,0.9999963846351302,0,0,0.9192037470725996,0.4044003173982776,FCN1;COLEC11;FCN2;PLCG2;FYN;PAK3
GO_Biological_Process_2023,Negative Regulation Of Myeloid Leukocyte Differentiation (GO:0002762),6/30,0.6440709857978261,0.9999963846351302,0,0,0.9192037470725996,0.4044003173982776,TMEM178A;MYC;GPR55;HOXA7;TLR4;TLR3
GO_Biological_Process_2023,Negative Regulation Of Peptidyl-Tyrosine Phosphorylation (GO:0050732),6/30,0.6440709857978261,0.9999963846351302,0,0,0.9192037470725996,0.4044003173982776,SOCS3;SFRP1;DMTN;CAV1;NTF3;SH3BP5
GO_Biological_Process_2023,"Phagocytosis, Engulfment (GO:0006911)",6/30,0.6440709857978261,0.9999963846351302,0,0,0.9192037470725996,0.4044003173982776,MARCO;GSN;CD36;XKR4;XKR6;GULP1
GO_Biological_Process_2023,Phospholipid Dephosphorylation (GO:0046839),6/30,0.6440709857978261,0.9999963846351302,0,0,0.9192037470725996,0.4044003173982776,PIP4P2;PLPPR1;PLPPR4;INPP5K;PLPP3;PLPP1
GO_Biological_Process_2023,Positive Regulation Of Locomotion (GO:0040017),6/30,0.6440709857978261,0.9999963846351302,0,0,0.9192037470725996,0.4044003173982776,P2RY12;CAVIN1;CCL21;RARRES2;TWIST1;PPM1F
GO_Biological_Process_2023,Positive Regulation Of Phosphate Metabolic Process (GO:0045937),6/30,0.6440709857978261,0.9999963846351302,0,0,0.9192037470725996,0.4044003173982776,EGF;ANG;PTH1R;EGFR;CD244;SNCA
GO_Biological_Process_2023,Response To Epidermal Growth Factor (GO:0070849),6/30,0.6440709857978261,0.9999963846351302,0,0,0.9192037470725996,0.4044003173982776,STAT5B;FOXC1;ZFP36;INPP5K;EGFR;ZFP36L2
GO_Biological_Process_2023,Regulation Of Neutrophil Chemotaxis (GO:0090022),5/25,0.6445365681181159,0.9999963846351302,0,0,0.919222664481386,0.4037443977166495,DPP4;CCL21;DAPK2;SLIT2;JAM3
GO_Biological_Process_2023,Regulation Of Protein Processing (GO:0070613),5/25,0.6445365681181159,0.9999963846351302,0,0,0.919222664481386,0.4037443977166495,CCBE1;PRNP;LRRK2;ANGPTL8;GAS1
GO_Biological_Process_2023,Ventricular Cardiac Muscle Tissue Development (GO:0003229),5/25,0.6445365681181159,0.9999963846351302,0,0,0.919222664481386,0.4037443977166495,TGFBR3;TNNC1;MYL2;MYL3;PROX1
GO_Biological_Process_2023,Endoderm Formation (GO:0001706),7/35,0.6445738066341226,0.9999963846351302,0,0,0.9191848208011244,0.4036746709127403,SOX17;LAMB3;DUSP1;LAMA3;ITGA7;SOX7;NODAL
GO_Biological_Process_2023,Positive Regulation Of Mitotic Nuclear Division (GO:0045840),7/35,0.6445738066341226,0.9999963846351302,0,0,0.9191848208011244,0.4036746709127403,EDN1;RGCC;EDN3;EGF;LRP5;IGF2;IGF1
GO_Biological_Process_2023,L-alpha-amino Acid Transmembrane Transport (GO:1902475),8/40,0.6456751190164419,0.9999963846351302,0,0,0.919165885660731,0.4020972176968767,SLC25A18;SLC47A1;SLC1A3;SLC17A7;SLC38A3;SLC1A7;SLC6A2;SLC7A3
GO_Biological_Process_2023,Positive Regulation Of Myeloid Leukocyte Differentiation (GO:0002763),8/40,0.6456751190164419,0.9999963846351302,0,0,0.919165885660731,0.4020972176968767,CSF1;FES;IL34;TESC;LIF;NEDD9;PRKCA;PF4
GO_Biological_Process_2023,T Cell Mediated Immunity (GO:0002456),4/20,0.6466723951131497,0.9999963846351302,0,0,0.919241573033708,0.4007116105951638,CR2;CR1;PRF1;C4BPA
GO_Biological_Process_2023,Cell Projection Organization (GO:0030030),4/20,0.6466723951131497,0.9999963846351302,0,0,0.919241573033708,0.4007116105951638,P2RY12;GSN;PDGFA;KIF17
GO_Biological_Process_2023,Epithelial Cilium Movement Involved In Extracellular Fluid Movement (GO:0003351),4/20,0.6466723951131497,0.9999963846351302,0,0,0.919241573033708,0.4007116105951638,SPAG6;NEK10;NPHP3;AQP4
GO_Biological_Process_2023,Lipopolysaccharide-Mediated Signaling Pathway (GO:0031663),4/20,0.6466723951131497,0.9999963846351302,0,0,0.919241573033708,0.4007116105951638,PLCG2;CCL2;BPI;TLR4
GO_Biological_Process_2023,Long-Term Synaptic Potentiation (GO:0060291),4/20,0.6466723951131497,0.9999963846351302,0,0,0.919241573033708,0.4007116105951638,SLC8A3;GRIN2A;GRIN2B;VAMP2
GO_Biological_Process_2023,Microglial Cell Activation (GO:0001774),4/20,0.6466723951131497,0.9999963846351302,0,0,0.919241573033708,0.4007116105951638,CX3CR1;CLU;CX3CL1;SNCA
GO_Biological_Process_2023,Monocarboxylic Acid Catabolic Process (GO:0072329),4/20,0.6466723951131497,0.9999963846351302,0,0,0.919241573033708,0.4007116105951638,CYP26B1;LDHD;HOGA1;AGXT
GO_Biological_Process_2023,Negative Regulation Of Cytokine Production Involved In Inflammatory Response (GO:1900016),4/20,0.6466723951131497,0.9999963846351302,0,0,0.919241573033708,0.4007116105951638,ABCD2;SIRPA;APOD;PPARA
GO_Biological_Process_2023,Negative Regulation Of Phosphate Metabolic Process (GO:0045936),4/20,0.6466723951131497,0.9999963846351302,0,0,0.919241573033708,0.4007116105951638,CDKN1C;BMP4;CDKN2C;INPP5K
GO_Biological_Process_2023,Negative Regulation Of Protein Localization To Cell Periphery (GO:1904376),4/20,0.6466723951131497,0.9999963846351302,0,0,0.919241573033708,0.4007116105951638,PID1;TMBIM1;MRAP2;RHOQ
GO_Biological_Process_2023,Negative Regulation Of Reproductive Process (GO:2000242),4/20,0.6466723951131497,0.9999963846351302,0,0,0.919241573033708,0.4007116105951638,NPPC;DUSP1;IGF1;NODAL
GO_Biological_Process_2023,Negative Regulation Of Small GTPase Mediated Signal Transduction (GO:0051058),4/20,0.6466723951131497,0.9999963846351302,0,0,0.919241573033708,0.4007116105951638,DAB2IP;SPRY2;SPRY1;SLIT2
GO_Biological_Process_2023,Phosphatidylglycerol Metabolic Process (GO:0046471),4/20,0.6466723951131497,0.9999963846351302,0,0,0.919241573033708,0.4007116105951638,SLC27A1;GPAM;PLA2G4B;PLA2G4A
GO_Biological_Process_2023,Positive Regulation Of Leukocyte Activation (GO:0002696),4/20,0.6466723951131497,0.9999963846351302,0,0,0.919241573033708,0.4007116105951638,CEBPA;IL33;TSLP;TLR4
GO_Biological_Process_2023,Positive Regulation Of Lipid Storage (GO:0010884),4/20,0.6466723951131497,0.9999963846351302,0,0,0.919241573033708,0.4007116105951638,C3;CIDEA;PLIN2;PLIN5
GO_Biological_Process_2023,Positive Regulation Of Protein Processing (GO:0010954),4/20,0.6466723951131497,0.9999963846351302,0,0,0.919241573033708,0.4007116105951638,CCBE1;CLEC3B;GSN;ANGPTL8
GO_Biological_Process_2023,Regulation Of Fibroblast Migration (GO:0010762),4/20,0.6466723951131497,0.9999963846351302,0,0,0.919241573033708,0.4007116105951638,DMTN;HAS1;FGF2;DDR2
GO_Biological_Process_2023,Regulation Of Macrophage Chemotaxis (GO:0010758),4/20,0.6466723951131497,0.9999963846351302,0,0,0.919241573033708,0.4007116105951638,CSF1;MSTN;IL34;RARRES2
GO_Biological_Process_2023,Stress-Activated Protein Kinase Signaling Cascade (GO:0031098),4/20,0.6466723951131497,0.9999963846351302,0,0,0.919241573033708,0.4007116105951638,MAPK11;MAP3K20;NLRP1;MAP3K5
GO_Biological_Process_2023,Positive Regulation Of Developmental Growth (GO:0048639),10/50,0.6489049021740221,0.9999963846351302,0,0,0.919127988748242,0.3974944566455834,GHR;RNF157;SYT4;GH1;SYT2;LEP;ISLR2;NGF;L1CAM;DLL1
GO_Biological_Process_2023,Cellular Response To Sterol (GO:0036315),3/15,0.6519900251771563,0.9999963846351302,0,0,0.9192604727357828,0.3931916196516775,PTCH1;CYP7A1;GPLD1
GO_Biological_Process_2023,Dendritic Spine Morphogenesis (GO:0060997),3/15,0.6519900251771563,0.9999963846351302,0,0,0.9192604727357828,0.3931916196516775,PAK3;EPHB1;SHANK3
GO_Biological_Process_2023,Keratan Sulfate Biosynthetic Process (GO:0018146),3/15,0.6519900251771563,0.9999963846351302,0,0,0.9192604727357828,0.3931916196516775,B3GNT3;CHST2;ST3GAL3
GO_Biological_Process_2023,Negative Regulation Of Immune Effector Process (GO:0002698),3/15,0.6519900251771563,0.9999963846351302,0,0,0.9192604727357828,0.3931916196516775,LGALS3;CR1;ENPP3
GO_Biological_Process_2023,Neurotrophin Signaling Pathway (GO:0038179),3/15,0.6519900251771563,0.9999963846351302,0,0,0.9192604727357828,0.3931916196516775,NTF4;NTF3;NGF
GO_Biological_Process_2023,Nitric Oxide Biosynthetic Process (GO:0006809),3/15,0.6519900251771563,0.9999963846351302,0,0,0.9192604727357828,0.3931916196516775,MTARC2;MTARC1;NOS1
GO_Biological_Process_2023,Regulation Of Amyloid Fibril Formation (GO:1905906),3/15,0.6519900251771563,0.9999963846351302,0,0,0.9192604727357828,0.3931916196516775,CHRNA7;CLU;CRYAB
GO_Biological_Process_2023,Regulation Of Amyloid-Beta Clearance (GO:1900221),3/15,0.6519900251771563,0.9999963846351302,0,0,0.9192604727357828,0.3931916196516775,MYOCD;LRP1;CLU
GO_Biological_Process_2023,Regulation Of Bicellular Tight Junction Assembly (GO:2000810),3/15,0.6519900251771563,0.9999963846351302,0,0,0.9192604727357828,0.3931916196516775,CLDN5;MYO1C;EPHA2
GO_Biological_Process_2023,Regulation Of miRNA-mediated Gene Silencing (GO:0060964),3/15,0.6519900251771563,0.9999963846351302,0,0,0.9192604727357828,0.3931916196516775,ZFP36;PPARG;WTIP
GO_Biological_Process_2023,Negative Regulation Of Macromolecule Metabolic Process (GO:0010605),38/186,0.6528290798284506,0.9999963846351302,0,0,0.943662870043238,0.4024155282623516,ACVRL1;PRKN;YAP1;LRP1;CITED2;NTS;FGF2;DLL4;EDNRB;STC2;GPER1;HEY2;ATOH8;KDR;ITGB8;ZNF503;CD34;SH3GL2;STOX1;MARK1;MEF2C;EDN1;TIPARP;IGF1;KLF4;BMP4;CLDN5;SFRP1;BMP2;KRT17;HAND2;APLNR;CLDN19;PGR;PPARG;CCDC3;OPTN;RBMS3
GO_Biological_Process_2023,Positive Regulation Of Multicellular Organismal Process (GO:0051240),80/387,0.6539495301492083,0.9999963846351302,0,0,0.9574497815509108,0.4066529556776033,MESP1;SLC27A1;OXTR;THRA;TGFB1I1;ADRA1D;OXT;CLEC9A;PRL;FGF2;GHR;SYDE1;ACADL;LEPR;FFAR4;SOX8;CD36;SOX6;SOX5;ACSL1;FST;ELOVL3;ADIPOQ;AVPR2;NOG;EBF2;PRKCA;PTH2R;AVPR1A;AXIN2;ADRA2A;TGFBR2;CNKSR2;ADRB3;MMRN2;PPARG;GAS6;PLA2R1;PTGER4;FOXC1;TNXB;LRP1;EPAS1;NPR1;UCP1;TWIST1;ADRB1;PTN;ADRB2;AGPAT2;HCAR2;PRDM16;NLRP5;INPP5K;ALX1;PPARGC1A;LURAP1;IL33;NMB;EGF;ZBTB16;CAV1;G0S2;INHBB;NMBR;TSHR;BMP4;GH1;BMP2;IL6;FABP4;RGCC;FABP5;SCD;LEP;SAA1;ALPL;VIP;FERMT2;NODAL
GO_Biological_Process_2023,Cell-Matrix Adhesion (GO:0007160),22/109,0.656875110414891,0.9999963846351302,0,0,0.9295213700155094,0.390641923718926,COL17A1;ECM2;CCL21;ITGB3;ITGA1;SORBS1;L1CAM;THSD1;LYVE1;FBLN5;SGCE;FERMT1;TNN;ITGA10;ITGB8;ITGA7;HOXD3;ADAMTS9;CD34;FERMT2;PPFIA2;ITGA9
GO_Biological_Process_2023,Negative Regulation Of Developmental Process (GO:0051093),22/109,0.656875110414891,0.9999963846351302,0,0,0.9295213700155094,0.390641923718926,PRKN;KANK1;FOXC1;PTPRS;ARHGEF15;BCL11A;NOTCH4;WNT9B;DLL1;BMP4;SFRP1;BMP2;WNT11;HEY1;NFIB;SFRP5;HEY2;PPARG;MGARP;GAS6;CER1;RAPGEF3
GO_Biological_Process_2023,Sulfur Compound Biosynthetic Process (GO:0044272),14/70,0.657116959308602,0.9999963846351302,0,0,0.9190520882214922,0.3859037738346991,CHST9;CHST7;GSTM1;ANGPT1;GSTP1;GGTA1;DSEL;GSTA1;UST;B3GNT3;CDO1;CHST2;CHST3;ST3GAL3
GO_Biological_Process_2023,Notch Signaling Involved In Heart Development (GO:0061314),2/10,0.6644774495053563,0.9999963846351302,0,0,0.9192793635938232,0.3757594271869122,HEY1;HEY2
GO_Biological_Process_2023,T-helper Cell Lineage Commitment (GO:0002295),2/10,0.6644774495053563,0.9999963846351302,0,0,0.9192793635938232,0.3757594271869122,SOCS3;IL6
GO_Biological_Process_2023,Actin Filament Depolymerization (GO:0030042),2/10,0.6644774495053563,0.9999963846351302,0,0,0.9192793635938232,0.3757594271869122,GSN;CFL2
GO_Biological_Process_2023,Alpha-Amino Acid Biosynthetic Process (GO:1901607),2/10,0.6644774495053563,0.9999963846351302,0,0,0.9192793635938232,0.3757594271869122,CPS1;OTC
GO_Biological_Process_2023,Ammonium Transmembrane Transport (GO:0072488),2/10,0.6644774495053563,0.9999963846351302,0,0,0.9192793635938232,0.3757594271869122,SLC12A4;RHCG
GO_Biological_Process_2023,Aromatic Amino Acid Family Catabolic Process (GO:0009074),2/10,0.6644774495053563,0.9999963846351302,0,0,0.9192793635938232,0.3757594271869122,TAT;HPD
GO_Biological_Process_2023,Basement Membrane Organization (GO:0071711),2/10,0.6644774495053563,0.9999963846351302,0,0,0.9192793635938232,0.3757594271869122,RAMP2;FLRT2
GO_Biological_Process_2023,calcineurin-NFAT Signaling Cascade (GO:0033173),2/10,0.6644774495053563,0.9999963846351302,0,0,0.9192793635938232,0.3757594271869122,NFATC2;LACRT
GO_Biological_Process_2023,Cellular Response To Increased Oxygen Levels (GO:0036295),2/10,0.6644774495053563,0.9999963846351302,0,0,0.9192793635938232,0.3757594271869122,CAV1;FOXO1
GO_Biological_Process_2023,Cellular Response To Leucine (GO:0071233),2/10,0.6644774495053563,0.9999963846351302,0,0,0.9192793635938232,0.3757594271869122,SESN3;RRAGD
GO_Biological_Process_2023,Columnar/Cuboidal Epithelial Cell Differentiation (GO:0002065),2/10,0.6644774495053563,0.9999963846351302,0,0,0.9192793635938232,0.3757594271869122,FGF8;ENAM
GO_Biological_Process_2023,Copper Ion Transport (GO:0006825),2/10,0.6644774495053563,0.9999963846351302,0,0,0.9192793635938232,0.3757594271869122,STEAP4;STEAP2
GO_Biological_Process_2023,Diol Metabolic Process (GO:0034311),2/10,0.6644774495053563,0.9999963846351302,0,0,0.9192793635938232,0.3757594271869122,PLPP3;PLPP1
GO_Biological_Process_2023,Embryonic Appendage Morphogenesis (GO:0035113),2/10,0.6644774495053563,0.9999963846351302,0,0,0.9192793635938232,0.3757594271869122,MYH3;PTCH1
GO_Biological_Process_2023,Engulfment Of Apoptotic Cell (GO:0043652),2/10,0.6644774495053563,0.9999963846351302,0,0,0.9192793635938232,0.3757594271869122,XKR4;XKR6
GO_Biological_Process_2023,Fatty Acid Homeostasis (GO:0055089),2/10,0.6644774495053563,0.9999963846351302,0,0,0.9192793635938232,0.3757594271869122,MLXIPL;DGAT2
GO_Biological_Process_2023,Glycine Transport (GO:0015816),2/10,0.6644774495053563,0.9999963846351302,0,0,0.9192793635938232,0.3757594271869122,SLC36A2;SLC6A2
GO_Biological_Process_2023,Maintenance Of Synapse Structure (GO:0099558),2/10,0.6644774495053563,0.9999963846351302,0,0,0.9192793635938232,0.3757594271869122,NLGN1;CBLN1
GO_Biological_Process_2023,Metanephric Mesenchyme Development (GO:0072075),2/10,0.6644774495053563,0.9999963846351302,0,0,0.9192793635938232,0.3757594271869122,TCF21;PKD2
GO_Biological_Process_2023,Monocyte Differentiation (GO:0030224),2/10,0.6644774495053563,0.9999963846351302,0,0,0.9192793635938232,0.3757594271869122,PDE1B;PPARG
GO_Biological_Process_2023,Negative Regulation Of Adenylate Cyclase Activity (GO:0007194),2/10,0.6644774495053563,0.9999963846351302,0,0,0.9192793635938232,0.3757594271869122,EDNRB;PALM
GO_Biological_Process_2023,Negative Regulation Of Alpha-Beta T Cell Activation (GO:0046636),2/10,0.6644774495053563,0.9999963846351302,0,0,0.9192793635938232,0.3757594271869122,DAPL1;VSIR
GO_Biological_Process_2023,Negative Regulation Of Interferon-Beta Production (GO:0032688),2/10,0.6644774495053563,0.9999963846351302,0,0,0.9192793635938232,0.3757594271869122,PTPRS;SIRPA
GO_Biological_Process_2023,Negative Regulation Of Intracellular Estrogen Receptor Signaling Pathway (GO:0033147),2/10,0.6644774495053563,0.9999963846351302,0,0,0.9192793635938232,0.3757594271869122,KANK2;ZNF366
GO_Biological_Process_2023,Negative Regulation Of Lipopolysaccharide-Mediated Signaling Pathway (GO:0031665),2/10,0.6644774495053563,0.9999963846351302,0,0,0.9192793635938232,0.3757594271869122,LACRT;LTF
GO_Biological_Process_2023,Negative Regulation Of Lymphocyte Migration (GO:2000402),2/10,0.6644774495053563,0.9999963846351302,0,0,0.9192793635938232,0.3757594271869122,APOD;CD200
GO_Biological_Process_2023,Negative Regulation Of Programmed Necrotic Cell Death (GO:0062099),2/10,0.6644774495053563,0.9999963846351302,0,0,0.9192793635938232,0.3757594271869122,FZD9;YBX3
GO_Biological_Process_2023,Negative Regulation Of Response To Cytokine Stimulus (GO:0060761),2/10,0.6644774495053563,0.9999963846351302,0,0,0.9192793635938232,0.3757594271869122,IRAK3;KLF4
GO_Biological_Process_2023,Negative Regulation Of Sprouting Angiogenesis (GO:1903671),2/10,0.6644774495053563,0.9999963846351302,0,0,0.9192793635938232,0.3757594271869122,SEMA6A;KLF2
GO_Biological_Process_2023,Negative Regulation Of Transmembrane Transport (GO:0034763),2/10,0.6644774495053563,0.9999963846351302,0,0,0.9192793635938232,0.3757594271869122,INPP5K;IRS2
GO_Biological_Process_2023,Negative Regulation Of Vascular Endothelial Growth Factor Receptor Signaling Pathway (GO:0030948),2/10,0.6644774495053563,0.9999963846351302,0,0,0.9192793635938232,0.3757594271869122,MMRN2;DAB2IP
GO_Biological_Process_2023,Neuron Projection Maintenance (GO:1990535),2/10,0.6644774495053563,0.9999963846351302,0,0,0.9192793635938232,0.3757594271869122,PRNP;ABCD2
GO_Biological_Process_2023,Positive Regulation Of Actin Filament Depolymerization (GO:0030836),2/10,0.6644774495053563,0.9999963846351302,0,0,0.9192793635938232,0.3757594271869122,SEMA5A;CFL2
GO_Biological_Process_2023,Positive Regulation Of Actin Nucleation (GO:0051127),2/10,0.6644774495053563,0.9999963846351302,0,0,0.9192793635938232,0.3757594271869122,GSN;WASF3
GO_Biological_Process_2023,Positive Regulation Of Cholesterol Metabolic Process (GO:0090205),2/10,0.6644774495053563,0.9999963846351302,0,0,0.9192793635938232,0.3757594271869122,FGF1;CES1
GO_Biological_Process_2023,Positive Regulation Of Interleukin-13 Production (GO:0032736),2/10,0.6644774495053563,0.9999963846351302,0,0,0.9192793635938232,0.3757594271869122,TSLP;HLA-E
GO_Biological_Process_2023,Positive Regulation Of Post-Transcriptional Gene Silencing By RNA (GO:1900370),2/10,0.6644774495053563,0.9999963846351302,0,0,0.9192793635938232,0.3757594271869122,ZFP36;WTIP
GO_Biological_Process_2023,Positive Regulation Of Toll-Like Receptor 4 Signaling Pathway (GO:0034145),2/10,0.6644774495053563,0.9999963846351302,0,0,0.9192793635938232,0.3757594271869122,NR1H3;LTF
GO_Biological_Process_2023,Positive Regulation Of Voltage-Gated Potassium Channel Activity (GO:1903818),2/10,0.6644774495053563,0.9999963846351302,0,0,0.9192793635938232,0.3757594271869122,KCNIP2;LRRC38
GO_Biological_Process_2023,Progesterone Receptor Signaling Pathway (GO:0050847),2/10,0.6644774495053563,0.9999963846351302,0,0,0.9192793635938232,0.3757594271869122,YAP1;PGR
GO_Biological_Process_2023,Regulation Of B Cell Apoptotic Process (GO:0002902),2/10,0.6644774495053563,0.9999963846351302,0,0,0.9192793635938232,0.3757594271869122,BCL6;IRS2
GO_Biological_Process_2023,Regulation Of T-helper 2 Cell Cytokine Production (GO:2000551),2/10,0.6644774495053563,0.9999963846351302,0,0,0.9192793635938232,0.3757594271869122,IL6;NLRP3
GO_Biological_Process_2023,Regulation Of Amyloid Precursor Protein Biosynthetic Process (GO:0042984),2/10,0.6644774495053563,0.9999963846351302,0,0,0.9192793635938232,0.3757594271869122,NECAB1;ITM2A
GO_Biological_Process_2023,Regulation Of Calcium Ion Transmembrane Transport Via High Voltage-Gated Calcium Channel (GO:1902514),2/10,0.6644774495053563,0.9999963846351302,0,0,0.9192793635938232,0.3757594271869122,CACNA2D1;NOS1
GO_Biological_Process_2023,Regulation Of Coagulation (GO:0050818),2/10,0.6644774495053563,0.9999963846351302,0,0,0.9192793635938232,0.3757594271869122,PROCR;NRG1
GO_Biological_Process_2023,Regulation Of Gene Expression By Genomic Imprinting (GO:0006349),2/10,0.6644774495053563,0.9999963846351302,0,0,0.9192793635938232,0.3757594271869122,DIRAS3;IGF2
GO_Biological_Process_2023,Regulation Of Lamellipodium Morphogenesis (GO:2000392),2/10,0.6644774495053563,0.9999963846351302,0,0,0.9192793635938232,0.3757594271869122,KANK1;ENPP2
GO_Biological_Process_2023,Regulation Of Long-Term Neuronal Synaptic Plasticity (GO:0048169),2/10,0.6644774495053563,0.9999963846351302,0,0,0.9192793635938232,0.3757594271869122,DRD2;SHANK3
GO_Biological_Process_2023,Regulation Of Mitotic Sister Chromatid Separation (GO:0010965),2/10,0.6644774495053563,0.9999963846351302,0,0,0.9192793635938232,0.3757594271869122,DUSP1;USP44
GO_Biological_Process_2023,Regulation Of Peptidyl-Lysine Acetylation (GO:2000756),2/10,0.6644774495053563,0.9999963846351302,0,0,0.9192793635938232,0.3757594271869122,MYOCD;KLF15
GO_Biological_Process_2023,Regulation Of Smooth Muscle Cell Apoptotic Process (GO:0034391),2/10,0.6644774495053563,0.9999963846351302,0,0,0.9192793635938232,0.3757594271869122,IGF1;GRIA4
GO_Biological_Process_2023,Regulation Of Toll-Like Receptor 9 Signaling Pathway (GO:0034163),2/10,0.6644774495053563,0.9999963846351302,0,0,0.9192793635938232,0.3757594271869122,PTPRS;RAB7B
GO_Biological_Process_2023,Response To Leucine (GO:0043201),2/10,0.6644774495053563,0.9999963846351302,0,0,0.9192793635938232,0.3757594271869122,SESN3;RRAGD
GO_Biological_Process_2023,Thyroid Hormone Generation (GO:0006590),2/10,0.6644774495053563,0.9999963846351302,0,0,0.9192793635938232,0.3757594271869122,FOXE1;CPQ
GO_Biological_Process_2023,Urogenital System Development (GO:0001655),2/10,0.6644774495053563,0.9999963846351302,0,0,0.9192793635938232,0.3757594271869122,OSR2;ANXA1
GO_Biological_Process_2023,Very-Low-Density Lipoprotein Particle Assembly (GO:0034379),2/10,0.6644774495053563,0.9999963846351302,0,0,0.9192793635938232,0.3757594271869122,SOAT2;APOB
GO_Biological_Process_2023,Negative Regulation Of Growth (GO:0045926),25/124,0.6644953470111256,0.9999963846351302,0,0,0.9281832676328088,0.3793739365748114,ACVRL1;NPR1;MT1L;DCUN1D3;MT1M;FHL1;JADE1;MT1X;PRDM11;WNT11;SOX17;HYAL1;CCN3;MSX1;SLIT2;CDKN2C;NRG1;ALOX15B;ESR2;SFRP1;MT1A;BCL6;MYL2;SCGB3A1;MT1E
GO_Biological_Process_2023,Neuron Projection Development (GO:0031175),39/192,0.6691219085546637,0.9999963846351302,0,0,0.9367662099061952,0.3763823684642376,GPM6A;BTG2;NLGN1;NYAP1;TNXB;LRRK2;STMN2;PTPRM;BHLHE22;KLK8;NTF4;ATCAY;GRM7;MAP2;NTF3;TUNAR;PAK3;EPHB1;RAB6B;SH3GL2;GPM6B;LGI1;EPHA4;MYOC;OMG;DAB2IP;NMNAT2;L1CAM;NGF;DCLK1;MYO16;IL6;ADGRF1;PLP1;MGARP;CNTN4;SGK1;SHANK3;NEUROG2
GO_Biological_Process_2023,B Cell Receptor Signaling Pathway (GO:0050853),9/46,0.6746265775482163,0.9999963846351302,0,0,0.8942481267299641,0.3519724495951936,CD79B;MEF2C;RFTN1;PLCG2;BCL2;NFATC2;IGHA1;BMX;IGHA2
GO_Biological_Process_2023,Negative Regulation Of Proteolysis (GO:0045861),8/41,0.6747527482425455,0.9999963846351302,0,0,0.891255573542359,0.3506279230350103,EPHA4;PRNP;SERPINB4;CSTA;LRRK2;GAS1;PLAT;TIMP4
GO_Biological_Process_2023,Receptor Signaling Pathway Via JAK-STAT (GO:0007259),7/36,0.6755627222097753,0.9999963846351302,0,0,0.8874322501433752,0.3480591575591791,GHR;STAT5A;STAT5B;GH1;MYO1C;LEP;PKD2
GO_Biological_Process_2023,Substrate Adhesion-Dependent Cell Spreading (GO:0034446),7/36,0.6755627222097753,0.9999963846351302,0,0,0.8874322501433752,0.3480591575591791,ITGB3;TYRO3;RADIL;LAMC1;PIK3R1;TEK;FERMT2
GO_Biological_Process_2023,Fatty Acid Catabolic Process (GO:0009062),12/61,0.6766554830173132,0.9999963846351302,0,0,0.9002756825056477,0.3516414006438098,ABCD2;GLYATL2;NUDT7;ACAA2;ACADL;PCCA;ADIPOQ;ECHDC1;ECHDC2;ACADS;HAO2;ACAT1
GO_Biological_Process_2023,Positive Regulation Of Rho Protein Signal Transduction (GO:0035025),6/31,0.6773746861450193,0.9999963846351302,0,0,0.8823793911007026,0.3437138693248159,GPR17;SYNPO2L;LPAR6;GPR55;ARRB1;SLC6A2
GO_Biological_Process_2023,Positive Regulation Of Mononuclear Cell Migration (GO:0071677),6/31,0.6773746861450193,0.9999963846351302,0,0,0.8823793911007026,0.3437138693248159,LGALS3;CXCL12;DEFB124;ANO6;GAS6;JAM2
GO_Biological_Process_2023,Receptor Signaling Pathway Via STAT (GO:0097696),6/31,0.6773746861450193,0.9999963846351302,0,0,0.8823793911007026,0.3437138693248159,GHR;STAT5A;STAT5B;GH1;MYO1C;PKD2
GO_Biological_Process_2023,Cellular Response To Type II Interferon (GO:0071346),13/66,0.6778148867996215,0.9999963846351302,0,0,0.901672575341132,0.35064338384188,CCL14;CCL13;CCL24;CCL23;CCL21;AQP4;CX3CL1;CCL8;SIRPA;CCL2;CCL18;TLR4;CCL16
GO_Biological_Process_2023,Negative Regulation Of Catalytic Activity (GO:0043086),5/26,0.6807244827255872,0.9999963846351302,0,0,0.8753944096955102,0.3366746172026979,PLN;TMBIM1;HP;NOS1;NES
GO_Biological_Process_2023,Negative Regulation Of Insulin Receptor Signaling Pathway (GO:0046627),5/26,0.6807244827255872,0.9999963846351302,0,0,0.8753944096955102,0.3366746172026979,KANK1;PID1;IRS1;INPP5K;TNS2
GO_Biological_Process_2023,Organelle Membrane Fusion (GO:0090174),5/26,0.6807244827255872,0.9999963846351302,0,0,0.8753944096955102,0.3366746172026979,SYT4;STX1B;CAV2;IRAG2;VAMP2
GO_Biological_Process_2023,Regulation Of Fatty Acid Biosynthetic Process (GO:0042304),5/26,0.6807244827255872,0.9999963846351302,0,0,0.8753944096955102,0.3366746172026979,KAT2B;MLXIPL;ACADVL;PDK4;NR1H3
GO_Biological_Process_2023,Regulation Of Interferon-Alpha Production (GO:0032647),5/26,0.6807244827255872,0.9999963846351302,0,0,0.8753944096955102,0.3366746172026979,NMB;PTPRS;NMBR;TLR4;TLR3
GO_Biological_Process_2023,Negative Regulation Of Interleukin-2 Production (GO:0032703),4/21,0.6865924355187422,0.9999963846351302,0,0,0.865113461114783,0.3252951322697541,PRNP;ZFP36;CR1;NAV3
GO_Biological_Process_2023,Negative Regulation Of Reactive Oxygen Species Metabolic Process (GO:2000378),4/21,0.6865924355187422,0.9999963846351302,0,0,0.865113461114783,0.3252951322697541,PRKN;ABCD2;PPARA;PLIN5
GO_Biological_Process_2023,Positive Regulation Of Amyloid Precursor Protein Catabolic Process (GO:1902993),4/21,0.6865924355187422,0.9999963846351302,0,0,0.865113461114783,0.3252951322697541,EPHA4;LRRTM3;CHRNA7;CLU
GO_Biological_Process_2023,Positive Regulation Of Interferon-Alpha Production (GO:0032727),4/21,0.6865924355187422,0.9999963846351302,0,0,0.865113461114783,0.3252951322697541,NMB;NMBR;TLR4;TLR3
GO_Biological_Process_2023,Positive Regulation Of Smoothened Signaling Pathway (GO:0045880),4/21,0.6865924355187422,0.9999963846351302,0,0,0.865113461114783,0.3252951322697541,SFRP1;DHH;DCDC2;GLI1
GO_Biological_Process_2023,Positive Regulation Of Transcription Regulatory Region DNA Binding (GO:2000679),4/21,0.6865924355187422,0.9999963846351302,0,0,0.865113461114783,0.3252951322697541,FOXC1;HAND2;TWIST1;IGF1
GO_Biological_Process_2023,Regulation Of Cardiac Conduction (GO:1903779),4/21,0.6865924355187422,0.9999963846351302,0,0,0.865113461114783,0.3252951322697541,SLC8A3;TRPC1;ANK2;TNNI3K
GO_Biological_Process_2023,Regulation Of Neurotransmitter Transport (GO:0051588),4/21,0.6865924355187422,0.9999963846351302,0,0,0.865113461114783,0.3252951322697541,FER1L5;MEF2C;MCTP1;SNCAIP
GO_Biological_Process_2023,Hemopoiesis (GO:0030097),20/101,0.6885822648359307,0.9999963846351302,0,0,0.9075350413069712,0.3386199136806711,WNT10B;CEBPA;FST;NOTCH4;ZBTB16;DLL1;ZFP36L2;TGFBR2;BMP4;TGFBR3;MFAP5;SFRP1;MEIS1;RRAS;MECOM;TAL1;KIT;KDR;TEK;CD34
GO_Biological_Process_2023,Positive Regulation Of Protein Kinase Activity (GO:0045860),29/145,0.6893007748661614,0.9999963846351302,0,0,0.9187661878973392,0.3418522859570237,SLC27A1;CSF1;CAB39L;ITGB3;LRRK2;NEDD9;ADRB2;CLU;RELN;IL6R;STOX1;MAP3K5;SNCA;EPHA4;EGR1;PRNP;CCL21;MMD;IL34;DAB2IP;AXIN2;ADRA2A;TGFBR2;GH1;GPRC5B;CAMK1;GAS6;DDR2;LTF
GO_Biological_Process_2023,Endocytosis (GO:0006897),38/189,0.6935465265932542,0.9999963846351302,0,0,0.9247364588444504,0.3383952410988051,LRP1;EQTN;LRRK2;STAB2;ADRB2;CLEC9A;VLDLR;DPYSL2;DNER;MRC1;STAB1;CD36;SCARF1;ELANE;CUBN;ANXA1;CD93;SCARA5;CAV3;ANXA3;CAV1;MERTK;LRP1B;EHD2;MARCO;ADRB3;BIN1;RHOJ;TYRO3;PECAM1;RHOU;CD302;GAS6;STEAP2;MET;TLR4;FOLR1;RHOQ
GO_Biological_Process_2023,Antifungal Innate Immune Response (GO:0061760),3/16,0.696997837801975,0.9999963846351302,0,0,0.8484941223064322,0.3062834436752512,CX3CR1;RARRES2;PLCG2
GO_Biological_Process_2023,Apoptotic Nuclear Changes (GO:0030262),3/16,0.696997837801975,0.9999963846351302,0,0,0.8484941223064322,0.3062834436752512,ACVR1C;GPER1;DNASE1L3
GO_Biological_Process_2023,Cellular Response To Gamma Radiation (GO:0071480),3/16,0.696997837801975,0.9999963846351302,0,0,0.8484941223064322,0.3062834436752512,YAP1;MAP3K20;CRYAB
GO_Biological_Process_2023,Dicarboxylic Acid Catabolic Process (GO:0043649),3/16,0.696997837801975,0.9999963846351302,0,0,0.8484941223064322,0.3062834436752512,PM20D2;ALDH1L1;ASPA
GO_Biological_Process_2023,Extrinsic Apoptotic Signaling Pathway In Absence Of Ligand (GO:0097192),3/16,0.696997837801975,0.9999963846351302,0,0,0.8484941223064322,0.3062834436752512,BCL2;BCL2L2;BOK
GO_Biological_Process_2023,Lymphocyte Mediated Immunity (GO:0002449),3/16,0.696997837801975,0.9999963846351302,0,0,0.8484941223064322,0.3062834436752512,CR2;CR1;C4BPA
GO_Biological_Process_2023,Negative Regulation Of Viral-Induced Cytoplasmic Pattern Recognition Receptor Signaling Pathway (GO:0039532),3/16,0.696997837801975,0.9999963846351302,0,0,0.8484941223064322,0.3062834436752512,PTPRS;RNF125;RAB7B
GO_Biological_Process_2023,Neuron Projection Organization (GO:0106027),3/16,0.696997837801975,0.9999963846351302,0,0,0.8484941223064322,0.3062834436752512,PRNP;ABCD2;CHRNA7
GO_Biological_Process_2023,Positive Regulation Of Smooth Muscle Cell Migration (GO:0014911),3/16,0.696997837801975,0.9999963846351302,0,0,0.8484941223064322,0.3062834436752512,NR4A3;FGF9;IGF1
GO_Biological_Process_2023,Positive Regulation Of Stem Cell Proliferation (GO:2000648),3/16,0.696997837801975,0.9999963846351302,0,0,0.8484941223064322,0.3062834436752512,CITED1;LTBP2;FERMT2
GO_Biological_Process_2023,Regulation Of Plasminogen Activation (GO:0010755),3/16,0.696997837801975,0.9999963846351302,0,0,0.8484941223064322,0.3062834436752512,CLEC3B;SERPINF2;PLAT
GO_Biological_Process_2023,Regulation Of Transforming Growth Factor Beta Production (GO:0071634),3/16,0.696997837801975,0.9999963846351302,0,0,0.8484941223064322,0.3062834436752512,SERPINF2;ITGB8;PTGS2
GO_Biological_Process_2023,Ruffle Organization (GO:0031529),3/16,0.696997837801975,0.9999963846351302,0,0,0.8484941223064322,0.3062834436752512,CCL21;INPP5K;AIF1L
GO_Biological_Process_2023,"Synaptic Transmission, Cholinergic (GO:0007271)",3/16,0.696997837801975,0.9999963846351302,0,0,0.8484941223064322,0.3062834436752512,RIC3;SLC5A7;CHRNA7
GO_Biological_Process_2023,Defense Response To Bacterium (GO:0042742),41/204,0.6995121508160544,0.9999963846351302,0,0,0.9242305937230644,0.3302942413898764,COLEC12;FCN2;STAB2;DEFB1;CFP;AQP1;JCHAIN;LCE3A;DMBT1;STAB1;RNASE7;S100A12;CTSG;NLRP1;PI3;IGHA1;IGHA2;IL6R;ELANE;KRT6A;CHGA;ANXA3;RARRES2;PLA2G2A;RNASE13;DEFB132;RNASE1;F3;HLA-E;SELP;IL6;SLPI;IFNE;ANG;BPI;LALBA;LACRT;TLR4;OPTN;TLR3;LTF
GO_Biological_Process_2023,B Cell Chemotaxis (GO:0035754),1/5,0.6996641430713165,0.9999963846351302,0,0,0.9192982456140352,0.3283318313289445,GAS6
GO_Biological_Process_2023,C-terminal Protein Lipidation (GO:0006501),1/5,0.6996641430713165,0.9999963846351302,0,0,0.9192982456140352,0.3283318313289445,GPLD1
GO_Biological_Process_2023,DNA Methylation Involved In Embryo Development (GO:0043045),1/5,0.6996641430713165,0.9999963846351302,0,0,0.9192982456140352,0.3283318313289445,ZDBF2
GO_Biological_Process_2023,L-ascorbic Acid Metabolic Process (GO:0019852),1/5,0.6996641430713165,0.9999963846351302,0,0,0.9192982456140352,0.3283318313289445,RGN
GO_Biological_Process_2023,L-aspartate Import Across Plasma Membrane (GO:0140009),1/5,0.6996641430713165,0.9999963846351302,0,0,0.9192982456140352,0.3283318313289445,SLC1A3
GO_Biological_Process_2023,L-aspartate Transmembrane Transport (GO:0070778),1/5,0.6996641430713165,0.9999963846351302,0,0,0.9192982456140352,0.3283318313289445,SLC1A3
GO_Biological_Process_2023,L-ornithine Transmembrane Transport (GO:1903352),1/5,0.6996641430713165,0.9999963846351302,0,0,0.9192982456140352,0.3283318313289445,SLC7A3
GO_Biological_Process_2023,L-phenylalanine Catabolic Process (GO:0006559),1/5,0.6996641430713165,0.9999963846351302,0,0,0.9192982456140352,0.3283318313289445,TAT
GO_Biological_Process_2023,L-phenylalanine Metabolic Process (GO:0006558),1/5,0.6996641430713165,0.9999963846351302,0,0,0.9192982456140352,0.3283318313289445,TAT
GO_Biological_Process_2023,PML Body Organization (GO:0030578),1/5,0.6996641430713165,0.9999963846351302,0,0,0.9192982456140352,0.3283318313289445,HABP4
GO_Biological_Process_2023,Activation Of Cysteine-Type Endopeptidase Activity Involved In Apoptotic Process By Cytochrome C (GO:0008635),1/5,0.6996641430713165,0.9999963846351302,0,0,0.9192982456140352,0.3283318313289445,BOK
GO_Biological_Process_2023,Adenylate Cyclase-Activating Dopamine Receptor Signaling Pathway (GO:0007191),1/5,0.6996641430713165,0.9999963846351302,0,0,0.9192982456140352,0.3283318313289445,GNG2
GO_Biological_Process_2023,Adiponectin-Activated Signaling Pathway (GO:0033211),1/5,0.6996641430713165,0.9999963846351302,0,0,0.9192982456140352,0.3283318313289445,SLC27A1
GO_Biological_Process_2023,Aminophospholipid Transport (GO:0015917),1/5,0.6996641430713165,0.9999963846351302,0,0,0.9192982456140352,0.3283318313289445,ATP8A1
GO_Biological_Process_2023,Ammonium Homeostasis (GO:0097272),1/5,0.6996641430713165,0.9999963846351302,0,0,0.9192982456140352,0.3283318313289445,RHCG
GO_Biological_Process_2023,Aromatic Compound Biosynthetic Process (GO:0019438),1/5,0.6996641430713165,0.9999963846351302,0,0,0.9192982456140352,0.3283318313289445,HDC
GO_Biological_Process_2023,Aspartate Metabolic Process (GO:0006531),1/5,0.6996641430713165,0.9999963846351302,0,0,0.9192982456140352,0.3283318313289445,ASS1
GO_Biological_Process_2023,Astrocyte Differentiation (GO:0048708),1/5,0.6996641430713165,0.9999963846351302,0,0,0.9192982456140352,0.3283318313289445,DLL1
GO_Biological_Process_2023,Autocrine Signaling (GO:0035425),1/5,0.6996641430713165,0.9999963846351302,0,0,0.9192982456140352,0.3283318313289445,CX3CR1
GO_Biological_Process_2023,Basic Amino Acid Transport (GO:0015802),1/5,0.6996641430713165,0.9999963846351302,0,0,0.9192982456140352,0.3283318313289445,SLC38A3
GO_Biological_Process_2023,Behavioral Fear Response (GO:0001662),1/5,0.6996641430713165,0.9999963846351302,0,0,0.9192982456140352,0.3283318313289445,GRM7
GO_Biological_Process_2023,Bradykinin Catabolic Process (GO:0010815),1/5,0.6996641430713165,0.9999963846351302,0,0,0.9192982456140352,0.3283318313289445,MME
GO_Biological_Process_2023,Cardiolipin Acyl-Chain Remodeling (GO:0035965),1/5,0.6996641430713165,0.9999963846351302,0,0,0.9192982456140352,0.3283318313289445,PLA2G5
GO_Biological_Process_2023,Cell-Cell Signaling Involved In Cardiac Conduction (GO:0086019),1/5,0.6996641430713165,0.9999963846351302,0,0,0.9192982456140352,0.3283318313289445,CASQ2
GO_Biological_Process_2023,Cellular Response To Cold (GO:0070417),1/5,0.6996641430713165,0.9999963846351302,0,0,0.9192982456140352,0.3283318313289445,FOXO1
GO_Biological_Process_2023,Chemokine (C-X-C Motif) Ligand 12 Signaling Pathway (GO:0038146),1/5,0.6996641430713165,0.9999963846351302,0,0,0.9192982456140352,0.3283318313289445,ENTREP1
GO_Biological_Process_2023,Chitin Catabolic Process (GO:0006032),1/5,0.6996641430713165,0.9999963846351302,0,0,0.9192982456140352,0.3283318313289445,CHI3L2
GO_Biological_Process_2023,Chitin Metabolic Process (GO:0006030),1/5,0.6996641430713165,0.9999963846351302,0,0,0.9192982456140352,0.3283318313289445,CHI3L2
GO_Biological_Process_2023,Cholesterol Import (GO:0070508),1/5,0.6996641430713165,0.9999963846351302,0,0,0.9192982456140352,0.3283318313289445,CD36
GO_Biological_Process_2023,Contact Inhibition (GO:0060242),1/5,0.6996641430713165,0.9999963846351302,0,0,0.9192982456140352,0.3283318313289445,YAP1
GO_Biological_Process_2023,Dendrite Extension (GO:0097484),1/5,0.6996641430713165,0.9999963846351302,0,0,0.9192982456140352,0.3283318313289445,SH3GL2
GO_Biological_Process_2023,Dermatan Sulfate Proteoglycan Metabolic Process (GO:0050655),1/5,0.6996641430713165,0.9999963846351302,0,0,0.9192982456140352,0.3283318313289445,DSEL
GO_Biological_Process_2023,Detection Of Molecule Of Bacterial Origin (GO:0032490),1/5,0.6996641430713165,0.9999963846351302,0,0,0.9192982456140352,0.3283318313289445,TLR4
GO_Biological_Process_2023,Detection Of Virus (GO:0009597),1/5,0.6996641430713165,0.9999963846351302,0,0,0.9192982456140352,0.3283318313289445,TLR3
GO_Biological_Process_2023,Embryonic Brain Development (GO:1990403),1/5,0.6996641430713165,0.9999963846351302,0,0,0.9192982456140352,0.3283318313289445,RNF112
GO_Biological_Process_2023,Enamel Mineralization (GO:0070166),1/5,0.6996641430713165,0.9999963846351302,0,0,0.9192982456140352,0.3283318313289445,SLC24A4
GO_Biological_Process_2023,Epithelial Tube Branching Involved In Lung Morphogenesis (GO:0060441),1/5,0.6996641430713165,0.9999963846351302,0,0,0.9192982456140352,0.3283318313289445,FGF10
GO_Biological_Process_2023,Equilibrioception (GO:0050957),1/5,0.6996641430713165,0.9999963846351302,0,0,0.9192982456140352,0.3283318313289445,PCDH15
GO_Biological_Process_2023,Erythrose 4-Phosphate/Phosphoenolpyruvate Family Amino Acid Catabolic Process (GO:1902222),1/5,0.6996641430713165,0.9999963846351302,0,0,0.9192982456140352,0.3283318313289445,TAT
GO_Biological_Process_2023,Establishment Of Lymphocyte Polarity (GO:0001767),1/5,0.6996641430713165,0.9999963846351302,0,0,0.9192982456140352,0.3283318313289445,CCL21
GO_Biological_Process_2023,fatty-acyl-CoA Catabolic Process (GO:0036115),1/5,0.6996641430713165,0.9999963846351302,0,0,0.9192982456140352,0.3283318313289445,NUDT7
GO_Biological_Process_2023,Gamma-Aminobutyric Acid Metabolic Process (GO:0009448),1/5,0.6996641430713165,0.9999963846351302,0,0,0.9192982456140352,0.3283318313289445,ALDH1A1
GO_Biological_Process_2023,Gastrulation With Mouth Forming Second (GO:0001702),1/5,0.6996641430713165,0.9999963846351302,0,0,0.9192982456140352,0.3283318313289445,LRP5
GO_Biological_Process_2023,Glycolipid Transport (GO:0046836),1/5,0.6996641430713165,0.9999963846351302,0,0,0.9192982456140352,0.3283318313289445,PLTP
GO_Biological_Process_2023,Glyoxylate Metabolic Process (GO:0046487),1/5,0.6996641430713165,0.9999963846351302,0,0,0.9192982456140352,0.3283318313289445,HOGA1
GO_Biological_Process_2023,Guanine Nucleotide Transmembrane Transport (GO:1903790),1/5,0.6996641430713165,0.9999963846351302,0,0,0.9192982456140352,0.3283318313289445,LRRC8C
GO_Biological_Process_2023,Heme Transport (GO:0015886),1/5,0.6996641430713165,0.9999963846351302,0,0,0.9192982456140352,0.3283318313289445,NRG1
GO_Biological_Process_2023,Hexose Import Across Plasma Membrane (GO:0140271),1/5,0.6996641430713165,0.9999963846351302,0,0,0.9192982456140352,0.3283318313289445,SLC5A1
GO_Biological_Process_2023,Humoral Immune Response Mediated By Circulating Immunoglobulin (GO:0002455),1/5,0.6996641430713165,0.9999963846351302,0,0,0.9192982456140352,0.3283318313289445,C1R
GO_Biological_Process_2023,Hydrogen Peroxide Biosynthetic Process (GO:0050665),1/5,0.6996641430713165,0.9999963846351302,0,0,0.9192982456140352,0.3283318313289445,MAOB
GO_Biological_Process_2023,Inclusion Body Assembly (GO:0070841),1/5,0.6996641430713165,0.9999963846351302,0,0,0.9192982456140352,0.3283318313289445,PRKN
GO_Biological_Process_2023,Insulin Processing (GO:0030070),1/5,0.6996641430713165,0.9999963846351302,0,0,0.9192982456140352,0.3283318313289445,PCSK2
GO_Biological_Process_2023,Interleukin-4-Mediated Signaling Pathway (GO:0035771),1/5,0.6996641430713165,0.9999963846351302,0,0,0.9192982456140352,0.3283318313289445,STAT5A
GO_Biological_Process_2023,Interleukin-5-Mediated Signaling Pathway (GO:0038043),1/5,0.6996641430713165,0.9999963846351302,0,0,0.9192982456140352,0.3283318313289445,STAT5A
GO_Biological_Process_2023,Intracellular Phosphate Ion Homeostasis (GO:0030643),1/5,0.6996641430713165,0.9999963846351302,0,0,0.9192982456140352,0.3283318313289445,SLC34A2
GO_Biological_Process_2023,Iron Coordination Entity Transport (GO:1901678),1/5,0.6996641430713165,0.9999963846351302,0,0,0.9192982456140352,0.3283318313289445,NRG1
GO_Biological_Process_2023,Isoleucine Metabolic Process (GO:0006549),1/5,0.6996641430713165,0.9999963846351302,0,0,0.9192982456140352,0.3283318313289445,ACAT1
GO_Biological_Process_2023,Kidney Morphogenesis (GO:0060993),1/5,0.6996641430713165,0.9999963846351302,0,0,0.9192982456140352,0.3283318313289445,NPHP3
GO_Biological_Process_2023,Leukocyte Chemotaxis Involved In Inflammatory Response (GO:0002232),1/5,0.6996641430713165,0.9999963846351302,0,0,0.9192982456140352,0.3283318313289445,PTN
GO_Biological_Process_2023,Medium-Chain Fatty Acid Biosynthetic Process (GO:0051792),1/5,0.6996641430713165,0.9999963846351302,0,0,0.9192982456140352,0.3283318313289445,OLAH
GO_Biological_Process_2023,Mesenchymal Cell Differentiation Involved In Kidney Development (GO:0072161),1/5,0.6996641430713165,0.9999963846351302,0,0,0.9192982456140352,0.3283318313289445,TCF21
GO_Biological_Process_2023,Mesodermal Cell Fate Commitment (GO:0001710),1/5,0.6996641430713165,0.9999963846351302,0,0,0.9192982456140352,0.3283318313289445,KLF4
GO_Biological_Process_2023,Metanephric Collecting Duct Development (GO:0072205),1/5,0.6996641430713165,0.9999963846351302,0,0,0.9192982456140352,0.3283318313289445,PTCH1
GO_Biological_Process_2023,Mitochondrial Protein Catabolic Process (GO:0035694),1/5,0.6996641430713165,0.9999963846351302,0,0,0.9192982456140352,0.3283318313289445,SPATA18
GO_Biological_Process_2023,Natural Killer Cell Degranulation (GO:0043320),1/5,0.6996641430713165,0.9999963846351302,0,0,0.9192982456140352,0.3283318313289445,VAMP2
GO_Biological_Process_2023,Negative Regulation Of Arp2/3 Complex-Mediated Actin Nucleation (GO:0034316),1/5,0.6996641430713165,0.9999963846351302,0,0,0.9192982456140352,0.3283318313289445,GMFG
GO_Biological_Process_2023,Negative Regulation Of PERK-mediated Unfolded Protein Response (GO:1903898),1/5,0.6996641430713165,0.9999963846351302,0,0,0.9192982456140352,0.3283318313289445,PPP1R15A
GO_Biological_Process_2023,Negative Regulation Of Actin Filament Depolymerization (GO:0030835),1/5,0.6996641430713165,0.9999963846351302,0,0,0.9192982456140352,0.3283318313289445,PLEKHH2
GO_Biological_Process_2023,Negative Regulation Of Amino Acid Transport (GO:0051956),1/5,0.6996641430713165,0.9999963846351302,0,0,0.9192982456140352,0.3283318313289445,GRM7
GO_Biological_Process_2023,Negative Regulation Of Amyloid Precursor Protein Biosynthetic Process (GO:0042985),1/5,0.6996641430713165,0.9999963846351302,0,0,0.9192982456140352,0.3283318313289445,ITM2A
GO_Biological_Process_2023,Negative Regulation Of Astrocyte Differentiation (GO:0048712),1/5,0.6996641430713165,0.9999963846351302,0,0,0.9192982456140352,0.3283318313289445,NOG
GO_Biological_Process_2023,Negative Regulation Of Calcium Ion Import (GO:0090281),1/5,0.6996641430713165,0.9999963846351302,0,0,0.9192982456140352,0.3283318313289445,PLN
GO_Biological_Process_2023,Negative Regulation Of Cardiac Muscle Cell Apoptotic Process (GO:0010667),1/5,0.6996641430713165,0.9999963846351302,0,0,0.9192982456140352,0.3283318313289445,HAND2
GO_Biological_Process_2023,Negative Regulation Of Cardiac Muscle Cell Differentiation (GO:2000726),1/5,0.6996641430713165,0.9999963846351302,0,0,0.9192982456140352,0.3283318313289445,SOX6
GO_Biological_Process_2023,Negative Regulation Of Cardiac Muscle Tissue Growth (GO:0055022),1/5,0.6996641430713165,0.9999963846351302,0,0,0.9192982456140352,0.3283318313289445,NOG
GO_Biological_Process_2023,Negative Regulation Of Cell Size (GO:0045792),1/5,0.6996641430713165,0.9999963846351302,0,0,0.9192982456140352,0.3283318313289445,CAV3
GO_Biological_Process_2023,Negative Regulation Of Cellular Response To Hypoxia (GO:1900038),1/5,0.6996641430713165,0.9999963846351302,0,0,0.9192982456140352,0.3283318313289445,EPHA4
GO_Biological_Process_2023,Negative Regulation Of Chemokine-Mediated Signaling Pathway (GO:0070100),1/5,0.6996641430713165,0.9999963846351302,0,0,0.9192982456140352,0.3283318313289445,SLIT2
GO_Biological_Process_2023,Negative Regulation Of Erythrocyte Differentiation (GO:0045647),1/5,0.6996641430713165,0.9999963846351302,0,0,0.9192982456140352,0.3283318313289445,ZFP36
GO_Biological_Process_2023,Negative Regulation Of Fibroblast Migration (GO:0010764),1/5,0.6996641430713165,0.9999963846351302,0,0,0.9192982456140352,0.3283318313289445,HAS1
GO_Biological_Process_2023,Negative Regulation Of Glycogen Biosynthetic Process (GO:0045719),1/5,0.6996641430713165,0.9999963846351302,0,0,0.9192982456140352,0.3283318313289445,INPP5K
GO_Biological_Process_2023,Negative Regulation Of Histone Acetylation (GO:0035067),1/5,0.6996641430713165,0.9999963846351302,0,0,0.9192982456140352,0.3283318313289445,TWIST1
GO_Biological_Process_2023,Negative Regulation Of Insulin-Like Growth Factor Receptor Signaling Pathway (GO:0043569),1/5,0.6996641430713165,0.9999963846351302,0,0,0.9192982456140352,0.3283318313289445,BMP5
GO_Biological_Process_2023,Negative Regulation Of Lipoprotein Lipase Activity (GO:0051005),1/5,0.6996641430713165,0.9999963846351302,0,0,0.9192982456140352,0.3283318313289445,ANGPTL4
GO_Biological_Process_2023,Negative Regulation Of Mast Cell Activation (GO:0033004),1/5,0.6996641430713165,0.9999963846351302,0,0,0.9192982456140352,0.3283318313289445,ENPP3
GO_Biological_Process_2023,Negative Regulation Of Myeloid Leukocyte Mediated Immunity (GO:0002887),1/5,0.6996641430713165,0.9999963846351302,0,0,0.9192982456140352,0.3283318313289445,CX3CR1
GO_Biological_Process_2023,Negative Regulation Of Nervous System Process (GO:0031645),1/5,0.6996641430713165,0.9999963846351302,0,0,0.9192982456140352,0.3283318313289445,JAM2
GO_Biological_Process_2023,Negative Regulation Of Protein Kinase Activity By Regulation Of Protein Phosphorylation (GO:0044387),1/5,0.6996641430713165,0.9999963846351302,0,0,0.9192982456140352,0.3283318313289445,PPM1F
GO_Biological_Process_2023,Negative Regulation Of Trophoblast Cell Migration (GO:1901164),1/5,0.6996641430713165,0.9999963846351302,0,0,0.9192982456140352,0.3283318313289445,NODAL
GO_Biological_Process_2023,Nephron Tubule Development (GO:0072080),1/5,0.6996641430713165,0.9999963846351302,0,0,0.9192982456140352,0.3283318313289445,MEF2C
GO_Biological_Process_2023,Neurotransmitter Loading Into Synaptic Vesicle (GO:0098700),1/5,0.6996641430713165,0.9999963846351302,0,0,0.9192982456140352,0.3283318313289445,SLC17A7
GO_Biological_Process_2023,Neutrophil Degranulation (GO:0043312),1/5,0.6996641430713165,0.9999963846351302,0,0,0.9192982456140352,0.3283318313289445,VAMP2
GO_Biological_Process_2023,Neutrophil Extravasation (GO:0072672),1/5,0.6996641430713165,0.9999963846351302,0,0,0.9192982456140352,0.3283318313289445,PECAM1
GO_Biological_Process_2023,Ornithine Transport (GO:0015822),1/5,0.6996641430713165,0.9999963846351302,0,0,0.9192982456140352,0.3283318313289445,SLC7A3
GO_Biological_Process_2023,Osmosensory Signaling Pathway (GO:0007231),1/5,0.6996641430713165,0.9999963846351302,0,0,0.9192982456140352,0.3283318313289445,NLRP3
GO_Biological_Process_2023,Pericardium Morphogenesis (GO:0003344),1/5,0.6996641430713165,0.9999963846351302,0,0,0.9192982456140352,0.3283318313289445,DLL4
GO_Biological_Process_2023,Pexophagy (GO:0000425),1/5,0.6996641430713165,0.9999963846351302,0,0,0.9192982456140352,0.3283318313289445,PJVK
GO_Biological_Process_2023,Photoreceptor Cell Differentiation (GO:0046530),1/5,0.6996641430713165,0.9999963846351302,0,0,0.9192982456140352,0.3283318313289445,RP1L1
GO_Biological_Process_2023,Plasma Membrane Raft Organization (GO:0044857),1/5,0.6996641430713165,0.9999963846351302,0,0,0.9192982456140352,0.3283318313289445,COLEC12
GO_Biological_Process_2023,poly-N-acetyllactosamine Metabolic Process (GO:0030309),1/5,0.6996641430713165,0.9999963846351302,0,0,0.9192982456140352,0.3283318313289445,B3GNT3
GO_Biological_Process_2023,Positive Regulation Of T-helper 2 Cell Differentiation (GO:0045630),1/5,0.6996641430713165,0.9999963846351302,0,0,0.9192982456140352,0.3283318313289445,NLRP3
GO_Biological_Process_2023,Positive Regulation Of Activin Receptor Signaling Pathway (GO:0032927),1/5,0.6996641430713165,0.9999963846351302,0,0,0.9192982456140352,0.3283318313289445,NODAL
GO_Biological_Process_2023,Positive Regulation Of Animal Organ Morphogenesis (GO:0110110),1/5,0.6996641430713165,0.9999963846351302,0,0,0.9192982456140352,0.3283318313289445,CD34
GO_Biological_Process_2023,Positive Regulation Of Antigen Processing And Presentation (GO:0002579),1/5,0.6996641430713165,0.9999963846351302,0,0,0.9192982456140352,0.3283318313289445,CCL21
GO_Biological_Process_2023,Positive Regulation Of Autophagy Of Mitochondrion In Response To Mitochondrial Depolarization (GO:1904925),1/5,0.6996641430713165,0.9999963846351302,0,0,0.9192982456140352,0.3283318313289445,PRKN
GO_Biological_Process_2023,Positive Regulation Of Cholesterol Biosynthetic Process (GO:0045542),1/5,0.6996641430713165,0.9999963846351302,0,0,0.9192982456140352,0.3283318313289445,FGF1
GO_Biological_Process_2023,Positive Regulation Of Dendritic Cell Antigen Processing And Presentation (GO:0002606),1/5,0.6996641430713165,0.9999963846351302,0,0,0.9192982456140352,0.3283318313289445,CCL21
GO_Biological_Process_2023,Positive Regulation Of Extrinsic Apoptotic Signaling Pathway Via Death Domain Receptors (GO:1902043),1/5,0.6996641430713165,0.9999963846351302,0,0,0.9192982456140352,0.3283318313289445,SFRP1
GO_Biological_Process_2023,Positive Regulation Of Focal Adhesion Disassembly (GO:0120183),1/5,0.6996641430713165,0.9999963846351302,0,0,0.9192982456140352,0.3283318313289445,PIK3R1
GO_Biological_Process_2023,Positive Regulation Of Gap Junction Assembly (GO:1903598),1/5,0.6996641430713165,0.9999963846351302,0,0,0.9192982456140352,0.3283318313289445,CAV1
GO_Biological_Process_2023,Positive Regulation Of Granulocyte Differentiation (GO:0030854),1/5,0.6996641430713165,0.9999963846351302,0,0,0.9192982456140352,0.3283318313289445,TESC
GO_Biological_Process_2023,Positive Regulation Of Growth Hormone Secretion (GO:0060124),1/5,0.6996641430713165,0.9999963846351302,0,0,0.9192982456140352,0.3283318313289445,DRD2
GO_Biological_Process_2023,Positive Regulation Of Hemoglobin Biosynthetic Process (GO:0046985),1/5,0.6996641430713165,0.9999963846351302,0,0,0.9192982456140352,0.3283318313289445,KLF4
GO_Biological_Process_2023,Positive Regulation Of Microglial Cell Activation (GO:1903980),1/5,0.6996641430713165,0.9999963846351302,0,0,0.9192982456140352,0.3283318313289445,TAFA3
GO_Biological_Process_2023,Positive Regulation Of Pyruvate Dehydrogenase Activity (GO:1904184),1/5,0.6996641430713165,0.9999963846351302,0,0,0.9192982456140352,0.3283318313289445,PDP2
GO_Biological_Process_2023,Positive Regulation Of Skeletal Muscle Fiber Development (GO:0048743),1/5,0.6996641430713165,0.9999963846351302,0,0,0.9192982456140352,0.3283318313289445,MYF6
GO_Biological_Process_2023,Positive Regulation Of Sterol Biosynthetic Process (GO:0106120),1/5,0.6996641430713165,0.9999963846351302,0,0,0.9192982456140352,0.3283318313289445,FGF1
GO_Biological_Process_2023,Positive Regulation Of Tau-Protein Kinase Activity (GO:1902949),1/5,0.6996641430713165,0.9999963846351302,0,0,0.9192982456140352,0.3283318313289445,EGR1
GO_Biological_Process_2023,Positive Regulation Of Transcription Of Notch Receptor Target (GO:0007221),1/5,0.6996641430713165,0.9999963846351302,0,0,0.9192982456140352,0.3283318313289445,NOTCH4
GO_Biological_Process_2023,Proline Metabolic Process (GO:0006560),1/5,0.6996641430713165,0.9999963846351302,0,0,0.9192982456140352,0.3283318313289445,ALDH4A1
GO_Biological_Process_2023,Protein C-linked Glycosylation Via 2'-alpha-mannosyl-L-tryptophan (GO:0018406),1/5,0.6996641430713165,0.9999963846351302,0,0,0.9192982456140352,0.3283318313289445,DPY19L2
GO_Biological_Process_2023,Protein C-linked Glycosylation Via Tryptophan (GO:0018317),1/5,0.6996641430713165,0.9999963846351302,0,0,0.9192982456140352,0.3283318313289445,DPY19L2
GO_Biological_Process_2023,Protein Localization To Non-Motile Cilium (GO:0097499),1/5,0.6996641430713165,0.9999963846351302,0,0,0.9192982456140352,0.3283318313289445,PCARE
GO_Biological_Process_2023,Protein Sulfation (GO:0006477),1/5,0.6996641430713165,0.9999963846351302,0,0,0.9192982456140352,0.3283318313289445,UST
GO_Biological_Process_2023,Proton-Transporting V-type ATPase Complex Assembly (GO:0070070),1/5,0.6996641430713165,0.9999963846351302,0,0,0.9192982456140352,0.3283318313289445,ATP6V1B1
GO_Biological_Process_2023,Purine Nucleobase Biosynthetic Process (GO:0009113),1/5,0.6996641430713165,0.9999963846351302,0,0,0.9192982456140352,0.3283318313289445,SHMT1
GO_Biological_Process_2023,Purine Nucleobase Transmembrane Transport (GO:1904823),1/5,0.6996641430713165,0.9999963846351302,0,0,0.9192982456140352,0.3283318313289445,SLC28A3
GO_Biological_Process_2023,Pyrimidine Nucleoside Transport (GO:0015864),1/5,0.6996641430713165,0.9999963846351302,0,0,0.9192982456140352,0.3283318313289445,SLC28A3
GO_Biological_Process_2023,Regulation Of T Cell Activation Via T Cell Receptor Contact With Antigen Bound To MHC Molecule On Antigen Presenting Cell (GO:2001188),1/5,0.6996641430713165,0.9999963846351302,0,0,0.9192982456140352,0.3283318313289445,LGALS3
GO_Biological_Process_2023,Regulation Of Circadian Sleep/Wake Cycle (GO:0042749),1/5,0.6996641430713165,0.9999963846351302,0,0,0.9192982456140352,0.3283318313289445,PTGDS
GO_Biological_Process_2023,"Regulation Of Circadian Sleep/Wake Cycle, Sleep (GO:0045187)",1/5,0.6996641430713165,0.9999963846351302,0,0,0.9192982456140352,0.3283318313289445,PTGDS
GO_Biological_Process_2023,Regulation Of Endothelial Cell-Matrix Adhesion Via Fibronectin (GO:1904904),1/5,0.6996641430713165,0.9999963846351302,0,0,0.9192982456140352,0.3283318313289445,RRAS
GO_Biological_Process_2023,Regulation Of Establishment Of T Cell Polarity (GO:1903903),1/5,0.6996641430713165,0.9999963846351302,0,0,0.9192982456140352,0.3283318313289445,GSN
GO_Biological_Process_2023,Regulation Of Excitatory Synapse Assembly (GO:1904889),1/5,0.6996641430713165,0.9999963846351302,0,0,0.9192982456140352,0.3283318313289445,LRRC4B
GO_Biological_Process_2023,Regulation Of Fat Cell Proliferation (GO:0070344),1/5,0.6996641430713165,0.9999963846351302,0,0,0.9192982456140352,0.3283318313289445,PID1
GO_Biological_Process_2023,Regulation Of Focal Adhesion Disassembly (GO:0120182),1/5,0.6996641430713165,0.9999963846351302,0,0,0.9192982456140352,0.3283318313289445,PIK3R1
GO_Biological_Process_2023,Regulation Of Glomerular Filtration (GO:0003093),1/5,0.6996641430713165,0.9999963846351302,0,0,0.9192982456140352,0.3283318313289445,GAS6
GO_Biological_Process_2023,Regulation Of Guanylate Cyclase Activity (GO:0031282),1/5,0.6996641430713165,0.9999963846351302,0,0,0.9192982456140352,0.3283318313289445,NOS1
GO_Biological_Process_2023,Regulation Of Hepatocyte Proliferation (GO:2000345),1/5,0.6996641430713165,0.9999963846351302,0,0,0.9192982456140352,0.3283318313289445,PTN
GO_Biological_Process_2023,Regulation Of Histone Deacetylase Activity (GO:1901725),1/5,0.6996641430713165,0.9999963846351302,0,0,0.9192982456140352,0.3283318313289445,PRKD1
GO_Biological_Process_2023,Regulation Of Hyaluronan Biosynthetic Process (GO:1900125),1/5,0.6996641430713165,0.9999963846351302,0,0,0.9192982456140352,0.3283318313289445,EGF
GO_Biological_Process_2023,Regulation Of Interleukin-1-Mediated Signaling Pathway (GO:2000659),1/5,0.6996641430713165,0.9999963846351302,0,0,0.9192982456140352,0.3283318313289445,IL6
GO_Biological_Process_2023,Regulation Of mRNA Binding (GO:1902415),1/5,0.6996641430713165,0.9999963846351302,0,0,0.9192982456140352,0.3283318313289445,LARP6
GO_Biological_Process_2023,Regulation Of Macrophage Apoptotic Process (GO:2000109),1/5,0.6996641430713165,0.9999963846351302,0,0,0.9192982456140352,0.3283318313289445,MEF2C
GO_Biological_Process_2023,Regulation Of Monoatomic Anion Transport (GO:0044070),1/5,0.6996641430713165,0.9999963846351302,0,0,0.9192982456140352,0.3283318313289445,PDZK1
GO_Biological_Process_2023,Regulation Of Morphogenesis Of A Branching Structure (GO:0060688),1/5,0.6996641430713165,0.9999963846351302,0,0,0.9192982456140352,0.3283318313289445,LRRK2
GO_Biological_Process_2023,Regulation Of Natural Killer Cell Mediated Immunity (GO:0002715),1/5,0.6996641430713165,0.9999963846351302,0,0,0.9192982456140352,0.3283318313289445,LEP
GO_Biological_Process_2023,Regulation Of Neutrophil Activation (GO:1902563),1/5,0.6996641430713165,0.9999963846351302,0,0,0.9192982456140352,0.3283318313289445,PLA2G2A
GO_Biological_Process_2023,Regulation Of Nitric Oxide Mediated Signal Transduction (GO:0010749),1/5,0.6996641430713165,0.9999963846351302,0,0,0.9192982456140352,0.3283318313289445,EGFR
GO_Biological_Process_2023,Regulation Of Protein Autoubiquitination (GO:1902498),1/5,0.6996641430713165,0.9999963846351302,0,0,0.9192982456140352,0.3283318313289445,SASH1
GO_Biological_Process_2023,Regulation Of Protein Targeting (GO:1903533),1/5,0.6996641430713165,0.9999963846351302,0,0,0.9192982456140352,0.3283318313289445,PRKN
GO_Biological_Process_2023,Regulation Of Resting Membrane Potential (GO:0060075),1/5,0.6996641430713165,0.9999963846351302,0,0,0.9192982456140352,0.3283318313289445,KCNJ2
GO_Biological_Process_2023,Regulation Of Retinal Ganglion Cell Axon Guidance (GO:0090259),1/5,0.6996641430713165,0.9999963846351302,0,0,0.9192982456140352,0.3283318313289445,SLIT2
GO_Biological_Process_2023,Regulation Of Ribonuclease Activity (GO:0060700),1/5,0.6996641430713165,0.9999963846351302,0,0,0.9192982456140352,0.3283318313289445,PDE3A
GO_Biological_Process_2023,Regulation Of Thymocyte Apoptotic Process (GO:0070243),1/5,0.6996641430713165,0.9999963846351302,0,0,0.9192982456140352,0.3283318313289445,BMP4
GO_Biological_Process_2023,Regulation Of Type 2 Immune Response (GO:0002828),1/5,0.6996641430713165,0.9999963846351302,0,0,0.9192982456140352,0.3283318313289445,NLRP3
GO_Biological_Process_2023,Response To Bile Acid (GO:1903412),1/5,0.6996641430713165,0.9999963846351302,0,0,0.9192982456140352,0.3283318313289445,GPBAR1
GO_Biological_Process_2023,Response To Gonadotropin (GO:0034698),1/5,0.6996641430713165,0.9999963846351302,0,0,0.9192982456140352,0.3283318313289445,TGFBR3
GO_Biological_Process_2023,Striated Muscle Hypertrophy (GO:0014897),1/5,0.6996641430713165,0.9999963846351302,0,0,0.9192982456140352,0.3283318313289445,MYOC
GO_Biological_Process_2023,Subtelomeric Heterochromatin Formation (GO:0031509),1/5,0.6996641430713165,0.9999963846351302,0,0,0.9192982456140352,0.3283318313289445,EZH1
GO_Biological_Process_2023,Succinate Transport (GO:0015744),1/5,0.6996641430713165,0.9999963846351302,0,0,0.9192982456140352,0.3283318313289445,SLC13A5
GO_Biological_Process_2023,Synaptic Vesicle Uncoating (GO:0016191),1/5,0.6996641430713165,0.9999963846351302,0,0,0.9192982456140352,0.3283318313289445,SH3GL2
GO_Biological_Process_2023,Telencephalon Cell Migration (GO:0022029),1/5,0.6996641430713165,0.9999963846351302,0,0,0.9192982456140352,0.3283318313289445,LRRK2
GO_Biological_Process_2023,Thiamine Transmembrane Transport (GO:0071934),1/5,0.6996641430713165,0.9999963846351302,0,0,0.9192982456140352,0.3283318313289445,SLC19A3
GO_Biological_Process_2023,Transmembrane Receptor Protein Tyrosine Phosphatase Signaling Pathway (GO:0007185),1/5,0.6996641430713165,0.9999963846351302,0,0,0.9192982456140352,0.3283318313289445,PTN
GO_Biological_Process_2023,Type B Pancreatic Cell Proliferation (GO:0044342),1/5,0.6996641430713165,0.9999963846351302,0,0,0.9192982456140352,0.3283318313289445,CCN3
GO_Biological_Process_2023,Uridine Transport (GO:0015862),1/5,0.6996641430713165,0.9999963846351302,0,0,0.9192982456140352,0.3283318313289445,SLC28A3
GO_Biological_Process_2023,Venous Blood Vessel Morphogenesis (GO:0048845),1/5,0.6996641430713165,0.9999963846351302,0,0,0.9192982456140352,0.3283318313289445,PROX1
GO_Biological_Process_2023,Xenobiotic Transport Across Blood-Brain Barrier (GO:1990962),1/5,0.6996641430713165,0.9999963846351302,0,0,0.9192982456140352,0.3283318313289445,ABCG2
GO_Biological_Process_2023,Negative Regulation Of Cellular Catabolic Process (GO:0031330),13/67,0.6997766900432477,0.9999963846351302,0,0,0.8849184629151788,0.3159105897659985,DAPL1;HGF;HP;KIF25;RASIP1;LEP;RRAGD;LEPR;BCL2;MET;TIMP4;GPLD1;PLIN5
GO_Biological_Process_2023,Negative Regulation Of Response To Stimulus (GO:0048585),10/52,0.6998782282775656,0.9999963846351302,0,0,0.8752483646998415,0.3123314325151452,EPHA4;MCTP1;KIF26A;HHIP;SPINK5;NR1H3;SLIT2;KLF4;CLU;ADRA2A
GO_Biological_Process_2023,Response To Organonitrogen Compound (GO:0010243),9/47,0.7007634263350434,0.9999963846351302,0,0,0.8706597757576505,0.3095934946945385,PRKN;IL6;GLRA3;CHRNA7;IRAK3;SEL1L2;DRD2;CLU;GPIHBP1
GO_Biological_Process_2023,Secondary Alcohol Metabolic Process (GO:1902652),9/47,0.7007634263350434,0.9999963846351302,0,0,0.8706597757576505,0.3095934946945385,CETP;CH25H;ABCA5;CYP11A1;SOAT2;LCAT;APOB;OSBPL1A;CES1
GO_Biological_Process_2023,Stress-Activated MAPK Cascade (GO:0051403),8/42,0.7023188734952692,0.9999963846351302,0,0,0.8649870444897734,0.3056585190663494,PTGER4;MAPK10;MAPK11;ZFP36;LRRK2;SH2D3C;MAP3K20;MAP3K5
GO_Biological_Process_2023,Positive Regulation Of Receptor Signaling Pathway Via STAT (GO:1904894),7/37,0.7047976029461899,0.9999963846351302,0,0,0.857796517529476,0.300095484194694,GHR;GH1;IL6;TSLP;LEP;KIT;PRL
GO_Biological_Process_2023,Intracellular Monoatomic Cation Homeostasis (GO:0030003),38/190,0.7065340063433619,0.9999963846351302,0,0,0.918593676262388,0.3191046946341226,CCL14;CCL13;ALAS2;SLC24A4;CHRNA7;ATP1A2;HTR2A;PTH1R;CDH5;CCL8;PLN;FTMT;MYC;STC2;ELANE;KCNJ2;PRNP;EDN1;CCL23;SCARA5;EDN3;CAV1;CYBRD1;ANK2;ATP1B2;SLC39A12;CP;F3;BMP6;TRDN;SLC8A3;CXCL12;SCNN1B;FXYD2;KCNMA1;CASQ2;RGN;ATP13A4
GO_Biological_Process_2023,Monoatomic Ion Transport (GO:0006811),21/107,0.7074981823417383,0.9999963846351302,0,0,0.8974339354521357,0.3105302865209123,SLC15A1;GABRB1;SLC24A4;SLC12A4;CHRNA2;SLC36A2;TRPC6;CHRNA7;SLC1A3;SLC4A1;ANO6;SLC1A7;SLC8A3;SLC25A18;GLRB;SLC9A9;SLC26A7;SLC17A7;SLC26A4;SLC26A3;TRPM3
GO_Biological_Process_2023,Cellular Nitrogen Compound Biosynthetic Process (GO:0044271),6/32,0.7085920659443776,0.9999963846351302,0,0,0.8483876778958747,0.2922485857914225,ACER2;PM20D1;MTARC2;CPS1;MTARC1;NOS1
GO_Biological_Process_2023,Gluconeogenesis (GO:0006094),6/32,0.7085920659443776,0.9999963846351302,0,0,0.8483876778958747,0.2922485857914225,PFKFB1;G6PC2;KRT17;PCK1;PPARGC1A;PGM1
GO_Biological_Process_2023,Left/Right Pattern Formation (GO:0060972),6/32,0.7085920659443776,0.9999963846351302,0,0,0.8483876778958747,0.2922485857914225,CITED2;MMP23A;PKD1L1;NPHP3;PKD2;DLL1
GO_Biological_Process_2023,Microtubule Polymerization Or Depolymerization (GO:0031109),5/27,0.7143471174174919,0.9999963846351302,0,0,0.8355505417083502,0.2810677350777777,TPPP3;TPPP2;MAP7D3;STMN2;TPPP
GO_Biological_Process_2023,Negative Regulation Of Cellular Response To Insulin Stimulus (GO:1900077),5/27,0.7143471174174919,0.9999963846351302,0,0,0.8355505417083502,0.2810677350777777,KANK1;PID1;IRS1;INPP5K;TNS2
GO_Biological_Process_2023,Positive Regulation Of Cytosolic Calcium Ion Concentration Involved In Phospholipase C-activating G Protein-Coupled Signaling Pathway (GO:0051482),5/27,0.7143471174174919,0.9999963846351302,0,0,0.8355505417083502,0.2810677350777777,GPR17;LPAR6;GPR55;DRD1;DRD2
GO_Biological_Process_2023,Positive Regulation Of Mitotic Cell Cycle (GO:0045931),5/27,0.7143471174174919,0.9999963846351302,0,0,0.8355505417083502,0.2810677350777777,SMOC2;TAL1;USP2;PRKCA;MEIS2
GO_Biological_Process_2023,Regulation Of Actin Polymerization Or Depolymerization (GO:0008064),5/27,0.7143471174174919,0.9999963846351302,0,0,0.8355505417083502,0.2810677350777777,CXCL12;ARHGAP40;DAAM2;ESAM;PAK3
GO_Biological_Process_2023,Regulation Of Mitochondrial Fission (GO:0090140),5/27,0.7143471174174919,0.9999963846351302,0,0,0.8355505417083502,0.2810677350777777,PRKN;LRRK2;KDR;PPARG;DCN
GO_Biological_Process_2023,Regulation Of Transcription Regulatory Region DNA Binding (GO:2000677),5/27,0.7143471174174919,0.9999963846351302,0,0,0.8355505417083502,0.2810677350777777,HEY1;HAND2;HEY2;TWIST1;IGF1
GO_Biological_Process_2023,Actin Crosslink Formation (GO:0051764),2/11,0.7169473799875622,0.9999963846351302,0,0,0.8170852181146987,0.2718874188539487,EPS8;GAS2L2
GO_Biological_Process_2023,Calcineurin-Mediated Signaling (GO:0097720),2/11,0.7169473799875622,0.9999963846351302,0,0,0.8170852181146987,0.2718874188539487,NFATC2;LACRT
GO_Biological_Process_2023,Cell Part Morphogenesis (GO:0032990),2/11,0.7169473799875622,0.9999963846351302,0,0,0.8170852181146987,0.2718874188539487,MYH7B;PID1
GO_Biological_Process_2023,Cochlea Morphogenesis (GO:0090103),2/11,0.7169473799875622,0.9999963846351302,0,0,0.8170852181146987,0.2718874188539487,MYO3A;TBX18
GO_Biological_Process_2023,Complement Receptor Mediated Signaling Pathway (GO:0002430),2/11,0.7169473799875622,0.9999963846351302,0,0,0.8170852181146987,0.2718874188539487,CR1;GPLD1
GO_Biological_Process_2023,Digestive System Development (GO:0055123),2/11,0.7169473799875622,0.9999963846351302,0,0,0.8170852181146987,0.2718874188539487,CLMP;KIT
GO_Biological_Process_2023,Epithelial Cell-Cell Adhesion (GO:0090136),2/11,0.7169473799875622,0.9999963846351302,0,0,0.8170852181146987,0.2718874188539487,KIT;CCN3
GO_Biological_Process_2023,Erythrocyte Development (GO:0048821),2/11,0.7169473799875622,0.9999963846351302,0,0,0.8170852181146987,0.2718874188539487,ALAS2;DMTN
GO_Biological_Process_2023,Macrophage Activation Involved In Immune Response (GO:0002281),2/11,0.7169473799875622,0.9999963846351302,0,0,0.8170852181146987,0.2718874188539487,MYO1C;PLCG2
GO_Biological_Process_2023,Mitochondrion Distribution (GO:0048311),2/11,0.7169473799875622,0.9999963846351302,0,0,0.8170852181146987,0.2718874188539487,ATCAY;LRRK2
GO_Biological_Process_2023,Negative Regulation Of Amyloid Fibril Formation (GO:1905907),2/11,0.7169473799875622,0.9999963846351302,0,0,0.8170852181146987,0.2718874188539487,CLU;CRYAB
GO_Biological_Process_2023,Negative Regulation Of Bone Remodeling (GO:0046851),2/11,0.7169473799875622,0.9999963846351302,0,0,0.8170852181146987,0.2718874188539487,IL6;SFRP1
GO_Biological_Process_2023,Negative Regulation Of Cell Division (GO:0051782),2/11,0.7169473799875622,0.9999963846351302,0,0,0.8170852181146987,0.2718874188539487,MYC;TXNIP
GO_Biological_Process_2023,Negative Regulation Of Cyclase Activity (GO:0031280),2/11,0.7169473799875622,0.9999963846351302,0,0,0.8170852181146987,0.2718874188539487,EDNRB;PALM
GO_Biological_Process_2023,Negative Regulation Of Myotube Differentiation (GO:0010832),2/11,0.7169473799875622,0.9999963846351302,0,0,0.8170852181146987,0.2718874188539487,BHLHE41;CCN3
GO_Biological_Process_2023,Negative Regulation Of Nitrogen Compound Metabolic Process (GO:0051172),2/11,0.7169473799875622,0.9999963846351302,0,0,0.8170852181146987,0.2718874188539487,EDN1;EDNRB
GO_Biological_Process_2023,Neurotransmitter Biosynthetic Process (GO:0042136),2/11,0.7169473799875622,0.9999963846351302,0,0,0.8170852181146987,0.2718874188539487,SLC5A7;NOS1
GO_Biological_Process_2023,Neutrophil Activation Involved In Immune Response (GO:0002283),2/11,0.7169473799875622,0.9999963846351302,0,0,0.8170852181146987,0.2718874188539487,DNASE1L3;VAMP2
GO_Biological_Process_2023,Phagosome-Lysosome Fusion (GO:0090385),2/11,0.7169473799875622,0.9999963846351302,0,0,0.8170852181146987,0.2718874188539487,PLA2G5;RAB7B
GO_Biological_Process_2023,Podocyte Differentiation (GO:0072112),2/11,0.7169473799875622,0.9999963846351302,0,0,0.8170852181146987,0.2718874188539487,PROM1;KLF15
GO_Biological_Process_2023,Positive Regulation Of Branching Involved In Ureteric Bud Morphogenesis (GO:0090190),2/11,0.7169473799875622,0.9999963846351302,0,0,0.8170852181146987,0.2718874188539487,NOG;SOX8
GO_Biological_Process_2023,Positive Regulation Of Coagulation (GO:0050820),2/11,0.7169473799875622,0.9999963846351302,0,0,0.8170852181146987,0.2718874188539487,DMTN;EMILIN2
GO_Biological_Process_2023,Positive Regulation Of Hemostasis (GO:1900048),2/11,0.7169473799875622,0.9999963846351302,0,0,0.8170852181146987,0.2718874188539487,DMTN;EMILIN2
GO_Biological_Process_2023,Positive Regulation Of Muscle Contraction (GO:0045933),2/11,0.7169473799875622,0.9999963846351302,0,0,0.8170852181146987,0.2718874188539487,MYOCD;PROK2
GO_Biological_Process_2023,Positive Regulation Of Protein Maturation (GO:1903319),2/11,0.7169473799875622,0.9999963846351302,0,0,0.8170852181146987,0.2718874188539487,CCBE1;ANGPTL8
GO_Biological_Process_2023,Purine Ribonucleoside Monophosphate Metabolic Process (GO:0009167),2/11,0.7169473799875622,0.9999963846351302,0,0,0.8170852181146987,0.2718874188539487,AMPD1;AK4
GO_Biological_Process_2023,Regulation Of T Cell Apoptotic Process (GO:0070232),2/11,0.7169473799875622,0.9999963846351302,0,0,0.8170852181146987,0.2718874188539487,LGALS3;PIP
GO_Biological_Process_2023,Regulation Of T-helper 17 Cell Differentiation (GO:2000319),2/11,0.7169473799875622,0.9999963846351302,0,0,0.8170852181146987,0.2718874188539487,NFKBIZ;JUNB
GO_Biological_Process_2023,Regulation Of Actin Filament Depolymerization (GO:0030834),2/11,0.7169473799875622,0.9999963846351302,0,0,0.8170852181146987,0.2718874188539487,SEMA5A;PLEKHH2
GO_Biological_Process_2023,Regulation Of Adipose Tissue Development (GO:1904177),2/11,0.7169473799875622,0.9999963846351302,0,0,0.8170852181146987,0.2718874188539487,PLAAT3;PPARG
GO_Biological_Process_2023,Regulation Of Amyloid Precursor Protein Catabolic Process (GO:1902991),2/11,0.7169473799875622,0.9999963846351302,0,0,0.8170852181146987,0.2718874188539487,PRNP;CHRNA7
GO_Biological_Process_2023,Regulation Of Cell Activation (GO:0050865),2/11,0.7169473799875622,0.9999963846351302,0,0,0.8170852181146987,0.2718874188539487,IL6;NRG1
GO_Biological_Process_2023,Regulation Of Glycogen Metabolic Process (GO:0070873),2/11,0.7169473799875622,0.9999963846351302,0,0,0.8170852181146987,0.2718874188539487,PPP1R3G;INPP5K
GO_Biological_Process_2023,Regulation Of Microtubule-Based Movement (GO:0060632),2/11,0.7169473799875622,0.9999963846351302,0,0,0.8170852181146987,0.2718874188539487,CLXN;MAP2
GO_Biological_Process_2023,Regulation Of Mitochondrial Fusion (GO:0010635),2/11,0.7169473799875622,0.9999963846351302,0,0,0.8170852181146987,0.2718874188539487,PRKN;PID1
GO_Biological_Process_2023,Regulation Of Type II Interferon-Mediated Signaling Pathway (GO:0060334),2/11,0.7169473799875622,0.9999963846351302,0,0,0.8170852181146987,0.2718874188539487,NR1H3;PPARG
GO_Biological_Process_2023,Regulation Of Ventricular Cardiac Muscle Cell Action Potential (GO:0098911),2/11,0.7169473799875622,0.9999963846351302,0,0,0.8170852181146987,0.2718874188539487,CAV1;CTNNA3
GO_Biological_Process_2023,Response To Nitric Oxide (GO:0071731),2/11,0.7169473799875622,0.9999963846351302,0,0,0.8170852181146987,0.2718874188539487,KCNC2;FOXO1
GO_Biological_Process_2023,Skeletal Muscle Fiber Development (GO:0048741),2/11,0.7169473799875622,0.9999963846351302,0,0,0.8170852181146987,0.2718874188539487,RYR1;CAV2
GO_Biological_Process_2023,Sphingoid Metabolic Process (GO:0046519),2/11,0.7169473799875622,0.9999963846351302,0,0,0.8170852181146987,0.2718874188539487,PLPP3;PLPP1
GO_Biological_Process_2023,Sulfate Transport (GO:0008272),2/11,0.7169473799875622,0.9999963846351302,0,0,0.8170852181146987,0.2718874188539487,SLC26A7;SLC26A4
GO_Biological_Process_2023,Visual Learning (GO:0008542),2/11,0.7169473799875622,0.9999963846351302,0,0,0.8170852181146987,0.2718874188539487,DRD1;DRD2
GO_Biological_Process_2023,Protein Polymerization (GO:0051258),12/63,0.7213078056136034,0.9999963846351302,0,0,0.8648603906853548,0.2825406511463569,PRKN;TPPP3;GSN;TPPP2;MAP7D3;FAM107A;CASQ2;ANG;KRT5;TPPP;ARHGAP6;WASF3
GO_Biological_Process_2023,Positive Regulation Of Plasma Membrane Bounded Cell Projection Assembly (GO:0120034),17/88,0.7213222074167944,0.9999963846351302,0,0,0.8799956347618465,0.2874676036838376,P2RY12;TENM1;GPM6A;TENM2;NLGN1;MSTN;CCL21;PIK3R1;EPS8;DOCK11;CDC42EP5;PALM;CDC42EP3;MYO3A;CDC42EP2;WNT1;RHOQ
GO_Biological_Process_2023,Positive Regulation Of Protein-Containing Complex Assembly (GO:0031334),19/98,0.7225359369869864,0.9999963846351302,0,0,0.8838904202460282,0.2872538863667261,DAB2IP;NRG1;CLU;RASIP1;CDH5;LGALS3;FERMT1;TPPP3;TPPP2;TAL1;PLCG2;CDC42EP2;PRKD1;TPPP;CD36;TLR4;TRABD2B;FERMT2;SNCA
GO_Biological_Process_2023,NAD Metabolic Process (GO:0019674),4/22,0.7232072789442449,0.9999963846351302,0,0,0.8169995838535165,0.2647563990639313,KRT17;HAAO;ME1;NMNAT2
GO_Biological_Process_2023,Glucose Transmembrane Transport (GO:1904659),4/22,0.7232072789442449,0.9999963846351302,0,0,0.8169995838535165,0.2647563990639313,SLC2A12;PPBP;SLC2A4;SLC5A1
GO_Biological_Process_2023,Homologous Chromosome Segregation (GO:0045143),4/22,0.7232072789442449,0.9999963846351302,0,0,0.8169995838535165,0.2647563990639313,IHO1;SYCP1;MEI4;FMN2
GO_Biological_Process_2023,Negative Regulation Of Cell Communication (GO:0010648),4/22,0.7232072789442449,0.9999963846351302,0,0,0.8169995838535165,0.2647563990639313,KIF26A;HHIP;ADIPOQ;LIF
GO_Biological_Process_2023,Negative Regulation Of Cell Development (GO:0010721),4/22,0.7232072789442449,0.9999963846351302,0,0,0.8169995838535165,0.2647563990639313,IL6;CAV3;IGF1;PTHLH
GO_Biological_Process_2023,Negative Regulation Of Extrinsic Apoptotic Signaling Pathway In Absence Of Ligand (GO:2001240),4/22,0.7232072789442449,0.9999963846351302,0,0,0.8169995838535165,0.2647563990639313,EYA1;EYA4;BCL2;PF4
GO_Biological_Process_2023,Negative Regulation Of Signal Transduction In Absence Of Ligand (GO:1901099),4/22,0.7232072789442449,0.9999963846351302,0,0,0.8169995838535165,0.2647563990639313,EYA1;EYA4;BCL2;PF4
GO_Biological_Process_2023,peptidyl-L-cysteine S-palmitoylation (GO:0018230),4/22,0.7232072789442449,0.9999963846351302,0,0,0.8169995838535165,0.2647563990639313,GOLGA7B;ZDHHC19;ZDHHC2;ZDHHC15
GO_Biological_Process_2023,peptidyl-S-diacylglycerol-L-cysteine Biosynthetic Process From Peptidyl-Cysteine (GO:0018231),4/22,0.7232072789442449,0.9999963846351302,0,0,0.8169995838535165,0.2647563990639313,GOLGA7B;ZDHHC19;ZDHHC2;ZDHHC15
GO_Biological_Process_2023,Regulation Of Histone Acetylation (GO:0035065),4/22,0.7232072789442449,0.9999963846351302,0,0,0.8169995838535165,0.2647563990639313,MYOCD;TWIST1;NOS1;PPARGC1A
GO_Biological_Process_2023,Regulation Of Protein Export From Nucleus (GO:0046825),4/22,0.7232072789442449,0.9999963846351302,0,0,0.8169995838535165,0.2647563990639313,CAMK1;GAS6;PTPN14;RAPGEF3
GO_Biological_Process_2023,Regulation Of Receptor Signaling Pathway Via JAK-STAT (GO:0046425),10/53,0.7235454472201612,0.9999963846351302,0,0,0.8548392372354692,0.2766190692979994,GHR;SOCS3;GH1;IL6;EGF;CAV1;LEP;KIT;PRL;MST1L
GO_Biological_Process_2023,Positive Regulation Of Reactive Oxygen Species Metabolic Process (GO:2000379),9/48,0.7255256948116316,0.9999963846351302,0,0,0.8482810838095581,0.2721784426322432,PID1;GSTP1;AKR1C1;PLCG2;AKR1C3;AGTR1;CD36;TLR4;TGFBR2
GO_Biological_Process_2023,Organonitrogen Compound Biosynthetic Process (GO:1901566),24/123,0.7270226319458212,0.9999963846351302,0,0,0.8908463753242681,0.2839997499694313,SLC27A1;HACD1;ALAS2;PCYT1B;GSTM1;GSTP1;SPNS2;ELOVL3;PLA2G4A;LCAT;FMO3;PCSK5;ASS1;ACER2;SLC5A7;CPS1;GSTA1;LPCAT2;DMD;PRKD1;PLPP3;CDO1;PLPP1;OTC
GO_Biological_Process_2023,Intracellular Steroid Hormone Receptor Signaling Pathway (GO:0030518),8/43,0.7283242314693215,0.9999963846351302,0,0,0.8402195742401928,0.2663571309120419,YAP1;CALCOCO1;RHOXF1;GPER1;SCGB2A2;PGR;ESR2;PLPP1
GO_Biological_Process_2023,Positive Regulation Of Intracellular Signal Transduction (GO:1902533),107/525,0.7302777291186124,0.9999963846351302,0,0,0.9398040446632182,0.2954089496518395,SEMA5A;CSF3;GPR62;FGF1;FGF2;NR3C2;KDR;WLS;PDGFRA;HGF;ADIPOQ;ARRDC3;FRMD1;EDAR;DOK5;RRAGD;ROR1;S100A4;PRKD1;CHRNA7;PDGFA;ADRB2;NTS;ART4;CALCR;PDGFD;PLCG2;S100A12;NLRP3;IGFBP6;RBPMS;CAV2;CAV1;IGF2;LIF;IGF1;BMP6;BMP4;SELP;GH1;BMP2;IL6;CNTN1;LACRT;FERMT2;NODAL;FGF10;FGFR1;PLEKHF1;FLT4;ADRA1D;ADRA1B;CX3CL1;EDA2R;C1QTNF4;GPER1;TRIM68;FFAR4;BOK;MYOC;VWF;ADRA2B;ADRA2A;DCN;GPRC5B;ADRB3;GFRAL;KIT;CDH13;PPARG;GAS6;TLR4;TLR3;HBEGF;AVPI1;DDR2;LTF;CX3CR1;PRKN;NLGN1;RAMP3;PELI2;SEMA3E;EGFR;RELN;WNT11;LURAP1;SASH1;P2RY12;NTRK2;CCL21;F10;ANGPT1;EGF;NTRK3;DAB2IP;SCTR;AKR1C3;AKR1C2;SEPTIN4;S100B;POMC;MYO1C;TCIM;LEP;SPRY2;TEK
GO_Biological_Process_2023,Import Into Cell (GO:0098657),7/38,0.7322290763241078,0.9999963846351302,0,0,0.8300727676648607,0.2587020294959284,SLC27A1;SLC47A1;PLPPR4;SLC6A14;LRRC8C;SLC1A3;SLC1A7
GO_Biological_Process_2023,Signal Release From Synapse (GO:0099643),7/38,0.7322290763241078,0.9999963846351302,0,0,0.8300727676648607,0.2587020294959284,PTPRN2;NRXN1;STXBP1;LIN7A;SYN2;VAMP2;SNCA
GO_Biological_Process_2023,NAD Biosynthetic Process (GO:0009435),3/17,0.7374369087218525,0.9999963846351302,0,0,0.7878372505098459,0.2399553272516387,NNMT;PTGIS;NMNAT2
GO_Biological_Process_2023,Androgen Receptor Signaling Pathway (GO:0030521),3/17,0.7374369087218525,0.9999963846351302,0,0,0.7878372505098459,0.2399553272516387,RHOXF1;SCGB2A2;PLPP1
GO_Biological_Process_2023,Base Conversion Or Substitution Editing (GO:0016553),3/17,0.7374369087218525,0.9999963846351302,0,0,0.7878372505098459,0.2399553272516387,APOBEC2;ADARB2;ADAD2
GO_Biological_Process_2023,Filopodium Assembly (GO:0046847),3/17,0.7374369087218525,0.9999963846351302,0,0,0.7878372505098459,0.2399553272516387,MRAP;FGD5;SPAG6
GO_Biological_Process_2023,Keratan Sulfate Metabolic Process (GO:0042339),3/17,0.7374369087218525,0.9999963846351302,0,0,0.7878372505098459,0.2399553272516387,B3GNT3;CHST2;ST3GAL3
GO_Biological_Process_2023,Megakaryocyte Differentiation (GO:0030219),3/17,0.7374369087218525,0.9999963846351302,0,0,0.7878372505098459,0.2399553272516387,MAF;TAL1;KIT
GO_Biological_Process_2023,Nicotinamide Nucleotide Metabolic Process (GO:0046496),3/17,0.7374369087218525,0.9999963846351302,0,0,0.7878372505098459,0.2399553272516387,KRT17;ME1;FMO2
GO_Biological_Process_2023,Positive Regulation By Host Of Viral Process (GO:0044794),3/17,0.7374369087218525,0.9999963846351302,0,0,0.7878372505098459,0.2399553272516387,KRT17;CAV2;ZNF502
GO_Biological_Process_2023,Positive Regulation Of Cell Adhesion Mediated By Integrin (GO:0033630),3/17,0.7374369087218525,0.9999963846351302,0,0,0.7878372505098459,0.2399553272516387,P2RY12;CCL21;LIF
GO_Biological_Process_2023,Positive Regulation Of Dendrite Extension (GO:1903861),3/17,0.7374369087218525,0.9999963846351302,0,0,0.7878372505098459,0.2399553272516387,RNF157;SYT4;SYT2
GO_Biological_Process_2023,Positive Regulation Of Dendrite Morphogenesis (GO:0050775),3/17,0.7374369087218525,0.9999963846351302,0,0,0.7878372505098459,0.2399553272516387,CUX2;RELN;IL1RAPL1
GO_Biological_Process_2023,Positive Regulation Of Nitric-Oxide Synthase Activity (GO:0051000),3/17,0.7374369087218525,0.9999963846351302,0,0,0.7878372505098459,0.2399553272516387,FCER2;S100A1;NPR3
GO_Biological_Process_2023,Positive Regulation Of Regulatory T Cell Differentiation (GO:0045591),3/17,0.7374369087218525,0.9999963846351302,0,0,0.7878372505098459,0.2399553272516387,CR1;BCL6;VSIR
GO_Biological_Process_2023,Regulation Of Adenylate Cyclase Activity (GO:0045761),3/17,0.7374369087218525,0.9999963846351302,0,0,0.7878372505098459,0.2399553272516387,EDNRB;PALM;CRHR1
GO_Biological_Process_2023,Regulation Of Aerobic Respiration (GO:1903715),3/17,0.7374369087218525,0.9999963846351302,0,0,0.7878372505098459,0.2399553272516387,AK4;COX7A1;NOP53
GO_Biological_Process_2023,Regulation Of Brown Fat Cell Differentiation (GO:0090335),3/17,0.7374369087218525,0.9999963846351302,0,0,0.7878372505098459,0.2399553272516387,FNDC5;LEP;PTGS2
GO_Biological_Process_2023,Regulation Of Establishment Of Cell Polarity (GO:2000114),3/17,0.7374369087218525,0.9999963846351302,0,0,0.7878372505098459,0.2399553272516387,KANK1;CDH5;GSN
GO_Biological_Process_2023,Regulation Of Oxidative Phosphorylation (GO:0002082),3/17,0.7374369087218525,0.9999963846351302,0,0,0.7878372505098459,0.2399553272516387,MLXIPL;AK4;COX7A1
GO_Biological_Process_2023,Regulation Of Receptor Recycling (GO:0001919),3/17,0.7374369087218525,0.9999963846351302,0,0,0.7878372505098459,0.2399553272516387,RAMP3;OPTN;SNCA
GO_Biological_Process_2023,Sensory Perception Of Taste (GO:0050909),3/17,0.7374369087218525,0.9999963846351302,0,0,0.7878372505098459,0.2399553272516387,SCNN1B;CD36;TAS1R1
GO_Biological_Process_2023,Sulfur Amino Acid Metabolic Process (GO:0000096),3/17,0.7374369087218525,0.9999963846351302,0,0,0.7878372505098459,0.2399553272516387,MSRA;CPS1;CDO1
GO_Biological_Process_2023,Inositol Lipid-Mediated Signaling (GO:0048017),6/33,0.7376786250413977,0.9999963846351302,0,0,0.8169138693728858,0.2485436076156615,PDGFRA;PLCG2;IGF1;PLCH2;PIRT;FGFR1
GO_Biological_Process_2023,Positive Regulation Of Reproductive Process (GO:2000243),6/33,0.7376786250413977,0.9999963846351302,0,0,0.8169138693728858,0.2485436076156615,SYDE1;CFAP69;PDE3A;INHBB;TACR1;VIP
GO_Biological_Process_2023,Positive Regulation Of Endocytosis (GO:0045807),15/79,0.7394957609447744,0.9999963846351302,0,0,0.8613735038723305,0.2599510923307037,TUB;NLGN1;LRP1;CCL21;PLA2G5;MERTK;CLU;F3;DLL1;SIRPB1;C3;GPC3;SIRPA;GAS6;SNCA
GO_Biological_Process_2023,Positive Regulation Of Inflammatory Response (GO:0050729),20/104,0.7397366984814387,0.9999963846351302,0,0,0.8749552452559971,0.2637648560343584,PTGER4;CEBPA;IL33;TSLP;PDE2A;PLA2G2A;C2CD4B;CX3CL1;IL6;GPRC5B;MYO1C;NFKBIZ;AGTR1;PLCG2;NLRP3;S100A12;NLRP1;TLR4;TLR3;SNCA
GO_Biological_Process_2023,Response To Molecule Of Bacterial Origin (GO:0002237),13/69,0.7408849700285105,0.9999963846351302,0,0,0.853205321537482,0.2558847242532501,CITED1;FZD5;IRAK3;CXCL2;SELE;SELP;RPS6KA3;IL6;SLPI;CPS1;NOS1;TLR4;SNCA
GO_Biological_Process_2023,Cellular Response To Lipopolysaccharide (GO:0071222),24/124,0.7420291686293145,0.9999963846351302,0,0,0.8818814675446849,0.2631240859852238,CX3CR1;CXCL6;MEF2C;GSTP1;DAB2IP;NR1H3;CXCL1;PPBP;CXCL3;TNFRSF1B;CXCL2;CXCL5;ZFP36;IL6;PLCG2;SIRPA;NLRP3;CCL2;CTSG;BPI;VIM;TLR4;PF4V1;PF4
GO_Biological_Process_2023,Glucose Metabolic Process (GO:0006006),11/59,0.7437428072698282,0.9999963846351302,0,0,0.8423016803438843,0.2493718296427399,TKTL1;PFKFB1;G6PC2;KRT17;LRP5;IRS2;APOD;PCK1;PPARGC1A;PGM1;GCK
GO_Biological_Process_2023,RNA Phosphodiester Bond Hydrolysis (GO:0090501),5/28,0.745376937833715,0.9999963846351302,0,0,0.7991713578939867,0.2348486762809301,NYNRIN;ZC3H12C;ZC3H12B;ELAC1;RNASE1
GO_Biological_Process_2023,Determination Of Bilateral Symmetry (GO:0009855),5/28,0.745376937833715,0.9999963846351302,0,0,0.7991713578939867,0.2348486762809301,CITED2;MMP23A;NPHP3;PKD2;DLL1
GO_Biological_Process_2023,Negative Regulation Of Signaling (GO:0023057),5/28,0.745376937833715,0.9999963846351302,0,0,0.7991713578939867,0.2348486762809301,KIF26A;HHIP;ADIPOQ;LIF;OPTN
GO_Biological_Process_2023,Negative Regulation Of Type II Interferon Production (GO:0032689),5/28,0.745376937833715,0.9999963846351302,0,0,0.7991713578939867,0.2348486762809301,PRNP;CR1;GAS6;TLR4;VSIR
GO_Biological_Process_2023,Phospholipid Catabolic Process (GO:0009395),5/28,0.745376937833715,0.9999963846351302,0,0,0.7991713578939867,0.2348486762809301,PLA2G4B;ENPP2;PLA2G4A;PLD1;ENPP6
GO_Biological_Process_2023,Protein Localization To Golgi Apparatus (GO:0034067),5/28,0.745376937833715,0.9999963846351302,0,0,0.7991713578939867,0.2348486762809301,ARL5C;RAB6B;LACRT;OPTN;ZDHHC15
GO_Biological_Process_2023,Regulation Of Bone Resorption (GO:0045124),5/28,0.745376937833715,0.9999963846351302,0,0,0.7991713578939867,0.2348486762809301,SIGLEC15;IL6;ITGB3;S1PR1;PRKCA
GO_Biological_Process_2023,Response To Lipopolysaccharide (GO:0032496),31/159,0.7480936409528279,0.9999963846351302,0,0,0.8897894581861013,0.2582410322147151,CX3CR1;CXCL6;CITED1;GSTP1;CXCL1;CXCL3;CXCL2;CXCL5;RPS6KA3;ZFP36;SIRPA;NLRP3;CCL2;CTSG;NOS1;PF4V1;SNCA;MEF2C;DAB2IP;NR1H3;IRAK3;PPBP;TNFRSF1B;SELE;SELP;IL6;SLPI;CPS1;VIM;TLR4;PF4
GO_Biological_Process_2023,Regulation Of Cell Communication (GO:0010646),9/49,0.7488855257681439,0.9999963846351302,0,0,0.8270213264588704,0.2391490484101264,SOCS2;ANXA1;GRK5;CASQ2;ITGB8;MGLL;TBX18;TRDN;HCN1
GO_Biological_Process_2023,Response To Unfolded Protein (GO:0006986),8/44,0.7527432794620756,0.9999963846351302,0,0,0.8168280745600334,0.2320045272256097,PRKN;PACRG;HSPB8;DNAJB4;HSPB7;HSPB2;DAB2IP;OPTN
GO_Biological_Process_2023,Synaptic Vesicle Recycling (GO:0036465),8/44,0.7527432794620756,0.9999963846351302,0,0,0.8168280745600334,0.2320045272256097,NLGN4Y;NLGN1;NLGN4X;SYT2;SNCG;SYT8;VAMP2;SNCA
GO_Biological_Process_2023,Adaptive Immune Response Based On Somatic Recombination Of Immune Receptors Built From Immunoglobulin Superfamily Domains (GO:0002460),4/23,0.7565376198129655,0.9999963846351302,0,0,0.7739503252513306,0.2159344766991712,CR2;CR1;C4BPA;TLR4
GO_Biological_Process_2023,Cholesterol Efflux (GO:0033344),4/23,0.7565376198129655,0.9999963846351302,0,0,0.7739503252513306,0.2159344766991712,ABCG8;ABCA5;SOAT2;ABCA8
GO_Biological_Process_2023,Endocrine System Development (GO:0035270),4/23,0.7565376198129655,0.9999963846351302,0,0,0.7739503252513306,0.2159344766991712,WNT11;FOXE1;NR0B1;HOXD3
GO_Biological_Process_2023,Regulation Of Cellular Response To Transforming Growth Factor Beta Stimulus (GO:1903844),4/23,0.7565376198129655,0.9999963846351302,0,0,0.7739503252513306,0.2159344766991712,LTBP4;PPARG;FOLR1;DKK3
GO_Biological_Process_2023,Regulation Of Toll-Like Receptor 4 Signaling Pathway (GO:0034143),4/23,0.7565376198129655,0.9999963846351302,0,0,0.7739503252513306,0.2159344766991712,DAB2IP;NR1H3;RAB7B;LTF
GO_Biological_Process_2023,Defense Response To Gram-positive Bacterium (GO:0050830),16/85,0.7566936682904164,0.9999963846351302,0,0,0.8521466966047493,0.23757574900494,CHGA;FCN2;RARRES2;PLA2G2A;STAB2;DEFB1;RNASE13;RNASE1;HLA-E;LCE3A;IL6;DMBT1;RNASE7;CTSG;ANG;KRT6A
GO_Biological_Process_2023,Response To Type II Interferon (GO:0034341),15/80,0.7574913435761,0.9999963846351302,0,0,0.8480674453450797,0.2355449400386095,CCL14;CCL13;CCL24;CCL23;CITED1;CCL21;AQP4;CX3CL1;CCL8;SIRPA;CCL2;CCL18;TLR4;CCL16;SNCA
GO_Biological_Process_2023,Positive Regulation Of ATP-dependent Activity (GO:0032781),7/39,0.7578376034745761,0.9999963846351302,0,0,0.8040817521667838,0.2229607411676218,FXYD2;MYL3;TNNT3;RGN;ATP1B2;ALDOB;FGF10
GO_Biological_Process_2023,Regulation Of Cellular Biosynthetic Process (GO:0031326),13/70,0.7599899363362111,0.9999963846351302,0,0,0.8381833072006782,0.2300394819622942,CX3CR1;DDX25;JADE1;PDGFA;MITF;TNFRSF1B;CYP7A1;C3;STC2;PDK4;FFAR3;SIRPA;CES1
GO_Biological_Process_2023,Sensory Organ Development (GO:0007423),13/70,0.7599899363362111,0.9999963846351302,0,0,0.8381833072006782,0.2300394819622942,FOXC1;MYO7B;BHLHE22;CHRDL1;MEIS2;NTF4;MEIS1;ADAMTS18;MAB21L1;SMOC1;CPAMD8;MEIS3P1;NEUROG2
GO_Biological_Process_2023,Positive Regulation Of Cell Cycle (GO:0045787),12/65,0.7618179932396293,0.9999963846351302,0,0,0.8321179510779143,0.2263756963688047,TGM1;SMOC2;CCND2;RGCC;CITED2;TAL1;USP2;PRKCA;PROX1;PKD2;MEIS2;EGFR
GO_Biological_Process_2023,G Protein-Coupled Glutamate Receptor Signaling Pathway (GO:0007216),2/12,0.7623233970988892,0.9999963846351302,0,0,0.7353299017313991,0.1995570698370223,TRPM1;GRM7
GO_Biological_Process_2023,MyD88-dependent Toll-Like Receptor Signaling Pathway (GO:0002755),2/12,0.7623233970988892,0.9999963846351302,0,0,0.7353299017313991,0.1995570698370223,IRAK3;TLR4
GO_Biological_Process_2023,acetyl-CoA Biosynthetic Process (GO:0006085),2/12,0.7623233970988892,0.9999963846351302,0,0,0.7353299017313991,0.1995570698370223,ACSS2;MLYCD
GO_Biological_Process_2023,Actin-Myosin Filament Sliding (GO:0033275),2/12,0.7623233970988892,0.9999963846351302,0,0,0.7353299017313991,0.1995570698370223,MYH2;MYH3
GO_Biological_Process_2023,Axonal Transport Of Mitochondrion (GO:0019896),2/12,0.7623233970988892,0.9999963846351302,0,0,0.7353299017313991,0.1995570698370223,MGARP;SYBU
GO_Biological_Process_2023,Cardiac Right Ventricle Morphogenesis (GO:0003215),2/12,0.7623233970988892,0.9999963846351302,0,0,0.7353299017313991,0.1995570698370223,HEY2;ZFPM2
GO_Biological_Process_2023,Cardiolipin Metabolic Process (GO:0032048),2/12,0.7623233970988892,0.9999963846351302,0,0,0.7353299017313991,0.1995570698370223,SLC27A1;PLA2G5
GO_Biological_Process_2023,Cell Projection Assembly (GO:0030031),2/12,0.7623233970988892,0.9999963846351302,0,0,0.7353299017313991,0.1995570698370223,GSN;PDGFA
GO_Biological_Process_2023,Cell-Cell Junction Maintenance (GO:0045217),2/12,0.7623233970988892,0.9999963846351302,0,0,0.7353299017313991,0.1995570698370223,KIRREL1;FERMT2
GO_Biological_Process_2023,Cellular Component Maintenance (GO:0043954),2/12,0.7623233970988892,0.9999963846351302,0,0,0.7353299017313991,0.1995570698370223,PRNP;FYN
GO_Biological_Process_2023,Cellular Response To Leucine Starvation (GO:1990253),2/12,0.7623233970988892,0.9999963846351302,0,0,0.7353299017313991,0.1995570698370223,SESN3;RRAGD
GO_Biological_Process_2023,Endochondral Bone Morphogenesis (GO:0060350),2/12,0.7623233970988892,0.9999963846351302,0,0,0.7353299017313991,0.1995570698370223,FOXC1;MEF2C
GO_Biological_Process_2023,Epithelial Cell Morphogenesis (GO:0003382),2/12,0.7623233970988892,0.9999963846351302,0,0,0.7353299017313991,0.1995570698370223,DACT2;MET
GO_Biological_Process_2023,Fatty Acid Elongation (GO:0030497),2/12,0.7623233970988892,0.9999963846351302,0,0,0.7353299017313991,0.1995570698370223,HACD1;ELOVL3
GO_Biological_Process_2023,Folic Acid Metabolic Process (GO:0046655),2/12,0.7623233970988892,0.9999963846351302,0,0,0.7353299017313991,0.1995570698370223,PM20D2;SHMT1
GO_Biological_Process_2023,Gamma-Delta T Cell Activation (GO:0046629),2/12,0.7623233970988892,0.9999963846351302,0,0,0.7353299017313991,0.1995570698370223,TCF7;TRDC
GO_Biological_Process_2023,Negative Regulation By Host Of Viral Transcription (GO:0043922),2/12,0.7623233970988892,0.9999963846351302,0,0,0.7353299017313991,0.1995570698370223,JUN;INPP5K
GO_Biological_Process_2023,Negative Regulation Of Cell Cycle Phase Transition (GO:1901988),2/12,0.7623233970988892,0.9999963846351302,0,0,0.7353299017313991,0.1995570698370223,RGCC;ZFP36L2
GO_Biological_Process_2023,Negative Regulation Of Stem Cell Differentiation (GO:2000737),2/12,0.7623233970988892,0.9999963846351302,0,0,0.7353299017313991,0.1995570698370223,TCF15;ZFP36L2
GO_Biological_Process_2023,Organophosphate Catabolic Process (GO:0046434),2/12,0.7623233970988892,0.9999963846351302,0,0,0.7353299017313991,0.1995570698370223,ENPP2;PLD1
GO_Biological_Process_2023,Positive Regulation Of T-helper Cell Differentiation (GO:0045624),2/12,0.7623233970988892,0.9999963846351302,0,0,0.7353299017313991,0.1995570698370223,NFKBIZ;NLRP3
GO_Biological_Process_2023,Positive Regulation Of Cell Morphogenesis Involved In Differentiation (GO:0010770),2/12,0.7623233970988892,0.9999963846351302,0,0,0.7353299017313991,0.1995570698370223,CUX2;IL1RAPL1
GO_Biological_Process_2023,Positive Regulation Of Nuclear-Transcribed mRNA poly(A) Tail Shortening (GO:0060213),2/12,0.7623233970988892,0.9999963846351302,0,0,0.7353299017313991,0.1995570698370223,BTG2;ZFP36
GO_Biological_Process_2023,Positive Regulation Of Protein Localization To Cell Surface (GO:2000010),2/12,0.7623233970988892,0.9999963846351302,0,0,0.7353299017313991,0.1995570698370223,RIC3;TMEM35A
GO_Biological_Process_2023,Protein Heterotetramerization (GO:0051290),2/12,0.7623233970988892,0.9999963846351302,0,0,0.7353299017313991,0.1995570698370223,PKD2;GRIN2B
GO_Biological_Process_2023,Quaternary Ammonium Group Transport (GO:0015697),2/12,0.7623233970988892,0.9999963846351302,0,0,0.7353299017313991,0.1995570698370223,SLC22A3;SLC5A7
GO_Biological_Process_2023,Regulation Of SNARE Complex Assembly (GO:0035542),2/12,0.7623233970988892,0.9999963846351302,0,0,0.7353299017313991,0.1995570698370223,STXBP1;SNCA
GO_Biological_Process_2023,Regulation Of Actin Filament Organization (GO:0110053),2/12,0.7623233970988892,0.9999963846351302,0,0,0.7353299017313991,0.1995570698370223,CSF3;CXCL12
GO_Biological_Process_2023,Regulation Of Chemokine (C-X-C Motif) Ligand 2 Production (GO:2000341),2/12,0.7623233970988892,0.9999963846351302,0,0,0.7353299017313991,0.1995570698370223,KLF4;TLR4
GO_Biological_Process_2023,Regulation Of Hematopoietic Stem Cell Differentiation (GO:1902036),2/12,0.7623233970988892,0.9999963846351302,0,0,0.7353299017313991,0.1995570698370223,FOXC1;TCF15
GO_Biological_Process_2023,Regulation Of Leukocyte Adhesion To Vascular Endothelial Cell (GO:1904994),2/12,0.7623233970988892,0.9999963846351302,0,0,0.7353299017313991,0.1995570698370223,IL6;FUT9
GO_Biological_Process_2023,Regulation Of Lymphocyte Migration (GO:2000401),2/12,0.7623233970988892,0.9999963846351302,0,0,0.7353299017313991,0.1995570698370223,SPNS2;JAM2
GO_Biological_Process_2023,Regulation Of Retinoic Acid Receptor Signaling Pathway (GO:0048385),2/12,0.7623233970988892,0.9999963846351302,0,0,0.7353299017313991,0.1995570698370223,CYP26B1;KLF2
GO_Biological_Process_2023,Regulation Of Transcription From RNA Polymerase II Promoter In Response To Stress (GO:0043618),2/12,0.7623233970988892,0.9999963846351302,0,0,0.7353299017313991,0.1995570698370223,KLF2;STOX1
GO_Biological_Process_2023,Response To Muramyl Dipeptide (GO:0032495),2/12,0.7623233970988892,0.9999963846351302,0,0,0.7353299017313991,0.1995570698370223,NLRP1;VIM
GO_Biological_Process_2023,Semaphorin-Plexin Signaling Pathway Involved In Neuron Projection Guidance (GO:1902285),2/12,0.7623233970988892,0.9999963846351302,0,0,0.7353299017313991,0.1995570698370223,SEMA3A;PLXNA4
GO_Biological_Process_2023,Very Long-Chain Fatty Acid Biosynthetic Process (GO:0042761),2/12,0.7623233970988892,0.9999963846351302,0,0,0.7353299017313991,0.1995570698370223,HACD1;ELOVL3
GO_Biological_Process_2023,AV Node Cell To Bundle Of His Cell Communication (GO:0086067),1/6,0.7638917488752115,0.9999963846351302,0,0,0.735391812865497,0.1980624811508669,SCN5A
GO_Biological_Process_2023,N-acetylneuraminate Catabolic Process (GO:0019262),1/6,0.7638917488752115,0.9999963846351302,0,0,0.735391812865497,0.1980624811508669,HOGA1
GO_Biological_Process_2023,Adherens Junction Maintenance (GO:0034334),1/6,0.7638917488752115,0.9999963846351302,0,0,0.735391812865497,0.1980624811508669,FERMT2
GO_Biological_Process_2023,Adult Feeding Behavior (GO:0008343),1/6,0.7638917488752115,0.9999963846351302,0,0,0.735391812865497,0.1980624811508669,LEP
GO_Biological_Process_2023,Aggrephagy (GO:0035973),1/6,0.7638917488752115,0.9999963846351302,0,0,0.735391812865497,0.1980624811508669,MAP1LC3C
GO_Biological_Process_2023,Aldehyde Biosynthetic Process (GO:0046184),1/6,0.7638917488752115,0.9999963846351302,0,0,0.735391812865497,0.1980624811508669,DDR2
GO_Biological_Process_2023,Amino-Acid Betaine Metabolic Process (GO:0006577),1/6,0.7638917488752115,0.9999963846351302,0,0,0.735391812865497,0.1980624811508669,BHMT2
GO_Biological_Process_2023,Anterograde Dendritic Transport (GO:0098937),1/6,0.7638917488752115,0.9999963846351302,0,0,0.735391812865497,0.1980624811508669,KIF5A
GO_Biological_Process_2023,Atrioventricular Valve Formation (GO:0003190),1/6,0.7638917488752115,0.9999963846351302,0,0,0.735391812865497,0.1980624811508669,HEY1
GO_Biological_Process_2023,Cardiac Muscle Cell Myoblast Differentiation (GO:0060379),1/6,0.7638917488752115,0.9999963846351302,0,0,0.735391812865497,0.1980624811508669,NRG1
GO_Biological_Process_2023,Cardiac Pacemaker Cell Development (GO:0060926),1/6,0.7638917488752115,0.9999963846351302,0,0,0.735391812865497,0.1980624811508669,TBX18
GO_Biological_Process_2023,Cellular Hypotonic Response (GO:0071476),1/6,0.7638917488752115,0.9999963846351302,0,0,0.735391812865497,0.1980624811508669,MYLK
GO_Biological_Process_2023,Cellular Response To Bacterial Lipopeptide (GO:0071221),1/6,0.7638917488752115,0.9999963846351302,0,0,0.735391812865497,0.1980624811508669,CD36
GO_Biological_Process_2023,Cellular Response To Gonadotropin Stimulus (GO:0071371),1/6,0.7638917488752115,0.9999963846351302,0,0,0.735391812865497,0.1980624811508669,LHCGR
GO_Biological_Process_2023,Cellular Response To Hepatocyte Growth Factor Stimulus (GO:0035729),1/6,0.7638917488752115,0.9999963846351302,0,0,0.735391812865497,0.1980624811508669,HGF
GO_Biological_Process_2023,Cellular Response To Interleukin-9 (GO:0071355),1/6,0.7638917488752115,0.9999963846351302,0,0,0.735391812865497,0.1980624811508669,STAT5A
GO_Biological_Process_2023,Choline Transport (GO:0015871),1/6,0.7638917488752115,0.9999963846351302,0,0,0.735391812865497,0.1980624811508669,SLC5A7
GO_Biological_Process_2023,Clathrin Coat Disassembly (GO:0072318),1/6,0.7638917488752115,0.9999963846351302,0,0,0.735391812865497,0.1980624811508669,SH3GL2
GO_Biological_Process_2023,Desmosome Organization (GO:0002934),1/6,0.7638917488752115,0.9999963846351302,0,0,0.735391812865497,0.1980624811508669,PRKCA
GO_Biological_Process_2023,Determination Of Digestive Tract Left/Right Asymmetry (GO:0071907),1/6,0.7638917488752115,0.9999963846351302,0,0,0.735391812865497,0.1980624811508669,NPHP3
GO_Biological_Process_2023,Epithelial Cell Differentiation Involved In Kidney Development (GO:0035850),1/6,0.7638917488752115,0.9999963846351302,0,0,0.735391812865497,0.1980624811508669,MEF2C
GO_Biological_Process_2023,Ethanol Catabolic Process (GO:0006068),1/6,0.7638917488752115,0.9999963846351302,0,0,0.735391812865497,0.1980624811508669,SULT1C4
GO_Biological_Process_2023,"Fatty Acid Elongation, Monounsaturated Fatty Acid (GO:0034625)",1/6,0.7638917488752115,0.9999963846351302,0,0,0.735391812865497,0.1980624811508669,ELOVL3
GO_Biological_Process_2023,"Fatty Acid Elongation, Polyunsaturated Fatty Acid (GO:0034626)",1/6,0.7638917488752115,0.9999963846351302,0,0,0.735391812865497,0.1980624811508669,ELOVL3
GO_Biological_Process_2023,"Fatty Acid Elongation, Saturated Fatty Acid (GO:0019367)",1/6,0.7638917488752115,0.9999963846351302,0,0,0.735391812865497,0.1980624811508669,ELOVL3
GO_Biological_Process_2023,"Fatty Acid Elongation, Unsaturated Fatty Acid (GO:0019368)",1/6,0.7638917488752115,0.9999963846351302,0,0,0.735391812865497,0.1980624811508669,ELOVL3
GO_Biological_Process_2023,Hepatocyte Growth Factor Receptor Signaling Pathway (GO:0048012),1/6,0.7638917488752115,0.9999963846351302,0,0,0.735391812865497,0.1980624811508669,HGF
GO_Biological_Process_2023,Histone H4-K12 Acetylation (GO:0043983),1/6,0.7638917488752115,0.9999963846351302,0,0,0.735391812865497,0.1980624811508669,JADE1
GO_Biological_Process_2023,Hypotonic Response (GO:0006971),1/6,0.7638917488752115,0.9999963846351302,0,0,0.735391812865497,0.1980624811508669,MYLK
GO_Biological_Process_2023,Insulin Secretion Involved In Cellular Response To Glucose Stimulus (GO:0035773),1/6,0.7638917488752115,0.9999963846351302,0,0,0.735391812865497,0.1980624811508669,PTPRN2
GO_Biological_Process_2023,Interleukin-3-Mediated Signaling Pathway (GO:0038156),1/6,0.7638917488752115,0.9999963846351302,0,0,0.735391812865497,0.1980624811508669,STAT5A
GO_Biological_Process_2023,Interleukin-9-Mediated Signaling Pathway (GO:0038113),1/6,0.7638917488752115,0.9999963846351302,0,0,0.735391812865497,0.1980624811508669,STAT5A
GO_Biological_Process_2023,Intracellular Sequestering Of Iron Ion (GO:0006880),1/6,0.7638917488752115,0.9999963846351302,0,0,0.735391812865497,0.1980624811508669,FTMT
GO_Biological_Process_2023,Intracellular Triglyceride Homeostasis (GO:0035356),1/6,0.7638917488752115,0.9999963846351302,0,0,0.735391812865497,0.1980624811508669,DGAT2
GO_Biological_Process_2023,Leucine Metabolic Process (GO:0006551),1/6,0.7638917488752115,0.9999963846351302,0,0,0.735391812865497,0.1980624811508669,HMGCLL1
GO_Biological_Process_2023,Leukotriene Transport (GO:0071716),1/6,0.7638917488752115,0.9999963846351302,0,0,0.735391812865497,0.1980624811508669,ABCC6
GO_Biological_Process_2023,Lymphocyte Migration Into Lymphoid Organs (GO:0097021),1/6,0.7638917488752115,0.9999963846351302,0,0,0.735391812865497,0.1980624811508669,NEDD9
GO_Biological_Process_2023,Lymphoid Progenitor Cell Differentiation (GO:0002320),1/6,0.7638917488752115,0.9999963846351302,0,0,0.735391812865497,0.1980624811508669,BMP4
GO_Biological_Process_2023,Maintenance Of Lens Transparency (GO:0036438),1/6,0.7638917488752115,0.9999963846351302,0,0,0.735391812865497,0.1980624811508669,FOXC1
GO_Biological_Process_2023,Maintenance Of Protein Location In Extracellular Region (GO:0071694),1/6,0.7638917488752115,0.9999963846351302,0,0,0.735391812865497,0.1980624811508669,NRROS
GO_Biological_Process_2023,Mitotic Nuclear Membrane Disassembly (GO:0007077),1/6,0.7638917488752115,0.9999963846351302,0,0,0.735391812865497,0.1980624811508669,PRKCA
GO_Biological_Process_2023,"Negative Regulation Of CD4-positive, Alpha-Beta T Cell Proliferation (GO:2000562)",1/6,0.7638917488752115,0.9999963846351302,0,0,0.735391812865497,0.1980624811508669,VSIR
GO_Biological_Process_2023,Negative Regulation Of RIG-I Signaling Pathway (GO:0039536),1/6,0.7638917488752115,0.9999963846351302,0,0,0.735391812865497,0.1980624811508669,RNF125
GO_Biological_Process_2023,Negative Regulation Of Centriole Replication (GO:0046600),1/6,0.7638917488752115,0.9999963846351302,0,0,0.735391812865497,0.1980624811508669,KAT2B
GO_Biological_Process_2023,Negative Regulation Of Epidermal Cell Differentiation (GO:0045605),1/6,0.7638917488752115,0.9999963846351302,0,0,0.735391812865497,0.1980624811508669,HOXA7
GO_Biological_Process_2023,Negative Regulation Of Establishment Of Protein Localization To Mitochondrion (GO:1903748),1/6,0.7638917488752115,0.9999963846351302,0,0,0.735391812865497,0.1980624811508669,LRRK2
GO_Biological_Process_2023,Negative Regulation Of Glycogen Metabolic Process (GO:0070874),1/6,0.7638917488752115,0.9999963846351302,0,0,0.735391812865497,0.1980624811508669,INPP5K
GO_Biological_Process_2023,Negative Regulation Of Hematopoietic Progenitor Cell Differentiation (GO:1901533),1/6,0.7638917488752115,0.9999963846351302,0,0,0.735391812865497,0.1980624811508669,TCF15
GO_Biological_Process_2023,Negative Regulation Of Lymphocyte Differentiation (GO:0045620),1/6,0.7638917488752115,0.9999963846351302,0,0,0.735391812865497,0.1980624811508669,SFRP1
GO_Biological_Process_2023,Negative Regulation Of Membrane Protein Ectodomain Proteolysis (GO:0051045),1/6,0.7638917488752115,0.9999963846351302,0,0,0.735391812865497,0.1980624811508669,TIMP4
GO_Biological_Process_2023,Negative Regulation Of miRNA Processing (GO:1903799),1/6,0.7638917488752115,0.9999963846351302,0,0,0.735391812865497,0.1980624811508669,IL6
GO_Biological_Process_2023,Negative Regulation Of p38MAPK Cascade (GO:1903753),1/6,0.7638917488752115,0.9999963846351302,0,0,0.735391812865497,0.1980624811508669,DUSP1
GO_Biological_Process_2023,Negative Regulation Of Response To Reactive Oxygen Species (GO:1901032),1/6,0.7638917488752115,0.9999963846351302,0,0,0.735391812865497,0.1980624811508669,LRRK2
GO_Biological_Process_2023,Negative Regulation Of Retinoic Acid Receptor Signaling Pathway (GO:0048387),1/6,0.7638917488752115,0.9999963846351302,0,0,0.735391812865497,0.1980624811508669,CYP26B1
GO_Biological_Process_2023,Noradrenergic Neuron Differentiation (GO:0003357),1/6,0.7638917488752115,0.9999963846351302,0,0,0.735391812865497,0.1980624811508669,HAND2
GO_Biological_Process_2023,Norepinephrine Biosynthetic Process (GO:0042421),1/6,0.7638917488752115,0.9999963846351302,0,0,0.735391812865497,0.1980624811508669,HAND2
GO_Biological_Process_2023,Nose Development (GO:0043584),1/6,0.7638917488752115,0.9999963846351302,0,0,0.735391812865497,0.1980624811508669,PROX1
GO_Biological_Process_2023,Nuclear Polyadenylation-Dependent ncRNA Catabolic Process (GO:0071046),1/6,0.7638917488752115,0.9999963846351302,0,0,0.735391812865497,0.1980624811508669,EXOSC7
GO_Biological_Process_2023,Nuclear Polyadenylation-Dependent rRNA Catabolic Process (GO:0071035),1/6,0.7638917488752115,0.9999963846351302,0,0,0.735391812865497,0.1980624811508669,EXOSC7
GO_Biological_Process_2023,Nuclear Polyadenylation-Dependent tRNA Catabolic Process (GO:0071038),1/6,0.7638917488752115,0.9999963846351302,0,0,0.735391812865497,0.1980624811508669,EXOSC7
GO_Biological_Process_2023,"Nuclear-Transcribed mRNA Catabolic Process, Deadenylation-Independent Decay (GO:0031086)",1/6,0.7638917488752115,0.9999963846351302,0,0,0.735391812865497,0.1980624811508669,ZFP36
GO_Biological_Process_2023,Nucleobase Biosynthetic Process (GO:0046112),1/6,0.7638917488752115,0.9999963846351302,0,0,0.735391812865497,0.1980624811508669,SHMT1
GO_Biological_Process_2023,Parallel Actin Filament Bundle Assembly (GO:0030046),1/6,0.7638917488752115,0.9999963846351302,0,0,0.735391812865497,0.1980624811508669,FMN2
GO_Biological_Process_2023,Phospholipase C-activating Dopamine Receptor Signaling Pathway (GO:0060158),1/6,0.7638917488752115,0.9999963846351302,0,0,0.735391812865497,0.1980624811508669,DRD2
GO_Biological_Process_2023,Pituitary Gland Development (GO:0021983),1/6,0.7638917488752115,0.9999963846351302,0,0,0.735391812865497,0.1980624811508669,NR0B1
GO_Biological_Process_2023,Positive Regulation Of ER-associated Ubiquitin-Dependent Protein Catabolic Process (GO:1903071),1/6,0.7638917488752115,0.9999963846351302,0,0,0.735391812865497,0.1980624811508669,CAV1
GO_Biological_Process_2023,Positive Regulation Of IRE1-mediated Unfolded Protein Response (GO:1903896),1/6,0.7638917488752115,0.9999963846351302,0,0,0.735391812865497,0.1980624811508669,DAB2IP
GO_Biological_Process_2023,Positive Regulation Of RNA Binding (GO:1905216),1/6,0.7638917488752115,0.9999963846351302,0,0,0.735391812865497,0.1980624811508669,LARP6
GO_Biological_Process_2023,Positive Regulation Of T-helper 17 Cell Differentiation (GO:2000321),1/6,0.7638917488752115,0.9999963846351302,0,0,0.735391812865497,0.1980624811508669,NFKBIZ
GO_Biological_Process_2023,Positive Regulation Of Amyloid-Beta Clearance (GO:1900223),1/6,0.7638917488752115,0.9999963846351302,0,0,0.735391812865497,0.1980624811508669,LRP1
GO_Biological_Process_2023,Positive Regulation Of Aspartic-Type Endopeptidase Activity Involved In Amyloid Precursor Protein Catabolic Process (GO:1902961),1/6,0.7638917488752115,0.9999963846351302,0,0,0.735391812865497,0.1980624811508669,EPHA4
GO_Biological_Process_2023,Positive Regulation Of Chemokine (C-X-C Motif) Ligand 2 Production (GO:2000343),1/6,0.7638917488752115,0.9999963846351302,0,0,0.735391812865497,0.1980624811508669,TLR4
GO_Biological_Process_2023,Positive Regulation Of Cilium Movement (GO:0003353),1/6,0.7638917488752115,0.9999963846351302,0,0,0.735391812865497,0.1980624811508669,TACR1
GO_Biological_Process_2023,Positive Regulation Of Cilium-Dependent Cell Motility (GO:2000155),1/6,0.7638917488752115,0.9999963846351302,0,0,0.735391812865497,0.1980624811508669,TACR1
GO_Biological_Process_2023,Positive Regulation Of Cysteine-Type Endopeptidase Activity Involved In Apoptotic Signaling Pathway (GO:2001269),1/6,0.7638917488752115,0.9999963846351302,0,0,0.735391812865497,0.1980624811508669,GSN
GO_Biological_Process_2023,Positive Regulation Of Deacetylase Activity (GO:0090045),1/6,0.7638917488752115,0.9999963846351302,0,0,0.735391812865497,0.1980624811508669,PRKD1
GO_Biological_Process_2023,Positive Regulation Of Endoplasmic Reticulum Stress-Induced Intrinsic Apoptotic Signaling Pathway (GO:1902237),1/6,0.7638917488752115,0.9999963846351302,0,0,0.735391812865497,0.1980624811508669,BOK
GO_Biological_Process_2023,Positive Regulation Of Flagellated Sperm Motility (GO:1902093),1/6,0.7638917488752115,0.9999963846351302,0,0,0.735391812865497,0.1980624811508669,TACR1
GO_Biological_Process_2023,Positive Regulation Of Immune Response To Tumor Cell (GO:0002839),1/6,0.7638917488752115,0.9999963846351302,0,0,0.735391812865497,0.1980624811508669,NRG1
GO_Biological_Process_2023,Positive Regulation Of Interleukin-23 Production (GO:0032747),1/6,0.7638917488752115,0.9999963846351302,0,0,0.735391812865497,0.1980624811508669,PLCG2
GO_Biological_Process_2023,Positive Regulation Of Interleukin-5 Production (GO:0032754),1/6,0.7638917488752115,0.9999963846351302,0,0,0.735391812865497,0.1980624811508669,TSLP
GO_Biological_Process_2023,Positive Regulation Of Intracellular Estrogen Receptor Signaling Pathway (GO:0033148),1/6,0.7638917488752115,0.9999963846351302,0,0,0.735391812865497,0.1980624811508669,YAP1
GO_Biological_Process_2023,Positive Regulation Of Lamellipodium Morphogenesis (GO:2000394),1/6,0.7638917488752115,0.9999963846351302,0,0,0.735391812865497,0.1980624811508669,ENPP2
GO_Biological_Process_2023,Positive Regulation Of mRNA Binding (GO:1902416),1/6,0.7638917488752115,0.9999963846351302,0,0,0.735391812865497,0.1980624811508669,LARP6
GO_Biological_Process_2023,Positive Regulation Of Multicellular Organism Growth (GO:0040018),1/6,0.7638917488752115,0.9999963846351302,0,0,0.735391812865497,0.1980624811508669,GHR
GO_Biological_Process_2023,Positive Regulation Of Natural Killer Cell Cytokine Production (GO:0002729),1/6,0.7638917488752115,0.9999963846351302,0,0,0.735391812865497,0.1980624811508669,HLA-E
GO_Biological_Process_2023,Positive Regulation Of Phospholipid Biosynthetic Process (GO:0071073),1/6,0.7638917488752115,0.9999963846351302,0,0,0.735391812865497,0.1980624811508669,HTR2A
GO_Biological_Process_2023,Positive Regulation Of Steroid Metabolic Process (GO:0045940),1/6,0.7638917488752115,0.9999963846351302,0,0,0.735391812865497,0.1980624811508669,CES1
GO_Biological_Process_2023,Positive Regulation Of Triglyceride Catabolic Process (GO:0010898),1/6,0.7638917488752115,0.9999963846351302,0,0,0.735391812865497,0.1980624811508669,PNPLA2
GO_Biological_Process_2023,Positive Regulation Of Trophoblast Cell Migration (GO:1901165),1/6,0.7638917488752115,0.9999963846351302,0,0,0.735391812865497,0.1980624811508669,SYDE1
GO_Biological_Process_2023,Protein Catabolic Process In The Vacuole (GO:0007039),1/6,0.7638917488752115,0.9999963846351302,0,0,0.735391812865497,0.1980624811508669,CPA2
GO_Biological_Process_2023,Protein Localization To Endoplasmic Reticulum Exit Site (GO:0070973),1/6,0.7638917488752115,0.9999963846351302,0,0,0.735391812865497,0.1980624811508669,LRRK2
GO_Biological_Process_2023,Regulation Of NAD(P)H Oxidase Activity (GO:0033860),1/6,0.7638917488752115,0.9999963846351302,0,0,0.735391812865497,0.1980624811508669,AGTR1
GO_Biological_Process_2023,Regulation Of T Cell Tolerance Induction (GO:0002664),1/6,0.7638917488752115,0.9999963846351302,0,0,0.735391812865497,0.1980624811508669,TGFBR2
GO_Biological_Process_2023,Regulation Of T-helper Cell Differentiation (GO:0045622),1/6,0.7638917488752115,0.9999963846351302,0,0,0.735391812865497,0.1980624811508669,JUNB
GO_Biological_Process_2023,Regulation Of Anion Channel Activity (GO:0010359),1/6,0.7638917488752115,0.9999963846351302,0,0,0.735391812865497,0.1980624811508669,PRNP
GO_Biological_Process_2023,Regulation Of Blood-Brain Barrier Permeability (GO:1905603),1/6,0.7638917488752115,0.9999963846351302,0,0,0.735391812865497,0.1980624811508669,SH3GL2
GO_Biological_Process_2023,Regulation Of Cellular Response To Hypoxia (GO:1900037),1/6,0.7638917488752115,0.9999963846351302,0,0,0.735391812865497,0.1980624811508669,EPHA4
GO_Biological_Process_2023,Regulation Of Entry Of Bacterium Into Host Cell (GO:2000535),1/6,0.7638917488752115,0.9999963846351302,0,0,0.735391812865497,0.1980624811508669,KRT6A
GO_Biological_Process_2023,Regulation Of Glial Cell Differentiation (GO:0045685),1/6,0.7638917488752115,0.9999963846351302,0,0,0.735391812865497,0.1980624811508669,EPHA4
GO_Biological_Process_2023,Regulation Of Growth Hormone Secretion (GO:0060123),1/6,0.7638917488752115,0.9999963846351302,0,0,0.735391812865497,0.1980624811508669,DRD2
GO_Biological_Process_2023,Regulation Of Hemoglobin Biosynthetic Process (GO:0046984),1/6,0.7638917488752115,0.9999963846351302,0,0,0.735391812865497,0.1980624811508669,KLF4
GO_Biological_Process_2023,Regulation Of Histamine Secretion By Mast Cell (GO:1903593),1/6,0.7638917488752115,0.9999963846351302,0,0,0.735391812865497,0.1980624811508669,VAMP2
GO_Biological_Process_2023,Regulation Of Ketone Biosynthetic Process (GO:0010566),1/6,0.7638917488752115,0.9999963846351302,0,0,0.735391812865497,0.1980624811508669,EGR1
GO_Biological_Process_2023,Regulation Of Metallopeptidase Activity (GO:1905048),1/6,0.7638917488752115,0.9999963846351302,0,0,0.735391812865497,0.1980624811508669,LRP1
GO_Biological_Process_2023,Regulation Of Microtubule Binding (GO:1904526),1/6,0.7638917488752115,0.9999963846351302,0,0,0.735391812865497,0.1980624811508669,MAP2
GO_Biological_Process_2023,Regulation Of Natural Killer Cell Cytokine Production (GO:0002727),1/6,0.7638917488752115,0.9999963846351302,0,0,0.735391812865497,0.1980624811508669,HLA-E
GO_Biological_Process_2023,Regulation Of Nuclease Activity (GO:0032069),1/6,0.7638917488752115,0.9999963846351302,0,0,0.735391812865497,0.1980624811508669,PDE3A
GO_Biological_Process_2023,Regulation Of Oxidative Stress-Induced Neuron Intrinsic Apoptotic Signaling Pathway (GO:1903376),1/6,0.7638917488752115,0.9999963846351302,0,0,0.735391812865497,0.1980624811508669,PRKN
GO_Biological_Process_2023,Regulation Of Phospholipid Transport (GO:2001138),1/6,0.7638917488752115,0.9999963846351302,0,0,0.735391812865497,0.1980624811508669,CETP
GO_Biological_Process_2023,Regulation Of Prostaglandin Biosynthetic Process (GO:0031392),1/6,0.7638917488752115,0.9999963846351302,0,0,0.735391812865497,0.1980624811508669,PTGS2
GO_Biological_Process_2023,Regulation Of Pyruvate Dehydrogenase Activity (GO:1904182),1/6,0.7638917488752115,0.9999963846351302,0,0,0.735391812865497,0.1980624811508669,PDP2
GO_Biological_Process_2023,Regulation Of Relaxation Of Muscle (GO:1901077),1/6,0.7638917488752115,0.9999963846351302,0,0,0.735391812865497,0.1980624811508669,PLN
GO_Biological_Process_2023,Regulation Of Striated Muscle Tissue Development (GO:0016202),1/6,0.7638917488752115,0.9999963846351302,0,0,0.735391812865497,0.1980624811508669,SOX15
GO_Biological_Process_2023,Regulation Of Vitamin D Receptor Signaling Pathway (GO:0070562),1/6,0.7638917488752115,0.9999963846351302,0,0,0.735391812865497,0.1980624811508669,KANK2
GO_Biological_Process_2023,Response To Hepatocyte Growth Factor (GO:0035728),1/6,0.7638917488752115,0.9999963846351302,0,0,0.735391812865497,0.1980624811508669,HGF
GO_Biological_Process_2023,Retinal Rod Cell Differentiation (GO:0060221),1/6,0.7638917488752115,0.9999963846351302,0,0,0.735391812865497,0.1980624811508669,SOX8
GO_Biological_Process_2023,Serine Transport (GO:0032329),1/6,0.7638917488752115,0.9999963846351302,0,0,0.735391812865497,0.1980624811508669,SLC7A10
GO_Biological_Process_2023,Short-Chain Fatty Acid Metabolic Process (GO:0046459),1/6,0.7638917488752115,0.9999963846351302,0,0,0.735391812865497,0.1980624811508669,PCCA
GO_Biological_Process_2023,"Substrate-Dependent Cell Migration, Cell Extension (GO:0006930)",1/6,0.7638917488752115,0.9999963846351302,0,0,0.735391812865497,0.1980624811508669,P2RY12
GO_Biological_Process_2023,Synaptic Vesicle Budding From Presynaptic Endocytic Zone Membrane (GO:0016185),1/6,0.7638917488752115,0.9999963846351302,0,0,0.735391812865497,0.1980624811508669,SNAP91
GO_Biological_Process_2023,Vacuole Organization (GO:0007033),1/6,0.7638917488752115,0.9999963846351302,0,0,0.735391812865497,0.1980624811508669,NDP
GO_Biological_Process_2023,Very Long-Chain Fatty Acid Catabolic Process (GO:0042760),1/6,0.7638917488752115,0.9999963846351302,0,0,0.735391812865497,0.1980624811508669,ABCD2
GO_Biological_Process_2023,Vitamin A Metabolic Process (GO:0006776),1/6,0.7638917488752115,0.9999963846351302,0,0,0.735391812865497,0.1980624811508669,RPE65
GO_Biological_Process_2023,Response To Light Stimulus (GO:0009416),11/60,0.7641473157606444,0.9999963846351302,0,0,0.8250592147761802,0.2219365450100178,TRPM1;MAPK10;SLC24A4;OPN4;SERPINB13;DCT;CRY2;GPR88;RGR;DRD2;ELANE
GO_Biological_Process_2023,Cell Junction Maintenance (GO:0034331),3/18,0.7734677348835922,0.9999963846351302,0,0,0.735267961619471,0.1888692540477792,KIRREL1;NLGN1;CBLN1
GO_Biological_Process_2023,Cellular Response To Inorganic Substance (GO:0071241),3/18,0.7734677348835922,0.9999963846351302,0,0,0.735267961619471,0.1888692540477792,KCNC2;FOXO1;AQP1
GO_Biological_Process_2023,Detection Of Mechanical Stimulus (GO:0050982),3/18,0.7734677348835922,0.9999963846351302,0,0,0.735267961619471,0.1888692540477792,PKD1L1;PKD1L2;PKD2
GO_Biological_Process_2023,Maintenance Of Gastrointestinal Epithelium (GO:0030277),3/18,0.7734677348835922,0.9999963846351302,0,0,0.735267961619471,0.1888692540477792,MUC4;TLR4;MUC6
GO_Biological_Process_2023,Negative Regulation Of ERBB Signaling Pathway (GO:1901185),3/18,0.7734677348835922,0.9999963846351302,0,0,0.735267961619471,0.1888692540477792,ITGA1;DAB2IP;EGFR
GO_Biological_Process_2023,Negative Regulation Of Viral Entry Into Host Cell (GO:0046597),3/18,0.7734677348835922,0.9999963846351302,0,0,0.735267961619471,0.1888692540477792,FCN1;CH25H;GSN
GO_Biological_Process_2023,Neural Crest Cell Differentiation (GO:0014033),3/18,0.7734677348835922,0.9999963846351302,0,0,0.735267961619471,0.1888692540477792,MEF2C;NRG1;SOX8
GO_Biological_Process_2023,Neuromuscular Process (GO:0050905),3/18,0.7734677348835922,0.9999963846351302,0,0,0.735267961619471,0.1888692540477792,KCNA1;NRXN1;MYCBP2
GO_Biological_Process_2023,Neuron Fate Commitment (GO:0048663),3/18,0.7734677348835922,0.9999963846351302,0,0,0.735267961619471,0.1888692540477792,DLL4;BHLHE22;DLL1
GO_Biological_Process_2023,Positive Regulation Of Monocyte Chemotaxis (GO:0090026),3/18,0.7734677348835922,0.9999963846351302,0,0,0.735267961619471,0.1888692540477792,CXCL12;DEFB124;ANO6
GO_Biological_Process_2023,Regulation Of Establishment Or Maintenance Of Cell Polarity (GO:0032878),3/18,0.7734677348835922,0.9999963846351302,0,0,0.735267961619471,0.1888692540477792,KANK1;CDH5;TEK
GO_Biological_Process_2023,Regulation Of Synaptic Vesicle Exocytosis (GO:2000300),3/18,0.7734677348835922,0.9999963846351302,0,0,0.735267961619471,0.1888692540477792,NLGN1;RIMS3;LRRK2
GO_Biological_Process_2023,Response To Axon Injury (GO:0048678),3/18,0.7734677348835922,0.9999963846351302,0,0,0.735267961619471,0.1888692540477792,P2RY12;PLCG2;FOLR1
GO_Biological_Process_2023,Response To Organophosphorus (GO:0046683),3/18,0.7734677348835922,0.9999963846351302,0,0,0.735267961619471,0.1888692540477792,NT5E;CITED1;AKR1C1
GO_Biological_Process_2023,Vesicle Transport Along Actin Filament (GO:0030050),3/18,0.7734677348835922,0.9999963846351302,0,0,0.735267961619471,0.1888692540477792,MYO1C;MYO7B;MYO1H
GO_Biological_Process_2023,Glycolytic Process (GO:0006096),5/29,0.773836729567406,0.9999963846351302,0,0,0.7658237727308203,0.1963529047784356,PFKFB1;ALDOC;ALDOB;PGM1;GCK
GO_Biological_Process_2023,Lipid Droplet Organization (GO:0034389),5/29,0.773836729567406,0.9999963846351302,0,0,0.7658237727308203,0.1963529047784356,CIDEA;PLIN2;CIDEC;PLIN5;PNPLA2
GO_Biological_Process_2023,Positive Regulation Of B Cell Proliferation (GO:0030890),5/29,0.773836729567406,0.9999963846351302,0,0,0.7658237727308203,0.1963529047784356,BST1;MEF2C;BCL2;NFATC2;IRS2
GO_Biological_Process_2023,Positive Regulation Of Calcium Ion Transport (GO:0051928),5/29,0.773836729567406,0.9999963846351302,0,0,0.7658237727308203,0.1963529047784356,LGALS3;TRPC6;CXCL12;CCL2;MYLK
GO_Biological_Process_2023,Positive Regulation Of Endopeptidase Activity (GO:0010950),5/29,0.773836729567406,0.9999963846351302,0,0,0.7658237727308203,0.1963529047784356,EPHA4;CR1;FYN;GRIN2B;VSIR
GO_Biological_Process_2023,Regulation Of Voltage-Gated Calcium Channel Activity (GO:1901385),5/29,0.773836729567406,0.9999963846351302,0,0,0.7658237727308203,0.1963529047784356,CACNB4;STAC;STAC2;DMD;CRHR1
GO_Biological_Process_2023,Spindle Assembly (GO:0051225),15/81,0.7746382822176144,0.9999963846351302,0,0,0.8351646007125941,0.2132668734443845,GOLGA8S;ARHGEF10;GOLGA8T;STARD9;GOLGA8K;GOLGA8J;GOLGA8M;GOLGA8O;GOLGA8N;GOLGA8Q;GOLGA8DP;GOLGA8G;GOLGA8H;GOLGA8IP;GOLGA8A
GO_Biological_Process_2023,Zymogen Activation (GO:0031638),8/45,0.7755715856307995,0.9999963846351302,0,0,0.7947009802679906,0.2019772209836605,THBD;GRIN2A;ASPH;C1R;PLAT;MASP1;PRSS12;VSIR
GO_Biological_Process_2023,Lipid Biosynthetic Process (GO:0008610),13/71,0.7781156369357554,0.9999963846351302,0,0,0.823679293358247,0.2066447700535106,OLAH;ACSS2;ACSL1;HSD17B3;ACSM2A;ACSM5;ACACB;ACSM2B;CYP17A1;MLXIPL;LIPC;CYP21A2;MLYCD
GO_Biological_Process_2023,Regulation Of Hydrolase Activity (GO:0051336),13/71,0.7781156369357554,0.9999963846351302,0,0,0.823679293358247,0.2066447700535106,EPHA5;EPHA4;NTRK2;CAV1;DAB2IP;EFNA5;RASIP1;MRAP;FGD5;ALS2CL;NOS1;EPHA3;PLXNA4
GO_Biological_Process_2023,Negative Regulation Of Autophagy (GO:0010507),11/61,0.7833954974130267,0.9999963846351302,0,0,0.8085064478311841,0.1973706578827433,DAPL1;LRRK2;HGF;LEP;RRAGD;LEPR;KIF25;BCL2;MET;RASIP1;SNCA
GO_Biological_Process_2023,Amyloid Fibril Formation (GO:1990000),4/24,0.786670813423217,0.9999963846351302,0,0,0.7352059925093632,0.1764092947373967,PRKN;GSN;CD36;SNCA
GO_Biological_Process_2023,Gliogenesis (GO:0042063),4/24,0.786670813423217,0.9999963846351302,0,0,0.7352059925093632,0.1764092947373967,ANXA1;RELN;NFIB;HAPLN4
GO_Biological_Process_2023,Negative Regulation Of Ion Transmembrane Transporter Activity (GO:0032413),4/24,0.786670813423217,0.9999963846351302,0,0,0.7352059925093632,0.1764092947373967,PLN;CAV3;CASQ2;ADRA2A
GO_Biological_Process_2023,Positive Regulation Of BMP Signaling Pathway (GO:0030513),4/24,0.786670813423217,0.9999963846351302,0,0,0.7352059925093632,0.1764092947373967,BMP4;CDH5;ZNF423;GDF5
GO_Biological_Process_2023,Regulation Of AMPA Receptor Activity (GO:2000311),4/24,0.786670813423217,0.9999963846351302,0,0,0.7352059925093632,0.1764092947373967,MEF2C;NLGN1;RELN;SHANK3
GO_Biological_Process_2023,Regulation Of Supramolecular Fiber Organization (GO:1902903),4/24,0.786670813423217,0.9999963846351302,0,0,0.7352059925093632,0.1764092947373967,CSF3;EFEMP2;MAP2;CHRNA7
GO_Biological_Process_2023,Regulation Of Viral Life Cycle (GO:1903900),4/24,0.786670813423217,0.9999963846351302,0,0,0.7352059925093632,0.1764092947373967,CD209;TRIM68;TYRO3;CLEC4G
GO_Biological_Process_2023,Response To Hexose (GO:0009746),4/24,0.786670813423217,0.9999963846351302,0,0,0.7352059925093632,0.1764092947373967,GYS2;IRS2;GPLD1;VAMP2
GO_Biological_Process_2023,Response To Purine-Containing Compound (GO:0014074),4/24,0.786670813423217,0.9999963846351302,0,0,0.7352059925093632,0.1764092947373967,RYR1;NT5E;CITED1;CLU
GO_Biological_Process_2023,Hexose Biosynthetic Process (GO:0019319),6/35,0.7894670149205051,0.9999963846351302,0,0,0.7604780747799402,0.1797749072108626,PFKFB1;G6PC2;KRT17;PCK1;PPARGC1A;PGM1
GO_Biological_Process_2023,Positive Regulation Of Substrate Adhesion-Dependent Cell Spreading (GO:1900026),6/35,0.7894670149205051,0.9999963846351302,0,0,0.7604780747799402,0.1797749072108626,DMTN;MYOC;NEDD9;OLFM4;FERMT2;LIMS2
GO_Biological_Process_2023,Regulation Of Axon Extension (GO:0030516),6/35,0.7894670149205051,0.9999963846351302,0,0,0.7604780747799402,0.1797749072108626,PTPRS;MAP2;SEMA3A;SEMA3G;ISLR2;L1CAM
GO_Biological_Process_2023,Response To Nutrient Levels (GO:0031667),6/35,0.7894670149205051,0.9999963846351302,0,0,0.7604780747799402,0.1797749072108626,GH1;KCNB1;FAM107A;UCP1;SCTR;PRL
GO_Biological_Process_2023,Positive Regulation Of Ras Protein Signal Transduction (GO:0046579),9/51,0.7913715431511149,0.9999963846351302,0,0,0.7875389199504503,0.1842744270626128,GPR17;SYNPO2L;LPAR6;GPR55;ARRB1;IGF1;NGF;SLC6A2;FGF10
GO_Biological_Process_2023,Regulation Of Smoothened Signaling Pathway (GO:0008589),9/51,0.7913715431511149,0.9999963846351302,0,0,0.7875389199504503,0.1842744270626128,SFRP1;DHH;HHIP;PTCH1;PTCH2;GPC3;GAS1;DCDC2;GLI1
GO_Biological_Process_2023,Regulation Of Substrate Adhesion-Dependent Cell Spreading (GO:1900024),9/51,0.7913715431511149,0.9999963846351302,0,0,0.7875389199504503,0.1842744270626128,KANK1;DMTN;MYOC;NEDD9;FBLN1;OLFM4;EFNA5;FERMT2;LIMS2
GO_Biological_Process_2023,Monoatomic Cation Homeostasis (GO:0055080),14/77,0.7929003375579209,0.9999963846351302,0,0,0.8165702069972366,0.1894914392189857,SLC24A4;SLC12A4;KCNA1;CAV1;CYP4A11;CYBRD1;SLC39A12;CYP4F12;BMP6;JPH2;SCNN1B;ALPL;ATP6V1B1;SNCA
GO_Biological_Process_2023,Plasma Membrane Organization (GO:0007009),13/72,0.7952620658797167,0.9999963846351302,0,0,0.8096669410019999,0.1854813982396279,COLEC12;ABCD2;CR1;CAV3;CAVIN2;ANK2;ANO6;EHD2;MYMX;BIN1;PLSCR4;TLCD2;SPTBN1
GO_Biological_Process_2023,Regulation Of Cellular Localization (GO:0060341),13/72,0.7952620658797167,0.9999963846351302,0,0,0.8096669410019999,0.1854813982396279,GSN;MMD;ITGB3;KRT5;OOEP;PPM1F;ATCAY;MAP2;DZIP1L;TRIM68;CAMK1;SLC26A4;VIP
GO_Biological_Process_2023,Amino Acid Transport (GO:0006865),8/46,0.7968231393162855,0.9999963846351302,0,0,0.7737384698860553,0.1757334410260744,SLC7A4;SLC36A2;SLC6A15;SLC6A14;SLC7A14;SLC7A10;SLC38A3;SLC7A3
GO_Biological_Process_2023,Regulation Of Cytokine Production Involved In Inflammatory Response (GO:1900015),8/46,0.7968231393162855,0.9999963846351302,0,0,0.7737384698860553,0.1757334410260744,PER1;ABCD2;IL6;LEP;SIRPA;APOD;PPARA;TLR4
GO_Biological_Process_2023,Supramolecular Fiber Organization (GO:0097435),62/316,0.7979866099677421,0.9999963846351302,0,0,0.8960943835508933,0.2022157601200582,CEP126;COLGALT2;COL14A1;STMN2;LMOD1;KRT23;LOXL4;EFEMP2;ADAMTS3;CAPN3;PGM5;CD36;MYOZ1;KRT6B;KRT6A;KRT4;TPM2;SERPINF2;TMOD2;MYO7B;KRT79;KRT77;KRT5;KRT74;OOEP;SHROOM4;KRT9;TRDN;MAP7D3;CDC42EP2;MYL9;DDR2;PRKN;TNXB;DPT;LTBP2;SLAIN1;FBLN5;KRT40;SPTA1;CNN1;NLRP5;MYH11;FYN;TPPP;SNCA;CRTAP;GSN;GFAP;MFAP4;TPPP3;TPPP2;DES;MYO1C;KRT17;KRT16;KRT15;KRT14;NOSTRIN;TLL1;VIM;MYO1H
GO_Biological_Process_2023,Regulation Of Neurogenesis (GO:0050767),12/67,0.7980944672652265,0.9999963846351302,0,0,0.8017567798055603,0.1808188503836307,CX3CR1;YAP1;IL6;HEY1;MME;RASSF10;GPER1;SERPINF1;HEY2;BHLHE41;DLL1;CX3CL1
GO_Biological_Process_2023,ATP Transport (GO:0015867),2/13,0.8012397558438441,0.9999963846351302,0,0,0.6684391883268813,0.1481228194014937,CR1;SLC25A25
GO_Biological_Process_2023,T Cell Differentiation In Thymus (GO:0033077),2/13,0.8012397558438441,0.9999963846351302,0,0,0.6684391883268813,0.1481228194014937,ZFP36L2;RAG1
GO_Biological_Process_2023,Acute-Phase Response (GO:0006953),2/13,0.8012397558438441,0.9999963846351302,0,0,0.6684391883268813,0.1481228194014937,IL6;IL6R
GO_Biological_Process_2023,Atrial Septum Development (GO:0003283),2/13,0.8012397558438441,0.9999963846351302,0,0,0.6684391883268813,0.1481228194014937,HEY2;NPHP3
GO_Biological_Process_2023,Cellular Response To Interleukin-4 (GO:0071353),2/13,0.8012397558438441,0.9999963846351302,0,0,0.6684391883268813,0.1481228194014937,STAT5A;TCF7
GO_Biological_Process_2023,Cytoplasmic Sequestering Of Protein (GO:0051220),2/13,0.8012397558438441,0.9999963846351302,0,0,0.6684391883268813,0.1481228194014937,PTPRM;PKD2
GO_Biological_Process_2023,Endolysosomal Toll-Like Receptor Signaling Pathway (GO:0140894),2/13,0.8012397558438441,0.9999963846351302,0,0,0.6684391883268813,0.1481228194014937,SCARA3;RFTN1
GO_Biological_Process_2023,Ether Lipid Metabolic Process (GO:0046485),2/13,0.8012397558438441,0.9999963846351302,0,0,0.6684391883268813,0.1481228194014937,LIPE;PLAAT3
GO_Biological_Process_2023,Immune Response-Regulating Cell Surface Receptor Signaling Pathway (GO:0002768),2/13,0.8012397558438441,0.9999963846351302,0,0,0.6684391883268813,0.1481228194014937,PIGR;KIT
GO_Biological_Process_2023,Negative Regulation Of Lyase Activity (GO:0051350),2/13,0.8012397558438441,0.9999963846351302,0,0,0.6684391883268813,0.1481228194014937,EDNRB;PALM
GO_Biological_Process_2023,Neuromuscular Process Controlling Balance (GO:0050885),2/13,0.8012397558438441,0.9999963846351302,0,0,0.6684391883268813,0.1481228194014937,NRXN1;PCDH15
GO_Biological_Process_2023,Plasma Membrane Tubulation (GO:0097320),2/13,0.8012397558438441,0.9999963846351302,0,0,0.6684391883268813,0.1481228194014937,EHD2;CAVIN2
GO_Biological_Process_2023,Positive Regulation Of Brown Fat Cell Differentiation (GO:0090336),2/13,0.8012397558438441,0.9999963846351302,0,0,0.6684391883268813,0.1481228194014937,FNDC5;PTGS2
GO_Biological_Process_2023,Positive Regulation Of Type 2 Immune Response (GO:0002830),2/13,0.8012397558438441,0.9999963846351302,0,0,0.6684391883268813,0.1481228194014937,IL6;NLRP3
GO_Biological_Process_2023,Regulation Of Gastrulation (GO:0010470),2/13,0.8012397558438441,0.9999963846351302,0,0,0.6684391883268813,0.1481228194014937,PHLDB1;PHLDB2
GO_Biological_Process_2023,Regulation Of Humoral Immune Response (GO:0002920),2/13,0.8012397558438441,0.9999963846351302,0,0,0.6684391883268813,0.1481228194014937,CFH;SPNS2
GO_Biological_Process_2023,Regulation Of Lamellipodium Organization (GO:1902743),2/13,0.8012397558438441,0.9999963846351302,0,0,0.6684391883268813,0.1481228194014937,DMTN;EPHA2
GO_Biological_Process_2023,Regulation Of Myoblast Fusion (GO:1901739),2/13,0.8012397558438441,0.9999963846351302,0,0,0.6684391883268813,0.1481228194014937,EHD2;SCGB3A1
GO_Biological_Process_2023,Regulation Of Nitrogen Compound Metabolic Process (GO:0051171),2/13,0.8012397558438441,0.9999963846351302,0,0,0.6684391883268813,0.1481228194014937,PM20D2;ALDH2
GO_Biological_Process_2023,Regulation Of Response To Endoplasmic Reticulum Stress (GO:1905897),2/13,0.8012397558438441,0.9999963846351302,0,0,0.6684391883268813,0.1481228194014937,NR1H3;CLU
GO_Biological_Process_2023,Response To UV-A (GO:0070141),2/13,0.8012397558438441,0.9999963846351302,0,0,0.6684391883268813,0.1481228194014937,MME;EGFR
GO_Biological_Process_2023,Response To Nerve Growth Factor (GO:1990089),2/13,0.8012397558438441,0.9999963846351302,0,0,0.6684391883268813,0.1481228194014937,NTRK3;STMN2
GO_Biological_Process_2023,Synaptic Vesicle Localization (GO:0097479),2/13,0.8012397558438441,0.9999963846351302,0,0,0.6684391883268813,0.1481228194014937,NLGN1;KIF5A
GO_Biological_Process_2023,Regulation Of Intracellular Signal Transduction (GO:1902531),58/297,0.8028482965003051,0.9999963846351302,0,0,0.8909118323344265,0.1956348871957363,FLT4;LRRK2;RASGRF2;ITSN1;FAM13A;FGF1;ARHGAP6;SLC6A2;PREX2;AKAP12;ARHGAP40;KDR;CAPN3;ARHGEF40;PPP1R16B;ARHGEF10;MYOC;ARHGEF15;VWF;DAPK2;USP2;PLEKHG6;SEZ6L;MOB3B;MRAP;OBSCN;RGN;ARHGEF4;RHOU;SGK1;OPTN;RAPGEF3;NLGN1;ARHGEF25;ARHGEF28;AKAP7;AKAP6;PRDM11;EGFR;GNAI1;FGD5;ARHGAP20;RRAS;PLCG2;PIP5K1B;GPAT3;PAK3;NTRK2;NTRK3;PDE2A;DAB2IP;ARHGAP29;ARHGAP26;GDF5;BST1;ARHGAP31;TEK;NOP53
GO_Biological_Process_2023,O-glycan Processing (GO:0016266),7/41,0.8036336480816344,0.9999963846351302,0,0,0.7566863709644083,0.1654205508552822,GALNT12;B3GNT3;GCNT4;C1GALT1C1L;CHST4;GALNT8;ST3GAL3
GO_Biological_Process_2023,Stem Cell Differentiation (GO:0048863),7/41,0.8036336480816344,0.9999963846351302,0,0,0.7566863709644083,0.1654205508552822,GPM6A;MEF2C;SFRP1;KIT;HOXB4;FOXO4;MEOX1
GO_Biological_Process_2023,N-glycan Processing (GO:0006491),3/19,0.8053343694358908,0.9999963846351302,0,0,0.6892698338403932,0.1492253489009048,ST8SIA1;ST8SIA2;MAN1A1
GO_Biological_Process_2023,NADP Metabolic Process (GO:0006739),3/19,0.8053343694358908,0.9999963846351302,0,0,0.6892698338403932,0.1492253489009048,KRT17;ME1;FMO2
GO_Biological_Process_2023,Cellular Response To Lectin (GO:1990858),3/19,0.8053343694358908,0.9999963846351302,0,0,0.6892698338403932,0.1492253489009048,PLCG2;FYN;PAK3
GO_Biological_Process_2023,Chondroitin Sulfate Proteoglycan Biosynthetic Process (GO:0050650),3/19,0.8053343694358908,0.9999963846351302,0,0,0.6892698338403932,0.1492253489009048,CHST9;CHST7;CHST3
GO_Biological_Process_2023,Ganglioside Metabolic Process (GO:0001573),3/19,0.8053343694358908,0.9999963846351302,0,0,0.6892698338403932,0.1492253489009048,ST8SIA2;ST6GALNAC3;ST6GALNAC6
GO_Biological_Process_2023,Negative Regulation Of Leukocyte Cell-Cell Adhesion (GO:1903038),3/19,0.8053343694358908,0.9999963846351302,0,0,0.6892698338403932,0.1492253489009048,CTSG;PPARA;ASS1
GO_Biological_Process_2023,Phosphatidylcholine Biosynthetic Process (GO:0006656),3/19,0.8053343694358908,0.9999963846351302,0,0,0.6892698338403932,0.1492253489009048,PCYT1B;SLC27A1;LCAT
GO_Biological_Process_2023,piRNA Processing (GO:0034587),3/19,0.8053343694358908,0.9999963846351302,0,0,0.6892698338403932,0.1492253489009048,PIWIL4;ANKRD34C;TDRD9
GO_Biological_Process_2023,Positive Regulation Of Axon Extension (GO:0045773),3/19,0.8053343694358908,0.9999963846351302,0,0,0.6892698338403932,0.1492253489009048,SEMA5A;ISLR2;L1CAM
GO_Biological_Process_2023,Positive Regulation Of Mitochondrial Fission (GO:0090141),3/19,0.8053343694358908,0.9999963846351302,0,0,0.6892698338403932,0.1492253489009048,PRKN;KDR;DCN
GO_Biological_Process_2023,Protein Heterooligomerization (GO:0051291),3/19,0.8053343694358908,0.9999963846351302,0,0,0.6892698338403932,0.1492253489009048,KCNC2;PKD2;GRIN2B
GO_Biological_Process_2023,Purine Ribonucleotide Transport (GO:0015868),3/19,0.8053343694358908,0.9999963846351302,0,0,0.6892698338403932,0.1492253489009048,ABCC6;LRRC8C;SLC25A25
GO_Biological_Process_2023,Regulation Of Behavior (GO:0050795),3/19,0.8053343694358908,0.9999963846351302,0,0,0.6892698338403932,0.1492253489009048,RELN;LEPR;CNTNAP4
GO_Biological_Process_2023,Sphingosine Metabolic Process (GO:0006670),3/19,0.8053343694358908,0.9999963846351302,0,0,0.6892698338403932,0.1492253489009048,ACER2;PLPP3;PLPP1
GO_Biological_Process_2023,Stimulatory C-type Lectin Receptor Signaling Pathway (GO:0002223),3/19,0.8053343694358908,0.9999963846351302,0,0,0.6892698338403932,0.1492253489009048,PLCG2;FYN;PAK3
GO_Biological_Process_2023,Vesicle Docking (GO:0048278),3/19,0.8053343694358908,0.9999963846351302,0,0,0.6892698338403932,0.1492253489009048,STX1B;STX19;STX11
GO_Biological_Process_2023,Negative Regulation Of Protein Phosphorylation (GO:0001933),28/149,0.8076674522252588,0.9999963846351302,0,0,0.849955642713732,0.1815546681433666,PRKN;PID1;LRP1;LRRK2;GSTP1;FBLN1;PPM1F;KLHL31;NTF3;SIRPA;INPP5K;DMD;SLIT2;SH3GL2;SNCA;NIBAN1;PRNP;DMTN;CAV3;CAV1;NTRK3;NOG;DAB2IP;MLXIPL;SFRP1;SPRY2;PPARG;PLPP3
GO_Biological_Process_2023,Cellular Response To Tumor Necrosis Factor (GO:0071356),22/119,0.8104592198890602,0.9999963846351302,0,0,0.8331612696843238,0.1750923849503302,CCL14;CCL13;CCL24;CCL23;PID1;CCL21;LRRK2;DAB2IP;TNFRSF1B;YBX3;ZFP36L2;CX3CL1;CRHBP;ZFP36;SFRP1;CCL8;HYAL1;GPER1;INPP5K;CCL2;CCL18;CCL16
GO_Biological_Process_2023,Protein Destabilization (GO:0031648),6/36,0.812247840535585,0.9999963846351302,0,0,0.7350819672131148,0.1528601209093344,PRKN;PRNP;GSN;SOX17;CAPN3;SNCA
GO_Biological_Process_2023,Inner Ear Morphogenesis (GO:0042472),4/25,0.8137439606972636,0.9999963846351302,0,0,0.7001515962190119,0.1443079003619289,TMIE;MYO3A;SOBP;TBX18
GO_Biological_Process_2023,Negative Regulation Of Response To Endoplasmic Reticulum Stress (GO:1903573),4/25,0.8137439606972636,0.9999963846351302,0,0,0.7001515962190119,0.1443079003619289,PRKN;LRRK2;NR1H3;CLU
GO_Biological_Process_2023,Phosphatidylethanolamine Metabolic Process (GO:0046337),4/25,0.8137439606972636,0.9999963846351302,0,0,0.7001515962190119,0.1443079003619289,SLC27A1;PLA2G2A;PLAAT3;PLAAT5
GO_Biological_Process_2023,Proteoglycan Metabolic Process (GO:0006029),4/25,0.8137439606972636,0.9999963846351302,0,0,0.7001515962190119,0.1443079003619289,CHST9;IGF1;CNMD;HS3ST4
GO_Biological_Process_2023,Regulation Of Hippo Signaling (GO:0035330),4/25,0.8137439606972636,0.9999963846351302,0,0,0.7001515962190119,0.1443079003619289,ARRDC3;WTIP;FRMD1;MOB3B
GO_Biological_Process_2023,Response To dsRNA (GO:0043331),4/25,0.8137439606972636,0.9999963846351302,0,0,0.7001515962190119,0.1443079003619289,IFNE;RFTN1;IRAK3;TLR3
GO_Biological_Process_2023,ADP Transport (GO:0015866),1/7,0.8143865619964551,0.9999963846351302,0,0,0.6127875243664718,0.125817616504634,SLC25A25
GO_Biological_Process_2023,NADH Metabolic Process (GO:0006734),1/7,0.8143865619964551,0.9999963846351302,0,0,0.6127875243664718,0.125817616504634,ME1
GO_Biological_Process_2023,TRIF-dependent Toll-Like Receptor Signaling Pathway (GO:0035666),1/7,0.8143865619964551,0.9999963846351302,0,0,0.6127875243664718,0.125817616504634,TLR4
GO_Biological_Process_2023,U4 snRNA 3'-End Processing (GO:0034475),1/7,0.8143865619964551,0.9999963846351302,0,0,0.6127875243664718,0.125817616504634,EXOSC7
GO_Biological_Process_2023,Adenylate Cyclase-Inhibiting G Protein-Coupled Acetylcholine Receptor Signaling Pathway (GO:0007197),1/7,0.8143865619964551,0.9999963846351302,0,0,0.6127875243664718,0.125817616504634,CHRM2
GO_Biological_Process_2023,Alditol Metabolic Process (GO:0019400),1/7,0.8143865619964551,0.9999963846351302,0,0,0.6127875243664718,0.125817616504634,GCK
GO_Biological_Process_2023,Amine Transport (GO:0015837),1/7,0.8143865619964551,0.9999963846351302,0,0,0.6127875243664718,0.125817616504634,RHCG
GO_Biological_Process_2023,Amino Sugar Catabolic Process (GO:0046348),1/7,0.8143865619964551,0.9999963846351302,0,0,0.6127875243664718,0.125817616504634,HOGA1
GO_Biological_Process_2023,Anterograde Axonal Protein Transport (GO:0099641),1/7,0.8143865619964551,0.9999963846351302,0,0,0.6127875243664718,0.125817616504634,KIF5A
GO_Biological_Process_2023,Arginine Catabolic Process (GO:0006527),1/7,0.8143865619964551,0.9999963846351302,0,0,0.6127875243664718,0.125817616504634,NOS1
GO_Biological_Process_2023,Aromatic Amino Acid Transport (GO:0015801),1/7,0.8143865619964551,0.9999963846351302,0,0,0.6127875243664718,0.125817616504634,SLC38A3
GO_Biological_Process_2023,Axo-Dendritic Protein Transport (GO:0099640),1/7,0.8143865619964551,0.9999963846351302,0,0,0.6127875243664718,0.125817616504634,KIF5A
GO_Biological_Process_2023,Benzene-Containing Compound Metabolic Process (GO:0042537),1/7,0.8143865619964551,0.9999963846351302,0,0,0.6127875243664718,0.125817616504634,CYP2E1
GO_Biological_Process_2023,"Blood Coagulation, Intrinsic Pathway (GO:0007597)",1/7,0.8143865619964551,0.9999963846351302,0,0,0.6127875243664718,0.125817616504634,F8
GO_Biological_Process_2023,Cardiolipin Biosynthetic Process (GO:0032049),1/7,0.8143865619964551,0.9999963846351302,0,0,0.6127875243664718,0.125817616504634,SLC27A1
GO_Biological_Process_2023,Cell Migration Involved In Heart Development (GO:0060973),1/7,0.8143865619964551,0.9999963846351302,0,0,0.6127875243664718,0.125817616504634,FOLR1
GO_Biological_Process_2023,Cellular Modified Amino Acid Biosynthetic Process (GO:0042398),1/7,0.8143865619964551,0.9999963846351302,0,0,0.6127875243664718,0.125817616504634,SLC27A1
GO_Biological_Process_2023,Cellular Response To Epinephrine Stimulus (GO:0071872),1/7,0.8143865619964551,0.9999963846351302,0,0,0.6127875243664718,0.125817616504634,SNCA
GO_Biological_Process_2023,Cellular Response To Interferon-Alpha (GO:0035457),1/7,0.8143865619964551,0.9999963846351302,0,0,0.6127875243664718,0.125817616504634,GAS6
GO_Biological_Process_2023,Cellular Response To Interleukin-2 (GO:0071352),1/7,0.8143865619964551,0.9999963846351302,0,0,0.6127875243664718,0.125817616504634,STAT5A
GO_Biological_Process_2023,Cobalamin Metabolic Process (GO:0009235),1/7,0.8143865619964551,0.9999963846351302,0,0,0.6127875243664718,0.125817616504634,CUBN
GO_Biological_Process_2023,Coronary Vasculature Morphogenesis (GO:0060977),1/7,0.8143865619964551,0.9999963846351302,0,0,0.6127875243664718,0.125817616504634,TGFBR3
GO_Biological_Process_2023,Cyclic Nucleotide Transport (GO:0070729),1/7,0.8143865619964551,0.9999963846351302,0,0,0.6127875243664718,0.125817616504634,LRRC8C
GO_Biological_Process_2023,Dendritic Spine Maintenance (GO:0097062),1/7,0.8143865619964551,0.9999963846351302,0,0,0.6127875243664718,0.125817616504634,PRNP
GO_Biological_Process_2023,Establishment Of Centrosome Localization (GO:0051660),1/7,0.8143865619964551,0.9999963846351302,0,0,0.6127875243664718,0.125817616504634,PARD3B
GO_Biological_Process_2023,Fatty Acid Alpha-Oxidation (GO:0001561),1/7,0.8143865619964551,0.9999963846351302,0,0,0.6127875243664718,0.125817616504634,HAO2
GO_Biological_Process_2023,Hair Cell Differentiation (GO:0035315),1/7,0.8143865619964551,0.9999963846351302,0,0,0.6127875243664718,0.125817616504634,SPINK5
GO_Biological_Process_2023,Interleukin-2-Mediated Signaling Pathway (GO:0038110),1/7,0.8143865619964551,0.9999963846351302,0,0,0.6127875243664718,0.125817616504634,STAT5A
GO_Biological_Process_2023,Kidney Epithelium Development (GO:0072073),1/7,0.8143865619964551,0.9999963846351302,0,0,0.6127875243664718,0.125817616504634,KANK2
GO_Biological_Process_2023,Kidney Mesenchyme Development (GO:0072074),1/7,0.8143865619964551,0.9999963846351302,0,0,0.6127875243664718,0.125817616504634,PKD2
GO_Biological_Process_2023,Leukocyte Aggregation (GO:0070486),1/7,0.8143865619964551,0.9999963846351302,0,0,0.6127875243664718,0.125817616504634,JAM2
GO_Biological_Process_2023,Lipoxygenase Pathway (GO:0019372),1/7,0.8143865619964551,0.9999963846351302,0,0,0.6127875243664718,0.125817616504634,HPGD
GO_Biological_Process_2023,Methionine Metabolic Process (GO:0006555),1/7,0.8143865619964551,0.9999963846351302,0,0,0.6127875243664718,0.125817616504634,MSRA
GO_Biological_Process_2023,Mitral Valve Development (GO:0003174),1/7,0.8143865619964551,0.9999963846351302,0,0,0.6127875243664718,0.125817616504634,AXIN2
GO_Biological_Process_2023,Myeloid Leukocyte Mediated Immunity (GO:0002444),1/7,0.8143865619964551,0.9999963846351302,0,0,0.6127875243664718,0.125817616504634,IL6
GO_Biological_Process_2023,Natural Killer Cell Differentiation (GO:0001779),1/7,0.8143865619964551,0.9999963846351302,0,0,0.6127875243664718,0.125817616504634,NFIL3
GO_Biological_Process_2023,Negative Regulation Of RNA Catabolic Process (GO:1902369),1/7,0.8143865619964551,0.9999963846351302,0,0,0.6127875243664718,0.125817616504634,PKP1
GO_Biological_Process_2023,Negative Regulation Of T Cell Apoptotic Process (GO:0070233),1/7,0.8143865619964551,0.9999963846351302,0,0,0.6127875243664718,0.125817616504634,PIP
GO_Biological_Process_2023,Negative Regulation Of Actin Nucleation (GO:0051126),1/7,0.8143865619964551,0.9999963846351302,0,0,0.6127875243664718,0.125817616504634,GMFG
GO_Biological_Process_2023,Negative Regulation Of Amyloid-Beta Clearance (GO:1900222),1/7,0.8143865619964551,0.9999963846351302,0,0,0.6127875243664718,0.125817616504634,MYOCD
GO_Biological_Process_2023,Negative Regulation Of cAMP-dependent Protein Kinase Activity (GO:2000480),1/7,0.8143865619964551,0.9999963846351302,0,0,0.6127875243664718,0.125817616504634,PRKAR2B
GO_Biological_Process_2023,Negative Regulation Of Inflammatory Response To Wounding (GO:0106015),1/7,0.8143865619964551,0.9999963846351302,0,0,0.6127875243664718,0.125817616504634,IL33
GO_Biological_Process_2023,Negative Regulation Of Keratinocyte Proliferation (GO:0010839),1/7,0.8143865619964551,0.9999963846351302,0,0,0.6127875243664718,0.125817616504634,KLF9
GO_Biological_Process_2023,Negative Regulation Of Lipid Kinase Activity (GO:0090219),1/7,0.8143865619964551,0.9999963846351302,0,0,0.6127875243664718,0.125817616504634,PIK3IP1
GO_Biological_Process_2023,Negative Regulation Of Macrophage Migration (GO:1905522),1/7,0.8143865619964551,0.9999963846351302,0,0,0.6127875243664718,0.125817616504634,CD200
GO_Biological_Process_2023,Negative Regulation Of miRNA-mediated Gene Silencing (GO:0060965),1/7,0.8143865619964551,0.9999963846351302,0,0,0.6127875243664718,0.125817616504634,PPARG
GO_Biological_Process_2023,Negative Regulation Of Mitochondrial Fusion (GO:0010637),1/7,0.8143865619964551,0.9999963846351302,0,0,0.6127875243664718,0.125817616504634,PRKN
GO_Biological_Process_2023,Negative Regulation Of Neural Precursor Cell Proliferation (GO:2000178),1/7,0.8143865619964551,0.9999963846351302,0,0,0.6127875243664718,0.125817616504634,PTN
GO_Biological_Process_2023,Negative Regulation Of Striated Muscle Cell Apoptotic Process (GO:0010664),1/7,0.8143865619964551,0.9999963846351302,0,0,0.6127875243664718,0.125817616504634,HAND2
GO_Biological_Process_2023,Neuron Fate Specification (GO:0048665),1/7,0.8143865619964551,0.9999963846351302,0,0,0.6127875243664718,0.125817616504634,DLL1
GO_Biological_Process_2023,Norepinephrine Metabolic Process (GO:0042415),1/7,0.8143865619964551,0.9999963846351302,0,0,0.6127875243664718,0.125817616504634,RNF180
GO_Biological_Process_2023,Peroxisome Proliferator Activated Receptor Signaling Pathway (GO:0035357),1/7,0.8143865619964551,0.9999963846351302,0,0,0.6127875243664718,0.125817616504634,PPARG
GO_Biological_Process_2023,Plasma Membrane Phospholipid Scrambling (GO:0017121),1/7,0.8143865619964551,0.9999963846351302,0,0,0.6127875243664718,0.125817616504634,PLSCR4
GO_Biological_Process_2023,Positive Regulation Of Arp2/3 Complex-Mediated Actin Nucleation (GO:2000601),1/7,0.8143865619964551,0.9999963846351302,0,0,0.6127875243664718,0.125817616504634,WASF3
GO_Biological_Process_2023,Positive Regulation Of Adipose Tissue Development (GO:1904179),1/7,0.8143865619964551,0.9999963846351302,0,0,0.6127875243664718,0.125817616504634,PPARG
GO_Biological_Process_2023,Positive Regulation Of Aspartic-Type Peptidase Activity (GO:1905247),1/7,0.8143865619964551,0.9999963846351302,0,0,0.6127875243664718,0.125817616504634,EPHA4
GO_Biological_Process_2023,Positive Regulation Of Astrocyte Differentiation (GO:0048711),1/7,0.8143865619964551,0.9999963846351302,0,0,0.6127875243664718,0.125817616504634,BMP2
GO_Biological_Process_2023,Positive Regulation Of Attachment Of Mitotic Spindle Microtubules To Kinetochore (GO:1902425),1/7,0.8143865619964551,0.9999963846351302,0,0,0.6127875243664718,0.125817616504634,KAT2B
GO_Biological_Process_2023,Positive Regulation Of Cardiac Epithelial To Mesenchymal Transition (GO:0062043),1/7,0.8143865619964551,0.9999963846351302,0,0,0.6127875243664718,0.125817616504634,TGFBR2
GO_Biological_Process_2023,Positive Regulation Of Execution Phase Of Apoptosis (GO:1900119),1/7,0.8143865619964551,0.9999963846351302,0,0,0.6127875243664718,0.125817616504634,PTGIS
GO_Biological_Process_2023,Positive Regulation Of Leukocyte Differentiation (GO:1902107),1/7,0.8143865619964551,0.9999963846351302,0,0,0.6127875243664718,0.125817616504634,LGALS3
GO_Biological_Process_2023,Positive Regulation Of Melanin Biosynthetic Process (GO:0048023),1/7,0.8143865619964551,0.9999963846351302,0,0,0.6127875243664718,0.125817616504634,ZEB2
GO_Biological_Process_2023,Positive Regulation Of Myotube Differentiation (GO:0010831),1/7,0.8143865619964551,0.9999963846351302,0,0,0.6127875243664718,0.125817616504634,SMYD1
GO_Biological_Process_2023,Positive Regulation Of Natural Killer Cell Proliferation (GO:0032819),1/7,0.8143865619964551,0.9999963846351302,0,0,0.6127875243664718,0.125817616504634,HLA-E
GO_Biological_Process_2023,Positive Regulation Of Neuron Projection Arborization (GO:0150012),1/7,0.8143865619964551,0.9999963846351302,0,0,0.6127875243664718,0.125817616504634,FZD4
GO_Biological_Process_2023,Positive Regulation Of Plasminogen Activation (GO:0010756),1/7,0.8143865619964551,0.9999963846351302,0,0,0.6127875243664718,0.125817616504634,CLEC3B
GO_Biological_Process_2023,Positive Regulation Of Secondary Metabolite Biosynthetic Process (GO:1900378),1/7,0.8143865619964551,0.9999963846351302,0,0,0.6127875243664718,0.125817616504634,ZEB2
GO_Biological_Process_2023,"Positive Regulation Of Synaptic Transmission, GABAergic (GO:0032230)",1/7,0.8143865619964551,0.9999963846351302,0,0,0.6127875243664718,0.125817616504634,NLGN1
GO_Biological_Process_2023,Postsynapse Organization (GO:0099173),1/7,0.8143865619964551,0.9999963846351302,0,0,0.6127875243664718,0.125817616504634,CHRNA7
GO_Biological_Process_2023,Protein K27-linked Ubiquitination (GO:0044314),1/7,0.8143865619964551,0.9999963846351302,0,0,0.6127875243664718,0.125817616504634,PRKN
GO_Biological_Process_2023,Protein Localization To Nucleolus (GO:1902570),1/7,0.8143865619964551,0.9999963846351302,0,0,0.6127875243664718,0.125817616504634,PINX1
GO_Biological_Process_2023,Protein Localization To Presynapse (GO:1905383),1/7,0.8143865619964551,0.9999963846351302,0,0,0.6127875243664718,0.125817616504634,KIF5A
GO_Biological_Process_2023,Protein Retention In ER Lumen (GO:0006621),1/7,0.8143865619964551,0.9999963846351302,0,0,0.6127875243664718,0.125817616504634,PDIA2
GO_Biological_Process_2023,Purine Ribonucleoside Monophosphate Catabolic Process (GO:0009169),1/7,0.8143865619964551,0.9999963846351302,0,0,0.6127875243664718,0.125817616504634,NT5E
GO_Biological_Process_2023,Regulation Of ATPase-coupled Calcium Transmembrane Transporter Activity (GO:1901894),1/7,0.8143865619964551,0.9999963846351302,0,0,0.6127875243664718,0.125817616504634,PLN
GO_Biological_Process_2023,Regulation Of Golgi To Plasma Membrane Protein Transport (GO:0042996),1/7,0.8143865619964551,0.9999963846351302,0,0,0.6127875243664718,0.125817616504634,PKDCC
GO_Biological_Process_2023,Regulation Of T-helper 2 Cell Differentiation (GO:0045628),1/7,0.8143865619964551,0.9999963846351302,0,0,0.6127875243664718,0.125817616504634,NLRP3
GO_Biological_Process_2023,Regulation Of Attachment Of Mitotic Spindle Microtubules To Kinetochore (GO:1902423),1/7,0.8143865619964551,0.9999963846351302,0,0,0.6127875243664718,0.125817616504634,KAT2B
GO_Biological_Process_2023,Regulation Of Carbohydrate Biosynthetic Process (GO:0043255),1/7,0.8143865619964551,0.9999963846351302,0,0,0.6127875243664718,0.125817616504634,PDK2
GO_Biological_Process_2023,Regulation Of Chemokine-Mediated Signaling Pathway (GO:0070099),1/7,0.8143865619964551,0.9999963846351302,0,0,0.6127875243664718,0.125817616504634,SLIT2
GO_Biological_Process_2023,Regulation Of Dendritic Cell Chemotaxis (GO:2000508),1/7,0.8143865619964551,0.9999963846351302,0,0,0.6127875243664718,0.125817616504634,GAS6
GO_Biological_Process_2023,Regulation Of Dopamine Metabolic Process (GO:0042053),1/7,0.8143865619964551,0.9999963846351302,0,0,0.6127875243664718,0.125817616504634,PRKN
GO_Biological_Process_2023,Regulation Of Establishment Of Protein Localization To Mitochondrion (GO:1903747),1/7,0.8143865619964551,0.9999963846351302,0,0,0.6127875243664718,0.125817616504634,PRKN
GO_Biological_Process_2023,Regulation Of Hydrogen Peroxide-Induced Cell Death (GO:1903205),1/7,0.8143865619964551,0.9999963846351302,0,0,0.6127875243664718,0.125817616504634,LRRK2
GO_Biological_Process_2023,Regulation Of Leukocyte Degranulation (GO:0043300),1/7,0.8143865619964551,0.9999963846351302,0,0,0.6127875243664718,0.125817616504634,FES
GO_Biological_Process_2023,Regulation Of Leukocyte Proliferation (GO:0070663),1/7,0.8143865619964551,0.9999963846351302,0,0,0.6127875243664718,0.125817616504634,GSTP1
GO_Biological_Process_2023,Regulation Of Lipoprotein Metabolic Process (GO:0050746),1/7,0.8143865619964551,0.9999963846351302,0,0,0.6127875243664718,0.125817616504634,ITGB3
GO_Biological_Process_2023,Regulation Of Lymphocyte Apoptotic Process (GO:0070228),1/7,0.8143865619964551,0.9999963846351302,0,0,0.6127875243664718,0.125817616504634,LGALS3
GO_Biological_Process_2023,Regulation Of Microvillus Organization (GO:0032530),1/7,0.8143865619964551,0.9999963846351302,0,0,0.6127875243664718,0.125817616504634,PLD1
GO_Biological_Process_2023,Regulation Of Myeloid Leukocyte Differentiation (GO:0002761),1/7,0.8143865619964551,0.9999963846351302,0,0,0.6127875243664718,0.125817616504634,PRXL2A
GO_Biological_Process_2023,Regulation Of Oxidative Stress-Induced Cell Death (GO:1903201),1/7,0.8143865619964551,0.9999963846351302,0,0,0.6127875243664718,0.125817616504634,PRKN
GO_Biological_Process_2023,Regulation Of Protein Localization To Nucleolus (GO:1904749),1/7,0.8143865619964551,0.9999963846351302,0,0,0.6127875243664718,0.125817616504634,PINX1
GO_Biological_Process_2023,Regulation Of Skeletal Muscle Fiber Development (GO:0048742),1/7,0.8143865619964551,0.9999963846351302,0,0,0.6127875243664718,0.125817616504634,MYF6
GO_Biological_Process_2023,Regulation Of Transcription From RNA Polymerase II Promoter In Response To Hypoxia (GO:0061418),1/7,0.8143865619964551,0.9999963846351302,0,0,0.6127875243664718,0.125817616504634,STOX1
GO_Biological_Process_2023,Regulation Of Triglyceride Metabolic Process (GO:0090207),1/7,0.8143865619964551,0.9999963846351302,0,0,0.6127875243664718,0.125817616504634,CIDEC
GO_Biological_Process_2023,Regulation Of Vascular Wound Healing (GO:0061043),1/7,0.8143865619964551,0.9999963846351302,0,0,0.6127875243664718,0.125817616504634,SMOC2
GO_Biological_Process_2023,Response To UV-C (GO:0010225),1/7,0.8143865619964551,0.9999963846351302,0,0,0.6127875243664718,0.125817616504634,DCUN1D3
GO_Biological_Process_2023,Response To Epinephrine (GO:0071871),1/7,0.8143865619964551,0.9999963846351302,0,0,0.6127875243664718,0.125817616504634,SNCA
GO_Biological_Process_2023,Stress-Induced Premature Senescence (GO:0090400),1/7,0.8143865619964551,0.9999963846351302,0,0,0.6127875243664718,0.125817616504634,PLA2R1
GO_Biological_Process_2023,Sulfur Amino Acid Biosynthetic Process (GO:0000097),1/7,0.8143865619964551,0.9999963846351302,0,0,0.6127875243664718,0.125817616504634,CDO1
GO_Biological_Process_2023,tRNA Surveillance (GO:0106354),1/7,0.8143865619964551,0.9999963846351302,0,0,0.6127875243664718,0.125817616504634,EXOSC7
GO_Biological_Process_2023,Thyroid Gland Development (GO:0030878),1/7,0.8143865619964551,0.9999963846351302,0,0,0.6127875243664718,0.125817616504634,HOXD3
GO_Biological_Process_2023,Thyroid Hormone Transport (GO:0070327),1/7,0.8143865619964551,0.9999963846351302,0,0,0.6127875243664718,0.125817616504634,SLCO1C1
GO_Biological_Process_2023,Tryptophan Metabolic Process (GO:0006568),1/7,0.8143865619964551,0.9999963846351302,0,0,0.6127875243664718,0.125817616504634,HAAO
GO_Biological_Process_2023,Cognition (GO:0050890),8/47,0.8165276683271063,0.9999963846351302,0,0,0.7538509600365271,0.1528014288290378,LHCGR;CUX2;PTCHD1;CHRNA7;FAM107A;MGAT3;SOBP;SHROOM4
GO_Biological_Process_2023,Neuron Development (GO:0048666),28/150,0.8187574154299458,0.9999963846351302,0,0,0.8429347658300145,0.1685595030459428,ALK;GPM6A;TENM1;BTG2;TENM2;NLGN1;TENM3;TNXB;STMN2;PTPRM;ATCAY;MAP2;DMD;RAB6B;SH3GL2;EPHA5;LGI1;NTRK2;MEF2C;MYOC;LGI4;L1CAM;RP1L1;IL6;ADGRF1;NOVA2;CNTN4;B4GALT6
GO_Biological_Process_2023,Negative Regulation Of Cell Growth (GO:0030308),23/125,0.8217079914909958,0.9999963846351302,0,0,0.8282642471519527,0.1626464063694517,ACVRL1;PTPRS;CDKN2C;NPR1;DCUN1D3;FHL1;JADE1;SEMA3G;NRG1;PRDM11;ESR2;SFRP1;WNT11;SOX17;BCL6;MAP2;HYAL1;MYL2;SCGB3A1;CCN3;OSTN;MSX1;SLIT2
GO_Biological_Process_2023,Eye Development (GO:0001654),10/58,0.8229558360093732,0.9999963846351302,0,0,0.7655493045788404,0.1491693810912499,FOXC1;MEIS1;EFEMP1;ADAMTS18;MAB21L1;SMOC1;CPAMD8;MEIS3P1;CHRDL1;MEIS2
GO_Biological_Process_2023,Actin Filament Polymerization (GO:0030041),5/31,0.8233311806069946,0.9999963846351302,0,0,0.7068241989806027,0.1374043289967765,GSN;FAM107A;ANG;ARHGAP6;WASF3
GO_Biological_Process_2023,Negative Regulation Of Microtubule Polymerization Or Depolymerization (GO:0031111),5/31,0.8233311806069946,0.9999963846351302,0,0,0.7068241989806027,0.1374043289967765,CDH5;NAV3;MAP2;STMN2;SNCA
GO_Biological_Process_2023,Phospholipid Translocation (GO:0045332),5/31,0.8233311806069946,0.9999963846351302,0,0,0.7068241989806027,0.1374043289967765,ATP8B4;ABCB1;ATP8A1;PLSCR4;ANO6
GO_Biological_Process_2023,Positive Regulation Of Proteolysis Involved In Protein Catabolic Process (GO:1903052),5/31,0.8233311806069946,0.9999963846351302,0,0,0.7068241989806027,0.1374043289967765,PRKN;CAV3;ECSCR;DAB2IP;CLU
GO_Biological_Process_2023,Regulation Of Gluconeogenesis (GO:0006111),5/31,0.8233311806069946,0.9999963846351302,0,0,0.7068241989806027,0.1374043289967765,NNMT;PPARGC1A;FOXO1;PDK2;GCK
GO_Biological_Process_2023,Regulation Of Protein Localization To Cell Surface (GO:2000008),5/31,0.8233311806069946,0.9999963846351302,0,0,0.7068241989806027,0.1374043289967765,RIC3;CAV3;EGF;GPM6B;TMEM35A
GO_Biological_Process_2023,Regulation Of Transmembrane Receptor Protein Serine/Threonine Kinase Signaling Pathway (GO:0090092),5/31,0.8233311806069946,0.9999963846351302,0,0,0.7068241989806027,0.1374043289967765,FST;LTBP4;FSTL1;FOLR1;DKK3
GO_Biological_Process_2023,Toll-Like Receptor Signaling Pathway (GO:0002224),5/31,0.8233311806069946,0.9999963846351302,0,0,0.7068241989806027,0.1374043289967765,RPS6KA3;PLCG2;IRAK3;TLR4;TLR3
GO_Biological_Process_2023,Regulation Of Osteoclast Differentiation (GO:0045670),7/42,0.8238965728530887,0.9999963846351302,0,0,0.7350199109861795,0.1423809093323189,CSF1;TMEM178A;PRXL2A;GPR55;NEDD9;TLR4;TLR3
GO_Biological_Process_2023,Regulation Of JNK Cascade (GO:0046328),20/110,0.8250205229249193,0.9999963846351302,0,0,0.816311612364244,0.1570151033229607,PRKN;CCL21;FLT4;SEMA3A;SERPINF2;DAB2IP;MTURN;EDA2R;EGFR;KLHL31;EDAR;TGFBR3;PER1;SH3RF2;MECOM;MDFIC;SIRPA;EPHB1;TLR3;MAP3K5
GO_Biological_Process_2023,Positive Regulation Of Stress-Activated MAPK Cascade (GO:0032874),19/105,0.8264780057196759,0.9999963846351302,0,0,0.8115825644219371,0.154673006724531,CCL21;FLT4;SEMA3A;SERPINF2;DAB2IP;GDF6;MID1;MTURN;EDA2R;EDAR;BMP4;SH3RF2;BMP2;HAND2;LEP;IGFBP6;TLR3;SASH1;MAP3K5
GO_Biological_Process_2023,Positive Regulation Of NIK/NF-kappaB Signaling (GO:1901224),9/53,0.828311767238656,0.9999963846351302,0,0,0.7516458231246138,0.1415842653062319,C1QTNF4;MYO1C;TCIM;NLRP3;TLR4;TLR3;EGFR;SASH1;NR3C2
GO_Biological_Process_2023,Phospholipid Metabolic Process (GO:0006644),12/69,0.8301863923500796,0.9999963846351302,0,0,0.773526217043547,0.1439571231601581,PLPPR1;PLPPR4;PLA2G2A;ENPP2;LCAT;PLAAT3;PLA2G5;PLPP3;PLD1;AGPAT2;ALOX15B;PLPP1
GO_Biological_Process_2023,Positive Regulation Of Immune Effector Process (GO:0002699),6/37,0.8330446272269826,0.9999963846351302,0,0,0.7113243181989877,0.1299362361870294,FCN1;COLEC11;FCN2;PLA2G5;CFP;PCK1
GO_Biological_Process_2023,Positive Regulation Of Receptor Signaling Pathway Via JAK-STAT (GO:0046427),6/37,0.8330446272269826,0.9999963846351302,0,0,0.7113243181989877,0.1299362361870294,GHR;GH1;IL6;LEP;KIT;PRL
GO_Biological_Process_2023,Regulation Of Cellular Component Biogenesis (GO:0044087),6/37,0.8330446272269826,0.9999963846351302,0,0,0.7113243181989877,0.1299362361870294,TIE1;DAB2IP;NRG1;CD36;SNCAIP;GFAP
GO_Biological_Process_2023,Actin Filament-Based Transport (GO:0099515),3/20,0.8333334908302668,0.9999963846351302,0,0,0.6486832505059127,0.1182688174996651,MYO1C;MYO7B;MYO1H
GO_Biological_Process_2023,Adenine Nucleotide Transport (GO:0051503),3/20,0.8333334908302668,0.9999963846351302,0,0,0.6486832505059127,0.1182688174996651,ABCC6;LRRC8C;SLC25A25
GO_Biological_Process_2023,Cellular Response To pH (GO:0071467),3/20,0.8333334908302668,0.9999963846351302,0,0,0.6486832505059127,0.1182688174996651,HYAL1;SCNN1B;GPLD1
GO_Biological_Process_2023,Intracellular Monoatomic Ion Homeostasis (GO:0006873),3/20,0.8333334908302668,0.9999963846351302,0,0,0.6486832505059127,0.1182688174996651,SLC4A1;SLC39A12;RHCG
GO_Biological_Process_2023,Negative Regulation Of Cyclin-Dependent Protein Kinase Activity (GO:1904030),3/20,0.8333334908302668,0.9999963846351302,0,0,0.6486832505059127,0.1182688174996651,CDKN1C;CEBPA;MYOCD
GO_Biological_Process_2023,Negative Regulation Of miRNA Transcription (GO:1902894),3/20,0.8333334908302668,0.9999963846351302,0,0,0.6486832505059127,0.1182688174996651,NFIB;PPARG;PPARA
GO_Biological_Process_2023,Regulation Of Meiotic Cell Cycle (GO:0051445),3/20,0.8333334908302668,0.9999963846351302,0,0,0.6486832505059127,0.1182688174996651,NPPC;DUSP1;SPATA22
GO_Biological_Process_2023,Regulation Of Necroptotic Process (GO:0060544),3/20,0.8333334908302668,0.9999963846351302,0,0,0.6486832505059127,0.1182688174996651,PRKN;FZD9;YBX3
GO_Biological_Process_2023,Response To ATP (GO:0033198),3/20,0.8333334908302668,0.9999963846351302,0,0,0.6486832505059127,0.1182688174996651,P2RY12;NT5E;RYR3
GO_Biological_Process_2023,Sulfur Compound Catabolic Process (GO:0044273),3/20,0.8333334908302668,0.9999963846351302,0,0,0.6486832505059127,0.1182688174996651,NUDT7;SUCLA2;MLYCD
GO_Biological_Process_2023,Positive Regulation Of Cysteine-Type Endopeptidase Activity (GO:2001056),11/64,0.8343050238234512,0.9999963846351302,0,0,0.762595943285629,0.1381489889322401,GRIN2A;ASPH;GPER1;MYC;NLRP3;FYN;SOX7;GRIN2B;PPM1F;NODAL;MAP3K5
GO_Biological_Process_2023,2-Oxoglutarate Metabolic Process (GO:0006103),2/14,0.8343838101218229,0.9999963846351302,0,0,0.6126969271564499,0.110935995313513,ADHFE1;TAT
GO_Biological_Process_2023,Aminoglycan Catabolic Process (GO:0006026),2/14,0.8343838101218229,0.9999963846351302,0,0,0.6126969271564499,0.110935995313513,HYAL1;CHI3L2
GO_Biological_Process_2023,Cardiac Cell Development (GO:0055006),2/14,0.8343838101218229,0.9999963846351302,0,0,0.6126969271564499,0.110935995313513,ALPK3;MYH11
GO_Biological_Process_2023,Cellular Response To ATP (GO:0071318),2/14,0.8343838101218229,0.9999963846351302,0,0,0.6126969271564499,0.110935995313513,P2RY12;RYR3
GO_Biological_Process_2023,Ceramide Transport (GO:0035627),2/14,0.8343838101218229,0.9999963846351302,0,0,0.6126969271564499,0.110935995313513,ABCB1;PLTP
GO_Biological_Process_2023,Electron Transport Chain (GO:0022900),2/14,0.8343838101218229,0.9999963846351302,0,0,0.6126969271564499,0.110935995313513,ETFB;PPARGC1A
GO_Biological_Process_2023,Genitalia Development (GO:0048806),2/14,0.8343838101218229,0.9999963846351302,0,0,0.6126969271564499,0.110935995313513,LHCGR;HSD17B3
GO_Biological_Process_2023,Mitochondrial Calcium Ion Transmembrane Transport (GO:0006851),2/14,0.8343838101218229,0.9999963846351302,0,0,0.6126969271564499,0.110935995313513,SLC8A3;MICU3
GO_Biological_Process_2023,Mitochondrion Transport Along Microtubule (GO:0047497),2/14,0.8343838101218229,0.9999963846351302,0,0,0.6126969271564499,0.110935995313513,MGARP;SYBU
GO_Biological_Process_2023,Negative Regulation Of Leukocyte Mediated Cytotoxicity (GO:0001911),2/14,0.8343838101218229,0.9999963846351302,0,0,0.6126969271564499,0.110935995313513,CX3CR1;HLA-E
GO_Biological_Process_2023,Negative Regulation Of Transcription Regulatory Region DNA Binding (GO:2000678),2/14,0.8343838101218229,0.9999963846351302,0,0,0.6126969271564499,0.110935995313513,HEY1;HEY2
GO_Biological_Process_2023,Photoreceptor Cell Development (GO:0042461),2/14,0.8343838101218229,0.9999963846351302,0,0,0.6126969271564499,0.110935995313513,RP1L1;PCARE
GO_Biological_Process_2023,Positive Regulation Of Histone Acetylation (GO:0035066),2/14,0.8343838101218229,0.9999963846351302,0,0,0.6126969271564499,0.110935995313513,NOS1;PPARGC1A
GO_Biological_Process_2023,Positive Regulation Of Lyase Activity (GO:0051349),2/14,0.8343838101218229,0.9999963846351302,0,0,0.6126969271564499,0.110935995313513,FTMT;NOS1
GO_Biological_Process_2023,"Positive Regulation Of Nuclear-Transcribed mRNA Catabolic Process, Deadenylation-Dependent Decay (GO:1900153)",2/14,0.8343838101218229,0.9999963846351302,0,0,0.6126969271564499,0.110935995313513,ZFP36;ZFP36L2
GO_Biological_Process_2023,Positive Regulation Of Transcription From RNA Polymerase II Promoter Involved In Cellular Response To Chemical Stimulus (GO:1901522),2/14,0.8343838101218229,0.9999963846351302,0,0,0.6126969271564499,0.110935995313513,BMP2;SMAD9
GO_Biological_Process_2023,Regulation Of Establishment Of Protein Localization (GO:0070201),2/14,0.8343838101218229,0.9999963846351302,0,0,0.6126969271564499,0.110935995313513,CORO2B;OOEP
GO_Biological_Process_2023,Regulation Of Hemopoiesis (GO:1903706),2/14,0.8343838101218229,0.9999963846351302,0,0,0.6126969271564499,0.110935995313513,SIGLEC15;PTN
GO_Biological_Process_2023,Regulation Of Nuclear-Transcribed mRNA poly(A) Tail Shortening (GO:0060211),2/14,0.8343838101218229,0.9999963846351302,0,0,0.6126969271564499,0.110935995313513,BTG2;ZFP36
GO_Biological_Process_2023,Synaptic Vesicle Membrane Organization (GO:0048499),2/14,0.8343838101218229,0.9999963846351302,0,0,0.6126969271564499,0.110935995313513,STX19;STX11
GO_Biological_Process_2023,Synaptonemal Complex Assembly (GO:0007130),2/14,0.8343838101218229,0.9999963846351302,0,0,0.6126969271564499,0.110935995313513,SYCE1;SYCP1
GO_Biological_Process_2023,Synaptonemal Complex Organization (GO:0070193),2/14,0.8343838101218229,0.9999963846351302,0,0,0.6126969271564499,0.110935995313513,SYCE1;SYCP1
GO_Biological_Process_2023,Regulation Of DNA Binding (GO:0051101),8/48,0.8347280352037244,0.9999963846351302,0,0,0.7349578256794752,0.1327696266809976,PRKN;FOXC1;JUN;EGF;HABP4;PPARG;IGF1;NGF
GO_Biological_Process_2023,Regulation Of Transforming Growth Factor Beta Receptor Signaling Pathway (GO:0017015),20/111,0.8370064035454283,0.9999963846351302,0,0,0.8072895149962819,0.1436358227877369,CDKN1C;TNXB;CITED1;CITED2;CAV1;TGFB1I1;WFIKKN2;LTBP4;CIDEA;IL17RD;DKK3;BMP2;ZEB2;CAPN5;PRDM16;SPRY2;PPARG;SPRY1;PPARA;FOLR1
GO_Biological_Process_2023,Fc Receptor Signaling Pathway (GO:0038093),4/26,0.837929277440212,0.9999963846351302,0,0,0.6682839632277835,0.1181670239437914,MAPK10;PIGR;KIT;PLCG2
GO_Biological_Process_2023,L-amino Acid Transport (GO:0015807),4/26,0.837929277440212,0.9999963846351302,0,0,0.6682839632277835,0.1181670239437914,SLC47A1;SLC36A2;SLC1A3;SLC38A3
GO_Biological_Process_2023,Establishment Or Maintenance Of Apical/Basal Cell Polarity (GO:0035088),4/26,0.837929277440212,0.9999963846351302,0,0,0.6682839632277835,0.1181670239437914,CRB1;DLG2;OOEP;PARD3B
GO_Biological_Process_2023,Plasma Membrane Invagination (GO:0099024),4/26,0.837929277440212,0.9999963846351302,0,0,0.6682839632277835,0.1181670239437914,MARCO;GSN;CD36;GULP1
GO_Biological_Process_2023,Regulation Of Keratinocyte Differentiation (GO:0045616),4/26,0.837929277440212,0.9999963846351302,0,0,0.6682839632277835,0.1181670239437914,FOXC1;ZFP36;HOXA7;AQP3
GO_Biological_Process_2023,Regulation Of G1/S Transition Of Mitotic Cell Cycle (GO:2000045),19/106,0.8386535690946288,0.9999963846351302,0,0,0.802202727623738,0.1411536402645394,KANK2;ANXA1;CDKN2C;DCUN1D3;FHL1;FAM107A;JADE1;PKD2;KLF4;EGFR;MYO16;CCND2;RGCC;ADAMTS1;HYAL1;DPF3;CCL2;STOX1;FGF10
GO_Biological_Process_2023,Negative Regulation Of Cellular Process (GO:0048523),106/537,0.8397413464025412,0.9999963846351302,0,0,0.9019557439894952,0.1575368128566096,SEMA5A;ARHGDIG;JADE1;CLU;NUDT6;SOX17;MYC;RPS6KA2;CCN6;CCN5;TNFRSF8;CCN3;SOX7;CER1;TNS2;EPHA4;P3H2;SFRP1;MYL2;SFRP5;COL4A3;TXNIP;GMNC;GPLD1;PLPP1;NPR1;NOTCH4;DCUN1D3;FBLN1;FOXO4;PRDM11;BRINP2;BRINP1;IGFBP6;DRD2;BRINP3;PLXNA4;TDRD9;ALOX15B;ESR2;BMP5;BMP4;NR4A1;BMP2;IL6;RGCC;BCL6;SCGB3A1;CD200;PIWIL2;ACVRL1;TENM1;BTG2;PIWIL4;TGFB1I1;FHL1;PDE3B;PINX1;ADRA1D;CXCL1;PKD2;ADAMTS1;HYAL1;GPER1;DACT2;ADAMTS8;KLF10;FGFBP1;PACRG;MYOCD;DUSP1;TESC;AVPR2;ITGA1;NRG1;PROX1;AXIN2;NGF;KAT2B;ALDH1A2;MMRN2;CLDN19;CDH13;CRYAB;KANK2;CEBPA;HPGD;DLL1;PTHLH;DLL4;WNT11;SPOCK3;ZNF503;MSX1;SLIT2;JAM2;CCL23;CDKN2C;ANGPT1;DAB2IP;NR1H3;PODN;PTPN14;MYO16;MYO1C;FABP7
GO_Biological_Process_2023,Female Gamete Generation (GO:0007292),5/32,0.8445791272146894,0.9999963846351302,0,0,0.6806021662027282,0.1149651740231189,PIWIL2;IHO1;MEI4;FMN2;PTN
GO_Biological_Process_2023,Lymphocyte Differentiation (GO:0030098),16/91,0.8450202860334908,0.9999963846351302,0,0,0.7836744913928012,0.1319665875956771,JAG2;CR2;PAX5;PIK3R1;ADGRG3;CD79B;DLL4;KLF6;NFIL3;IFNE;LEP;KIT;LEPR;LY6D;PLCG2;RAG1
GO_Biological_Process_2023,Regulation Of Tyrosine Phosphorylation Of STAT Protein (GO:0042509),11/65,0.8490708776931747,0.9999963846351302,0,0,0.7484260344752725,0.1224519387020081,GHR;SOCS3;GH1;IL6;CTF1;TSLP;KIT;LIF;IGF1;IL6R;IL22RA2
GO_Biological_Process_2023,Positive Regulation Of Transferase Activity (GO:0051347),26/143,0.8509947959674136,0.9999963846351302,0,0,0.8160522875816993,0.1316694373124104,ALK;PARM1;CHRNA7;DCUN1D3;FLT4;EGFR;MYC;KDR;PDGFRA;NTRK2;NTRK3;TIE1;ADIPOQ;ARRDC3;IGF2;KLF4;MERTK;AGTR1;TYRO3;ROR1;TEK;MET;CD200;EPHA2;FGFR1;DDR2
GO_Biological_Process_2023,Amino Acid Catabolic Process (GO:0009063),6/38,0.851947509344932,0.9999963846351302,0,0,0.6890515222482435,0.1104069753982782,ALDH4A1;HDC;ETFB;HOGA1;HNMT;OTC
GO_Biological_Process_2023,Positive Regulation Of Myoblast Differentiation (GO:0045663),6/38,0.851947509344932,0.9999963846351302,0,0,0.6890515222482435,0.1104069753982782,RANBP3L;MEF2C;BOC;MYF6;DPF3;SMYD1
GO_Biological_Process_2023,Golgi Ribbon Formation (GO:0090161),1/8,0.8540843077401556,0.9999963846351302,0,0,0.5252130325814537,0.0828394193984838,OPTN
GO_Biological_Process_2023,MyD88-independent Toll-Like Receptor Signaling Pathway (GO:0002756),1/8,0.8540843077401556,0.9999963846351302,0,0,0.5252130325814537,0.0828394193984838,TLR4
GO_Biological_Process_2023,T Cell Mediated Cytotoxicity (GO:0001913),1/8,0.8540843077401556,0.9999963846351302,0,0,0.5252130325814537,0.0828394193984838,PRF1
GO_Biological_Process_2023,Acid Secretion (GO:0046717),1/8,0.8540843077401556,0.9999963846351302,0,0,0.5252130325814537,0.0828394193984838,SLC51B
GO_Biological_Process_2023,Adult Heart Development (GO:0007512),1/8,0.8540843077401556,0.9999963846351302,0,0,0.5252130325814537,0.0828394193984838,HAND2
GO_Biological_Process_2023,Androgen Biosynthetic Process (GO:0006702),1/8,0.8540843077401556,0.9999963846351302,0,0,0.5252130325814537,0.0828394193984838,HSD17B3
GO_Biological_Process_2023,Anoikis (GO:0043276),1/8,0.8540843077401556,0.9999963846351302,0,0,0.5252130325814537,0.0828394193984838,DAPK2
GO_Biological_Process_2023,Apoptotic DNA Fragmentation (GO:0006309),1/8,0.8540843077401556,0.9999963846351302,0,0,0.5252130325814537,0.0828394193984838,DNASE1L3
GO_Biological_Process_2023,Astral Microtubule Organization (GO:0030953),1/8,0.8540843077401556,0.9999963846351302,0,0,0.5252130325814537,0.0828394193984838,TPPP
GO_Biological_Process_2023,Bone Resorption (GO:0045453),1/8,0.8540843077401556,0.9999963846351302,0,0,0.5252130325814537,0.0828394193984838,GPR55
GO_Biological_Process_2023,Bundle Of His Cell To Purkinje Myocyte Communication (GO:0086069),1/8,0.8540843077401556,0.9999963846351302,0,0,0.5252130325814537,0.0828394193984838,TNNI3K
GO_Biological_Process_2023,Cellular Response To Muramyl Dipeptide (GO:0071225),1/8,0.8540843077401556,0.9999963846351302,0,0,0.5252130325814537,0.0828394193984838,VIM
GO_Biological_Process_2023,Constitutive Heterochromatin Formation (GO:0140719),1/8,0.8540843077401556,0.9999963846351302,0,0,0.5252130325814537,0.0828394193984838,EZH1
GO_Biological_Process_2023,Dehydroascorbic Acid Transport (GO:0070837),1/8,0.8540843077401556,0.9999963846351302,0,0,0.5252130325814537,0.0828394193984838,SLC2A4
GO_Biological_Process_2023,Embryonic Forelimb Morphogenesis (GO:0035115),1/8,0.8540843077401556,0.9999963846351302,0,0,0.5252130325814537,0.0828394193984838,OSR2
GO_Biological_Process_2023,Exonucleolytic Trimming Involved In rRNA Processing (GO:0000459),1/8,0.8540843077401556,0.9999963846351302,0,0,0.5252130325814537,0.0828394193984838,EXOSC7
GO_Biological_Process_2023,"Exonucleolytic Trimming To Generate Mature 3'-End Of 5.8S rRNA From Tricistronic rRNA Transcript (SSU-rRNA, 5.8S rRNA, LSU-rRNA) (GO:0000467)",1/8,0.8540843077401556,0.9999963846351302,0,0,0.5252130325814537,0.0828394193984838,EXOSC7
GO_Biological_Process_2023,Glucosamine-Containing Compound Catabolic Process (GO:1901072),1/8,0.8540843077401556,0.9999963846351302,0,0,0.5252130325814537,0.0828394193984838,CHI3L2
GO_Biological_Process_2023,Glutamine Transport (GO:0006868),1/8,0.8540843077401556,0.9999963846351302,0,0,0.5252130325814537,0.0828394193984838,SLC38A3
GO_Biological_Process_2023,Internal Protein Amino Acid Acetylation (GO:0006475),1/8,0.8540843077401556,0.9999963846351302,0,0,0.5252130325814537,0.0828394193984838,KAT2B
GO_Biological_Process_2023,Intestinal Epithelial Cell Differentiation (GO:0060575),1/8,0.8540843077401556,0.9999963846351302,0,0,0.5252130325814537,0.0828394193984838,YAP1
GO_Biological_Process_2023,Maintenance Of Apical/Basal Cell Polarity (GO:0035090),1/8,0.8540843077401556,0.9999963846351302,0,0,0.5252130325814537,0.0828394193984838,LIN7A
GO_Biological_Process_2023,Maintenance Of Epithelial Cell Apical/Basal Polarity (GO:0045199),1/8,0.8540843077401556,0.9999963846351302,0,0,0.5252130325814537,0.0828394193984838,LIN7A
GO_Biological_Process_2023,Membrane Lipid Catabolic Process (GO:0046466),1/8,0.8540843077401556,0.9999963846351302,0,0,0.5252130325814537,0.0828394193984838,ENPP2
GO_Biological_Process_2023,Mesodermal Cell Differentiation (GO:0048333),1/8,0.8540843077401556,0.9999963846351302,0,0,0.5252130325814537,0.0828394193984838,ITGB3
GO_Biological_Process_2023,Monocyte Activation (GO:0042117),1/8,0.8540843077401556,0.9999963846351302,0,0,0.5252130325814537,0.0828394193984838,CSF1
GO_Biological_Process_2023,Negative Regulation By Host Of Viral Genome Replication (GO:0044828),1/8,0.8540843077401556,0.9999963846351302,0,0,0.5252130325814537,0.0828394193984838,PRKN
GO_Biological_Process_2023,Negative Regulation Of Cytoplasmic Translation (GO:2000766),1/8,0.8540843077401556,0.9999963846351302,0,0,0.5252130325814537,0.0828394193984838,NMNAT2
GO_Biological_Process_2023,Negative Regulation Of Glial Cell Differentiation (GO:0045686),1/8,0.8540843077401556,0.9999963846351302,0,0,0.5252130325814537,0.0828394193984838,NOG
GO_Biological_Process_2023,Negative Regulation Of Glycoprotein Biosynthetic Process (GO:0010561),1/8,0.8540843077401556,0.9999963846351302,0,0,0.5252130325814537,0.0828394193984838,ITM2A
GO_Biological_Process_2023,Negative Regulation Of Oxidative Stress-Induced Neuron Death (GO:1903204),1/8,0.8540843077401556,0.9999963846351302,0,0,0.5252130325814537,0.0828394193984838,PRKN
GO_Biological_Process_2023,Negative Regulation Of Platelet Aggregation (GO:0090331),1/8,0.8540843077401556,0.9999963846351302,0,0,0.5252130325814537,0.0828394193984838,C1QTNF1
GO_Biological_Process_2023,Negative Regulation Of Production Of Molecular Mediator Of Immune Response (GO:0002701),1/8,0.8540843077401556,0.9999963846351302,0,0,0.5252130325814537,0.0828394193984838,CR1
GO_Biological_Process_2023,Negative Regulation Of Protein Import Into Nucleus (GO:0042308),1/8,0.8540843077401556,0.9999963846351302,0,0,0.5252130325814537,0.0828394193984838,MDFIC
GO_Biological_Process_2023,Negative Regulation Of Protein-Containing Complex Disassembly (GO:0043242),1/8,0.8540843077401556,0.9999963846351302,0,0,0.5252130325814537,0.0828394193984838,IRAK3
GO_Biological_Process_2023,Negative Regulation Of Regulated Secretory Pathway (GO:1903306),1/8,0.8540843077401556,0.9999963846351302,0,0,0.5252130325814537,0.0828394193984838,SYT4
GO_Biological_Process_2023,Negative Regulation Of Ubiquitin Protein Ligase Activity (GO:1904667),1/8,0.8540843077401556,0.9999963846351302,0,0,0.5252130325814537,0.0828394193984838,USP44
GO_Biological_Process_2023,Nicotinamide Nucleotide Biosynthetic Process (GO:0019359),1/8,0.8540843077401556,0.9999963846351302,0,0,0.5252130325814537,0.0828394193984838,NMNAT2
GO_Biological_Process_2023,Nuclear Membrane Disassembly (GO:0051081),1/8,0.8540843077401556,0.9999963846351302,0,0,0.5252130325814537,0.0828394193984838,PRKCA
GO_Biological_Process_2023,Nucleic Acid Transport (GO:0050657),1/8,0.8540843077401556,0.9999963846351302,0,0,0.5252130325814537,0.0828394193984838,SIDT2
GO_Biological_Process_2023,Phosphatidylglycerol Acyl-Chain Remodeling (GO:0036148),1/8,0.8540843077401556,0.9999963846351302,0,0,0.5252130325814537,0.0828394193984838,PLA2G4B
GO_Biological_Process_2023,"Phototransduction, Visible Light (GO:0007603)",1/8,0.8540843077401556,0.9999963846351302,0,0,0.5252130325814537,0.0828394193984838,DMBT1
GO_Biological_Process_2023,Plasminogen Activation (GO:0031639),1/8,0.8540843077401556,0.9999963846351302,0,0,0.5252130325814537,0.0828394193984838,PLAT
GO_Biological_Process_2023,"Positive Regulation Of CD8-positive, Alpha-Beta T Cell Activation (GO:2001187)",1/8,0.8540843077401556,0.9999963846351302,0,0,0.5252130325814537,0.0828394193984838,HLA-E
GO_Biological_Process_2023,Positive Regulation Of Cell-Cell Adhesion Mediated By Cadherin (GO:2000049),1/8,0.8540843077401556,0.9999963846351302,0,0,0.5252130325814537,0.0828394193984838,SERPINF2
GO_Biological_Process_2023,Positive Regulation Of Memory T Cell Differentiation (GO:0043382),1/8,0.8540843077401556,0.9999963846351302,0,0,0.5252130325814537,0.0828394193984838,PCK1
GO_Biological_Process_2023,Positive Regulation Of Monocyte Chemotactic Protein-1 Production (GO:0071639),1/8,0.8540843077401556,0.9999963846351302,0,0,0.5252130325814537,0.0828394193984838,TWIST1
GO_Biological_Process_2023,Positive Regulation Of Peptide Secretion (GO:0002793),1/8,0.8540843077401556,0.9999963846351302,0,0,0.5252130325814537,0.0828394193984838,RASL10B
GO_Biological_Process_2023,Positive Regulation Of Smooth Muscle Cell Apoptotic Process (GO:0034393),1/8,0.8540843077401556,0.9999963846351302,0,0,0.5252130325814537,0.0828394193984838,PPARG
GO_Biological_Process_2023,Positive Regulation Of Tumor Necrosis Factor-Mediated Signaling Pathway (GO:1903265),1/8,0.8540843077401556,0.9999963846351302,0,0,0.5252130325814537,0.0828394193984838,PRKN
GO_Biological_Process_2023,Positive Regulation Of Ubiquitin Protein Ligase Activity (GO:1904668),1/8,0.8540843077401556,0.9999963846351302,0,0,0.5252130325814537,0.0828394193984838,CDC14B
GO_Biological_Process_2023,Proline Transport (GO:0015824),1/8,0.8540843077401556,0.9999963846351302,0,0,0.5252130325814537,0.0828394193984838,SLC6A15
GO_Biological_Process_2023,Protein Hexamerization (GO:0034214),1/8,0.8540843077401556,0.9999963846351302,0,0,0.5252130325814537,0.0828394193984838,LRRC8C
GO_Biological_Process_2023,Purine Nucleobase Transport (GO:0006863),1/8,0.8540843077401556,0.9999963846351302,0,0,0.5252130325814537,0.0828394193984838,SLC28A3
GO_Biological_Process_2023,Regulation Of DNA Methylation (GO:0044030),1/8,0.8540843077401556,0.9999963846351302,0,0,0.5252130325814537,0.0828394193984838,MYC
GO_Biological_Process_2023,Regulation Of ER-associated Ubiquitin-Dependent Protein Catabolic Process (GO:1903069),1/8,0.8540843077401556,0.9999963846351302,0,0,0.5252130325814537,0.0828394193984838,CAV1
GO_Biological_Process_2023,Regulation Of Cell Killing (GO:0031341),1/8,0.8540843077401556,0.9999963846351302,0,0,0.5252130325814537,0.0828394193984838,CFH
GO_Biological_Process_2023,Regulation Of Dendritic Cell Antigen Processing And Presentation (GO:0002604),1/8,0.8540843077401556,0.9999963846351302,0,0,0.5252130325814537,0.0828394193984838,CCL21
GO_Biological_Process_2023,Regulation Of Epidermis Development (GO:0045682),1/8,0.8540843077401556,0.9999963846351302,0,0,0.5252130325814537,0.0828394193984838,MAFF
GO_Biological_Process_2023,Regulation Of Fertilization (GO:0080154),1/8,0.8540843077401556,0.9999963846351302,0,0,0.5252130325814537,0.0828394193984838,CFAP69
GO_Biological_Process_2023,Regulation Of Generation Of Precursor Metabolites And Energy (GO:0043467),1/8,0.8540843077401556,0.9999963846351302,0,0,0.5252130325814537,0.0828394193984838,PRDM16
GO_Biological_Process_2023,Regulation Of Glial Cell Proliferation (GO:0060251),1/8,0.8540843077401556,0.9999963846351302,0,0,0.5252130325814537,0.0828394193984838,IL6
GO_Biological_Process_2023,Regulation Of Mitotic Centrosome Separation (GO:0046602),1/8,0.8540843077401556,0.9999963846351302,0,0,0.5252130325814537,0.0828394193984838,KIF25
GO_Biological_Process_2023,Regulation Of Necrotic Cell Death (GO:0010939),1/8,0.8540843077401556,0.9999963846351302,0,0,0.5252130325814537,0.0828394193984838,OLFM4
GO_Biological_Process_2023,Regulation Of Pattern Recognition Receptor Signaling Pathway (GO:0062207),1/8,0.8540843077401556,0.9999963846351302,0,0,0.5252130325814537,0.0828394193984838,CD36
GO_Biological_Process_2023,Regulation Of Podosome Assembly (GO:0071801),1/8,0.8540843077401556,0.9999963846351302,0,0,0.5252130325814537,0.0828394193984838,GSN
GO_Biological_Process_2023,Regulation Of Protein ADP-ribosylation (GO:0010835),1/8,0.8540843077401556,0.9999963846351302,0,0,0.5252130325814537,0.0828394193984838,KAT2B
GO_Biological_Process_2023,Regulation Of Rhodopsin Mediated Signaling Pathway (GO:0022400),1/8,0.8540843077401556,0.9999963846351302,0,0,0.5252130325814537,0.0828394193984838,NMT2
GO_Biological_Process_2023,Semaphorin-Plexin Signaling Pathway Involved In Axon Guidance (GO:1902287),1/8,0.8540843077401556,0.9999963846351302,0,0,0.5252130325814537,0.0828394193984838,PLXNA4
GO_Biological_Process_2023,Sensory Perception Of Sour Taste (GO:0050915),1/8,0.8540843077401556,0.9999963846351302,0,0,0.5252130325814537,0.0828394193984838,SCNN1B
GO_Biological_Process_2023,Sympathetic Ganglion Development (GO:0061549),1/8,0.8540843077401556,0.9999963846351302,0,0,0.5252130325814537,0.0828394193984838,SEMA3A
GO_Biological_Process_2023,Tetrahydrofolate Interconversion (GO:0035999),1/8,0.8540843077401556,0.9999963846351302,0,0,0.5252130325814537,0.0828394193984838,SHMT1
GO_Biological_Process_2023,Translational Termination (GO:0006415),1/8,0.8540843077401556,0.9999963846351302,0,0,0.5252130325814537,0.0828394193984838,GSPT2
GO_Biological_Process_2023,Tricarboxylic Acid Metabolic Process (GO:0072350),1/8,0.8540843077401556,0.9999963846351302,0,0,0.5252130325814537,0.0828394193984838,PCK1
GO_Biological_Process_2023,Tyrosine Phosphorylation Of STAT Protein (GO:0007260),1/8,0.8540843077401556,0.9999963846351302,0,0,0.5252130325814537,0.0828394193984838,LEP
GO_Biological_Process_2023,Ubiquitin-Dependent Protein Catabolic Process Via The C-end Degron Rule Pathway (GO:0140627),1/8,0.8540843077401556,0.9999963846351302,0,0,0.5252130325814537,0.0828394193984838,KLHDC1
GO_Biological_Process_2023,Regulation Of Extrinsic Apoptotic Signaling Pathway (GO:2001236),10/60,0.8541165958913439,0.9999963846351302,0,0,0.7348335677449601,0.1158741162469512,BMP4;LGALS3;GPER1;GSTP1;CAV1;TNFSF12;G0S2;IGF1;TLR4;FGFR1
GO_Biological_Process_2023,Focal Adhesion Assembly (GO:0048041),3/21,0.8577902825443872,0.9999963846351302,0,0,0.6126062875419299,0.0939711306723984,SORBS1;THSD1;FERMT2
GO_Biological_Process_2023,Macrophage Differentiation (GO:0030225),3/21,0.8577902825443872,0.9999963846351302,0,0,0.6126062875419299,0.0939711306723984,IL33;CSF1;LIF
GO_Biological_Process_2023,Mitochondrial Calcium Ion Homeostasis (GO:0051560),3/21,0.8577902825443872,0.9999963846351302,0,0,0.6126062875419299,0.0939711306723984,SLC8A3;C19ORF12;MICU3
GO_Biological_Process_2023,Negative Regulation Of GTPase Activity (GO:0034260),3/21,0.8577902825443872,0.9999963846351302,0,0,0.6126062875419299,0.0939711306723984,RASA4;LRRK2;DAB2IP
GO_Biological_Process_2023,Negative Regulation Of Biomineral Tissue Development (GO:0070168),3/21,0.8577902825443872,0.9999963846351302,0,0,0.6126062875419299,0.0939711306723984,HEY1;HEY2;GAS6
GO_Biological_Process_2023,Negative Regulation Of miRNA Metabolic Process (GO:2000629),3/21,0.8577902825443872,0.9999963846351302,0,0,0.6126062875419299,0.0939711306723984,NFIB;PPARG;PPARA
GO_Biological_Process_2023,Negative Regulation Of Tumor Necrosis Factor-Mediated Signaling Pathway (GO:0010804),3/21,0.8577902825443872,0.9999963846351302,0,0,0.6126062875419299,0.0939711306723984,GSTP1;CCDC3;GAS6
GO_Biological_Process_2023,Positive Regulation Of T Cell Cytokine Production (GO:0002726),3/21,0.8577902825443872,0.9999963846351302,0,0,0.6126062875419299,0.0939711306723984,IL6;FZD5;NLRP3
GO_Biological_Process_2023,Positive Regulation Of Signal Transduction By P53 Class Mediator (GO:1901798),3/21,0.8577902825443872,0.9999963846351302,0,0,0.6126062875419299,0.0939711306723984,MYC;MSX1;PLA2R1
GO_Biological_Process_2023,Regulation Of Anoikis (GO:2000209),3/21,0.8577902825443872,0.9999963846351302,0,0,0.6126062875419299,0.0939711306723984,CAV1;BCL2;PDK4
GO_Biological_Process_2023,Regulation Of Steroid Metabolic Process (GO:0019218),3/21,0.8577902825443872,0.9999963846351302,0,0,0.6126062875419299,0.0939711306723984,ACADVL;ACADL;ABCB11
GO_Biological_Process_2023,Regulation Of Transferase Activity (GO:0051338),3/21,0.8577902825443872,0.9999963846351302,0,0,0.6126062875419299,0.0939711306723984,KAT2B;PINX1;LDB2
GO_Biological_Process_2023,Sodium Ion Import Across Plasma Membrane (GO:0098719),3/21,0.8577902825443872,0.9999963846351302,0,0,0.6126062875419299,0.0939711306723984,SCNN1B;SLC9A9;SLC5A1
GO_Biological_Process_2023,Myeloid Leukocyte Differentiation (GO:0002573),12/71,0.8582543246658968,0.9999963846351302,0,0,0.7472095907399752,0.1142145783206746,BMP4;CEBPA;IL33;CSF3;BMP2;CSF1;PDE1B;KIT;LIF;PPARG;TGFBR2;EPHA2
GO_Biological_Process_2023,Cellular Response To Acid Chemical (GO:0071229),4/27,0.859421783818025,0.9999963846351302,0,0,0.6391874287575313,0.0968339937101649,CPEB1;SPAAR;RRAGD;KLF2
GO_Biological_Process_2023,In Utero Embryonic Development (GO:0001701),4/27,0.859421783818025,0.9999963846351302,0,0,0.6391874287575313,0.0968339937101649,BMP2;IGF2;SOX8;PKD2
GO_Biological_Process_2023,Myeloid Cell Development (GO:0061515),4/27,0.859421783818025,0.9999963846351302,0,0,0.6391874287575313,0.0968339937101649,ALAS2;NRROS;DMTN;KIT
GO_Biological_Process_2023,Negative Regulation Of Neurogenesis (GO:0050768),4/27,0.859421783818025,0.9999963846351302,0,0,0.6391874287575313,0.0968339937101649,IL6;EFNB3;LRP4;PTN
GO_Biological_Process_2023,Regulation Of Androgen Receptor Signaling Pathway (GO:0060765),4/27,0.859421783818025,0.9999963846351302,0,0,0.6391874287575313,0.0968339937101649,SFRP1;TRIM68;TCF21;NODAL
GO_Biological_Process_2023,Positive Regulation Of Cytokine-Mediated Signaling Pathway (GO:0001961),7/44,0.8594572499306419,0.9999963846351302,0,0,0.6952004710261913,0.1052910267969175,PRKN;C1QTNF4;EDN1;CSF1;TSLP;GAS6;AGPAT2
GO_Biological_Process_2023,Positive Regulation Of Tyrosine Phosphorylation Of STAT Protein (GO:0042531),9/55,0.859981851245301,0.9999963846351302,0,0,0.718873865153198,0.1084378043983576,GHR;GH1;IL6;CTF1;TSLP;KIT;LIF;IGF1;IL6R
GO_Biological_Process_2023,Purine Ribonucleotide Biosynthetic Process (GO:0009152),9/55,0.859981851245301,0.9999963846351302,0,0,0.718873865153198,0.1084378043983576,NPPC;NPR1;NPR2;ADCY4;AMPD1;AK5;ADCY8;ADCY6;ADCY5
GO_Biological_Process_2023,3'-UTR-mediated mRNA Destabilization (GO:0061158),2/15,0.8624443290349251,0.9999963846351302,0,0,0.5655303984737771,0.0836898340340064,ZFP36;ZFP36L2
GO_Biological_Process_2023,Amyloid-Beta Metabolic Process (GO:0050435),2/15,0.8624443290349251,0.9999963846351302,0,0,0.5655303984737771,0.0836898340340064,MME;MGAT3
GO_Biological_Process_2023,Glycosaminoglycan Catabolic Process (GO:0006027),2/15,0.8624443290349251,0.9999963846351302,0,0,0.5655303984737771,0.0836898340340064,HYAL1;FGF2
GO_Biological_Process_2023,Negative Regulation Of Endoplasmic Reticulum Stress-Induced Intrinsic Apoptotic Signaling Pathway (GO:1902236),2/15,0.8624443290349251,0.9999963846351302,0,0,0.5655303984737771,0.0836898340340064,PRKN;LRRK2
GO_Biological_Process_2023,Negative Regulation Of Phagocytosis (GO:0050765),2/15,0.8624443290349251,0.9999963846351302,0,0,0.5655303984737771,0.0836898340340064,PIP4P2;SIRPA
GO_Biological_Process_2023,"Positive Regulation Of DNA Damage Response, Signal Transduction By P53 Class Mediator (GO:0043517)",2/15,0.8624443290349251,0.9999963846351302,0,0,0.5655303984737771,0.0836898340340064,MSX1;PLA2R1
GO_Biological_Process_2023,Regulation Of Clathrin-Dependent Endocytosis (GO:2000369),2/15,0.8624443290349251,0.9999963846351302,0,0,0.5655303984737771,0.0836898340340064,CCL14;SNAP91
GO_Biological_Process_2023,Regulation Of Dephosphorylation (GO:0035303),2/15,0.8624443290349251,0.9999963846351302,0,0,0.5655303984737771,0.0836898340340064,PPP1R16B;INPP5K
GO_Biological_Process_2023,Regulation Of Interleukin-13 Production (GO:0032656),2/15,0.8624443290349251,0.9999963846351302,0,0,0.5655303984737771,0.0836898340340064,TSLP;HLA-E
GO_Biological_Process_2023,Regulation Of Intrinsic Apoptotic Signaling Pathway In Response To DNA Damage (GO:1902229),2/15,0.8624443290349251,0.9999963846351302,0,0,0.5655303984737771,0.0836898340340064,CXCL12;CLU
GO_Biological_Process_2023,Sphingolipid Catabolic Process (GO:0030149),2/15,0.8624443290349251,0.9999963846351302,0,0,0.5655303984737771,0.0836898340340064,ACER2;ENPP2
GO_Biological_Process_2023,Stem Cell Development (GO:0048864),2/15,0.8624443290349251,0.9999963846351302,0,0,0.5655303984737771,0.0836898340340064,NRG1;SOX8
GO_Biological_Process_2023,Negative Regulation Of Apoptotic Signaling Pathway (GO:2001234),14/82,0.8631218162929644,0.9999963846351302,0,0,0.7562867474535567,0.1113249882812782,CX3CR1;PRKN;HGF;GSTP1;FZD9;IGF1;CLU;CX3CL1;BMP4;NR4A2;LGALS3;TMBIM1;BCL2;BCL2L2
GO_Biological_Process_2023,Actin Filament Bundle Assembly (GO:0051017),5/33,0.8636684646656554,0.9999963846351302,0,0,0.6562531357661304,0.0961845974309518,EPS8;DMTN;FAM107A;NEDD9;AIF1L
GO_Biological_Process_2023,Actin Filament Bundle Organization (GO:0061572),5/33,0.8636684646656554,0.9999963846351302,0,0,0.6562531357661304,0.0961845974309518,EPS8;DMTN;FAM107A;NEDD9;AIF1L
GO_Biological_Process_2023,Positive Regulation Of Cytokine Production Involved In Immune Response (GO:0002720),5/33,0.8636684646656554,0.9999963846351302,0,0,0.6562531357661304,0.0961845974309518,FZD5;KIT;PLCG2;FFAR3;HLA-E
GO_Biological_Process_2023,Positive Regulation Of Epidermal Growth Factor Receptor Signaling Pathway (GO:0045742),5/33,0.8636684646656554,0.9999963846351302,0,0,0.6562531357661304,0.0961845974309518,AFAP1L2;EGF;GPER1;ADRA2A;HBEGF
GO_Biological_Process_2023,MAPK Cascade (GO:0000165),17/98,0.865639001416205,0.9999963846351302,0,0,0.770861414752782,0.1112255236299408,PTGER4;MEF2C;EGF;LRRK2;IGF1;ZFP36L2;DUSP6;MAPK11;ZFP36;MYC;KDR;MAP3K20;CCL2;SHANK3;MAP3K5;FGF10;FGFR1
GO_Biological_Process_2023,Negative Regulation Of Transforming Growth Factor Beta Receptor Signaling Pathway (GO:0030512),13/77,0.8667526233243241,0.9999963846351302,0,0,0.7461734693877551,0.1067040505905045,NRROS;TGFB1I1;CAV1;WFIKKN2;CIDEA;IL17RD;BMP2;CAPN5;PRDM16;SPRY2;PPARG;SPRY1;PPARA
GO_Biological_Process_2023,Sphingolipid Biosynthetic Process (GO:0030148),13/77,0.8667526233243241,0.9999963846351302,0,0,0.7461734693877551,0.1067040505905045,HACD1;ST8SIA1;ELOVL3;SPNS2;ABCA8;CYP4F22;FUT6;ACER2;FUT9;PRKD1;B4GALT6;PLPP3;PLPP1
GO_Biological_Process_2023,Dicarboxylic Acid Metabolic Process (GO:0043648),8/50,0.8668387457134601,0.9999963846351302,0,0,0.699870576159236,0.1000131224564603,TAT;HAAO;SHMT1;ADHFE1;ME1;ME3;PCK1;ASS1
GO_Biological_Process_2023,Intracellular Iron Ion Homeostasis (GO:0006879),8/50,0.8668387457134601,0.9999963846351302,0,0,0.699870576159236,0.1000131224564603,ALAS2;SCARA5;FTMT;MYC;CYBRD1;F3;CP;BMP6
GO_Biological_Process_2023,Regulation Of Mitochondrion Organization (GO:0010821),8/50,0.8668387457134601,0.9999963846351302,0,0,0.699870576159236,0.1000131224564603,PRKN;PID1;FZD5;LRRK2;PDE2A;MGARP;PPARGC1A;STOX1
GO_Biological_Process_2023,Negative Regulation Of Mitochondrion Organization (GO:0010823),6/39,0.8690583672881484,0.9999963846351302,0,0,0.6681285927187567,0.0937685006190541,PRKN;HGF;FZD9;PPARG;IGF1;CLU
GO_Biological_Process_2023,Positive Regulation Of Intrinsic Apoptotic Signaling Pathway (GO:2001244),6/39,0.8690583672881484,0.9999963846351302,0,0,0.6681285927187567,0.0937685006190541,PLEKHF1;MYC;CAV1;MSX1;SEPTIN4;BOK
GO_Biological_Process_2023,Regulation Of Mitochondrial Membrane Potential (GO:0051881),6/39,0.8690583672881484,0.9999963846351302,0,0,0.6681285927187567,0.0937685006190541,SPART;PID1;LRRK2;CCN6;BCL2;STOX1
GO_Biological_Process_2023,Regulation Of Receptor-Mediated Endocytosis (GO:0048259),6/39,0.8690583672881484,0.9999963846351302,0,0,0.6681285927187567,0.0937685006190541,C3;CCL21;RSPO1;CLU;F3;SNAP91
GO_Biological_Process_2023,Regulation Of Interleukin-6 Production (GO:0032675),20/114,0.8692988724626395,0.9999963846351302,0,0,0.7813749800031995,0.1094458541422718,IL33;NMB;TSLP;TWIST1;ARRB1;IRAK3;NMBR;CX3CL1;C1QTNF4;IL6;LEP;PLCG2;SIRPA;BPI;GAS6;RAB7B;IL6R;TLR4;CD200;TLR3
GO_Biological_Process_2023,Negative Regulation Of Catabolic Process (GO:0009895),12/72,0.8708527547104108,0.9999963846351302,0,0,0.7347091932457787,0.1015973281839987,ALK;HCAR2;PDE3B;CIDEA;DAB2IP;IRAK3;FMN2;PPARA;RILP;ADRA2A;EGFR;CIDEC
GO_Biological_Process_2023,Pattern Recognition Receptor Signaling Pathway (GO:0002221),9/56,0.8739628827713933,0.9999963846351302,0,0,0.7035337997197693,0.0947782249303705,FCN1;FCN2;RPS6KA3;COLEC11;PLCG2;NLRP3;NLRP1;TLR4;TLR3
GO_Biological_Process_2023,Determination Of Left/Right Symmetry (GO:0007368),7/45,0.8749098413172135,0.9999963846351302,0,0,0.6768625710446179,0.0904521482207316,CITED2;MMP23A;PKD1L1;NPHP3;PKD2;DLL1;CER1
GO_Biological_Process_2023,Hexose Metabolic Process (GO:0019318),7/45,0.8749098413172135,0.9999963846351302,0,0,0.6768625710446179,0.0904521482207316,IRS2;APOD;ALDOC;ALDOB;PCK1;PGM1;GCK
GO_Biological_Process_2023,Regulation Of Apoptotic Signaling Pathway (GO:2001233),7/45,0.8749098413172135,0.9999963846351302,0,0,0.6768625710446179,0.0904521482207316,CX3CR1;NR4A2;DAPK2;TMBIM1;DAB2IP;BCL2;CX3CL1
GO_Biological_Process_2023,Regulation Of Cellular Metabolic Process (GO:0031323),7/45,0.8749098413172135,0.9999963846351302,0,0,0.6768625710446179,0.0904521482207316,PRKN;PID1;ANGPTL8;PDK4;PPARA;PDK2;GCK
GO_Biological_Process_2023,Regulation Of Protein Modification Process (GO:0031399),7/45,0.8749098413172135,0.9999963846351302,0,0,0.6768625710446179,0.0904521482207316,ROPN1B;PPP1R16B;ACER2;CDH5;IGF1;NOP53;ROPN1
GO_Biological_Process_2023,Cellular Response To Nutrient Levels (GO:0031669),13/78,0.8783625707779368,0.9999963846351302,0,0,0.7346469622331692,0.0952806400418614,KLF10;KCNB1;LRRK2;FAM107A;INHBB;FOXO1;SFRP1;MAP1LC3C;RRAGD;ALB;PDK4;PPARA;PDK2
GO_Biological_Process_2023,Fatty Acid Derivative Biosynthetic Process (GO:1901570),4/28,0.8784292147899377,0.9999963846351302,0,0,0.6125156054931336,0.0793942419646415,ACSS3;HMGCS2;HMGCLL1;GGTA1
GO_Biological_Process_2023,Membrane Fusion (GO:0061025),4/28,0.8784292147899377,0.9999963846351302,0,0,0.6125156054931336,0.0793942419646415,DPP4;MYMX;STX11;VAMP2
GO_Biological_Process_2023,Mucosal Immune Response (GO:0002385),4/28,0.8784292147899377,0.9999963846351302,0,0,0.6125156054931336,0.0793942419646415,PIGR;FFAR3;DEFB1;LTF
GO_Biological_Process_2023,Pyroptosis (GO:0070269),4/28,0.8784292147899377,0.9999963846351302,0,0,0.6125156054931336,0.0793942419646415,MAP3K20;NLRP3;NLRP1;ELANE
GO_Biological_Process_2023,Sterol Biosynthetic Process (GO:0016126),4/28,0.8784292147899377,0.9999963846351302,0,0,0.6125156054931336,0.0793942419646415,CH25H;FAXDC2;TM7SF2;CES1
GO_Biological_Process_2023,Fc-epsilon Receptor Signaling Pathway (GO:0038095),3/22,0.8790401794323519,0.9999963846351302,0,0,0.5803268996267875,0.074818455159403,MAPK10;NR4A3;PLCG2
GO_Biological_Process_2023,Cytoskeleton-Dependent Intracellular Transport (GO:0030705),3/22,0.8790401794323519,0.9999963846351302,0,0,0.5803268996267875,0.074818455159403,TUBB2A;KIF1C;MAP6
GO_Biological_Process_2023,Dendritic Cell Differentiation (GO:0097028),3/22,0.8790401794323519,0.9999963846351302,0,0,0.5803268996267875,0.074818455159403,GAS6;CLU;TGFBR2
GO_Biological_Process_2023,Oxoacid Metabolic Process (GO:0043436),3/22,0.8790401794323519,0.9999963846351302,0,0,0.5803268996267875,0.074818455159403,MTARC2;MTARC1;SULT1C4
GO_Biological_Process_2023,Positive Regulation Of Protein Autophosphorylation (GO:0031954),3/22,0.8790401794323519,0.9999963846351302,0,0,0.5803268996267875,0.074818455159403,PDGFD;NEK10;PDGFA
GO_Biological_Process_2023,Positive Regulation Of Viral Life Cycle (GO:1903902),3/22,0.8790401794323519,0.9999963846351302,0,0,0.5803268996267875,0.074818455159403,CD209;TYRO3;CLEC4G
GO_Biological_Process_2023,Regulation Of Regulatory T Cell Differentiation (GO:0045589),3/22,0.8790401794323519,0.9999963846351302,0,0,0.5803268996267875,0.074818455159403,CR1;BCL6;VSIR
GO_Biological_Process_2023,Regulation Of Vascular Endothelial Growth Factor Receptor Signaling Pathway (GO:0030947),3/22,0.8790401794323519,0.9999963846351302,0,0,0.5803268996267875,0.074818455159403,ITGB3;MMRN2;DAB2IP
GO_Biological_Process_2023,ATP Metabolic Process (GO:0046034),5/34,0.880744333309037,0.9999963846351302,0,0,0.6335833488079187,0.0804574162280739,NT5E;MYH3;AK4;ATP1A2;ENPP3
GO_Biological_Process_2023,Microtubule Polymerization (GO:0046785),5/34,0.880744333309037,0.9999963846351302,0,0,0.6335833488079187,0.0804574162280739,TPPP3;TPPP2;MAP7D3;SLAIN1;TPPP
GO_Biological_Process_2023,Negative Regulation Of Cell Cycle Process (GO:0010948),5/34,0.880744333309037,0.9999963846351302,0,0,0.6335833488079187,0.0804574162280739,BMP4;GPER1;DAB2IP;KIF25;FOXO4
GO_Biological_Process_2023,Positive Regulation Of Organelle Organization (GO:0010638),5/34,0.880744333309037,0.9999963846351302,0,0,0.6335833488079187,0.0804574162280739,ANXA1;DOC2B;PLA2G5;MGARP;PPARGC1A
GO_Biological_Process_2023,Regulation Of Interleukin-17 Production (GO:0032660),5/34,0.880744333309037,0.9999963846351302,0,0,0.6335833488079187,0.0804574162280739,PRNP;IL6;RFTN1;TLR4;VSIR
GO_Biological_Process_2023,Regulation Of Neuronal Synaptic Plasticity (GO:0048168),5/34,0.880744333309037,0.9999963846351302,0,0,0.6335833488079187,0.0804574162280739,GRIN2A;MCTP1;DRD2;ZDHHC2;GRIN2B
GO_Biological_Process_2023,Smoothened Signaling Pathway (GO:0007224),5/34,0.880744333309037,0.9999963846351302,0,0,0.6335833488079187,0.0804574162280739,EVC2;PTCHD1;DHH;PTCH1;GLI1
GO_Biological_Process_2023,Amide Biosynthetic Process (GO:0043604),8/51,0.880879127023836,0.9999963846351302,0,0,0.6835509252195898,0.0866980874100762,PM20D1;CPS1;DMD;ABCA8;CYP4F22;PCSK5;ASS1;OTC
GO_Biological_Process_2023,Protein Localization To Cilium (GO:0061512),6/40,0.8844869362529238,0.9999963846351302,0,0,0.6484364237498278,0.0795939727050552,ROPN1B;TUB;CFAP58;TULP2;ZNF423;ROPN1
GO_Biological_Process_2023,Regulation Of Glycolytic Process (GO:0006110),6/40,0.8844869362529238,0.9999963846351302,0,0,0.6484364237498278,0.0795939727050552,MLXIPL;ZBTB20;IGF1;PPARA;SLC4A4;GCK
GO_Biological_Process_2023,G Protein-Coupled Serotonin Receptor Signaling Pathway (GO:0098664),1/9,0.885293243426251,0.9999963846351302,0,0,0.45953216374269,0.0559877171052547,HTR2A
GO_Biological_Process_2023,IMP Metabolic Process (GO:0046040),1/9,0.885293243426251,0.9999963846351302,0,0,0.45953216374269,0.0559877171052547,AMPD1
GO_Biological_Process_2023,T-helper 1 Type Immune Response (GO:0042088),1/9,0.885293243426251,0.9999963846351302,0,0,0.45953216374269,0.0559877171052547,TLR4
GO_Biological_Process_2023,Alpha-Linolenic Acid Metabolic Process (GO:0036109),1/9,0.885293243426251,0.9999963846351302,0,0,0.45953216374269,0.0559877171052547,ELOVL3
GO_Biological_Process_2023,Aminoglycan Metabolic Process (GO:0006022),1/9,0.885293243426251,0.9999963846351302,0,0,0.45953216374269,0.0559877171052547,CHST9
GO_Biological_Process_2023,Autophagy Of Peroxisome (GO:0030242),1/9,0.885293243426251,0.9999963846351302,0,0,0.45953216374269,0.0559877171052547,PJVK
GO_Biological_Process_2023,Axon Regeneration (GO:0031103),1/9,0.885293243426251,0.9999963846351302,0,0,0.45953216374269,0.0559877171052547,FOLR1
GO_Biological_Process_2023,Calcium Import Into The Mitochondrion (GO:0036444),1/9,0.885293243426251,0.9999963846351302,0,0,0.45953216374269,0.0559877171052547,MICU3
GO_Biological_Process_2023,Camera-Type Eye Morphogenesis (GO:0048593),1/9,0.885293243426251,0.9999963846351302,0,0,0.45953216374269,0.0559877171052547,TENM3
GO_Biological_Process_2023,Carbohydrate Phosphorylation (GO:0046835),1/9,0.885293243426251,0.9999963846351302,0,0,0.45953216374269,0.0559877171052547,GCK
GO_Biological_Process_2023,Carnitine Metabolic Process (GO:0009437),1/9,0.885293243426251,0.9999963846351302,0,0,0.45953216374269,0.0559877171052547,BBOX1
GO_Biological_Process_2023,Cell Differentiation In Spinal Cord (GO:0021515),1/9,0.885293243426251,0.9999963846351302,0,0,0.45953216374269,0.0559877171052547,SOX6
GO_Biological_Process_2023,Chloride Ion Homeostasis (GO:0055064),1/9,0.885293243426251,0.9999963846351302,0,0,0.45953216374269,0.0559877171052547,SLC12A4
GO_Biological_Process_2023,Chondroitin Sulfate Proteoglycan Metabolic Process (GO:0050654),1/9,0.885293243426251,0.9999963846351302,0,0,0.45953216374269,0.0559877171052547,DSEL
GO_Biological_Process_2023,Dicarboxylic Acid Biosynthetic Process (GO:0043650),1/9,0.885293243426251,0.9999963846351302,0,0,0.45953216374269,0.0559877171052547,HAAO
GO_Biological_Process_2023,Endodermal Cell Fate Commitment (GO:0001711),1/9,0.885293243426251,0.9999963846351302,0,0,0.45953216374269,0.0559877171052547,SOX17
GO_Biological_Process_2023,Endothelial Tube Morphogenesis (GO:0061154),1/9,0.885293243426251,0.9999963846351302,0,0,0.45953216374269,0.0559877171052547,BMP4
GO_Biological_Process_2023,Epithelial Cilium Movement Involved In Determination Of Left/Right Asymmetry (GO:0060287),1/9,0.885293243426251,0.9999963846351302,0,0,0.45953216374269,0.0559877171052547,NPHP3
GO_Biological_Process_2023,Forelimb Morphogenesis (GO:0035136),1/9,0.885293243426251,0.9999963846351302,0,0,0.45953216374269,0.0559877171052547,OSR2
GO_Biological_Process_2023,Histone Methylation (GO:0016571),1/9,0.885293243426251,0.9999963846351302,0,0,0.45953216374269,0.0559877171052547,SMYD1
GO_Biological_Process_2023,Homocysteine Metabolic Process (GO:0050667),1/9,0.885293243426251,0.9999963846351302,0,0,0.45953216374269,0.0559877171052547,CPS1
GO_Biological_Process_2023,Insulin Metabolic Process (GO:1901142),1/9,0.885293243426251,0.9999963846351302,0,0,0.45953216374269,0.0559877171052547,PCSK2
GO_Biological_Process_2023,Iron Ion Transmembrane Transport (GO:0034755),1/9,0.885293243426251,0.9999963846351302,0,0,0.45953216374269,0.0559877171052547,SCARA5
GO_Biological_Process_2023,Leucine Transport (GO:0015820),1/9,0.885293243426251,0.9999963846351302,0,0,0.45953216374269,0.0559877171052547,SLC6A15
GO_Biological_Process_2023,Leukotriene D4 Biosynthetic Process (GO:1901750),1/9,0.885293243426251,0.9999963846351302,0,0,0.45953216374269,0.0559877171052547,GGTA1
GO_Biological_Process_2023,Mitral Valve Morphogenesis (GO:0003183),1/9,0.885293243426251,0.9999963846351302,0,0,0.45953216374269,0.0559877171052547,AXIN2
GO_Biological_Process_2023,Monoatomic Anion Homeostasis (GO:0055081),1/9,0.885293243426251,0.9999963846351302,0,0,0.45953216374269,0.0559877171052547,SLC12A4
GO_Biological_Process_2023,Myeloid Dendritic Cell Differentiation (GO:0043011),1/9,0.885293243426251,0.9999963846351302,0,0,0.45953216374269,0.0559877171052547,TGFBR2
GO_Biological_Process_2023,Negative Regulation Of Alpha-Beta T Cell Proliferation (GO:0046642),1/9,0.885293243426251,0.9999963846351302,0,0,0.45953216374269,0.0559877171052547,VSIR
GO_Biological_Process_2023,Negative Regulation Of Bone Resorption (GO:0045779),1/9,0.885293243426251,0.9999963846351302,0,0,0.45953216374269,0.0559877171052547,IL6
GO_Biological_Process_2023,Negative Regulation Of Establishment Of Protein Localization (GO:1904950),1/9,0.885293243426251,0.9999963846351302,0,0,0.45953216374269,0.0559877171052547,PPM1F
GO_Biological_Process_2023,Negative Regulation Of Heterotypic Cell-Cell Adhesion (GO:0034115),1/9,0.885293243426251,0.9999963846351302,0,0,0.45953216374269,0.0559877171052547,KLF4
GO_Biological_Process_2023,Negative Regulation Of Hormone Secretion (GO:0046888),1/9,0.885293243426251,0.9999963846351302,0,0,0.45953216374269,0.0559877171052547,LIF
GO_Biological_Process_2023,Negative Regulation Of Protein Autophosphorylation (GO:0031953),1/9,0.885293243426251,0.9999963846351302,0,0,0.45953216374269,0.0559877171052547,CAV1
GO_Biological_Process_2023,Negative Regulation Of Telomerase Activity (GO:0051974),1/9,0.885293243426251,0.9999963846351302,0,0,0.45953216374269,0.0559877171052547,PINX1
GO_Biological_Process_2023,Negative Regulation Of Transcription By RNA Polymerase I (GO:0016479),1/9,0.885293243426251,0.9999963846351302,0,0,0.45953216374269,0.0559877171052547,NOP53
GO_Biological_Process_2023,Negative Regulation Of Tyrosine Phosphorylation Of STAT Protein (GO:0042532),1/9,0.885293243426251,0.9999963846351302,0,0,0.45953216374269,0.0559877171052547,SOCS3
GO_Biological_Process_2023,Neurotransmitter Receptor Transport To Postsynaptic Membrane (GO:0098969),1/9,0.885293243426251,0.9999963846351302,0,0,0.45953216374269,0.0559877171052547,STX1B
GO_Biological_Process_2023,Nuclear mRNA Surveillance (GO:0071028),1/9,0.885293243426251,0.9999963846351302,0,0,0.45953216374269,0.0559877171052547,EXOSC7
GO_Biological_Process_2023,Ornithine Metabolic Process (GO:0006591),1/9,0.885293243426251,0.9999963846351302,0,0,0.45953216374269,0.0559877171052547,OTC
GO_Biological_Process_2023,Peptidyl-Cysteine Modification (GO:0018198),1/9,0.885293243426251,0.9999963846351302,0,0,0.45953216374269,0.0559877171052547,NOS1
GO_Biological_Process_2023,Peptidyl-Lysine Acetylation (GO:0018394),1/9,0.885293243426251,0.9999963846351302,0,0,0.45953216374269,0.0559877171052547,KAT2B
GO_Biological_Process_2023,Peptidyl-Serine Dephosphorylation (GO:0070262),1/9,0.885293243426251,0.9999963846351302,0,0,0.45953216374269,0.0559877171052547,PPM1F
GO_Biological_Process_2023,Phosphatidylethanolamine Acyl-Chain Remodeling (GO:0036152),1/9,0.885293243426251,0.9999963846351302,0,0,0.45953216374269,0.0559877171052547,PLAAT3
GO_Biological_Process_2023,Phosphatidylethanolamine Biosynthetic Process (GO:0006646),1/9,0.885293243426251,0.9999963846351302,0,0,0.45953216374269,0.0559877171052547,SLC27A1
GO_Biological_Process_2023,Positive Regulation Of Hippo Signaling (GO:0035332),1/9,0.885293243426251,0.9999963846351302,0,0,0.45953216374269,0.0559877171052547,FRMD1
GO_Biological_Process_2023,Positive Regulation Of mRNA 3'-End Processing (GO:0031442),1/9,0.885293243426251,0.9999963846351302,0,0,0.45953216374269,0.0559877171052547,CPEB1
GO_Biological_Process_2023,Positive Regulation Of Mitochondrial Membrane Permeability (GO:0035794),1/9,0.885293243426251,0.9999963846351302,0,0,0.45953216374269,0.0559877171052547,BOK
GO_Biological_Process_2023,Positive Regulation Of Vascular Endothelial Growth Factor Receptor Signaling Pathway (GO:0030949),1/9,0.885293243426251,0.9999963846351302,0,0,0.45953216374269,0.0559877171052547,ITGB3
GO_Biological_Process_2023,Protein K11-linked Deubiquitination (GO:0035871),1/9,0.885293243426251,0.9999963846351302,0,0,0.45953216374269,0.0559877171052547,OTUD7A
GO_Biological_Process_2023,Protein K6-linked Ubiquitination (GO:0085020),1/9,0.885293243426251,0.9999963846351302,0,0,0.45953216374269,0.0559877171052547,PRKN
GO_Biological_Process_2023,Protein O-linked Glycosylation Via Serine (GO:0018242),1/9,0.885293243426251,0.9999963846351302,0,0,0.45953216374269,0.0559877171052547,GALNT16
GO_Biological_Process_2023,Protein O-linked Glycosylation Via Threonine (GO:0018243),1/9,0.885293243426251,0.9999963846351302,0,0,0.45953216374269,0.0559877171052547,GALNT16
GO_Biological_Process_2023,Protein Insertion Into ER Membrane By Stop-Transfer Membrane-Anchor Sequence (GO:0045050),1/9,0.885293243426251,0.9999963846351302,0,0,0.45953216374269,0.0559877171052547,EMC3
GO_Biological_Process_2023,Protein Localization To Microtubule (GO:0035372),1/9,0.885293243426251,0.9999963846351302,0,0,0.45953216374269,0.0559877171052547,MID1
GO_Biological_Process_2023,Protein Localization To Microtubule Cytoskeleton (GO:0072698),1/9,0.885293243426251,0.9999963846351302,0,0,0.45953216374269,0.0559877171052547,MID1
GO_Biological_Process_2023,Quinone Metabolic Process (GO:1901661),1/9,0.885293243426251,0.9999963846351302,0,0,0.45953216374269,0.0559877171052547,AIFM2
GO_Biological_Process_2023,rRNA 3'-End Processing (GO:0031125),1/9,0.885293243426251,0.9999963846351302,0,0,0.45953216374269,0.0559877171052547,EXOSC7
GO_Biological_Process_2023,Regulation Of ER To Golgi Vesicle-Mediated Transport (GO:0060628),1/9,0.885293243426251,0.9999963846351302,0,0,0.45953216374269,0.0559877171052547,LRRK2
GO_Biological_Process_2023,Regulation Of Animal Organ Morphogenesis (GO:2000027),1/9,0.885293243426251,0.9999963846351302,0,0,0.45953216374269,0.0559877171052547,CITED2
GO_Biological_Process_2023,Regulation Of Cell-Cell Adhesion Involved In Gastrulation (GO:0070587),1/9,0.885293243426251,0.9999963846351302,0,0,0.45953216374269,0.0559877171052547,KLF4
GO_Biological_Process_2023,Regulation Of Cell-Cell Adhesion Mediated By Integrin (GO:0033632),1/9,0.885293243426251,0.9999963846351302,0,0,0.45953216374269,0.0559877171052547,DPP4
GO_Biological_Process_2023,Regulation Of Endoplasmic Reticulum Unfolded Protein Response (GO:1900101),1/9,0.885293243426251,0.9999963846351302,0,0,0.45953216374269,0.0559877171052547,PIK3R1
GO_Biological_Process_2023,Regulation Of Granulocyte Differentiation (GO:0030852),1/9,0.885293243426251,0.9999963846351302,0,0,0.45953216374269,0.0559877171052547,TESC
GO_Biological_Process_2023,Regulation Of Histone Methylation (GO:0031060),1/9,0.885293243426251,0.9999963846351302,0,0,0.45953216374269,0.0559877171052547,FAM47E
GO_Biological_Process_2023,Regulation Of Inflammatory Response To Wounding (GO:0106014),1/9,0.885293243426251,0.9999963846351302,0,0,0.45953216374269,0.0559877171052547,IL33
GO_Biological_Process_2023,Regulation Of Mast Cell Activation (GO:0033003),1/9,0.885293243426251,0.9999963846351302,0,0,0.45953216374269,0.0559877171052547,TSLP
GO_Biological_Process_2023,Regulation Of Memory T Cell Differentiation (GO:0043380),1/9,0.885293243426251,0.9999963846351302,0,0,0.45953216374269,0.0559877171052547,PCK1
GO_Biological_Process_2023,Regulation Of Sequestering Of Calcium Ion (GO:0051282),1/9,0.885293243426251,0.9999963846351302,0,0,0.45953216374269,0.0559877171052547,TRDN
GO_Biological_Process_2023,Regulation Of Store-Operated Calcium Entry (GO:2001256),1/9,0.885293243426251,0.9999963846351302,0,0,0.45953216374269,0.0559877171052547,GRAMD2A
GO_Biological_Process_2023,Regulation Of Viral-Induced Cytoplasmic Pattern Recognition Receptor Signaling Pathway (GO:0039531),1/9,0.885293243426251,0.9999963846351302,0,0,0.45953216374269,0.0559877171052547,NOP53
GO_Biological_Process_2023,Response To Interleukin-4 (GO:0070670),1/9,0.885293243426251,0.9999963846351302,0,0,0.45953216374269,0.0559877171052547,TCF7
GO_Biological_Process_2023,Serine Family Amino Acid Catabolic Process (GO:0009071),1/9,0.885293243426251,0.9999963846351302,0,0,0.45953216374269,0.0559877171052547,SHMT1
GO_Biological_Process_2023,Tetrapyrrole Metabolic Process (GO:0033013),1/9,0.885293243426251,0.9999963846351302,0,0,0.45953216374269,0.0559877171052547,CUBN
GO_Biological_Process_2023,"Wound Healing, Spreading Of Epidermal Cells (GO:0035313)",1/9,0.885293243426251,0.9999963846351302,0,0,0.45953216374269,0.0559877171052547,ARHGAP24
GO_Biological_Process_2023,Regulation Of Cysteine-Type Endopeptidase Activity Involved In Apoptotic Process (GO:0043281),14/84,0.8853642800759652,0.9999963846351302,0,0,0.734584702017832,0.0894401704646231,EPHA7;HGF;KLF4;PPM1F;AQP1;RPS6KA3;GPER1;MYC;NLRP3;GAS6;SOX7;NODAL;MAP3K5;SNCA
GO_Biological_Process_2023,Activation Of Cysteine-Type Endopeptidase Activity (GO:0097202),2/16,0.8860794789690546,0.9999963846351302,0,0,0.5251019453172003,0.0635103593304194,GRIN2A;ASPH
GO_Biological_Process_2023,Cell Communication By Electrical Coupling Involved In Cardiac Conduction (GO:0086064),2/16,0.8860794789690546,0.9999963846351302,0,0,0.5251019453172003,0.0635103593304194,ATP1A2;ATP1B2
GO_Biological_Process_2023,Cell Surface Toll-Like Receptor Signaling Pathway (GO:0140895),2/16,0.8860794789690546,0.9999963846351302,0,0,0.5251019453172003,0.0635103593304194,MYO1C;TLR4
GO_Biological_Process_2023,Endoplasmic Reticulum Tubular Network Organization (GO:0071786),2/16,0.8860794789690546,0.9999963846351302,0,0,0.5251019453172003,0.0635103593304194,RTN1;REEP2
GO_Biological_Process_2023,Glycoprotein Catabolic Process (GO:0006516),2/16,0.8860794789690546,0.9999963846351302,0,0,0.5251019453172003,0.0635103593304194,FBXO27;FBXO17
GO_Biological_Process_2023,Innate Immune Response-Activating Signaling Pathway (GO:0002758),2/16,0.8860794789690546,0.9999963846351302,0,0,0.5251019453172003,0.0635103593304194,NLRP3;NLRP1
GO_Biological_Process_2023,Negative Regulation Of ATP-dependent Activity (GO:0032780),2/16,0.8860794789690546,0.9999963846351302,0,0,0.5251019453172003,0.0635103593304194,PLN;LTF
GO_Biological_Process_2023,Negative Regulation Of Anoikis (GO:2000811),2/16,0.8860794789690546,0.9999963846351302,0,0,0.5251019453172003,0.0635103593304194,CAV1;PDK4
GO_Biological_Process_2023,Negative Regulation Of Interleukin-10 Production (GO:0032693),2/16,0.8860794789690546,0.9999963846351302,0,0,0.5251019453172003,0.0635103593304194,DLL1;VSIR
GO_Biological_Process_2023,Negative Regulation Of Intrinsic Apoptotic Signaling Pathway By P53 Class Mediator (GO:1902254),2/16,0.8860794789690546,0.9999963846351302,0,0,0.5251019453172003,0.0635103593304194,PRKN;BCL2
GO_Biological_Process_2023,Negative Regulation Of Natural Killer Cell Mediated Cytotoxicity (GO:0045953),2/16,0.8860794789690546,0.9999963846351302,0,0,0.5251019453172003,0.0635103593304194,SERPINB4;HLA-E
GO_Biological_Process_2023,Negative Regulation Of Receptor Signaling Pathway Via JAK-STAT (GO:0046426),2/16,0.8860794789690546,0.9999963846351302,0,0,0.5251019453172003,0.0635103593304194,SOCS3;CAV1
GO_Biological_Process_2023,Nuclear Chromosome Segregation (GO:0098813),2/16,0.8860794789690546,0.9999963846351302,0,0,0.5251019453172003,0.0635103593304194,KLHDC8B;GEM
GO_Biological_Process_2023,Phosphatidylinositol Dephosphorylation (GO:0046856),2/16,0.8860794789690546,0.9999963846351302,0,0,0.5251019453172003,0.0635103593304194,PIP4P2;INPP5K
GO_Biological_Process_2023,Protein Kinase A Signaling (GO:0010737),2/16,0.8860794789690546,0.9999963846351302,0,0,0.5251019453172003,0.0635103593304194,MYOM1;MROH2B
GO_Biological_Process_2023,Protein Localization To Endoplasmic Reticulum (GO:0070972),2/16,0.8860794789690546,0.9999963846351302,0,0,0.5251019453172003,0.0635103593304194,PPP1R15A;LRRK2
GO_Biological_Process_2023,Protein Localization To Mitochondrion (GO:0070585),2/16,0.8860794789690546,0.9999963846351302,0,0,0.5251019453172003,0.0635103593304194,LRRK2;RNF186
GO_Biological_Process_2023,Regulation Of Establishment Of Endothelial Barrier (GO:1903140),2/16,0.8860794789690546,0.9999963846351302,0,0,0.5251019453172003,0.0635103593304194,CDH5;CLDN5
GO_Biological_Process_2023,Regulation Of Nucleocytoplasmic Transport (GO:0046822),2/16,0.8860794789690546,0.9999963846351302,0,0,0.5251019453172003,0.0635103593304194,BMP4;PTPN14
GO_Biological_Process_2023,Regulation Of Response To Cytokine Stimulus (GO:0060759),2/16,0.8860794789690546,0.9999963846351302,0,0,0.5251019453172003,0.0635103593304194,LRRC70;KLF4
GO_Biological_Process_2023,Regulation Of Stem Cell Proliferation (GO:0072091),2/16,0.8860794789690546,0.9999963846351302,0,0,0.5251019453172003,0.0635103593304194,YAP1;FBLN1
GO_Biological_Process_2023,Sulfation (GO:0051923),2/16,0.8860794789690546,0.9999963846351302,0,0,0.5251019453172003,0.0635103593304194,UST;SULT1C4
GO_Biological_Process_2023,Negative Regulation Of Cytokine Production (GO:0001818),32/178,0.8874298338146319,0.9999963846351302,0,0,0.8045137050856649,0.096079709935583,PTGER4;ABCD2;ARRB1;DLL1;CX3CL1;VSIR;ZFP36;FFAR4;SIRPA;APOD;CD34;ELANE;PRNP;NMB;ANXA1;CR1;CIDEA;INHBB;IRAK3;NMBR;KLF4;IL6;RNF125;RGCC;NAV3;BPI;GAS6;PPARA;TLR4;CD200;LGR4;ASB1
GO_Biological_Process_2023,Development Of Primary Male Sexual Characteristics (GO:0046546),7/46,0.8889253722782993,0.9999963846351302,0,0,0.6594650761903046,0.0776467321771883,LHCGR;FGF9;SOX15;KIT;AKR1C3;SOX8;NR0B1
GO_Biological_Process_2023,Male Gonad Development (GO:0008584),7/46,0.8889253722782993,0.9999963846351302,0,0,0.6594650761903046,0.0776467321771883,LHCGR;FGF9;SOX15;KIT;AKR1C3;SOX8;NR0B1
GO_Biological_Process_2023,Negative Regulation Of Cellular Metabolic Process (GO:0031324),7/46,0.8889253722782993,0.9999963846351302,0,0,0.6594650761903046,0.0776467321771883,PRKN;ITGB3;TWIST1;WNT1;PPARA;CIDEC;PLIN5
GO_Biological_Process_2023,Negative Regulation Of Cellular Component Organization (GO:0051129),13/79,0.8891473656606643,0.9999963846351302,0,0,0.7234697431741767,0.0850021179986272,MCTP1;IRAK3;CLU;BMP6;LGALS3;CH25H;TMEFF2;SPRY2;PRKD1;CRYAB;NOP53;EPHA3;RAPGEF3
GO_Biological_Process_2023,Proteolysis (GO:0006508),62/330,0.8911719018995166,0.9999963846351302,0,0,0.8485149005801557,0.0977641377971603,PCSK2;FCN1;FCN2;CPM;TINAGL1;CPQ;CPXM2;PLAT;PCSK7;PCSK5;ENDOU;ADAMTS5;THBD;CAPN8;ADAMTS3;CAPN6;ADAMTS1;ANPEP;CAPN5;CAPN3;CTSG;ADAMTS8;ADAMTS9;CPA2;CPA1;MMP7;MME;HGF;CYP2A6;MMP23B;LPA;TRABD2B;PAPPA2;COLEC11;CPB1;CFH;TMPRSS5;DHH;KLK3;TRHDE;DPP4;PRSS50;PRSS45P;ADAMTS18;NAALAD2;NLRP1;ELANE;LVRN;PTCH1;ADAM33;KLK13;PRSS42P;KLK14;PGA3;PGA5;PGA4;PM20D2;CAPN11;PIP;CNTN1;CPE;TLL1
GO_Biological_Process_2023,Regulation Of Response To External Stimulus (GO:0032101),22/127,0.8924430822106133,0.9999963846351302,0,0,0.7692882888933664,0.0875392689973536,P2RY12;PDGFRA;SPAAR;ANXA1;CMA1;CAV1;NRG1;PTGS2;SELE;CX3CL1;NLRP14;BST1;NLRP13;NLRP8;BCL6;ADGRA2;NLRP5;AGTR1;NMT2;NLRP1;CD36;MGLL
GO_Biological_Process_2023,Regulation Of Cell Development (GO:0060284),8/52,0.8936714340679552,0.9999963846351302,0,0,0.6679730765953821,0.0750915926593226,CX3CR1;YAP1;HEY1;HEY2;BHLHE41;PTN;DLL1;CX3CL1
GO_Biological_Process_2023,Regulation Of Peptide Hormone Secretion (GO:0090276),8/52,0.8936714340679552,0.9999963846351302,0,0,0.6679730765953821,0.0750915926593226,CRHBP;G6PC2;IL6;RFX6;RASL10B;FFAR3;KCNA5;GCK
GO_Biological_Process_2023,Negative Regulation Of DNA Binding (GO:0043392),4/29,0.8951639691016651,0.9999963846351302,0,0,0.5879775280898877,0.0651175538834248,JUN;HEY1;HEY2;HABP4
GO_Biological_Process_2023,Organic Cyclic Compound Biosynthetic Process (GO:1901362),4/29,0.8951639691016651,0.9999963846351302,0,0,0.5879775280898877,0.0651175538834248,CYP21A2;HDC;HSD17B3;CYP17A1
GO_Biological_Process_2023,Positive Regulation Of Dephosphorylation (GO:0035306),4/29,0.8951639691016651,0.9999963846351302,0,0,0.5879775280898877,0.0651175538834248,PPP1R16B;CDH5;BMP2;CHP2
GO_Biological_Process_2023,Regulation Of Protein Modification By Small Protein Conjugation Or Removal (GO:1903320),4/29,0.8951639691016651,0.9999963846351302,0,0,0.5879775280898877,0.0651175538834248,PRKN;EGR1;EPAS1;DCUN1D3
GO_Biological_Process_2023,Integrin-Mediated Signaling Pathway (GO:0007229),14/85,0.8953420199154928,0.9999963846351302,0,0,0.7241921732176257,0.0800590743605205,DST;ITGB3;ITGA1;NEDD9;FBLN1;PTN;ADAMTS1;ITGA10;ITGB8;ITGA7;PRKD1;PLPP3;FERMT2;ITGA9
GO_Biological_Process_2023,Cellular Response To Amino Acid Stimulus (GO:0071230),5/35,0.8959571816778962,0.9999963846351302,0,0,0.6124248809802544,0.0672826236912174,CPEB1;SPAAR;SESN3;RRAGD;FYN
GO_Biological_Process_2023,Intrinsic Apoptotic Signaling Pathway By P53 Class Mediator (GO:0072332),5/35,0.8959571816778962,0.9999963846351302,0,0,0.6124248809802544,0.0672826236912174,ZNF385B;CDIP1;PDK2;BOK;PHLDA3
GO_Biological_Process_2023,Neutral Amino Acid Transport (GO:0015804),5/35,0.8959571816778962,0.9999963846351302,0,0,0.6124248809802544,0.0672826236912174,SLC36A2;SLC6A15;SLC6A14;SLC7A10;SLC38A3
GO_Biological_Process_2023,Response To Exogenous dsRNA (GO:0043330),5/35,0.8959571816778962,0.9999963846351302,0,0,0.6124248809802544,0.0672826236912174,COLEC12;IFNE;RFTN1;IRAK3;TLR3
GO_Biological_Process_2023,Axon Extension (GO:0048675),3/23,0.8974155125234716,0.9999963846351302,0,0,0.5512754505031594,0.0596680147758805,SEMA5A;SEMA3A;SLIT2
GO_Biological_Process_2023,Cellular Lipid Catabolic Process (GO:0044242),3/23,0.8974155125234716,0.9999963846351302,0,0,0.5512754505031594,0.0596680147758805,ACADL;ENPP2;PLD1
GO_Biological_Process_2023,Entrainment Of Circadian Clock By Photoperiod (GO:0043153),3/23,0.8974155125234716,0.9999963846351302,0,0,0.5512754505031594,0.0596680147758805,PER1;USP2;CRY2
GO_Biological_Process_2023,Negative Regulation Of Epidermal Growth Factor Receptor Signaling Pathway (GO:0042059),3/23,0.8974155125234716,0.9999963846351302,0,0,0.5512754505031594,0.0596680147758805,ITGA1;DAB2IP;EGFR
GO_Biological_Process_2023,Negative Regulation Of Oxidative Stress-Induced Cell Death (GO:1903202),3/23,0.8974155125234716,0.9999963846351302,0,0,0.5512754505031594,0.0596680147758805,PRKN;LRRK2;FYN
GO_Biological_Process_2023,Negative Regulation Of Protein Depolymerization (GO:1901880),3/23,0.8974155125234716,0.9999963846351302,0,0,0.5512754505031594,0.0596680147758805,PLEKHH2;NAV3;STMN2
GO_Biological_Process_2023,Positive Regulation Of Lamellipodium Assembly (GO:0010592),3/23,0.8974155125234716,0.9999963846351302,0,0,0.5512754505031594,0.0596680147758805,MSTN;PIK3R1;WNT1
GO_Biological_Process_2023,Positive Regulation Of Neutrophil Migration (GO:1902624),3/23,0.8974155125234716,0.9999963846351302,0,0,0.5512754505031594,0.0596680147758805,CCL21;DAPK2;XG
GO_Biological_Process_2023,Protein Localization To Cell Junction (GO:1902414),3/23,0.8974155125234716,0.9999963846351302,0,0,0.5512754505031594,0.0596680147758805,NLGN1;FERMT2;JAM3
GO_Biological_Process_2023,Regulation Of Cell Junction Assembly (GO:1901888),3/23,0.8974155125234716,0.9999963846351302,0,0,0.5512754505031594,0.0596680147758805,MEF2C;MYO1C;CLDN19
GO_Biological_Process_2023,Regulation Of Cholesterol Metabolic Process (GO:0090181),3/23,0.8974155125234716,0.9999963846351302,0,0,0.5512754505031594,0.0596680147758805,ACADVL;ACADL;CES1
GO_Biological_Process_2023,Regulation Of Myotube Differentiation (GO:0010830),3/23,0.8974155125234716,0.9999963846351302,0,0,0.5512754505031594,0.0596680147758805,BHLHE41;SMYD1;CCN3
GO_Biological_Process_2023,Establishment Of Protein Localization To Membrane (GO:0090150),11/69,0.8980564387760568,0.9999963846351302,0,0,0.6966325746856935,0.0749035807390116,GOLGA7B;ZDHHC19;MYO1C;FRMPD1;RFTN1;NACAD;SYNE3;ZDHHC2;NECTIN3;EGFR;ZDHHC15
GO_Biological_Process_2023,Carbohydrate Catabolic Process (GO:0016052),6/41,0.8983474658736181,0.9999963846351302,0,0,0.6298695215791235,0.0675209749875646,PFKFB1;AMY2A;ALDOC;ALDOB;PGM1;GCK
GO_Biological_Process_2023,Positive Regulation Of Response To Biotic Stimulus (GO:0002833),6/41,0.8983474658736181,0.9999963846351302,0,0,0.6298695215791235,0.0675209749875646,MYO1C;MMRN2;EMILIN2;PRKCA;SASH1;BMP6
GO_Biological_Process_2023,Positive Regulation Of Viral Process (GO:0048524),6/41,0.8983474658736181,0.9999963846351302,0,0,0.6298695215791235,0.0675209749875646,NR5A2;MDFIC;CD209;TYRO3;PPARA;CLEC4G
GO_Biological_Process_2023,Regulation Of Phagocytosis (GO:0050764),9/58,0.8985078873393133,0.9999963846351302,0,0,0.6747320442121072,0.0722096846845484,TUB;PIP4P2;ADIPOQ;SIRPA;PLA2G5;OLFM4;GAS6;MERTK;SIRPB1
GO_Biological_Process_2023,Small GTPase Mediated Signal Transduction (GO:0007264),19/112,0.8986398249297387,0.9999963846351302,0,0,0.7501597621627629,0.0801717976052524,DIRAS3;RASL10A;RRAD;RASGRF2;RRAS2;IGF1;PLD1;RASGRP2;FGF2;ADRA2A;ART4;CNKSR2;ARHGAP31;MRAS;RRAS;DOK5;RASGEF1C;RGL1;RAPGEF3
GO_Biological_Process_2023,Positive Regulation Of Binding (GO:0051099),15/91,0.901152730492376,0.9999963846351302,0,0,0.7248113242505466,0.0754387420951185,PRKN;CSF3;FOXC1;LRP1;EGF;LRRK2;CAV1;IGF1;NGF;BMP4;CLDN5;BMP2;PPARG;CLIC2;MET
GO_Biological_Process_2023,Negative Regulation Of Hydrolase Activity (GO:0051346),7/47,0.9015949394958248,0.9999963846351302,0,0,0.642937456078707,0.0666018454757677,SERPINB4;CSTA;RASA4;LRRK2;DAB2IP;NOS1;PLIN5
GO_Biological_Process_2023,Regulation Of Interleukin-2 Production (GO:0032663),7/47,0.9015949394958248,0.9999963846351302,0,0,0.642937456078707,0.0666018454757677,PRNP;ZFP36;CR1;NAV3;PLCG2;CD34;SPTBN1
GO_Biological_Process_2023,Glycoprotein Metabolic Process (GO:0009100),8/53,0.9052909019185515,0.9999963846351302,0,0,0.653087576798917,0.0649815270709557,ST8SIA1;FBXO27;ST8SIA2;FBXO17;MAN1A1;ST6GALNAC3;CNMD;ST6GALNAC6
GO_Biological_Process_2023,Gonad Development (GO:0008406),8/53,0.9052909019185515,0.9999963846351302,0,0,0.653087576798917,0.0649815270709557,LHCGR;FGF8;FGF9;SOX15;KIT;AKR1C3;SOX8;NR0B1
GO_Biological_Process_2023,Negative Regulation Of Cysteine-Type Endopeptidase Activity (GO:2000117),8/53,0.9052909019185515,0.9999963846351302,0,0,0.653087576798917,0.0649815270709557,RPS6KA3;HGF;CSN2;GAS6;KLF4;AQP1;LTF;SNCA
GO_Biological_Process_2023,Rac Protein Signal Transduction (GO:0016601),2/17,0.9058984256750788,0.9999963846351302,0,0,0.4900639525815005,0.0484320854728105,EPS8;CDH13
GO_Biological_Process_2023,T Cell Migration (GO:0072678),2/17,0.9058984256750788,0.9999963846351302,0,0,0.4900639525815005,0.0484320854728105,S1PR1;XG
GO_Biological_Process_2023,Amyloid Precursor Protein Metabolic Process (GO:0042982),2/17,0.9058984256750788,0.9999963846351302,0,0,0.4900639525815005,0.0484320854728105,NSG1;KLK6
GO_Biological_Process_2023,Branched-Chain Amino Acid Catabolic Process (GO:0009083),2/17,0.9058984256750788,0.9999963846351302,0,0,0.4900639525815005,0.0484320854728105,HMGCLL1;ACAT1
GO_Biological_Process_2023,Carbohydrate Derivative Catabolic Process (GO:1901136),2/17,0.9058984256750788,0.9999963846351302,0,0,0.4900639525815005,0.0484320854728105,FBXO27;FBXO17
GO_Biological_Process_2023,Carbohydrate Derivative Transport (GO:1901264),2/17,0.9058984256750788,0.9999963846351302,0,0,0.4900639525815005,0.0484320854728105,VLDLR;PLTP
GO_Biological_Process_2023,Carboxylic Acid Catabolic Process (GO:0046395),2/17,0.9058984256750788,0.9999963846351302,0,0,0.4900639525815005,0.0484320854728105,ETFB;HOGA1
GO_Biological_Process_2023,Membrane Lipid Metabolic Process (GO:0006643),2/17,0.9058984256750788,0.9999963846351302,0,0,0.4900639525815005,0.0484320854728105,GAL3ST1;AGMO
GO_Biological_Process_2023,Microtubule Depolymerization (GO:0007019),2/17,0.9058984256750788,0.9999963846351302,0,0,0.4900639525815005,0.0484320854728105,KIF19;STMN2
GO_Biological_Process_2023,Negative Regulation Of Cellular Senescence (GO:2000773),2/17,0.9058984256750788,0.9999963846351302,0,0,0.4900639525815005,0.0484320854728105,TWIST1;WNT1
GO_Biological_Process_2023,Positive Regulation Of Alpha-Beta T Cell Proliferation (GO:0046641),2/17,0.9058984256750788,0.9999963846351302,0,0,0.4900639525815005,0.0484320854728105,HLA-E;TGFBR2
GO_Biological_Process_2023,Positive Regulation Of Cell Cycle Phase Transition (GO:1901989),2/17,0.9058984256750788,0.9999963846351302,0,0,0.4900639525815005,0.0484320854728105,PLCG2;GLI1
GO_Biological_Process_2023,Positive Regulation Of Lymphocyte Chemotaxis (GO:0140131),2/17,0.9058984256750788,0.9999963846351302,0,0,0.4900639525815005,0.0484320854728105,CCL21;NEDD9
GO_Biological_Process_2023,Positive Regulation Of Peptidyl-Lysine Acetylation (GO:2000758),2/17,0.9058984256750788,0.9999963846351302,0,0,0.4900639525815005,0.0484320854728105,NOS1;PPARGC1A
GO_Biological_Process_2023,Positive Regulation Of Peptidyl-Serine Phosphorylation Of STAT Protein (GO:0033141),2/17,0.9058984256750788,0.9999963846351302,0,0,0.4900639525815005,0.0484320854728105,IFNE;LIF
GO_Biological_Process_2023,Regulation Of Cellular Respiration (GO:0043457),2/17,0.9058984256750788,0.9999963846351302,0,0,0.4900639525815005,0.0484320854728105,PRDM16;NOP53
GO_Biological_Process_2023,Regulation Of Mitotic Cell Cycle Spindle Assembly Checkpoint (GO:0090266),2/17,0.9058984256750788,0.9999963846351302,0,0,0.4900639525815005,0.0484320854728105,DUSP1;USP44
GO_Biological_Process_2023,Regulation Of Tubulin Deacetylation (GO:0090043),2/17,0.9058984256750788,0.9999963846351302,0,0,0.4900639525815005,0.0484320854728105,KAT2B;TPPP
GO_Biological_Process_2023,Regulation Of Ubiquitin Protein Ligase Activity (GO:1904666),2/17,0.9058984256750788,0.9999963846351302,0,0,0.4900639525815005,0.0484320854728105,USP44;CDC14B
GO_Biological_Process_2023,Regulation Of Vacuole Organization (GO:0044088),2/17,0.9058984256750788,0.9999963846351302,0,0,0.4900639525815005,0.0484320854728105,EFNB1;RNF186
GO_Biological_Process_2023,Regulation Of Viral Transcription (GO:0046782),2/17,0.9058984256750788,0.9999963846351302,0,0,0.4900639525815005,0.0484320854728105,ZFP36;MDFIC
GO_Biological_Process_2023,Toll-Like Receptor 4 Signaling Pathway (GO:0034142),2/17,0.9058984256750788,0.9999963846351302,0,0,0.4900639525815005,0.0484320854728105,MYO1C;TLR4
GO_Biological_Process_2023,Regulation Of Protein Localization (GO:0032880),16/97,0.9066057936498184,0.9999963846351302,0,0,0.7253463165826233,0.0711184292213932,MMD;EGF;ITGB3;NEDD9;KRT5;OOEP;PPM1F;ATCAY;MAP2;DZIP1L;TRIM68;GPC3;GPC5;CAMK1;SLC26A4;VIP
GO_Biological_Process_2023,Positive Regulation Of Growth (GO:0045927),13/81,0.9083850106714972,0.9999963846351302,0,0,0.7021015302672793,0.0674628084572773,YAP1;LGI1;RFTN1;AKAP6;EGFR;PPM1F;RPS6KA3;GH1;SFRP1;HYAL1;LEP;BCL2;TEAD1
GO_Biological_Process_2023,Regulation Of Interleukin-8 Production (GO:0032677),13/81,0.9083850106714972,0.9999963846351302,0,0,0.7021015302672793,0.0674628084572773,FCN1;AFAP1L2;ANXA1;ARRB1;KLF4;IL6;LEP;CNTN1;BPI;TLR4;TLR3;ELANE;CD244
GO_Biological_Process_2023,Negative Regulation Of Organelle Assembly (GO:1902116),5/36,0.9094586504548589,0.9999963846351302,0,0,0.5926314755930846,0.0562441323525087,YAP1;KAT2B;CAV3;LRRK2;FEZ1
GO_Biological_Process_2023,Regulation Of Erythrocyte Differentiation (GO:0045646),5/36,0.9094586504548589,0.9999963846351302,0,0,0.5926314755930846,0.0562441323525087,STAT5B;MAPK11;ZFP36;TAL1;HOXA5
GO_Biological_Process_2023,Regulation Of Intracellular Protein Transport (GO:0033157),5/36,0.9094586504548589,0.9999963846351302,0,0,0.5926314755930846,0.0562441323525087,BMP4;TENM1;SH3TC2;PTPN14;VAMP2
GO_Biological_Process_2023,Regulation Of Peptidyl-Threonine Phosphorylation (GO:0010799),5/36,0.9094586504548589,0.9999963846351302,0,0,0.5926314755930846,0.0562441323525087,DMTN;EGF;INPP5K;SPRY2;STOX1
GO_Biological_Process_2023,Positive Regulation Of Defense Response (GO:0031349),21/124,0.909715026704518,0.9999963846351302,0,0,0.7484991956921041,0.0708259025514194,PTGER4;CEBPA;IL33;MEF2C;TSLP;PDE2A;PLA2G2A;CX3CL1;GPRC5B;MYO1C;NFKBIZ;MMRN2;AGTR1;NLRP3;S100A12;EMILIN2;NLRP1;TLR4;OPTN;TLR3;SNCA
GO_Biological_Process_2023,CRD-mediated mRNA Stabilization (GO:0070934),1/10,0.9098282453220496,0.9999963846351302,0,0,0.4084470435347628,0.0385980163484138,IGF2BP2
GO_Biological_Process_2023,L-serine Metabolic Process (GO:0006563),1/10,0.9098282453220496,0.9999963846351302,0,0,0.4084470435347628,0.0385980163484138,SHMT1
GO_Biological_Process_2023,N-acetylneuraminate Metabolic Process (GO:0006054),1/10,0.9098282453220496,0.9999963846351302,0,0,0.4084470435347628,0.0385980163484138,HOGA1
GO_Biological_Process_2023,Rap Protein Signal Transduction (GO:0032486),1/10,0.9098282453220496,0.9999963846351302,0,0,0.4084470435347628,0.0385980163484138,RAPGEF3
GO_Biological_Process_2023,Acidic Amino Acid Transport (GO:0015800),1/10,0.9098282453220496,0.9999963846351302,0,0,0.4084470435347628,0.0385980163484138,SLC1A3
GO_Biological_Process_2023,Atrial Septum Morphogenesis (GO:0060413),1/10,0.9098282453220496,0.9999963846351302,0,0,0.4084470435347628,0.0385980163484138,HEY2
GO_Biological_Process_2023,Branched-Chain Amino Acid Transport (GO:0015803),1/10,0.9098282453220496,0.9999963846351302,0,0,0.4084470435347628,0.0385980163484138,SLC6A15
GO_Biological_Process_2023,Cellular Response To UV-A (GO:0071492),1/10,0.9098282453220496,0.9999963846351302,0,0,0.4084470435347628,0.0385980163484138,MME
GO_Biological_Process_2023,Cellular Response To Interleukin-12 (GO:0071349),1/10,0.9098282453220496,0.9999963846351302,0,0,0.4084470435347628,0.0385980163484138,SIRPA
GO_Biological_Process_2023,Cellular Response To Interleukin-15 (GO:0071350),1/10,0.9098282453220496,0.9999963846351302,0,0,0.4084470435347628,0.0385980163484138,STAT5A
GO_Biological_Process_2023,Histone H3-K14 Acetylation (GO:0044154),1/10,0.9098282453220496,0.9999963846351302,0,0,0.4084470435347628,0.0385980163484138,KAT2B
GO_Biological_Process_2023,Interleukin-15-Mediated Signaling Pathway (GO:0035723),1/10,0.9098282453220496,0.9999963846351302,0,0,0.4084470435347628,0.0385980163484138,STAT5A
GO_Biological_Process_2023,Megakaryocyte Development (GO:0035855),1/10,0.9098282453220496,0.9999963846351302,0,0,0.4084470435347628,0.0385980163484138,KIT
GO_Biological_Process_2023,Meiotic Sister Chromatid Cohesion (GO:0051177),1/10,0.9098282453220496,0.9999963846351302,0,0,0.4084470435347628,0.0385980163484138,HORMAD2
GO_Biological_Process_2023,Microtubule Anchoring At Centrosome (GO:0034454),1/10,0.9098282453220496,0.9999963846351302,0,0,0.4084470435347628,0.0385980163484138,CCDC68
GO_Biological_Process_2023,Mitotic G1/S Transition Checkpoint Signaling (GO:0044819),1/10,0.9098282453220496,0.9999963846351302,0,0,0.4084470435347628,0.0385980163484138,FBXO31
GO_Biological_Process_2023,Muscle Filament Sliding (GO:0030049),1/10,0.9098282453220496,0.9999963846351302,0,0,0.4084470435347628,0.0385980163484138,MYH3
GO_Biological_Process_2023,Negative Regulation Of Activated T Cell Proliferation (GO:0046007),1/10,0.9098282453220496,0.9999963846351302,0,0,0.4084470435347628,0.0385980163484138,PRNP
GO_Biological_Process_2023,Negative Regulation Of Autophagosome Assembly (GO:1902902),1/10,0.9098282453220496,0.9999963846351302,0,0,0.4084470435347628,0.0385980163484138,LRRK2
GO_Biological_Process_2023,Negative Regulation Of Centrosome Duplication (GO:0010826),1/10,0.9098282453220496,0.9999963846351302,0,0,0.4084470435347628,0.0385980163484138,KAT2B
GO_Biological_Process_2023,Negative Regulation Of Cholesterol Transport (GO:0032375),1/10,0.9098282453220496,0.9999963846351302,0,0,0.4084470435347628,0.0385980163484138,ABCG8
GO_Biological_Process_2023,Negative Regulation Of Glycolytic Process (GO:0045820),1/10,0.9098282453220496,0.9999963846351302,0,0,0.4084470435347628,0.0385980163484138,PPARA
GO_Biological_Process_2023,Negative Regulation Of Homotypic Cell-Cell Adhesion (GO:0034111),1/10,0.9098282453220496,0.9999963846351302,0,0,0.4084470435347628,0.0385980163484138,C1QTNF1
GO_Biological_Process_2023,Negative Regulation Of Mitochondrial Outer Membrane Permeabilization Involved In Apoptotic Signaling Pathway (GO:1901029),1/10,0.9098282453220496,0.9999963846351302,0,0,0.4084470435347628,0.0385980163484138,FZD9
GO_Biological_Process_2023,Negative Regulation Of Natural Killer Cell Mediated Immunity (GO:0002716),1/10,0.9098282453220496,0.9999963846351302,0,0,0.4084470435347628,0.0385980163484138,HLA-E
GO_Biological_Process_2023,Negative Regulation Of Nuclear Division (GO:0051784),1/10,0.9098282453220496,0.9999963846351302,0,0,0.4084470435347628,0.0385980163484138,BMP4
GO_Biological_Process_2023,Nuclear RNA Surveillance (GO:0071027),1/10,0.9098282453220496,0.9999963846351302,0,0,0.4084470435347628,0.0385980163484138,EXOSC7
GO_Biological_Process_2023,"Nuclear-Transcribed mRNA Catabolic Process, Exonucleolytic, 3'-5' (GO:0034427)",1/10,0.9098282453220496,0.9999963846351302,0,0,0.4084470435347628,0.0385980163484138,EXOSC7
GO_Biological_Process_2023,Peptidyl-Proline Hydroxylation (GO:0019511),1/10,0.9098282453220496,0.9999963846351302,0,0,0.4084470435347628,0.0385980163484138,P3H2
GO_Biological_Process_2023,Positive Regulation Of Attachment Of Spindle Microtubules To Kinetochore (GO:0051987),1/10,0.9098282453220496,0.9999963846351302,0,0,0.4084470435347628,0.0385980163484138,KAT2B
GO_Biological_Process_2023,Positive Regulation Of Autophagy Of Mitochondrion (GO:1903599),1/10,0.9098282453220496,0.9999963846351302,0,0,0.4084470435347628,0.0385980163484138,PRKN
GO_Biological_Process_2023,Positive Regulation Of Bone Resorption (GO:0045780),1/10,0.9098282453220496,0.9999963846351302,0,0,0.4084470435347628,0.0385980163484138,PRKCA
GO_Biological_Process_2023,Positive Regulation Of Mitochondrial Outer Membrane Permeabilization Involved In Apoptotic Signaling Pathway (GO:1901030),1/10,0.9098282453220496,0.9999963846351302,0,0,0.4084470435347628,0.0385980163484138,BOK
GO_Biological_Process_2023,Positive Regulation Of Phospholipid Transport (GO:2001140),1/10,0.9098282453220496,0.9999963846351302,0,0,0.4084470435347628,0.0385980163484138,CETP
GO_Biological_Process_2023,Protein Kinase C Signaling (GO:0070528),1/10,0.9098282453220496,0.9999963846351302,0,0,0.4084470435347628,0.0385980163484138,MAS1
GO_Biological_Process_2023,Protein Kinase C-activating G Protein-Coupled Receptor Signaling Pathway (GO:0007205),1/10,0.9098282453220496,0.9999963846351302,0,0,0.4084470435347628,0.0385980163484138,PLPP1
GO_Biological_Process_2023,Protein Oxidation (GO:0018158),1/10,0.9098282453220496,0.9999963846351302,0,0,0.4084470435347628,0.0385980163484138,LOXL4
GO_Biological_Process_2023,Regulation Of Cardiac Muscle Cell Apoptotic Process (GO:0010665),1/10,0.9098282453220496,0.9999963846351302,0,0,0.4084470435347628,0.0385980163484138,HAND2
GO_Biological_Process_2023,Regulation Of Cysteine-Type Endopeptidase Activity Involved In Apoptotic Signaling Pathway (GO:2001267),1/10,0.9098282453220496,0.9999963846351302,0,0,0.4084470435347628,0.0385980163484138,GSN
GO_Biological_Process_2023,Regulation Of Dendritic Cell Differentiation (GO:2001198),1/10,0.9098282453220496,0.9999963846351302,0,0,0.4084470435347628,0.0385980163484138,LGALS3
GO_Biological_Process_2023,Regulation Of Inclusion Body Assembly (GO:0090083),1/10,0.9098282453220496,0.9999963846351302,0,0,0.4084470435347628,0.0385980163484138,SNCAIP
GO_Biological_Process_2023,Regulation Of Melanin Biosynthetic Process (GO:0048021),1/10,0.9098282453220496,0.9999963846351302,0,0,0.4084470435347628,0.0385980163484138,ZEB2
GO_Biological_Process_2023,Regulation Of Programmed Necrotic Cell Death (GO:0062098),1/10,0.9098282453220496,0.9999963846351302,0,0,0.4084470435347628,0.0385980163484138,PRKN
GO_Biological_Process_2023,Removal Of Superoxide Radicals (GO:0019430),1/10,0.9098282453220496,0.9999963846351302,0,0,0.4084470435347628,0.0385980163484138,SOD3
GO_Biological_Process_2023,Response To Sterol (GO:0036314),1/10,0.9098282453220496,0.9999963846351302,0,0,0.4084470435347628,0.0385980163484138,TGFBR2
GO_Biological_Process_2023,Synaptic Vesicle Transport (GO:0048489),1/10,0.9098282453220496,0.9999963846351302,0,0,0.4084470435347628,0.0385980163484138,KIF5A
GO_Biological_Process_2023,Homologous Chromosome Pairing At Meiosis (GO:0007129),4/30,0.909836868651505,0.9999963846351302,0,0,0.565326995102276,0.0534177255833855,SYCE1;IHO1;SYCP1;MEI4
GO_Biological_Process_2023,Positive Regulation Of JUN Kinase Activity (GO:0043507),4/30,0.909836868651505,0.9999963846351302,0,0,0.565326995102276,0.0534177255833855,EDN1;DAB2IP;SASH1;MAP3K5
GO_Biological_Process_2023,Positive Regulation Of Interleukin-10 Production (GO:0032733),4/30,0.909836868651505,0.9999963846351302,0,0,0.565326995102276,0.0534177255833855,IL6;TSLP;PLCG2;TLR4
GO_Biological_Process_2023,Protein Palmitoylation (GO:0018345),4/30,0.909836868651505,0.9999963846351302,0,0,0.565326995102276,0.0534177255833855,GOLGA7B;ZDHHC19;ZDHHC2;ZDHHC15
GO_Biological_Process_2023,Response To Amino Acid (GO:0043200),4/30,0.909836868651505,0.9999963846351302,0,0,0.565326995102276,0.0534177255833855,CPEB1;SPAAR;GLRA3;RRAGD
GO_Biological_Process_2023,Amino Acid Transmembrane Transport (GO:0003333),6/42,0.910755914084171,0.9999963846351302,0,0,0.6123341139734583,0.0572412069683901,SLC25A18;SLC47A1;SLC36A2;SLC6A14;SLC7A10;SLC38A3
GO_Biological_Process_2023,Lysosome Localization (GO:0032418),6/42,0.910755914084171,0.9999963846351302,0,0,0.6123341139734583,0.0572412069683901,CHGA;NR4A3;MRGPRX2;KIT;FCER1A;MAP6
GO_Biological_Process_2023,Substantia Nigra Development (GO:0021762),6/42,0.910755914084171,0.9999963846351302,0,0,0.6123341139734583,0.0572412069683901,MAOB;FGF9;S100A1;PLP1;SYPL2;NDRG2
GO_Biological_Process_2023,Regulation Of Ras Protein Signal Transduction (GO:0046578),12/76,0.9125447646581116,0.9999963846351302,0,0,0.6886139774859287,0.0630206687236169,EPS8;KANK2;SYDE1;KANK1;STARD8;ARHGEF28;DAB2IP;SPRY2;SPRY1;IGF1;NGF;FGF10
GO_Biological_Process_2023,Cellular Response To Mechanical Stimulus (GO:0071260),7/48,0.9130112094071596,0.9999963846351302,0,0,0.6272160613384068,0.0570811279297552,PTGER4;PDE2A;HABP4;TNFRSF8;TLR4;TLR3;AQP1
GO_Biological_Process_2023,Regulation Of Intrinsic Apoptotic Signaling Pathway (GO:2001242),7/48,0.9130112094071596,0.9999963846351302,0,0,0.6272160613384068,0.0570811279297552,PLEKHF1;CAV1;DAPK2;BCL2;SEPTIN4;BCL2L2;BOK
GO_Biological_Process_2023,Lipid Translocation (GO:0034204),3/24,0.9132361333671624,0.9999963846351302,0,0,0.524990806057972,0.0476485841078543,ATP8B4;ABCB1;ATP8A1
GO_Biological_Process_2023,Negative Regulation Of Ossification (GO:0030279),3/24,0.9132361333671624,0.9999963846351302,0,0,0.524990806057972,0.0476485841078543,MEF2C;SFRP1;LRP4
GO_Biological_Process_2023,Photoperiodism (GO:0009648),3/24,0.9132361333671624,0.9999963846351302,0,0,0.524990806057972,0.0476485841078543,PER1;USP2;CRY2
GO_Biological_Process_2023,Regulation Of Cytoplasmic Translation (GO:2000765),3/24,0.9132361333671624,0.9999963846351302,0,0,0.524990806057972,0.0476485841078543,CPEB1;NMNAT2;YBX3
GO_Biological_Process_2023,Regulation Of Endoplasmic Reticulum Stress-Induced Intrinsic Apoptotic Signaling Pathway (GO:1902235),3/24,0.9132361333671624,0.9999963846351302,0,0,0.524990806057972,0.0476485841078543,PRKN;LRRK2;BOK
GO_Biological_Process_2023,Regulation Of Execution Phase Of Apoptosis (GO:1900117),3/24,0.9132361333671624,0.9999963846351302,0,0,0.524990806057972,0.0476485841078543,PTGIS;CIDEA;BOK
GO_Biological_Process_2023,ERBB Signaling Pathway (GO:0038127),8/54,0.915814030330538,0.9999963846351302,0,0,0.6388492726457764,0.0561816562717806,PIGR;EFEMP1;SHC3;NRG3;EGF;NRG1;EGFR;HBEGF
GO_Biological_Process_2023,Regulation Of Exocytosis (GO:0017157),8/54,0.915814030330538,0.9999963846351302,0,0,0.6388492726457764,0.0561816562717806,RAB3C;LGI3;IL1RAPL1;STXBP6;SEPTIN4;CFTR;VAMP2;SNCA
GO_Biological_Process_2023,Regulation Of Cytokine Production (GO:0001817),29/167,0.9167082204682754,0.9999963846351302,0,0,0.7712076384694396,0.0670688794231964,PTGER4;ZBTB20;CLEC9A;AGPAT2;FFAR4;SIRPA;IGF2BP2;LURAP1;BTNL9;BTNL8;IL33;AFAP1L2;ANXA1;CIDEA;BTNL2;TNFRSF1B;ADRA2A;PER1;IL6;RGCC;BCL6;BCL6B;LEP;SAA1;ACKR1;PLA2R1;LGR4;LTF;ASB1
GO_Biological_Process_2023,Protein O-linked Glycosylation (GO:0006493),15/93,0.9177147314910528,0.9999963846351302,0,0,0.7061361543877385,0.0606349841833713,GALNT12;GALNT16;GALNT17;TMTC1;FUT6;FUT9;B3GALT2;A4GNT;B3GALT1;EOGT;B3GNT3;GCNT4;CHST4;GALNT8;ST3GAL3
GO_Biological_Process_2023,Regulation Of GTPase Activity (GO:0043087),38/214,0.91920092342308,0.9999963846351302,0,0,0.7921081985499163,0.0667355496873142,CCL14;CCL13;LRRK2;RASGRF2;ADRB1;EFNA5;RASGRP2;SLC6A2;CX3CL1;RASIP1;PREX2;DOCK11;FGD5;ALS2CL;CCL8;WNT11;RASGEF1C;CCL2;CCL18;CCL16;RGS6;PLXNA4;EPHA5;EPHA4;CCL24;NTRK2;CCL23;CCL21;ODAM;CAV2;DAB2IP;MRAP;SFRP1;RASA4;RGL1;EPHA3;FERMT2;RAPGEF3
GO_Biological_Process_2023,Negative Regulation Of Transferase Activity (GO:0051348),5/37,0.9213983039141592,0.9999963846351302,0,0,0.574075158042613,0.0469954384557477,CDKN1C;ZFP36;PINX1;INPP5K;IRS2
GO_Biological_Process_2023,Protein Acylation (GO:0043543),5/37,0.9213983039141592,0.9999963846351302,0,0,0.574075158042613,0.0469954384557477,KAT2B;ZDHHC2;LACRT;FOXO1;ZDHHC15
GO_Biological_Process_2023,Regulation Of Phosphoprotein Phosphatase Activity (GO:0043666),5/37,0.9213983039141592,0.9999963846351302,0,0,0.574075158042613,0.0469954384557477,PPP1R15A;PPP4R4;ITGA1;CRY2;PPP1R1B
GO_Biological_Process_2023,Positive Regulation Of Cell Division (GO:0051781),6/43,0.9218276416220964,0.9999963846351302,0,0,0.5957465662383695,0.0484919907425978,MRGPRX2;TAL1;CDC14C;FGF1;DRD2;CDC14B
GO_Biological_Process_2023,Regulation Of Endocytosis (GO:0030100),10/66,0.922167727804324,0.9999963846351302,0,0,0.6558502444578393,0.0531423350103988,LGALS3;MCTP1;LRP1;GPC3;CDH13;PRKD1;OLFM4;DLL1;EPHA3;SNCA
GO_Biological_Process_2023,3'-UTR-mediated mRNA Stabilization (GO:0070935),2/18,0.9224522003493536,0.9999963846351302,0,0,0.4594057089377632,0.0370831000767168,ZFP36;YBX3
GO_Biological_Process_2023,T-helper Cell Differentiation (GO:0042093),2/18,0.9224522003493536,0.9999963846351302,0,0,0.4594057089377632,0.0370831000767168,PTGER4;IL6
GO_Biological_Process_2023,Associative Learning (GO:0008306),2/18,0.9224522003493536,0.9999963846351302,0,0,0.4594057089377632,0.0370831000767168,DRD1;DRD2
GO_Biological_Process_2023,Epithelial Cell Development (GO:0002064),2/18,0.9224522003493536,0.9999963846351302,0,0,0.4594057089377632,0.0370831000767168,WNT5B;DACT2
GO_Biological_Process_2023,Glucose 6-Phosphate Metabolic Process (GO:0051156),2/18,0.9224522003493536,0.9999963846351302,0,0,0.4594057089377632,0.0370831000767168,G6PC2;GCK
GO_Biological_Process_2023,Intracellular Lipid Transport (GO:0032365),2/18,0.9224522003493536,0.9999963846351302,0,0,0.4594057089377632,0.0370831000767168,ABCD2;SLC25A20
GO_Biological_Process_2023,Negative Regulation Of T Cell Receptor Signaling Pathway (GO:0050860),2/18,0.9224522003493536,0.9999963846351302,0,0,0.4594057089377632,0.0370831000767168,PRNP;LGALS3
GO_Biological_Process_2023,Negative Regulation Of Signal Transduction By P53 Class Mediator (GO:1901797),2/18,0.9224522003493536,0.9999963846351302,0,0,0.4594057089377632,0.0370831000767168,PRKN;TWIST1
GO_Biological_Process_2023,Neuromuscular Synaptic Transmission (GO:0007274),2/18,0.9224522003493536,0.9999963846351302,0,0,0.4594057089377632,0.0370831000767168,SLC5A7;RIMBP2
GO_Biological_Process_2023,Positive Regulation Of Cytokine Production Involved In Inflammatory Response (GO:1900017),2/18,0.9224522003493536,0.9999963846351302,0,0,0.4594057089377632,0.0370831000767168,IL6;TLR4
GO_Biological_Process_2023,Positive Regulation Of Interleukin-4 Production (GO:0032753),2/18,0.9224522003493536,0.9999963846351302,0,0,0.4594057089377632,0.0370831000767168,NLRP3;HLA-E
GO_Biological_Process_2023,Positive Regulation Of Natural Killer Cell Activation (GO:0032816),2/18,0.9224522003493536,0.9999963846351302,0,0,0.4594057089377632,0.0370831000767168,GAS6;HLA-E
GO_Biological_Process_2023,Positive Regulation Of Neutrophil Chemotaxis (GO:0090023),2/18,0.9224522003493536,0.9999963846351302,0,0,0.4594057089377632,0.0370831000767168,CCL21;DAPK2
GO_Biological_Process_2023,Positive Regulation Of Osteoclast Differentiation (GO:0045672),2/18,0.9224522003493536,0.9999963846351302,0,0,0.4594057089377632,0.0370831000767168,CSF1;NEDD9
GO_Biological_Process_2023,Positive Regulation Of Phosphoprotein Phosphatase Activity (GO:0032516),2/18,0.9224522003493536,0.9999963846351302,0,0,0.4594057089377632,0.0370831000767168,PPP1R15A;ITGA1
GO_Biological_Process_2023,Positive Regulation Of Response To Endoplasmic Reticulum Stress (GO:1905898),2/18,0.9224522003493536,0.9999963846351302,0,0,0.4594057089377632,0.0370831000767168,PIK3R1;BOK
GO_Biological_Process_2023,Positive Regulation Of Stress-Activated Protein Kinase Signaling Cascade (GO:0070304),2/18,0.9224522003493536,0.9999963846351302,0,0,0.4594057089377632,0.0370831000767168,IGFBP6;MID1
GO_Biological_Process_2023,Regulation Of RIG-I Signaling Pathway (GO:0039535),2/18,0.9224522003493536,0.9999963846351302,0,0,0.4594057089377632,0.0370831000767168,RNF125;NOP53
GO_Biological_Process_2023,Regulation Of T Cell Cytokine Production (GO:0002724),2/18,0.9224522003493536,0.9999963846351302,0,0,0.4594057089377632,0.0370831000767168,FZD5;TNFRSF1B
GO_Biological_Process_2023,Regulation Of Cell Cycle G2/M Phase Transition (GO:1902749),2/18,0.9224522003493536,0.9999963846351302,0,0,0.4594057089377632,0.0370831000767168,KCNH5;NEK10
GO_Biological_Process_2023,Regulation Of Histone Modification (GO:0031056),2/18,0.9224522003493536,0.9999963846351302,0,0,0.4594057089377632,0.0370831000767168,KAT2B;MYOCD
GO_Biological_Process_2023,Regulation Of Mitochondrial Outer Membrane Permeabilization Involved In Apoptotic Signaling Pathway (GO:1901028),2/18,0.9224522003493536,0.9999963846351302,0,0,0.4594057089377632,0.0370831000767168,FZD9;BOK
GO_Biological_Process_2023,Regulation Of Peptidyl-Serine Phosphorylation Of STAT Protein (GO:0033139),2/18,0.9224522003493536,0.9999963846351302,0,0,0.4594057089377632,0.0370831000767168,IFNE;LIF
GO_Biological_Process_2023,Regulation Of Protein Deacetylation (GO:0090311),2/18,0.9224522003493536,0.9999963846351302,0,0,0.4594057089377632,0.0370831000767168,KAT2B;NNMT
GO_Biological_Process_2023,Regulation Of Protein Neddylation (GO:2000434),2/18,0.9224522003493536,0.9999963846351302,0,0,0.4594057089377632,0.0370831000767168,EPAS1;DCUN1D3
GO_Biological_Process_2023,Vesicle-Mediated Transport In Synapse (GO:0099003),2/18,0.9224522003493536,0.9999963846351302,0,0,0.4594057089377632,0.0370831000767168,VAMP2;SNCA
GO_Biological_Process_2023,Endodermal Cell Differentiation (GO:0035987),4/31,0.922652483387136,0.9999963846351302,0,0,0.544354279373006,0.0438219473756306,LAMB3;LAMA3;ITGA7;NODAL
GO_Biological_Process_2023,Glutamine Family Amino Acid Metabolic Process (GO:0009064),4/31,0.922652483387136,0.9999963846351302,0,0,0.544354279373006,0.0438219473756306,ALDH4A1;CPS1;TAT;ART4
GO_Biological_Process_2023,Negative Regulation Of DNA Biosynthetic Process (GO:2000279),4/31,0.922652483387136,0.9999963846351302,0,0,0.544354279373006,0.0438219473756306,ACVRL1;TENM1;PINX1;ADIPOQ
GO_Biological_Process_2023,Positive Regulation Of Lamellipodium Organization (GO:1902745),4/31,0.922652483387136,0.9999963846351302,0,0,0.544354279373006,0.0438219473756306,MSTN;ENPP2;PIK3R1;WNT1
GO_Biological_Process_2023,Regulation Of Cell Morphogenesis (GO:0022604),4/31,0.922652483387136,0.9999963846351302,0,0,0.544354279373006,0.0438219473756306,EFNA5;WTIP;FERMT2;SH3D19
GO_Biological_Process_2023,Regulation Of Extrinsic Apoptotic Signaling Pathway Via Death Domain Receptors (GO:1902041),4/31,0.922652483387136,0.9999963846351302,0,0,0.544354279373006,0.0438219473756306,LGALS3;SFRP1;TMBIM1;BMP5
GO_Biological_Process_2023,Regulation Of Protein Autophosphorylation (GO:0031952),4/31,0.922652483387136,0.9999963846351302,0,0,0.544354279373006,0.0438219473756306,EPHA7;PDGFD;NEK10;PDGFA
GO_Biological_Process_2023,Intrinsic Apoptotic Signaling Pathway In Response To DNA Damage (GO:0008630),7/49,0.9232667527528126,0.9999963846351302,0,0,0.6122433044428828,0.0488797176767658,BCL2;CDIP1;TNFRSF1B;BCL2L2;BOK;PHLDA3;EPHA2
GO_Biological_Process_2023,Positive Regulation Of DNA-binding Transcription Factor Activity (GO:0051091),44/246,0.9250512164810758,0.9999963846351302,0,0,0.7989200621385389,0.062240805240273,ALK;CX3CR1;CSF3;BEX1;EDA;ADCY8;NTS;CLU;CX3CL1;EDA2R;RELN;PLCG2;TRIM68;S100A12;CAPN3;NLRP3;CD36;WNT1;PPARGC1A;EPHA5;EDN1;MYOCD;FZD4;ANXA3;CAV1;ARID5B;IRAK3;ESR2;BMP2;IL6;RGCC;SLCO3A1;KIT;PPARG;ROR1;PRKD1;PLPP3;RAB7B;TLR4;CD200;NODAL;NEUROG2;DDR2;LTF
GO_Biological_Process_2023,Negative Regulation Of Intrinsic Apoptotic Signaling Pathway In Response To DNA Damage (GO:1902230),3/25,0.9268031979748032,0.9999963846351302,0,0,0.5010956747441653,0.0380903045965126,CXCL12;BCL2;CLU
GO_Biological_Process_2023,Negative Regulation Of Protein Transport (GO:0051224),3/25,0.9268031979748032,0.9999963846351302,0,0,0.5010956747441653,0.0380903045965126,PKDCC;DRD2;PPM1F
GO_Biological_Process_2023,Negative Regulation Of Transposition (GO:0010529),3/25,0.9268031979748032,0.9999963846351302,0,0,0.5010956747441653,0.0380903045965126,PIWIL2;PIWIL4;TDRD9
GO_Biological_Process_2023,Osteoclast Differentiation (GO:0030316),3/25,0.9268031979748032,0.9999963846351302,0,0,0.5010956747441653,0.0380903045965126,BMP2;CSF1;EPHA2
GO_Biological_Process_2023,Regulation Of B Cell Activation (GO:0050864),3/25,0.9268031979748032,0.9999963846351302,0,0,0.5010956747441653,0.0380903045965126,IL6;BANK1;ZFP36L2
GO_Biological_Process_2023,Regulation Of Intracellular Estrogen Receptor Signaling Pathway (GO:0033146),3/25,0.9268031979748032,0.9999963846351302,0,0,0.5010956747441653,0.0380903045965126,KANK2;YAP1;ZNF366
GO_Biological_Process_2023,Negative Regulation Of Intracellular Signal Transduction (GO:1902532),41/231,0.9268310635106448,0.9999963846351302,0,0,0.7915168085503014,0.0601425894623742,SLC24A4;NLRX1;MSTN;LRP1;GSTP1;PDE3B;TSSK1B;ITPR1;TWIST1;STYXL2;ADGRG3;PDE11A;GPER1;INPP5K;NLRP3;CCN3;SLIT2;DRD2;PHLDA3;CAV3;DUSP1;CAV1;PDE2A;ADIPOQ;DAB2IP;WTIP;DUSP26;DUSP6;PER1;MYO1C;PIK3IP1;BANK1;SFRP5;PDE3A;APLNR;BCL2;PPARG;PPARA;NOP53;BCL2L2;EPHA2
GO_Biological_Process_2023,Positive Regulation Of Interleukin-8 Production (GO:0032757),9/61,0.9277329563969204,0.9999963846351302,0,0,0.6356835103026807,0.047683478350995,FCN1;AFAP1L2;IL6;LEP;CNTN1;TLR4;TLR3;ELANE;CD244
GO_Biological_Process_2023,Cellular Response To Cytokine Stimulus (GO:0071345),56/308,0.928611606488744,0.9999963846351302,0,0,0.8147446024223275,0.0603438182730653,PTPRT;CSF3;PID1;LRRK2;AQP4;MT1X;YBX3;CX3CL1;GHR;CRHBP;ZFP36;HYAL1;GPER1;LEPR;SIRPA;CTSG;IL6R;PTGIS;MME;DUSP1;IL11RA;LIFR;IRAK3;GREM2;SFRP1;IFNE;KIT;GAS6;TLR4;CCL14;CCL13;CEBPA;FOXC1;PDE1B;SHMT1;NPR2;TCF7;AKAP6;ZFP36L2;CCL8;INPP5K;CCL2;CCL18;CCL16;STAT5A;EGR1;STAT5B;CCL24;CCL23;CCL21;PDE2A;DAB2IP;MAPK11;IL6;CXCL12;PF4
GO_Biological_Process_2023,Positive Regulation Of Tumor Necrosis Factor Production (GO:0032760),12/78,0.92875067422504,0.9999963846351302,0,0,0.667661606685997,0.0493501789497696,C1QTNF4;IL33;IL6;FZD5;PLCG2;TNFRSF8;TWIST1;CLU;TLR4;TLR3;HLA-E;PF4
GO_Biological_Process_2023,Aspartate Family Amino Acid Catabolic Process (GO:0009068),1/11,0.9291162476060258,0.9999963846351302,0,0,0.367578947368421,0.0270249247097794,ASPA
GO_Biological_Process_2023,Biogenic Amine Biosynthetic Process (GO:0042401),1/11,0.9291162476060258,0.9999963846351302,0,0,0.367578947368421,0.0270249247097794,HDC
GO_Biological_Process_2023,Brain Morphogenesis (GO:0048854),1/11,0.9291162476060258,0.9999963846351302,0,0,0.367578947368421,0.0270249247097794,SHANK3
GO_Biological_Process_2023,Catecholamine Biosynthetic Process (GO:0042423),1/11,0.9291162476060258,0.9999963846351302,0,0,0.367578947368421,0.0270249247097794,SNCA
GO_Biological_Process_2023,Cellular Response To Acetylcholine (GO:1905145),1/11,0.9291162476060258,0.9999963846351302,0,0,0.367578947368421,0.0270249247097794,CHRNA7
GO_Biological_Process_2023,Cellular Response To Superoxide (GO:0071451),1/11,0.9291162476060258,0.9999963846351302,0,0,0.367578947368421,0.0270249247097794,SOD3
GO_Biological_Process_2023,Cytidine To Uridine Editing (GO:0016554),1/11,0.9291162476060258,0.9999963846351302,0,0,0.367578947368421,0.0270249247097794,APOBEC2
GO_Biological_Process_2023,Detection Of Light Stimulus Involved In Sensory Perception (GO:0050962),1/11,0.9291162476060258,0.9999963846351302,0,0,0.367578947368421,0.0270249247097794,RPE65
GO_Biological_Process_2023,Detection Of Light Stimulus Involved In Visual Perception (GO:0050908),1/11,0.9291162476060258,0.9999963846351302,0,0,0.367578947368421,0.0270249247097794,RPE65
GO_Biological_Process_2023,Endoplasmic Reticulum Membrane Organization (GO:0090158),1/11,0.9291162476060258,0.9999963846351302,0,0,0.367578947368421,0.0270249247097794,TRDN
GO_Biological_Process_2023,Exit From Mitosis (GO:0010458),1/11,0.9291162476060258,0.9999963846351302,0,0,0.367578947368421,0.0270249247097794,EPS8
GO_Biological_Process_2023,Ganglion Development (GO:0061548),1/11,0.9291162476060258,0.9999963846351302,0,0,0.367578947368421,0.0270249247097794,SEMA3A
GO_Biological_Process_2023,Glutamine Family Amino Acid Biosynthetic Process (GO:0009084),1/11,0.9291162476060258,0.9999963846351302,0,0,0.367578947368421,0.0270249247097794,ASS1
GO_Biological_Process_2023,Glycerol Metabolic Process (GO:0006071),1/11,0.9291162476060258,0.9999963846351302,0,0,0.367578947368421,0.0270249247097794,GCK
GO_Biological_Process_2023,Heterocycle Biosynthetic Process (GO:0018130),1/11,0.9291162476060258,0.9999963846351302,0,0,0.367578947368421,0.0270249247097794,HDC
GO_Biological_Process_2023,Intracellular Copper Ion Homeostasis (GO:0006878),1/11,0.9291162476060258,0.9999963846351302,0,0,0.367578947368421,0.0270249247097794,PRNP
GO_Biological_Process_2023,Intrinsic Apoptotic Signaling Pathway In Response To Oxidative Stress (GO:0008631),1/11,0.9291162476060258,0.9999963846351302,0,0,0.367578947368421,0.0270249247097794,MAP3K5
GO_Biological_Process_2023,Leukotriene D4 Metabolic Process (GO:1901748),1/11,0.9291162476060258,0.9999963846351302,0,0,0.367578947368421,0.0270249247097794,GGTA1
GO_Biological_Process_2023,Maintenance Of Protein Localization In Endoplasmic Reticulum (GO:0035437),1/11,0.9291162476060258,0.9999963846351302,0,0,0.367578947368421,0.0270249247097794,PDIA2
GO_Biological_Process_2023,"Negative Regulation Of CD4-positive, Alpha-Beta T Cell Activation (GO:2000515)",1/11,0.9291162476060258,0.9999963846351302,0,0,0.367578947368421,0.0270249247097794,VSIR
GO_Biological_Process_2023,Negative Regulation Of RNA Metabolic Process (GO:0051253),1/11,0.9291162476060258,0.9999963846351302,0,0,0.367578947368421,0.0270249247097794,KAT2B
GO_Biological_Process_2023,Nucleoside Phosphate Catabolic Process (GO:1901292),1/11,0.9291162476060258,0.9999963846351302,0,0,0.367578947368421,0.0270249247097794,ENPP3
GO_Biological_Process_2023,Phosphatidylinositol-3-Phosphate Biosynthetic Process (GO:0036092),1/11,0.9291162476060258,0.9999963846351302,0,0,0.367578947368421,0.0270249247097794,PIK3C2G
GO_Biological_Process_2023,Positive Regulation Of Circadian Rhythm (GO:0042753),1/11,0.9291162476060258,0.9999963846351302,0,0,0.367578947368421,0.0270249247097794,NLGN1
GO_Biological_Process_2023,Positive Regulation Of Cytoplasmic Transport (GO:1903651),1/11,0.9291162476060258,0.9999963846351302,0,0,0.367578947368421,0.0270249247097794,PRKN
GO_Biological_Process_2023,Positive Regulation Of Protein Exit From Endoplasmic Reticulum (GO:0070863),1/11,0.9291162476060258,0.9999963846351302,0,0,0.367578947368421,0.0270249247097794,SLC51B
GO_Biological_Process_2023,Positive Regulation Of Protein Polyubiquitination (GO:1902916),1/11,0.9291162476060258,0.9999963846351302,0,0,0.367578947368421,0.0270249247097794,PRKN
GO_Biological_Process_2023,Purine Ribonucleoside Monophosphate Biosynthetic Process (GO:0009168),1/11,0.9291162476060258,0.9999963846351302,0,0,0.367578947368421,0.0270249247097794,AMPD1
GO_Biological_Process_2023,Regulation Of T Cell Mediated Immunity (GO:0002709),1/11,0.9291162476060258,0.9999963846351302,0,0,0.367578947368421,0.0270249247097794,TNFRSF1B
GO_Biological_Process_2023,Regulation Of Cilium Movement (GO:0003352),1/11,0.9291162476060258,0.9999963846351302,0,0,0.367578947368421,0.0270249247097794,CLXN
GO_Biological_Process_2023,Regulation Of Cytoplasmic Transport (GO:1903649),1/11,0.9291162476060258,0.9999963846351302,0,0,0.367578947368421,0.0270249247097794,LRRK2
GO_Biological_Process_2023,Regulation Of Endocytic Recycling (GO:2001135),1/11,0.9291162476060258,0.9999963846351302,0,0,0.367578947368421,0.0270249247097794,EHD2
GO_Biological_Process_2023,Regulation Of Endosome Size (GO:0051036),1/11,0.9291162476060258,0.9999963846351302,0,0,0.367578947368421,0.0270249247097794,RILP
GO_Biological_Process_2023,Regulation Of Homotypic Cell-Cell Adhesion (GO:0034110),1/11,0.9291162476060258,0.9999963846351302,0,0,0.367578947368421,0.0270249247097794,PRKCA
GO_Biological_Process_2023,Regulation Of Lipid Kinase Activity (GO:0043550),1/11,0.9291162476060258,0.9999963846351302,0,0,0.367578947368421,0.0270249247097794,PIK3R1
GO_Biological_Process_2023,Regulation Of Protein K63-linked Ubiquitination (GO:1900044),1/11,0.9291162476060258,0.9999963846351302,0,0,0.367578947368421,0.0270249247097794,SASH1
GO_Biological_Process_2023,Regulation Of Protein Exit From Endoplasmic Reticulum (GO:0070861),1/11,0.9291162476060258,0.9999963846351302,0,0,0.367578947368421,0.0270249247097794,SLC51B
GO_Biological_Process_2023,Regulation Of Stress-Activated Protein Kinase Signaling Cascade (GO:0070302),1/11,0.9291162476060258,0.9999963846351302,0,0,0.367578947368421,0.0270249247097794,GSTP1
GO_Biological_Process_2023,Tetrahydrofolate Metabolic Process (GO:0046653),1/11,0.9291162476060258,0.9999963846351302,0,0,0.367578947368421,0.0270249247097794,SHMT1
GO_Biological_Process_2023,Extrinsic Apoptotic Signaling Pathway (GO:0097191),10/67,0.9303557973576604,0.9999963846351302,0,0,0.6443029749714182,0.0465110644119171,TNFSF12;DAB2IP;BCL2;G0S2;NGF;TNFRSF1B;IL6R;TLR3;BCL2L2;BOK
GO_Biological_Process_2023,Establishment Of Protein Localization To Plasma Membrane (GO:0061951),5/38,0.9319211144634502,0.9999963846351302,0,0,0.5566434657982305,0.0392473215241015,TRARG1;NECTIN3;SPTBN1;OPTN;VAMP2
GO_Biological_Process_2023,Regulation Of Intracellular Transport (GO:0032386),5/38,0.9319211144634502,0.9999963846351302,0,0,0.5566434657982305,0.0392473215241015,SH3TC2;MAP2;LRRK2;GAS1;CRYAB
GO_Biological_Process_2023,Regulation Of Interleukin-1 Beta Production (GO:0032651),13/84,0.931978600541448,0.9999963846351302,0,0,0.6723064164956901,0.0473609114773121,CX3CR1;EGR1;FZD5;GSTP1;IGF1;CX3CL1;IL6;FFAR4;SIRPA;NLRP3;CD36;NLRP1;TLR4
GO_Biological_Process_2023,Positive Regulation Of Cell Growth (GO:0030307),17/106,0.93250363389153,0.9999963846351302,0,0,0.7012117102975589,0.0490022383943583,YAP1;LGI1;SYT4;EDN1;SYT2;ISLR2;AKAP6;IGF1;L1CAM;NGF;EGFR;RNF157;RPS6KA3;SFRP1;HYAL1;BCL2;TEAD1
GO_Biological_Process_2023,Transition Metal Ion Transport (GO:0000041),4/32,0.9338057778433912,0.9999963846351302,0,0,0.5248796147672552,0.0359473299306883,TTYH1;CP;F3;LTF
GO_Biological_Process_2023,Positive Regulation Of Cellular Metabolic Process (GO:0031325),8/56,0.9338764020687236,0.9999963846351302,0,0,0.6121524523586379,0.0418780724273337,SLCO1C1;ACE2;PID1;AKR1C1;ADIPOQ;AGTR1;AKR1C3;TGFBR2
GO_Biological_Process_2023,Ras Protein Signal Transduction (GO:0007265),24/144,0.9349488707471416,0.9999963846351302,0,0,0.7339604891815616,0.0493687035696977,ROPN1B;NGFR;RASGRF2;ARHGDIG;ARHGAP29;RRAS2;IGF1;PLD1;RASGRP2;FGF2;ARHGAP6;ADRA2A;ART4;EPS8;CNKSR2;MRAS;RRAS;DOK5;RASGEF1C;AGTR1;CDH13;RGL1;CTNNAL1;RAPGEF3
GO_Biological_Process_2023,Positive Regulation Of Apoptotic Signaling Pathway (GO:2001235),9/62,0.935707772591578,0.9999963846351302,0,0,0.623649685387197,0.0414428063257589,PLEKHF1;GPER1;CAV1;TNFSF12;DAB2IP;G0S2;SEPTIN4;TLR4;BOK
GO_Biological_Process_2023,Apoptotic Process (GO:0006915),40/228,0.9362095482776868,0.9999963846351302,0,0,0.780342756112752,0.0514370350281338,PPP1R15A;CSRNP1;PRUNE2;PRF1;JADE1;ADRA1D;EFNA5;FOXO1;TP53AIP1;CASP12;ATCAY;AIFM2;MYC;PLAGL1;CAPN3;NLRP3;C19ORF12;NLRP1;TP63;BOK;NGFR;SEMA6A;DAPK2;TNFSF12;ZBTB16;EMP1;PAX3;SEPTIN4;NSG1;GDF6;ALOX15B;CIDEC;TGFBR2;SFRP5;BCL2;PMP22;MAL;LALBA;SCN2A;ARHGEF6
GO_Biological_Process_2023,Cortical Actin Cytoskeleton Organization (GO:0030866),2/19,0.9362307081556872,0.9999963846351302,0,0,0.4323543174874067,0.0284892742815501,FHOD3;RHOQ
GO_Biological_Process_2023,Insulin Secretion (GO:0030073),2/19,0.9362307081556872,0.9999963846351302,0,0,0.4323543174874067,0.0284892742815501,ANXA1;PTPRN2
GO_Biological_Process_2023,Intrinsic Apoptotic Signaling Pathway In Response To DNA Damage By P53 Class Mediator (GO:0042771),2/19,0.9362307081556872,0.9999963846351302,0,0,0.4323543174874067,0.0284892742815501,CDIP1;PHLDA3
GO_Biological_Process_2023,Negative Regulation Of Cyclin-Dependent Protein Serine/Threonine Kinase Activity (GO:0045736),2/19,0.9362307081556872,0.9999963846351302,0,0,0.4323543174874067,0.0284892742815501,CEBPA;MYOCD
GO_Biological_Process_2023,Negative Regulation Of Telomere Maintenance Via Telomerase (GO:0032211),2/19,0.9362307081556872,0.9999963846351302,0,0,0.4323543174874067,0.0284892742815501,TENM1;PINX1
GO_Biological_Process_2023,Nucleotide Biosynthetic Process (GO:0009165),2/19,0.9362307081556872,0.9999963846351302,0,0,0.4323543174874067,0.0284892742815501,ME1;NMNAT2
GO_Biological_Process_2023,Phosphate Ion Transport (GO:0006817),2/19,0.9362307081556872,0.9999963846351302,0,0,0.4323543174874067,0.0284892742815501,SLC34A2;SLC17A7
GO_Biological_Process_2023,Positive Regulation Of Activated T Cell Proliferation (GO:0042104),2/19,0.9362307081556872,0.9999963846351302,0,0,0.4323543174874067,0.0284892742815501,IGF2;IGF1
GO_Biological_Process_2023,Regulation Of B Cell Differentiation (GO:0045577),2/19,0.9362307081556872,0.9999963846351302,0,0,0.4323543174874067,0.0284892742815501,SFRP1;ZFP36L2
GO_Biological_Process_2023,Regulation Of Autophagy Of Mitochondrion (GO:1903146),2/19,0.9362307081556872,0.9999963846351302,0,0,0.4323543174874067,0.0284892742815501,PRKN;FZD5
GO_Biological_Process_2023,Regulation Of Centriole Replication (GO:0046599),2/19,0.9362307081556872,0.9999963846351302,0,0,0.4323543174874067,0.0284892742815501,C10ORF90;KAT2B
GO_Biological_Process_2023,Regulation Of Lymphocyte Differentiation (GO:0045619),2/19,0.9362307081556872,0.9999963846351302,0,0,0.4323543174874067,0.0284892742815501,SPINK5;ZFP36L2
GO_Biological_Process_2023,Regulation Of Nuclear Division (GO:0051783),2/19,0.9362307081556872,0.9999963846351302,0,0,0.4323543174874067,0.0284892742815501,CAV2;CCDC8
GO_Biological_Process_2023,B Cell Differentiation (GO:0030183),10/68,0.9377901182808508,0.9999963846351302,0,0,0.6331538871914254,0.0406669103575508,ADGRG3;CD79B;CR2;KLF6;IFNE;KIT;PLCG2;PAX5;PIK3R1;RAG1
GO_Biological_Process_2023,Neuropeptide Signaling Pathway (GO:0007218),10/68,0.9377901182808508,0.9999963846351302,0,0,0.6331538871914254,0.0406669103575508,GLRB;NXPH3;GALR1;PENK;OPRK1;CPE;SORCS1;NMUR1;SSTR1;NTS
GO_Biological_Process_2023,Camera-Type Eye Development (GO:0043010),3/26,0.9383953994316566,0.9999963846351302,0,0,0.4792783809359069,0.0304743810832127,TENM3;EFEMP1;NES
GO_Biological_Process_2023,Nucleic Acid Phosphodiester Bond Hydrolysis (GO:0090305),3/26,0.9383953994316566,0.9999963846351302,0,0,0.4792783809359069,0.0304743810832127,IHO1;MEI4;RNASE1
GO_Biological_Process_2023,Positive Regulation Of Erythrocyte Differentiation (GO:0045648),3/26,0.9383953994316566,0.9999963846351302,0,0,0.4792783809359069,0.0304743810832127,STAT5B;MAPK11;TAL1
GO_Biological_Process_2023,Positive Regulation Of Monooxygenase Activity (GO:0032770),3/26,0.9383953994316566,0.9999963846351302,0,0,0.4792783809359069,0.0304743810832127,FCER2;S100A1;NPR3
GO_Biological_Process_2023,Regulation Of Epidermal Growth Factor-Activated Receptor Activity (GO:0007176),3/26,0.9383953994316566,0.9999963846351302,0,0,0.4792783809359069,0.0304743810832127,EGF;ADRA2A;HBEGF
GO_Biological_Process_2023,Positive Regulation Of Protein Localization (GO:1903829),13/85,0.938593518369526,0.9999963846351302,0,0,0.6629264732713008,0.0420114943968172,PRKN;YAP1;CARD10;NGFR;RIC3;LIF;NEDD9;PDZK1;CORO2B;PECAM1;FYN;FERMT2;TMEM35A
GO_Biological_Process_2023,Positive Regulation Of Lymphocyte Proliferation (GO:0050671),11/74,0.9400182795112252,0.9999963846351302,0,0,0.6411395820540018,0.0396583028151562,BST1;MEF2C;IL6;ANXA1;CD209;LEP;BCL2;NFATC2;IRS2;HLA-E;FGF10
GO_Biological_Process_2023,Epidermal Growth Factor Receptor Signaling Pathway (GO:0007173),6/45,0.9404087198645528,0.9999963846351302,0,0,0.565123401188975,0.0347215716212979,PIGR;SHC3;EFEMP1;EGF;EGFR;HBEGF
GO_Biological_Process_2023,Microtubule Bundle Formation (GO:0001578),7/51,0.9406575298608756,0.9999963846351302,0,0,0.5843395302284972,0.0357476418184631,RP1L1;TPPP3;TPPP2;CAPN6;JHY;TPPP;GAS2L2
GO_Biological_Process_2023,Regulated Exocytosis (GO:0045055),7/51,0.9406575298608756,0.9999963846351302,0,0,0.5843395302284972,0.0357476418184631,CRHBP;RIMS3;STXBP1;SYT15;STEAP2;VAMP2;SNCA
GO_Biological_Process_2023,Regulation Of Protein Targeting To Mitochondrion (GO:1903214),5/39,0.9411655992900204,0.9999963846351302,0,0,0.5402371672152823,0.032757914136459,PRKN;UBL4B;FZD5;LRRK2;RHOU
GO_Biological_Process_2023,Vesicle Cytoskeletal Trafficking (GO:0099518),5/39,0.9411655992900204,0.9999963846351302,0,0,0.5402371672152823,0.032757914136459,SYT4;MYO1C;MYO7B;MYO1H;PPFIA2
GO_Biological_Process_2023,Positive Regulation Of Interleukin-12 Production (GO:0032735),4/33,0.9434798484372012,0.9999963846351302,0,0,0.5067480304791424,0.029482738607912,MAPK11;PLCG2;TLR4;TLR3
GO_Biological_Process_2023,Positive Regulation Of Protein Dephosphorylation (GO:0035307),4/33,0.9434798484372012,0.9999963846351302,0,0,0.5067480304791424,0.029482738607912,PPP1R15A;PPP1R16B;CDH5;ITGA1
GO_Biological_Process_2023,Regulation Of G0 To G1 Transition (GO:0070316),4/33,0.9434798484372012,0.9999963846351302,0,0,0.5067480304791424,0.029482738607912,SOX15;DAB2IP;DPF3;FOXO4
GO_Biological_Process_2023,Regulation Of NLRP3 Inflammasome Complex Assembly (GO:1900225),4/33,0.9434798484372012,0.9999963846351302,0,0,0.5067480304791424,0.029482738607912,PLCG2;CD36;PRKD1;TLR4
GO_Biological_Process_2023,C-terminal Protein Amino Acid Modification (GO:0018410),1/12,0.944279152250492,0.9999963846351302,0,0,0.3341414141414141,0.0191574781964619,GPLD1
GO_Biological_Process_2023,NADPH Regeneration (GO:0006740),1/12,0.944279152250492,0.9999963846351302,0,0,0.3341414141414141,0.0191574781964619,DDR2
GO_Biological_Process_2023,V(D)J Recombination (GO:0033151),1/12,0.944279152250492,0.9999963846351302,0,0,0.3341414141414141,0.0191574781964619,RAG1
GO_Biological_Process_2023,Astrocyte Activation (GO:0048143),1/12,0.944279152250492,0.9999963846351302,0,0,0.3341414141414141,0.0191574781964619,LRP1
GO_Biological_Process_2023,Calcium Ion Import (GO:0070509),1/12,0.944279152250492,0.9999963846351302,0,0,0.3341414141414141,0.0191574781964619,CACNA1G
GO_Biological_Process_2023,Cellular Response To Acidic pH (GO:0071468),1/12,0.944279152250492,0.9999963846351302,0,0,0.3341414141414141,0.0191574781964619,SCNN1B
GO_Biological_Process_2023,Exonucleolytic Catabolism Of Deadenylated mRNA (GO:0043928),1/12,0.944279152250492,0.9999963846351302,0,0,0.3341414141414141,0.0191574781964619,EXOSC7
GO_Biological_Process_2023,Eye Photoreceptor Cell Differentiation (GO:0001754),1/12,0.944279152250492,0.9999963846351302,0,0,0.3341414141414141,0.0191574781964619,PROM1
GO_Biological_Process_2023,Histone Monoubiquitination (GO:0010390),1/12,0.944279152250492,0.9999963846351302,0,0,0.3341414141414141,0.0191574781964619,RAG1
GO_Biological_Process_2023,Mesoderm Morphogenesis (GO:0048332),1/12,0.944279152250492,0.9999963846351302,0,0,0.3341414141414141,0.0191574781964619,MESP1
GO_Biological_Process_2023,Microtubule Anchoring At Microtubule Organizing Center (GO:0072393),1/12,0.944279152250492,0.9999963846351302,0,0,0.3341414141414141,0.0191574781964619,CCDC68
GO_Biological_Process_2023,Mitotic DNA Integrity Checkpoint Signaling (GO:0044774),1/12,0.944279152250492,0.9999963846351302,0,0,0.3341414141414141,0.0191574781964619,STK33
GO_Biological_Process_2023,Morphogenesis Of A Polarized Epithelium (GO:0001738),1/12,0.944279152250492,0.9999963846351302,0,0,0.3341414141414141,0.0191574781964619,YAP1
GO_Biological_Process_2023,Multicellular Organismal-Level Iron Ion Homeostasis (GO:0060586),1/12,0.944279152250492,0.9999963846351302,0,0,0.3341414141414141,0.0191574781964619,CYBRD1
GO_Biological_Process_2023,Negative Regulation Of JUN Kinase Activity (GO:0043508),1/12,0.944279152250492,0.9999963846351302,0,0,0.3341414141414141,0.0191574781964619,GSTP1
GO_Biological_Process_2023,Negative Regulation Of Hippo Signaling (GO:0035331),1/12,0.944279152250492,0.9999963846351302,0,0,0.3341414141414141,0.0191574781964619,WTIP
GO_Biological_Process_2023,Negative Regulation Of Intrinsic Apoptotic Signaling Pathway In Response To DNA Damage By P53 Class Mediator (GO:1902166),1/12,0.944279152250492,0.9999963846351302,0,0,0.3341414141414141,0.0191574781964619,BCL2
GO_Biological_Process_2023,Negative Regulation Of Mitochondrial Membrane Permeability (GO:0035795),1/12,0.944279152250492,0.9999963846351302,0,0,0.3341414141414141,0.0191574781964619,FZD9
GO_Biological_Process_2023,Negative Regulation Of Voltage-Gated Calcium Channel Activity (GO:1901386),1/12,0.944279152250492,0.9999963846351302,0,0,0.3341414141414141,0.0191574781964619,CRHR1
GO_Biological_Process_2023,Nuclear Body Organization (GO:0030575),1/12,0.944279152250492,0.9999963846351302,0,0,0.3341414141414141,0.0191574781964619,HABP4
GO_Biological_Process_2023,Phosphate Ion Homeostasis (GO:0055062),1/12,0.944279152250492,0.9999963846351302,0,0,0.3341414141414141,0.0191574781964619,SLC34A2
GO_Biological_Process_2023,"Positive Regulation Of CD4-positive, Alpha-Beta T Cell Activation (GO:2000516)",1/12,0.944279152250492,0.9999963846351302,0,0,0.3341414141414141,0.0191574781964619,TGFBR2
GO_Biological_Process_2023,Positive Regulation Of ERAD Pathway (GO:1904294),1/12,0.944279152250492,0.9999963846351302,0,0,0.3341414141414141,0.0191574781964619,CAV1
GO_Biological_Process_2023,Positive Regulation Of T Cell Chemotaxis (GO:0010820),1/12,0.944279152250492,0.9999963846351302,0,0,0.3341414141414141,0.0191574781964619,CCL21
GO_Biological_Process_2023,Quinone Biosynthetic Process (GO:1901663),1/12,0.944279152250492,0.9999963846351302,0,0,0.3341414141414141,0.0191574781964619,COQ8A
GO_Biological_Process_2023,Regulation Of T Cell Differentiation In Thymus (GO:0033081),1/12,0.944279152250492,0.9999963846351302,0,0,0.3341414141414141,0.0191574781964619,BMP4
GO_Biological_Process_2023,Regulation Of Acrosome Reaction (GO:0060046),1/12,0.944279152250492,0.9999963846351302,0,0,0.3341414141414141,0.0191574781964619,SERPINA10
GO_Biological_Process_2023,Regulation Of Actomyosin Structure Organization (GO:0110020),1/12,0.944279152250492,0.9999963846351302,0,0,0.3341414141414141,0.0191574781964619,PTGER4
GO_Biological_Process_2023,Regulation Of Interleukin-5 Production (GO:0032674),1/12,0.944279152250492,0.9999963846351302,0,0,0.3341414141414141,0.0191574781964619,TSLP
GO_Biological_Process_2023,Sphingomyelin Metabolic Process (GO:0006684),1/12,0.944279152250492,0.9999963846351302,0,0,0.3341414141414141,0.0191574781964619,ABCA8
GO_Biological_Process_2023,Exocytosis (GO:0006887),13/86,0.9446470643533816,0.9999963846351302,0,0,0.6538035147927853,0.0372301207388069,RPH3AL;STX19;WIPF3;DOC2B;ANK1;PRSS12;STX11;CRHBP;STX1B;CCL8;NLRP5;STEAP2;VAMP2
GO_Biological_Process_2023,DNA Methylation (GO:0006306),2/20,0.947663673094968,0.9999963846351302,0,0,0.408308636198201,0.0219488818041436,ZDBF2;FOS
GO_Biological_Process_2023,Endoplasmic Reticulum Calcium Ion Homeostasis (GO:0032469),2/20,0.947663673094968,0.9999963846351302,0,0,0.408308636198201,0.0219488818041436,BCL2;TUNAR
GO_Biological_Process_2023,Mesoderm Formation (GO:0001707),2/20,0.947663673094968,0.9999963846351302,0,0,0.408308636198201,0.0219488818041436,MESP1;ITGB3
GO_Biological_Process_2023,Negative Regulation Of B Cell Activation (GO:0050869),2/20,0.947663673094968,0.9999963846351302,0,0,0.408308636198201,0.0219488818041436,SFRP1;BANK1
GO_Biological_Process_2023,Negative Regulation Of Microtubule Depolymerization (GO:0007026),2/20,0.947663673094968,0.9999963846351302,0,0,0.408308636198201,0.0219488818041436,NAV3;STMN2
GO_Biological_Process_2023,Negative Regulation Of Viral Life Cycle (GO:1903901),2/20,0.947663673094968,0.9999963846351302,0,0,0.408308636198201,0.0219488818041436,FCN1;GSN
GO_Biological_Process_2023,Nuclear-Transcribed mRNA poly(A) Tail Shortening (GO:0000289),2/20,0.947663673094968,0.9999963846351302,0,0,0.408308636198201,0.0219488818041436,ZFP36;SAMD4A
GO_Biological_Process_2023,Phosphatidylserine Metabolic Process (GO:0006658),2/20,0.947663673094968,0.9999963846351302,0,0,0.408308636198201,0.0219488818041436,SLC27A1;ABHD12B
GO_Biological_Process_2023,Positive Regulation Of Embryonic Development (GO:0040019),2/20,0.947663673094968,0.9999963846351302,0,0,0.408308636198201,0.0219488818041436,NLRP5;WNT1
GO_Biological_Process_2023,Regulation Of Protein Localization To Cell Periphery (GO:1904375),2/20,0.947663673094968,0.9999963846351302,0,0,0.408308636198201,0.0219488818041436,ZDHHC2;SPTBN1
GO_Biological_Process_2023,Cytokine-Mediated Signaling Pathway (GO:0019221),45/257,0.9478880550039496,0.9999963846351302,0,0,0.7782182721422742,0.0416493618680663,CCL14;YAP1;CNTFR;CCL13;CXCL6;CEBPA;FOXC1;CSF3;SLC27A1;CXCL1;CXCL3;CXCL2;CX3CL1;CXCL5;GHR;CCL8;CXCR2;LEPR;CCL2;CTSG;CCL18;IL6R;PF4V1;CCL16;STAT5A;EGR1;STAT5B;CCL24;IL33;CCL23;CCL21;IL11RA;IL34;GPR75;LIFR;IRAK3;PPBP;TNFRSF1B;GREM2;IL6;CXCL12;IFNE;LEP;KIT;PF4
GO_Biological_Process_2023,Regulation Of Proteolysis (GO:0030162),7/52,0.9479664482662205,0.9999963846351302,0,0,0.5713177689284505,0.0305290331260657,SERPINB4;CSTA;SERPINB13;ASPH;CAV1;CAPN3;PLAT
GO_Biological_Process_2023,Regulation Of Interleukin-10 Production (GO:0032653),6/46,0.9481311893912892,0.9999963846351302,0,0,0.55096018735363,0.0293454623609428,IL6;TSLP;PLCG2;DLL1;TLR4;VSIR
GO_Biological_Process_2023,Clathrin-Dependent Endocytosis (GO:0072583),3/27,0.9482670533313112,0.9999963846351302,0,0,0.4592791949450035,0.0243965041765196,ITSN1;DLL1;SNAP91
GO_Biological_Process_2023,Cortical Cytoskeleton Organization (GO:0030865),3/27,0.9482670533313112,0.9999963846351302,0,0,0.4592791949450035,0.0243965041765196,FHOD3;NLGN1;RHOQ
GO_Biological_Process_2023,Negative Regulation Of NIK/NF-kappaB Signaling (GO:1901223),3/27,0.9482670533313112,0.9999963846351302,0,0,0.4592791949450035,0.0243965041765196,MYO1C;NLRP3;CCN3
GO_Biological_Process_2023,Regulation Of Immunoglobulin Production (GO:0002637),3/27,0.9482670533313112,0.9999963846351302,0,0,0.4592791949450035,0.0243965041765196,IL6;CR1;HLA-E
GO_Biological_Process_2023,Regulation Of Microtubule Polymerization Or Depolymerization (GO:0031110),3/27,0.9482670533313112,0.9999963846351302,0,0,0.4592791949450035,0.0243965041765196,MAP2;STMN2;GAS2L2
GO_Biological_Process_2023,Regulation Of Peptidase Activity (GO:0052547),3/27,0.9482670533313112,0.9999963846351302,0,0,0.4592791949450035,0.0243965041765196,SERPINB4;CSTA;CAV1
GO_Biological_Process_2023,Nucleic Acid-Templated Transcription (GO:0097659),5/40,0.9492625148950812,0.9999963846351302,0,0,0.5247683714085025,0.0273246345101881,NR4A2;NKX2-8;THRB;DTX1;HOXD3
GO_Biological_Process_2023,Regulation Of Secretion By Cell (GO:1903530),9/64,0.9493836580927898,0.9999963846351302,0,0,0.6008948164561008,0.0312118503473501,RAB3C;MEF2C;FER1L5;MCTP1;LGI3;SAA1;SEPTIN4;SNCAIP;VAMP2
GO_Biological_Process_2023,Response To Metal Ion (GO:0010038),9/64,0.9493836580927898,0.9999963846351302,0,0,0.6008948164561008,0.0312118503473501,TRPC1;HAAO;CAV1;KCNMA1;BCL2;CAPN3;MT1X;AQP3;SNCA
GO_Biological_Process_2023,Negative Regulation Of Extrinsic Apoptotic Signaling Pathway (GO:2001237),10/70,0.950611627930686,0.9999963846351302,0,0,0.611970620409439,0.0309961177305303,BMP4;LGALS3;EYA1;GSTP1;TMBIM1;EYA4;BCL2;IGF1;BMP5;PF4
GO_Biological_Process_2023,Regulation Of Cellular Component Organization (GO:0051128),25/153,0.9516655519732412,0.9999963846351302,0,0,0.7165593389790638,0.0354995082344572,CTTNBP2;PRDM5;FAM107A;JADE1;LTBP4;RASGRP2;KLK8;SLC6A2;SOCS2;SLITRK2;CD36;PTCH2;DAB2IP;IRAK3;NRG1;AXIN2;SNCAIP;GFAP;ANGPTL7;NRG3;AGTR1;CDH13;SGK1;SGK2;PAPPA2
GO_Biological_Process_2023,Apoptotic Mitochondrial Changes (GO:0008637),4/34,0.951844542961749,0.9999963846351302,0,0,0.4898252184769038,0.0241746147501181,FZD9;BCL2;CLU;BOK
GO_Biological_Process_2023,Organophosphate Biosynthetic Process (GO:0090407),4/34,0.951844542961749,0.9999963846351302,0,0,0.4898252184769038,0.0241746147501181,CPS1;FGF2;GCK;DDR2
GO_Biological_Process_2023,Positive Regulation Of Interleukin-6 Production (GO:0032755),11/76,0.9520373677644618,0.9999963846351302,0,0,0.6213328523762287,0.0305391267447187,C1QTNF4;IL33;IL6;TSLP;LEP;PLCG2;TWIST1;RAB7B;IL6R;TLR4;TLR3
GO_Biological_Process_2023,Negative Regulation Of Amide Metabolic Process (GO:0034249),14/93,0.9521470019195302,0.9999963846351302,0,0,0.6505236146338855,0.0318989733993457,ZNF540;EPHA4;NTRK2;PRNP;BTG2;RTN1;CHRNA7;SHMT1;IGF1;CLU;ATCAY;BIN1;TRIM2;IGF2BP2
GO_Biological_Process_2023,Positive Regulation Of Tumor Necrosis Factor Superfamily Cytokine Production (GO:1903557),12/82,0.9535895582488312,0.9999963846351302,0,0,0.6293487000804074,0.0299078664781406,C1QTNF4;IL33;IL6;FZD5;PLCG2;TNFRSF8;TWIST1;CLU;TLR4;TLR3;HLA-E;PF4
GO_Biological_Process_2023,Regulation Of Phosphorylation (GO:0042325),12/82,0.9535895582488312,0.9999963846351302,0,0,0.6293487000804074,0.0299078664781406,CDKN1C;ROPN1B;BMP4;CDH5;CDKN2C;EGF;ANG;LDB2;IGF1;NOP53;ROPN1;EGFR
GO_Biological_Process_2023,Plasma Membrane Bounded Cell Projection Organization (GO:0120036),21/132,0.9540414254635624,0.9999963846351302,0,0,0.6941976053609427,0.0326607377515087,ROPN1B;LGI1;GPM6A;BTG2;NLGN1;TNXB;MYOC;CCL21;STMN2;PTPRM;ATP1B2;L1CAM;PKD2;IL6;ATCAY;ADGRF1;MAP2;CNTN4;RAB6B;SH3GL2;ROPN1
GO_Biological_Process_2023,Negative Regulation Of Cytokine-Mediated Signaling Pathway (GO:0001960),8/59,0.9546118405526148,0.9999963846351302,0,0,0.5760332249113329,0.0267570144979479,IL6;GSTP1;NR1H3;IRAK3;PPARG;SLIT2;CCDC3;GAS6
GO_Biological_Process_2023,Positive Regulation Of Protein Binding (GO:0032092),8/59,0.9546118405526148,0.9999963846351302,0,0,0.5760332249113329,0.0267570144979479,PRKN;BMP4;CLDN5;CSF3;BMP2;LRP1;LRRK2;CAV1
GO_Biological_Process_2023,Positive Regulation Of Proteolysis (GO:0045862),8/59,0.9546118405526148,0.9999963846351302,0,0,0.5760332249113329,0.0267570144979479,CCBE1;ASPH;ANGPTL8;CAPN3;TNFRSF1B;ADRA2A;GPLD1;SH3D19
GO_Biological_Process_2023,Negative Regulation Of Protein Kinase Activity (GO:0006469),13/88,0.9552169868299898,0.9999963846351302,0,0,0.6362874345140355,0.0291526242048477,CDKN1C;PTPRT;CAV3;GSTP1;CAV1;LRP5;DAB2IP;PPM1F;SLC8A3;PTPRB;SH3BP5;INPP5K;SNCA
GO_Biological_Process_2023,Intrinsic Apoptotic Signaling Pathway (GO:0097193),16/105,0.9560428207460964,0.9999963846351302,0,0,0.6598090415150076,0.0296601156608794,PPP1R15A;TMEM238L;ITPR1;DAB2IP;TNFRSF1B;PPM1F;LGALS12;BCL2;ZNF385B;RNF186;SCN2A;PDK2;BCL2L2;MAP3K5;EPHA2;BOK
GO_Biological_Process_2023,Negative Regulation Of Protein Binding (GO:0032091),10/71,0.9561015660812694,0.9999963846351302,0,0,0.6018998870212815,0.0270199666188287,ADRB3;SLPI;MAP2;CFHR1;LRRK2;CAV1;ADIPOQ;ADRB2;CAMK1;NES
GO_Biological_Process_2023,Antigen Processing And Presentation Of Endogenous Peptide Antigen Via MHC Class I Via ER Pathway (GO:0002484),1/13,0.9561990230495766,0.9999963846351302,0,0,0.3062768031189083,0.0137178943659201,HLA-E
GO_Biological_Process_2023,"Antigen Processing And Presentation Of Endogenous Peptide Antigen Via MHC Class I Via ER Pathway, TAP-independent (GO:0002486)",1/13,0.9561990230495766,0.9999963846351302,0,0,0.3062768031189083,0.0137178943659201,HLA-E
GO_Biological_Process_2023,Antigen Processing And Presentation Of Endogenous Peptide Antigen Via MHC Class Ib (GO:0002476),1/13,0.9561990230495766,0.9999963846351302,0,0,0.3062768031189083,0.0137178943659201,HLA-E
GO_Biological_Process_2023,Antigen Processing And Presentation Of Peptide Antigen Via MHC Class Ib (GO:0002428),1/13,0.9561990230495766,0.9999963846351302,0,0,0.3062768031189083,0.0137178943659201,HLA-E
GO_Biological_Process_2023,Clathrin Coat Assembly (GO:0048268),1/13,0.9561990230495766,0.9999963846351302,0,0,0.3062768031189083,0.0137178943659201,NSG1
GO_Biological_Process_2023,Cytoplasmic Sequestering Of Transcription Factor (GO:0042994),1/13,0.9561990230495766,0.9999963846351302,0,0,0.3062768031189083,0.0137178943659201,PKD2
GO_Biological_Process_2023,Extracellular Transport (GO:0006858),1/13,0.9561990230495766,0.9999963846351302,0,0,0.3062768031189083,0.0137178943659201,SPAG6
GO_Biological_Process_2023,Glutamine Metabolic Process (GO:0006541),1/13,0.9561990230495766,0.9999963846351302,0,0,0.3062768031189083,0.0137178943659201,CPS1
GO_Biological_Process_2023,Heparan Sulfate Proteoglycan Metabolic Process (GO:0030201),1/13,0.9561990230495766,0.9999963846351302,0,0,0.3062768031189083,0.0137178943659201,HS3ST4
GO_Biological_Process_2023,Membrane Protein Intracellular Domain Proteolysis (GO:0031293),1/13,0.9561990230495766,0.9999963846351302,0,0,0.3062768031189083,0.0137178943659201,MMP7
GO_Biological_Process_2023,Microtubule-Based Transport (GO:0099111),1/13,0.9561990230495766,0.9999963846351302,0,0,0.3062768031189083,0.0137178943659201,SPAG6
GO_Biological_Process_2023,Mitochondrial Fission (GO:0000266),1/13,0.9561990230495766,0.9999963846351302,0,0,0.3062768031189083,0.0137178943659201,PRKN
GO_Biological_Process_2023,Myeloid Dendritic Cell Activation (GO:0001773),1/13,0.9561990230495766,0.9999963846351302,0,0,0.3062768031189083,0.0137178943659201,TGFBR2
GO_Biological_Process_2023,ncRNA Transcription (GO:0098781),1/13,0.9561990230495766,0.9999963846351302,0,0,0.3062768031189083,0.0137178943659201,CAVIN1
GO_Biological_Process_2023,"Negative Regulation Of DNA Damage Response, Signal Transduction By P53 Class Mediator (GO:0043518)",1/13,0.9561990230495766,0.9999963846351302,0,0,0.3062768031189083,0.0137178943659201,TWIST1
GO_Biological_Process_2023,Negative Regulation Of Endoplasmic Reticulum Unfolded Protein Response (GO:1900102),1/13,0.9561990230495766,0.9999963846351302,0,0,0.3062768031189083,0.0137178943659201,PPP1R15A
GO_Biological_Process_2023,Negative Regulation Of Interleukin-12 Production (GO:0032695),1/13,0.9561990230495766,0.9999963846351302,0,0,0.3062768031189083,0.0137178943659201,IRAK3
GO_Biological_Process_2023,Negative Regulation Of Translational Initiation (GO:0045947),1/13,0.9561990230495766,0.9999963846351302,0,0,0.3062768031189083,0.0137178943659201,C8ORF88
GO_Biological_Process_2023,Negative Regulation Of Viral Transcription (GO:0032897),1/13,0.9561990230495766,0.9999963846351302,0,0,0.3062768031189083,0.0137178943659201,ZFP36
GO_Biological_Process_2023,Positive Regulation Of T-helper 17 Type Immune Response (GO:2000318),1/13,0.9561990230495766,0.9999963846351302,0,0,0.3062768031189083,0.0137178943659201,NFKBIZ
GO_Biological_Process_2023,Positive Regulation Of Alpha-Beta T Cell Differentiation (GO:0046638),1/13,0.9561990230495766,0.9999963846351302,0,0,0.3062768031189083,0.0137178943659201,TGFBR2
GO_Biological_Process_2023,Positive Regulation Of Cyclase Activity (GO:0031281),1/13,0.9561990230495766,0.9999963846351302,0,0,0.3062768031189083,0.0137178943659201,NOS1
GO_Biological_Process_2023,Positive Regulation Of Histone Deacetylation (GO:0031065),1/13,0.9561990230495766,0.9999963846351302,0,0,0.3062768031189083,0.0137178943659201,PRKD1
GO_Biological_Process_2023,Positive Regulation Of Keratinocyte Differentiation (GO:0045618),1/13,0.9561990230495766,0.9999963846351302,0,0,0.3062768031189083,0.0137178943659201,FOXC1
GO_Biological_Process_2023,Positive Regulation Of Protein Deacetylation (GO:0090312),1/13,0.9561990230495766,0.9999963846351302,0,0,0.3062768031189083,0.0137178943659201,NNMT
GO_Biological_Process_2023,Positive Regulation Of Superoxide Anion Generation (GO:0032930),1/13,0.9561990230495766,0.9999963846351302,0,0,0.3062768031189083,0.0137178943659201,GSTP1
GO_Biological_Process_2023,Protein Hydroxylation (GO:0018126),1/13,0.9561990230495766,0.9999963846351302,0,0,0.3062768031189083,0.0137178943659201,P3H2
GO_Biological_Process_2023,Purine Ribonucleoside Bisphosphate Metabolic Process (GO:0034035),1/13,0.9561990230495766,0.9999963846351302,0,0,0.3062768031189083,0.0137178943659201,SULT1C4
GO_Biological_Process_2023,Regulation Of ERBB Signaling Pathway (GO:1901184),1/13,0.9561990230495766,0.9999963846351302,0,0,0.3062768031189083,0.0137178943659201,SH3TC2
GO_Biological_Process_2023,Regulation Of IRE1-mediated Unfolded Protein Response (GO:1903894),1/13,0.9561990230495766,0.9999963846351302,0,0,0.3062768031189083,0.0137178943659201,DAB2IP
GO_Biological_Process_2023,Regulation Of T Cell Chemotaxis (GO:0010819),1/13,0.9561990230495766,0.9999963846351302,0,0,0.3062768031189083,0.0137178943659201,CCL21
GO_Biological_Process_2023,Regulation Of T-helper 17 Type Immune Response (GO:2000316),1/13,0.9561990230495766,0.9999963846351302,0,0,0.3062768031189083,0.0137178943659201,JUNB
GO_Biological_Process_2023,Regulation Of Cell Projection Organization (GO:0031344),1/13,0.9561990230495766,0.9999963846351302,0,0,0.3062768031189083,0.0137178943659201,SPRY2
GO_Biological_Process_2023,Regulation Of Intrinsic Apoptotic Signaling Pathway In Response To DNA Damage By P53 Class Mediator (GO:1902165),1/13,0.9561990230495766,0.9999963846351302,0,0,0.3062768031189083,0.0137178943659201,BCL2
GO_Biological_Process_2023,Regulation Of Oxidoreductase Activity (GO:0051341),1/13,0.9561990230495766,0.9999963846351302,0,0,0.3062768031189083,0.0137178943659201,HP
GO_Biological_Process_2023,Regulation Of Transcription Of Nucleolar Large rRNA By RNA Polymerase I (GO:1901836),1/13,0.9561990230495766,0.9999963846351302,0,0,0.3062768031189083,0.0137178943659201,NOP53
GO_Biological_Process_2023,Signal Peptide Processing (GO:0006465),1/13,0.9561990230495766,0.9999963846351302,0,0,0.3062768031189083,0.0137178943659201,PCSK5
GO_Biological_Process_2023,Sphingoid Biosynthetic Process (GO:0046520),1/13,0.9561990230495766,0.9999963846351302,0,0,0.3062768031189083,0.0137178943659201,ACER2
GO_Biological_Process_2023,Sphingosine Biosynthetic Process (GO:0046512),1/13,0.9561990230495766,0.9999963846351302,0,0,0.3062768031189083,0.0137178943659201,ACER2
GO_Biological_Process_2023,Substrate-Dependent Cell Migration (GO:0006929),1/13,0.9561990230495766,0.9999963846351302,0,0,0.3062768031189083,0.0137178943659201,P2RY12
GO_Biological_Process_2023,Ubiquinone Biosynthetic Process (GO:0006744),1/13,0.9561990230495766,0.9999963846351302,0,0,0.3062768031189083,0.0137178943659201,COQ8A
GO_Biological_Process_2023,Regulation Of Release Of Cytochrome C From Mitochondria (GO:0090199),5/41,0.9563340138334036,0.9999963846351302,0,0,0.5101589531465439,0.022777597395974,PRKN;GPER1;HGF;IGF1;CLU
GO_Biological_Process_2023,Golgi To Plasma Membrane Protein Transport (GO:0043001),3/28,0.9566475469110234,0.9999963846351302,0,0,0.4408799438333723,0.0195399070837767,SPTBN1;OPTN;VAMP2
GO_Biological_Process_2023,Glycosaminoglycan Metabolic Process (GO:0030203),3/28,0.9566475469110234,0.9999963846351302,0,0,0.4408799438333723,0.0195399070837767,CHST9;HYAL1;HAS1
GO_Biological_Process_2023,Protein Depolymerization (GO:0051261),3/28,0.9566475469110234,0.9999963846351302,0,0,0.4408799438333723,0.0195399070837767,GSN;CFL2;STMN2
GO_Biological_Process_2023,"Regulation Of DNA Damage Response, Signal Transduction By P53 Class Mediator (GO:0043516)",3/28,0.9566475469110234,0.9999963846351302,0,0,0.4408799438333723,0.0195399070837767,TWIST1;MSX1;PLA2R1
GO_Biological_Process_2023,Regulation Of Plasma Membrane Bounded Cell Projection Organization (GO:0120035),3/28,0.9566475469110234,0.9999963846351302,0,0,0.4408799438333723,0.0195399070837767,KIF26A;IL1RAPL1;MARK1
GO_Biological_Process_2023,Regulation Of Protein Transport (GO:0051223),3/28,0.9566475469110234,0.9999963846351302,0,0,0.4408799438333723,0.0195399070837767,SH3TC2;SAA1;PPM1F
GO_Biological_Process_2023,Aminoglycan Biosynthetic Process (GO:0006023),2/21,0.9571239724897936,0.9999963846351302,0,0,0.3867940792552274,0.0169502267133082,HAS1;B3GNT3
GO_Biological_Process_2023,Anaphase-Promoting Complex-Dependent Catabolic Process (GO:0031145),2/21,0.9571239724897936,0.9999963846351302,0,0,0.3867940792552274,0.0169502267133082,ECRG4;FBXO31
GO_Biological_Process_2023,Chaperone-Mediated Protein Complex Assembly (GO:0051131),2/21,0.9571239724897936,0.9999963846351302,0,0,0.3867940792552274,0.0169502267133082,CLU;TMEM35A
GO_Biological_Process_2023,Innate Immune Response In Mucosa (GO:0002227),2/21,0.9571239724897936,0.9999963846351302,0,0,0.3867940792552274,0.0169502267133082,DEFB1;LTF
GO_Biological_Process_2023,Porphyrin-Containing Compound Biosynthetic Process (GO:0006779),2/21,0.9571239724897936,0.9999963846351302,0,0,0.3867940792552274,0.0169502267133082,ALAS2;SUCLA2
GO_Biological_Process_2023,Positive Regulation Of Granulocyte Chemotaxis (GO:0071624),2/21,0.9571239724897936,0.9999963846351302,0,0,0.3867940792552274,0.0169502267133082,CCL21;DAPK2
GO_Biological_Process_2023,Protein Mannosylation (GO:0035268),2/21,0.9571239724897936,0.9999963846351302,0,0,0.3867940792552274,0.0169502267133082,DPY19L2;TMTC1
GO_Biological_Process_2023,Purine Nucleotide Biosynthetic Process (GO:0006164),2/21,0.9571239724897936,0.9999963846351302,0,0,0.3867940792552274,0.0169502267133082,HAAO;NMNAT2
GO_Biological_Process_2023,Positive Regulation Of JNK Cascade (GO:0046330),11/77,0.9572104608046914,0.9999963846351302,0,0,0.6118796404845643,0.0267587170485639,EDAR;SH3RF2;CCL21;FLT4;SEMA3A;SERPINF2;DAB2IP;EDA2R;MTURN;TLR3;MAP3K5
GO_Biological_Process_2023,Positive Regulation Of Response To Stimulus (GO:0048584),11/77,0.9572104608046914,0.9999963846351302,0,0,0.6118796404845643,0.0267587170485639,C6;C7;EYA1;C9;ADIPOQ;EYA4;LRRC70;ECHDC3;CFP;EGFR;FGF10
GO_Biological_Process_2023,Positive Regulation Of Hydrolase Activity (GO:0051345),29/176,0.95754263944683,0.9999963846351302,0,0,0.7235727820678542,0.0313922245848214,CCL14;CCL13;RASGRF2;ADRB1;RASGRP2;SLC6A2;CX3CL1;PREX2;DOCK11;CCL8;WNT11;RASGEF1C;CHP2;CCL2;CCL18;RGS6;CCL16;CCL24;CCL23;CCL21;CAV2;ODAM;SFRP1;BMP2;RGL1;CD200;FERMT2;RAPGEF3;PLIN5
GO_Biological_Process_2023,Regulation Of Cell Division (GO:0051302),12/83,0.958461378785152,0.9999963846351302,0,0,0.6204449964326295,0.0263230060566642,KAT2B;TAL1;MYC;INSC;NLRP5;KLHL21;TXNIP;KLHL13;FGF1;DLL1;TP63;OOEP
GO_Biological_Process_2023,Regulation Of G2/M Transition Of Mitotic Cell Cycle (GO:0010389),4/35,0.959055775314854,0.9999963846351302,0,0,0.4739942007973903,0.0198158233245459,KCNH5;FHL1;PINX1;STOX1
GO_Biological_Process_2023,Protein Processing (GO:0016485),18/117,0.9597804340444348,0.9999963846351302,0,0,0.6671933045817499,0.0273887756845807,PCSK2;CPM;MME;CPXM2;C1R;PTCH1;PCSK7;PCSK5;PRSS12;VSIR;KLK6;THBD;ADAMTS3;CNTN1;CPE;CTSG;TLL1;MASP1
GO_Biological_Process_2023,Negative Regulation Of Protein Catabolic Process (GO:0042177),7/54,0.9602163554855716,0.9999963846351302,0,0,0.5469365988347463,0.0222037934644347,DAB2IP;IRAK3;FMN2;RILP;TIMP4;EGFR;SNCA
GO_Biological_Process_2023,Negative Regulation Of Protein Modification By Small Protein Conjugation Or Removal (GO:1903321),7/54,0.9602163554855716,0.9999963846351302,0,0,0.5469365988347463,0.0222037934644347,SH3RF2;DCUN1D3;CAV1;PINX1;CAPN3;SPRY2;ARRB1
GO_Biological_Process_2023,Regulation Of Cell Differentiation (GO:0045595),32/193,0.9607984505554056,0.9999963846351302,0,0,0.7288565223245386,0.0291474248591503,ALK;PHLDB1;NLGN1;TNXB;CSF1;CEBPD;NOTCH4;DLL1;PTHLH;KLK6;NTF4;RPS6KA3;RELN;FGF8;HEY1;HEY2;NTF3;DPF3;EDN3;SERPINF2;IGF2;LIF;NGF;KLF4;ALOX15B;BIN1;FES;SMOC1;CAMK1;PHLDB2;EPHA3;FGFR1
GO_Biological_Process_2023,Cellular Response To Amino Acid Starvation (GO:0034198),5/42,0.9624931814728696,0.9999963846351302,0,0,0.4963392331690154,0.0189742036328911,SESN3;DAPL1;RRAGD;PRKD1;MAP3K5
GO_Biological_Process_2023,Ceramide Biosynthetic Process (GO:0046513),5/42,0.9624931814728696,0.9999963846351302,0,0,0.4963392331690154,0.0189742036328911,ST8SIA2;CYP4F22;B4GALT6;ST6GALNAC3;ST6GALNAC6
GO_Biological_Process_2023,Modulation By Host Of Symbiont Process (GO:0051851),5/42,0.9624931814728696,0.9999963846351302,0,0,0.4963392331690154,0.0189742036328911,CX3CR1;ST6GALNAC1;JUN;INPP5K;PIK3C2G
GO_Biological_Process_2023,Alpha-Amino Acid Metabolic Process (GO:1901605),3/29,0.9637417599481566,0.9999963846351302,0,0,0.4238960197303282,0.0156552871618079,CPS1;ASPG;ASS1
GO_Biological_Process_2023,mRNA Splice Site Recognition (GO:0006376),3/29,0.9637417599481566,0.9999963846351302,0,0,0.4238960197303282,0.0156552871618079,CELF2;CELF6;SRSF5
GO_Biological_Process_2023,Protein Acetylation (GO:0006473),3/29,0.9637417599481566,0.9999963846351302,0,0,0.4238960197303282,0.0156552871618079,KAT2B;LACRT;FOXO1
GO_Biological_Process_2023,Regulation Of Establishment Of Planar Polarity (GO:0090175),3/29,0.9637417599481566,0.9999963846351302,0,0,0.4238960197303282,0.0156552871618079,WNT11;PRICKLE2;NPHP3
GO_Biological_Process_2023,Fc Receptor Mediated Stimulatory Signaling Pathway (GO:0002431),2/22,0.9649322958435418,0.9999963846351302,0,0,0.3674309780065512,0.0131163084940843,NR4A3;FYN
GO_Biological_Process_2023,Acetylcholine Receptor Signaling Pathway (GO:0095500),2/22,0.9649322958435418,0.9999963846351302,0,0,0.3674309780065512,0.0131163084940843,CHRM2;CHRNA7
GO_Biological_Process_2023,Natural Killer Cell Activation Involved In Immune Response (GO:0002323),2/22,0.9649322958435418,0.9999963846351302,0,0,0.3674309780065512,0.0131163084940843,IFNE;VAMP2
GO_Biological_Process_2023,Negative Regulation Of Macroautophagy (GO:0016242),2/22,0.9649322958435418,0.9999963846351302,0,0,0.3674309780065512,0.0131163084940843,LRRK2;FEZ1
GO_Biological_Process_2023,Regulation Of Catabolic Process (GO:0009894),2/22,0.9649322958435418,0.9999963846351302,0,0,0.3674309780065512,0.0131163084940843,RARRES2;ZDHHC2
GO_Biological_Process_2023,Regulation Of Intracellular Steroid Hormone Receptor Signaling Pathway (GO:0033143),2/22,0.9649322958435418,0.9999963846351302,0,0,0.3674309780065512,0.0131163084940843,TRIM68;NR0B1
GO_Biological_Process_2023,Vesicle Transport Along Microtubule (GO:0047496),2/22,0.9649322958435418,0.9999963846351302,0,0,0.3674309780065512,0.0131163084940843,KIF5A;KIF1C
GO_Biological_Process_2023,Positive Regulation Of Cellular Catabolic Process (GO:0031331),23/146,0.9651261638949306,0.9999963846351302,0,0,0.6859299700450566,0.0243480764167904,ABCD2;PLEKHF1;IRS1;LRRK2;ZBTB20;TWIST1;IRS2;IGF1;TNFRSF1B;SLC4A4;FOXO1;ADRA2A;DCN;MLXIPL;TRIM68;PRKD1;PPARA;GPLD1;OPTN;SH3D19;PLIN5;SNCA;PNPLA2
GO_Biological_Process_2023,Regulation Of Protein Metabolic Process (GO:0051246),14/96,0.9651338093697578,0.9999963846351302,0,0,0.6266037930205675,0.0222372441835815,SERPINB4;EDN1;SERPINB13;CSF1;DDX25;CHRNA7;NR1H3;KLF4;ZDHHC2;KLF2;PM20D2;EDNRB;ANGPTL8;AGTR1
GO_Biological_Process_2023,Negative Regulation Of T Cell Proliferation (GO:0042130),4/36,0.9652553767147216,0.9999963846351302,0,0,0.4591526217228464,0.0162368183661218,PRNP;CR1;PLA2G2A;PLA2G5
GO_Biological_Process_2023,Ceramide Metabolic Process (GO:0006672),7/55,0.9653057650277383,0.9999963846351302,0,0,0.5355079253533224,0.0189089845244508,FUT6;ACER2;PLPP3;ST6GALNAC3;CYP4F22;PLPP1;ST6GALNAC6
GO_Biological_Process_2023,COPII-coated Vesicle Cargo Loading (GO:0090110),1/14,0.9655693481866352,0.9999963846351302,0,0,0.2826990553306343,0.0099050267365124,SEC31B
GO_Biological_Process_2023,Cellular Response To Exogenous dsRNA (GO:0071360),1/14,0.9655693481866352,0.9999963846351302,0,0,0.2826990553306343,0.0099050267365124,COLEC12
GO_Biological_Process_2023,Copper Ion Homeostasis (GO:0055070),1/14,0.9655693481866352,0.9999963846351302,0,0,0.2826990553306343,0.0099050267365124,PRNP
GO_Biological_Process_2023,Establishment Of Chromosome Localization (GO:0051303),1/14,0.9655693481866352,0.9999963846351302,0,0,0.2826990553306343,0.0099050267365124,GEM
GO_Biological_Process_2023,Establishment Of Protein Localization To Chromosome (GO:0070199),1/14,0.9655693481866352,0.9999963846351302,0,0,0.2826990553306343,0.0099050267365124,CTCFL
GO_Biological_Process_2023,Inner Dynein Arm Assembly (GO:0036159),1/14,0.9655693481866352,0.9999963846351302,0,0,0.2826990553306343,0.0099050267365124,DNAH1
GO_Biological_Process_2023,Mammary Gland Epithelium Development (GO:0061180),1/14,0.9655693481866352,0.9999963846351302,0,0,0.2826990553306343,0.0099050267365124,EPHA2
GO_Biological_Process_2023,miRNA-mediated Gene Silencing By Inhibition Of Translation (GO:0035278),1/14,0.9655693481866352,0.9999963846351302,0,0,0.2826990553306343,0.0099050267365124,ZFP36
GO_Biological_Process_2023,Negative Regulation Of Cilium Assembly (GO:1902018),1/14,0.9655693481866352,0.9999963846351302,0,0,0.2826990553306343,0.0099050267365124,YAP1
GO_Biological_Process_2023,Negative Regulation Of Fatty Acid Biosynthetic Process (GO:0045717),1/14,0.9655693481866352,0.9999963846351302,0,0,0.2826990553306343,0.0099050267365124,ACADVL
GO_Biological_Process_2023,"Negative Regulation Of mRNA Splicing, Via Spliceosome (GO:0048025)",1/14,0.9655693481866352,0.9999963846351302,0,0,0.2826990553306343,0.0099050267365124,RBM20
GO_Biological_Process_2023,Negative Regulation Of Nucleocytoplasmic Transport (GO:0046823),1/14,0.9655693481866352,0.9999963846351302,0,0,0.2826990553306343,0.0099050267365124,MDFIC
GO_Biological_Process_2023,Negative Regulation Of Single Stranded Viral RNA Replication Via Double Stranded DNA Intermediate (GO:0045869),1/14,0.9655693481866352,0.9999963846351302,0,0,0.2826990553306343,0.0099050267365124,INPP5K
GO_Biological_Process_2023,Polarized Epithelial Cell Differentiation (GO:0030859),1/14,0.9655693481866352,0.9999963846351302,0,0,0.2826990553306343,0.0099050267365124,YAP1
GO_Biological_Process_2023,Positive Regulation Of Cytoplasmic Translation (GO:2000767),1/14,0.9655693481866352,0.9999963846351302,0,0,0.2826990553306343,0.0099050267365124,YBX3
GO_Biological_Process_2023,Protein Localization To Vacuole (GO:0072665),1/14,0.9655693481866352,0.9999963846351302,0,0,0.2826990553306343,0.0099050267365124,RNF128
GO_Biological_Process_2023,Regulation Of MHC Class II Biosynthetic Process (GO:0045346),1/14,0.9655693481866352,0.9999963846351302,0,0,0.2826990553306343,0.0099050267365124,PF4
GO_Biological_Process_2023,Regulation Of Carbohydrate Catabolic Process (GO:0043470),1/14,0.9655693481866352,0.9999963846351302,0,0,0.2826990553306343,0.0099050267365124,GCK
GO_Biological_Process_2023,Regulation Of Cell Fate Specification (GO:0042659),1/14,0.9655693481866352,0.9999963846351302,0,0,0.2826990553306343,0.0099050267365124,FGF2
GO_Biological_Process_2023,Regulation Of Mast Cell Degranulation (GO:0043304),1/14,0.9655693481866352,0.9999963846351302,0,0,0.2826990553306343,0.0099050267365124,FES
GO_Biological_Process_2023,Regulation Of Neuron Projection Arborization (GO:0150011),1/14,0.9655693481866352,0.9999963846351302,0,0,0.2826990553306343,0.0099050267365124,FZD4
GO_Biological_Process_2023,Regulation Of Superoxide Anion Generation (GO:0032928),1/14,0.9655693481866352,0.9999963846351302,0,0,0.2826990553306343,0.0099050267365124,GSTP1
GO_Biological_Process_2023,Resolution Of Meiotic Recombination Intermediates (GO:0000712),1/14,0.9655693481866352,0.9999963846351302,0,0,0.2826990553306343,0.0099050267365124,HFM1
GO_Biological_Process_2023,Telomere Capping (GO:0016233),1/14,0.9655693481866352,0.9999963846351302,0,0,0.2826990553306343,0.0099050267365124,TENM1
GO_Biological_Process_2023,Ubiquinone Metabolic Process (GO:0006743),1/14,0.9655693481866352,0.9999963846351302,0,0,0.2826990553306343,0.0099050267365124,COQ8A
GO_Biological_Process_2023,Erythrocyte Differentiation (GO:0030218),6/49,0.9661868179460512,0.9999963846351302,0,0,0.5124230706388541,0.0176263647297001,TGFBR3;ALAS2;DMTN;TAL1;KIT;AHSP
GO_Biological_Process_2023,Negative Regulation Of T Cell Activation (GO:0050868),6/49,0.9661868179460512,0.9999963846351302,0,0,0.5124230706388541,0.0176263647297001,LGALS3;CR1;PLA2G2A;CTSG;PLA2G5;VSIR
GO_Biological_Process_2023,Negative Regulation Of Cysteine-Type Endopeptidase Activity Involved In Apoptotic Process (GO:0043154),6/49,0.9661868179460512,0.9999963846351302,0,0,0.5124230706388541,0.0176263647297001,RPS6KA3;HGF;GAS6;KLF4;AQP1;SNCA
GO_Biological_Process_2023,Neurogenesis (GO:0022008),6/49,0.9661868179460512,0.9999963846351302,0,0,0.5124230706388541,0.0176263647297001,MESP1;LRP4;NTN5;FAT4;EPHB1;EGFR
GO_Biological_Process_2023,Sensory Perception Of Light Stimulus (GO:0050953),15/102,0.966336853173556,0.9999963846351302,0,0,0.6327234176856655,0.0216662190840169,AOC2;CRYBG3;CRYGN;EYA4;PCDH15;POU6F2;ARRB1;TULP2;RPE65;DHRS3;TRPM1;EFEMP1;PRPH2;SFRP5;CDH23
GO_Biological_Process_2023,Golgi Organization (GO:0007030),20/130,0.9665835079693292,0.9999963846351302,0,0,0.6670369104579631,0.0226709714342576,GOLGA8S;ATP8B4;GOLGA8T;LRRK2;GOLGA8K;GOLGA8J;GOLGA8M;GOLGA8O;GOLGA8N;GOLGA8Q;SYNE1;GOLGA8DP;GOLGA8G;GARIN4;GOLGA8H;GOLGA8IP;PRKD1;RAB6B;GOLGA8A;OPTN
GO_Biological_Process_2023,Regulation Of Cell Growth (GO:0001558),38/227,0.9667485243754989,0.9999963846351302,0,0,0.7370078228973934,0.0249233013269128,ACVRL1;YAP1;NPR1;DCUN1D3;FHL1;FAM107A;JADE1;LTBP4;AKAP6;PRDM11;RASGRP2;SLC6A2;EGFR;SOCS2;RPS6KA3;WNT11;SOX17;HYAL1;CCN3;MSX1;SLIT2;TEAD1;LGI1;CDKN2C;PTCH2;NRG1;ESR2;SFRP1;BCL6;NRG3;KIF26A;MYL2;AGTR1;BCL2;SCGB3A1;SGK1;SGK2;PAPPA2
GO_Biological_Process_2023,Glycerophospholipid Biosynthetic Process (GO:0046474),16/108,0.9675594603263936,0.9999963846351302,0,0,0.6381710553174117,0.0210458592234201,SLC27A1;PCYT1B;DGKB;PLA2G4A;LCAT;PLD1;BMX;FGF2;AGPAT2;LIPC;GPAM;LPCAT2;PLCG2;INPP5K;PIP5K1B;GPAT3
GO_Biological_Process_2023,Glycolipid Biosynthetic Process (GO:0009247),5/43,0.9678438761135346,0.9999963846351302,0,0,0.4832468668745148,0.0157946772526134,FUT6;FUT9;ST8SIA1;PGAP4;B4GALT6
GO_Biological_Process_2023,Regulation Of JUN Kinase Activity (GO:0043506),5/43,0.9678438761135346,0.9999963846351302,0,0,0.4832468668745148,0.0157946772526134,EDN1;GSTP1;DAB2IP;SASH1;MAP3K5
GO_Biological_Process_2023,Positive Regulation Of Developmental Process (GO:0051094),39/233,0.9684372177603348,0.9999963846351302,0,0,0.7368445384183032,0.0236317998318715,PRKN;ALK;PHLDB1;NLGN1;TNXB;NRXN1;PRL;VLDLR;PTN;RPS6KA3;SYDE1;RELN;FGF8;NLRP5;KDR;ENPP2;DPF3;SOX8;SOX6;SOX5;EDN3;FZD4;FST;ZBTB16;SERPINF2;DAB2IP;DCN;ZDHHC15;BMP5;BMP4;BMP2;LEP;MMRN2;PPARG;CAMK1;PHLDB2;SHANK3;RAPGEF3;FGFR1
GO_Biological_Process_2023,Glycerophospholipid Metabolic Process (GO:0006650),8/62,0.9693272901166496,0.9999963846351302,0,0,0.5439272449581728,0.0169449455660727,CETP;PLA2G4B;PLA2G2A;PLA2G4A;LCAT;ABHD6;ENPP6;GPLD1
GO_Biological_Process_2023,Regulation Of T Cell Activation (GO:0050863),8/62,0.9693272901166496,0.9999963846351302,0,0,0.5439272449581728,0.0169449455660727,LGALS3;CD209;SPINK5;SIRPA;CCL2;CTSG;TNFRSF1B;SIRPB1
GO_Biological_Process_2023,Extrinsic Apoptotic Signaling Pathway Via Death Domain Receptors (GO:0008625),3/30,0.9697311475113676,0.9999963846351302,0,0,0.4081701640793613,0.0125456869075369,DAB2IP;BCL2;NGF
GO_Biological_Process_2023,Mitotic G2 DNA Damage Checkpoint Signaling (GO:0007095),3/30,0.9697311475113676,0.9999963846351302,0,0,0.4081701640793613,0.0125456869075369,FOXN3;NOP53;CDC14B
GO_Biological_Process_2023,Negative Regulation Of Carbohydrate Metabolic Process (GO:0045912),3/30,0.9697311475113676,0.9999963846351302,0,0,0.4081701640793613,0.0125456869075369,ADIPOQ;PPARA;GCK
GO_Biological_Process_2023,Positive Regulation Of Protein Targeting To Mitochondrion (GO:1903955),3/30,0.9697311475113676,0.9999963846351302,0,0,0.4081701640793613,0.0125456869075369,UBL4B;FZD5;RHOU
GO_Biological_Process_2023,Mitochondrion Disassembly (GO:0061726),4/37,0.9705713471144558,0.9999963846351302,0,0,0.445210532289184,0.0132986003194184,PRKN;GABARAPL3;GABARAPL1;MAP1LC3C
GO_Biological_Process_2023,Synaptic Vesicle Cycle (GO:0099504),4/37,0.9705713471144558,0.9999963846351302,0,0,0.445210532289184,0.0132986003194184,NLGN1;SLC17A7;VAMP2;SNCA
GO_Biological_Process_2023,Positive Regulation Of Cysteine-Type Endopeptidase Activity Involved In Apoptotic Process (GO:0043280),16/109,0.9707546285754056,0.9999963846351302,0,0,0.6312686152758847,0.0187370261329404,NGFR;GSN;PPM1F;ACVR1C;MYC;GPER1;COL4A3;CNTN1;NLRP3;PPARG;NLRP1;SOX7;NODAL;MAP3K5;BOK;SNCA
GO_Biological_Process_2023,B Cell Activation (GO:0042113),13/92,0.9711696377359468,0.9999963846351302,0,0,0.6039159443786244,0.0176670305897809,CR2;MEF2C;PAX5;PIK3R1;ADGRG3;CD79B;KLF6;BANK1;IFNE;KIT;PLCG2;BCL2;RAG1
GO_Biological_Process_2023,Actin Nucleation (GO:0045010),2/23,0.9713624114977638,0.9999963846351302,0,0,0.3499119816387013,0.0101669183210296,WIPF3;LMOD1
GO_Biological_Process_2023,Immune Response-Activating Cell Surface Receptor Signaling Pathway (GO:0002429),2/23,0.9713624114977638,0.9999963846351302,0,0,0.3499119816387013,0.0101669183210296,CR1;GPLD1
GO_Biological_Process_2023,Lymphocyte Activation Involved In Immune Response (GO:0002285),2/23,0.9713624114977638,0.9999963846351302,0,0,0.3499119816387013,0.0101669183210296,IFNE;CD244
GO_Biological_Process_2023,Microtubule Nucleation (GO:0007020),2/23,0.9713624114977638,0.9999963846351302,0,0,0.3499119816387013,0.0101669183210296,SLAIN1;TPPP
GO_Biological_Process_2023,Negative Regulation Of Extrinsic Apoptotic Signaling Pathway Via Death Domain Receptors (GO:1902042),2/23,0.9713624114977638,0.9999963846351302,0,0,0.3499119816387013,0.0101669183210296,TMBIM1;BMP5
GO_Biological_Process_2023,Negative Regulation Of Lymphocyte Activation (GO:0051250),2/23,0.9713624114977638,0.9999963846351302,0,0,0.3499119816387013,0.0101669183210296,LGALS3;CTSG
GO_Biological_Process_2023,Positive Regulation Of Neuron Apoptotic Process (GO:0043525),2/23,0.9713624114977638,0.9999963846351302,0,0,0.3499119816387013,0.0101669183210296,PRNP;EPHA7
GO_Biological_Process_2023,Regulation Of Interleukin-4 Production (GO:0032673),2/23,0.9713624114977638,0.9999963846351302,0,0,0.3499119816387013,0.0101669183210296,NLRP3;HLA-E
GO_Biological_Process_2023,"Regulation Of Nuclear-Transcribed mRNA Catabolic Process, Deadenylation-Dependent Decay (GO:1900151)",2/23,0.9713624114977638,0.9999963846351302,0,0,0.3499119816387013,0.0101669183210296,ZFP36;ZFP36L2
GO_Biological_Process_2023,Positive Regulation Of Programmed Cell Death (GO:0043068),41/245,0.971549234729585,0.9999963846351302,0,0,0.7365326295807579,0.0212587860854924,CSRNP3;DCUN1D3;LRRK2;PRF1;SLC6A2;CLU;FOXO1;ACVR1C;ADAMTSL4;AIFM2;RPS6KA2;GPER1;MAP3K20;TNFRSF8;EMILIN2;APBB1;SLIT2;HOXA5;MAP3K5;PHLDA3;BOK;SNCA;WNT10B;JUN;DAPK2;FZD9;DAB2IP;ANO6;NRG1;SEPTIN4;DUSP6;BMP4;FCER2;SFRP1;BMP2;IL6;BCL6;BIN1;KCNMA1;BCL2;GPLD1
GO_Biological_Process_2023,Phosphatidylinositol Phosphate Biosynthetic Process (GO:0046854),5/44,0.9724808054883,0.9999963846351302,0,0,0.4708259039797321,0.0131383690583668,HYCC1;SOCS2;SOCS3;PIK3C2G;PIK3R1
GO_Biological_Process_2023,Positive Regulation Of Leukocyte Cell-Cell Adhesion (GO:1903039),5/44,0.9724808054883,0.9999963846351302,0,0,0.4708259039797321,0.0131383690583668,IL6;NR4A3;CCL2;SIRPA;SIRPB1
GO_Biological_Process_2023,Positive Regulation Of Nucleocytoplasmic Transport (GO:0046824),5/44,0.9724808054883,0.9999963846351302,0,0,0.4708259039797321,0.0131383690583668,CHP2;PIK3R1;CAMK1;GAS6;RAPGEF3
GO_Biological_Process_2023,Regulation Of B Cell Proliferation (GO:0030888),5/44,0.9724808054883,0.9999963846351302,0,0,0.4708259039797321,0.0131383690583668,BST1;MEF2C;BCL2;NFATC2;IRS2
GO_Biological_Process_2023,3'-Phosphoadenosine 5'-Phosphosulfate Metabolic Process (GO:0050427),1/15,0.9729353481514538,0.9999963846351302,0,0,0.2624895572263993,0.0072020952588437,SULT1C4
GO_Biological_Process_2023,B Cell Mediated Immunity (GO:0019724),1/15,0.9729353481514538,0.9999963846351302,0,0,0.2624895572263993,0.0072020952588437,MPL
GO_Biological_Process_2023,DNA Alkylation (GO:0006305),1/15,0.9729353481514538,0.9999963846351302,0,0,0.2624895572263993,0.0072020952588437,FOS
GO_Biological_Process_2023,N-terminal Protein Amino Acid Acetylation (GO:0006474),1/15,0.9729353481514538,0.9999963846351302,0,0,0.2624895572263993,0.0072020952588437,KAT2B
GO_Biological_Process_2023,Activation Of NF-kappaB-inducing Kinase Activity (GO:0007250),1/15,0.9729353481514538,0.9999963846351302,0,0,0.2624895572263993,0.0072020952588437,TLR3
GO_Biological_Process_2023,Alpha-Beta T Cell Activation (GO:0046631),1/15,0.9729353481514538,0.9999963846351302,0,0,0.2624895572263993,0.0072020952588437,HLA-E
GO_Biological_Process_2023,Astrocyte Development (GO:0014002),1/15,0.9729353481514538,0.9999963846351302,0,0,0.2624895572263993,0.0072020952588437,DLL1
GO_Biological_Process_2023,Branched-Chain Amino Acid Metabolic Process (GO:0009081),1/15,0.9729353481514538,0.9999963846351302,0,0,0.2624895572263993,0.0072020952588437,PCCA
GO_Biological_Process_2023,Ceramide Catabolic Process (GO:0046514),1/15,0.9729353481514538,0.9999963846351302,0,0,0.2624895572263993,0.0072020952588437,ACER2
GO_Biological_Process_2023,Coenzyme A Metabolic Process (GO:0015936),1/15,0.9729353481514538,0.9999963846351302,0,0,0.2624895572263993,0.0072020952588437,NUDT7
GO_Biological_Process_2023,Defense Response To Protozoan (GO:0042832),1/15,0.9729353481514538,0.9999963846351302,0,0,0.2624895572263993,0.0072020952588437,PF4
GO_Biological_Process_2023,Epiboly Involved In Wound Healing (GO:0090505),1/15,0.9729353481514538,0.9999963846351302,0,0,0.2624895572263993,0.0072020952588437,TMEFF2
GO_Biological_Process_2023,Folic Acid-Containing Compound Metabolic Process (GO:0006760),1/15,0.9729353481514538,0.9999963846351302,0,0,0.2624895572263993,0.0072020952588437,SHMT1
GO_Biological_Process_2023,Glutamine Family Amino Acid Catabolic Process (GO:0009065),1/15,0.9729353481514538,0.9999963846351302,0,0,0.2624895572263993,0.0072020952588437,NOS1
GO_Biological_Process_2023,Histone H4-K5 Acetylation (GO:0043981),1/15,0.9729353481514538,0.9999963846351302,0,0,0.2624895572263993,0.0072020952588437,JADE1
GO_Biological_Process_2023,Histone H4-K8 Acetylation (GO:0043982),1/15,0.9729353481514538,0.9999963846351302,0,0,0.2624895572263993,0.0072020952588437,JADE1
GO_Biological_Process_2023,Negative Regulation Of DNA Replication (GO:0008156),1/15,0.9729353481514538,0.9999963846351302,0,0,0.2624895572263993,0.0072020952588437,GMNC
GO_Biological_Process_2023,Negative Regulation Of Gluconeogenesis (GO:0045721),1/15,0.9729353481514538,0.9999963846351302,0,0,0.2624895572263993,0.0072020952588437,GCK
GO_Biological_Process_2023,Negative Regulation Of mRNA Processing (GO:0050686),1/15,0.9729353481514538,0.9999963846351302,0,0,0.2624895572263993,0.0072020952588437,RBM20
GO_Biological_Process_2023,Negative Regulation Of Telomere Maintenance (GO:0032205),1/15,0.9729353481514538,0.9999963846351302,0,0,0.2624895572263993,0.0072020952588437,PINX1
GO_Biological_Process_2023,Phagosome Maturation (GO:0090382),1/15,0.9729353481514538,0.9999963846351302,0,0,0.2624895572263993,0.0072020952588437,SRPX
GO_Biological_Process_2023,Polyol Biosynthetic Process (GO:0046173),1/15,0.9729353481514538,0.9999963846351302,0,0,0.2624895572263993,0.0072020952588437,FGF2
GO_Biological_Process_2023,Protein Localization To Cell-Cell Junction (GO:0150105),1/15,0.9729353481514538,0.9999963846351302,0,0,0.2624895572263993,0.0072020952588437,CDH5
GO_Biological_Process_2023,"Protein Localization To Chromosome, Telomeric Region (GO:0070198)",1/15,0.9729353481514538,0.9999963846351302,0,0,0.2624895572263993,0.0072020952588437,PINX1
GO_Biological_Process_2023,Receptor Catabolic Process (GO:0032801),1/15,0.9729353481514538,0.9999963846351302,0,0,0.2624895572263993,0.0072020952588437,GPRASP1
GO_Biological_Process_2023,Regulation Of Rac Protein Signal Transduction (GO:0035020),1/15,0.9729353481514538,0.9999963846351302,0,0,0.2624895572263993,0.0072020952588437,ARHGAP24
GO_Biological_Process_2023,Regulation Of Cholesterol Biosynthetic Process (GO:0045540),1/15,0.9729353481514538,0.9999963846351302,0,0,0.2624895572263993,0.0072020952588437,FGF1
GO_Biological_Process_2023,Regulation Of rRNA Processing (GO:2000232),1/15,0.9729353481514538,0.9999963846351302,0,0,0.2624895572263993,0.0072020952588437,KAT2B
GO_Biological_Process_2023,Sympathetic Nervous System Development (GO:0048485),1/15,0.9729353481514538,0.9999963846351302,0,0,0.2624895572263993,0.0072020952588437,SEMA3A
GO_Biological_Process_2023,tRNA Wobble Base Modification (GO:0002097),1/15,0.9729353481514538,0.9999963846351302,0,0,0.2624895572263993,0.0072020952588437,TRMT9B
GO_Biological_Process_2023,tRNA Wobble Uridine Modification (GO:0002098),1/15,0.9729353481514538,0.9999963846351302,0,0,0.2624895572263993,0.0072020952588437,TRMT9B
GO_Biological_Process_2023,Positive Regulation Of Mitotic Cell Cycle Phase Transition (GO:1901992),8/63,0.9731705832558858,0.9999963846351302,0,0,0.534003578427196,0.0145227054368086,CCND2;ANXA1;RGCC;ADAMTS1;HYAL1;EGFR;STOX1;FGF10
GO_Biological_Process_2023,Negative Regulation Of NF-kappaB Transcription Factor Activity (GO:0032088),11/81,0.9732894514225156,0.9999963846351302,0,0,0.5767677106012393,0.0156152691647871,TCEAL7;NWD1;PTGIS;LRRK2;DAB2IP;NLRP3;ARRB1;IRAK3;KLF4;MTURN;CD200
GO_Biological_Process_2023,Membrane Lipid Biosynthetic Process (GO:0046467),7/57,0.9737479259096596,0.9999963846351302,0,0,0.5140220192082455,0.0136744310392683,ACER2;HACD1;ELOVL3;SPNS2;PRKD1;PLPP3;PLPP1
GO_Biological_Process_2023,Myeloid Cell Differentiation (GO:0030099),7/57,0.9737479259096596,0.9999963846351302,0,0,0.5140220192082455,0.0136744310392683,CEBPA;ALAS2;MAF;TAL1;ZBTB16;KIT;AHSP
GO_Biological_Process_2023,Positive Regulation Of Interleukin-1 Beta Production (GO:0032731),7/57,0.9737479259096596,0.9999963846351302,0,0,0.5140220192082455,0.0136744310392683,EGR1;IL6;FZD5;NLRP3;CD36;NLRP1;TLR4
GO_Biological_Process_2023,B Cell Proliferation (GO:0042100),3/31,0.974775246472424,0.9999963846351302,0,0,0.393567583832035,0.0100550027723205,CR2;MEF2C;IFNE
GO_Biological_Process_2023,Regulation Of Dendrite Morphogenesis (GO:0048814),3/31,0.974775246472424,0.9999963846351302,0,0,0.393567583832035,0.0100550027723205,CUX2;SDC2;IL1RAPL1
GO_Biological_Process_2023,Regulation Of Protein Import Into Nucleus (GO:0042306),4/38,0.975118395970966,0.9999963846351302,0,0,0.432088565763384,0.0108870692484478,BMP4;MDFIC;CHP2;PIK3R1
GO_Biological_Process_2023,Regulation Of Protein Catabolic Process (GO:0042176),18/122,0.975470333745482,0.9999963846351302,0,0,0.634913466054847,0.0157684128866585,PRKN;TIPARP;TNFSF12;DAB2IP;C4BPA;IRAK3;ASB11;C4BPB;FMN2;ZDHHC2;FOXO1;EGFR;GFAP;ASB9;GPC3;ASB5;VIP;RILP
GO_Biological_Process_2023,Negative Regulation Of Response To Biotic Stimulus (GO:0002832),5/45,0.976489783203811,0.9999963846351302,0,0,0.4590259892296886,0.0109206833571118,MYO1C;TYRO3;IRAK3;LACRT;LTF
GO_Biological_Process_2023,Regulation Of Stem Cell Differentiation (GO:2000736),5/45,0.976489783203811,0.9999963846351302,0,0,0.4590259892296886,0.0109206833571118,PDGFRA;TCF15;HOXB4;PTN;ZFP36L2
GO_Biological_Process_2023,Positive Regulation Of Interleukin-1 Production (GO:0032732),8/64,0.9765686903183752,0.9999963846351302,0,0,0.52443432855804,0.0124344363933855,EGR1;IL6;FZD5;SAA1;NLRP3;CD36;NLRP1;TLR4
GO_Biological_Process_2023,Natural Killer Cell Mediated Cytotoxicity (GO:0042267),2/24,0.9766465661759818,0.9999963846351302,0,0,0.3339856213042923,0.0078922293754066,TUBB2A;VAMP2
GO_Biological_Process_2023,Negative Regulation Of Antigen Receptor-Mediated Signaling Pathway (GO:0050858),2/24,0.9766465661759818,0.9999963846351302,0,0,0.3339856213042923,0.0078922293754066,PRNP;LGALS3
GO_Biological_Process_2023,Peroxisome Organization (GO:0007031),2/24,0.9766465661759818,0.9999963846351302,0,0,0.3339856213042923,0.0078922293754066,ABCD2;PLAAT3
GO_Biological_Process_2023,Positive Regulation Of Interleukin-17 Production (GO:0032740),2/24,0.9766465661759818,0.9999963846351302,0,0,0.3339856213042923,0.0078922293754066,IL6;RFTN1
GO_Biological_Process_2023,Positive Regulation Of Peptidyl-Threonine Phosphorylation (GO:0010800),2/24,0.9766465661759818,0.9999963846351302,0,0,0.3339856213042923,0.0078922293754066,EGF;STOX1
GO_Biological_Process_2023,Regulation Of Cytokine Production Involved In Immune Response (GO:0002718),2/24,0.9766465661759818,0.9999963846351302,0,0,0.3339856213042923,0.0078922293754066,FFAR3;TNFRSF1B
GO_Biological_Process_2023,Regulation Of Microtubule Depolymerization (GO:0031114),2/24,0.9766465661759818,0.9999963846351302,0,0,0.3339856213042923,0.0078922293754066,NAV3;STMN2
GO_Biological_Process_2023,Secondary Alcohol Biosynthetic Process (GO:1902653),2/24,0.9766465661759818,0.9999963846351302,0,0,0.3339856213042923,0.0078922293754066,TM7SF2;CES1
GO_Biological_Process_2023,Sphingolipid Metabolic Process (GO:0006665),13/94,0.9770498772362384,0.9999963846351302,0,0,0.5889291433900082,0.0136735076302916,HACD1;GAL3ST1;ELOVL3;SPNS2;FUT6;ACER2;UGT8;ENPP2;PRKD1;PLPP3;ST6GALNAC3;PLPP1;ST6GALNAC6
GO_Biological_Process_2023,Positive Regulation Of Mitochondrion Organization (GO:0010822),7/58,0.977219618351442,0.9999963846351302,0,0,0.5039110045517388,0.0116120565128075,PRKN;GPER1;KDR;MGARP;PPARGC1A;DCN;BOK
GO_Biological_Process_2023,Positive Regulation Of B Cell Activation (GO:0050871),6/52,0.9783046525982578,0.9999963846351302,0,0,0.4789125343651359,0.0105045401946256,BST1;MEF2C;IL6;BCL2;NFATC2;IRS2
GO_Biological_Process_2023,Regulation Of Protein Localization To Nucleus (GO:1900180),6/52,0.9783046525982578,0.9999963846351302,0,0,0.4789125343651359,0.0105045401946256,YAP1;BMP4;CARD10;NGFR;LIF;FERMT2
GO_Biological_Process_2023,DNA-templated Transcription Termination (GO:0006353),1/16,0.978725669864744,0.9999963846351302,0,0,0.2449746588693957,0.0052679082057564,FOXE1
GO_Biological_Process_2023,Cellular Response To Nitrogen Compound (GO:1901699),1/16,0.978725669864744,0.9999963846351302,0,0,0.2449746588693957,0.0052679082057564,CPS1
GO_Biological_Process_2023,Establishment Of Protein Localization To Endoplasmic Reticulum (GO:0072599),1/16,0.978725669864744,0.9999963846351302,0,0,0.2449746588693957,0.0052679082057564,MAN1A1
GO_Biological_Process_2023,Male Meiosis I (GO:0007141),1/16,0.978725669864744,0.9999963846351302,0,0,0.2449746588693957,0.0052679082057564,TDRD9
GO_Biological_Process_2023,"Mitochondrial Electron Transport, Cytochrome C To Oxygen (GO:0006123)",1/16,0.978725669864744,0.9999963846351302,0,0,0.2449746588693957,0.0052679082057564,COX4I2
GO_Biological_Process_2023,Mitophagy (GO:0000423),1/16,0.978725669864744,0.9999963846351302,0,0,0.2449746588693957,0.0052679082057564,PRKN
GO_Biological_Process_2023,Negative Regulation Of RNA Biosynthetic Process (GO:1902679),1/16,0.978725669864744,0.9999963846351302,0,0,0.2449746588693957,0.0052679082057564,INPP5K
GO_Biological_Process_2023,Negative Regulation Of Cytokine Production Involved In Immune Response (GO:0002719),1/16,0.978725669864744,0.9999963846351302,0,0,0.2449746588693957,0.0052679082057564,IRAK3
GO_Biological_Process_2023,Negative Regulation Of Inflammatory Response To Antigenic Stimulus (GO:0002862),1/16,0.978725669864744,0.9999963846351302,0,0,0.2449746588693957,0.0052679082057564,FYN
GO_Biological_Process_2023,Nuclear Migration (GO:0007097),1/16,0.978725669864744,0.9999963846351302,0,0,0.2449746588693957,0.0052679082057564,SYNE3
GO_Biological_Process_2023,Positive Regulation By Host Of Viral Transcription (GO:0043923),1/16,0.978725669864744,0.9999963846351302,0,0,0.2449746588693957,0.0052679082057564,JUN
GO_Biological_Process_2023,Protein O-linked Mannosylation (GO:0035269),1/16,0.978725669864744,0.9999963846351302,0,0,0.2449746588693957,0.0052679082057564,TMTC1
GO_Biological_Process_2023,"Protein Alpha-1,2-Demannosylation (GO:0036508)",1/16,0.978725669864744,0.9999963846351302,0,0,0.2449746588693957,0.0052679082057564,MAN1A1
GO_Biological_Process_2023,Regulation Of Natural Killer Cell Activation (GO:0032814),1/16,0.978725669864744,0.9999963846351302,0,0,0.2449746588693957,0.0052679082057564,LEP
GO_Biological_Process_2023,Tail-Anchored Membrane Protein Insertion Into ER Membrane (GO:0071816),1/16,0.978725669864744,0.9999963846351302,0,0,0.2449746588693957,0.0052679082057564,EMC3
GO_Biological_Process_2023,RNA Transport (GO:0050658),4/39,0.9789986790005668,0.9999963846351302,0,0,0.4197164258962012,0.0089084751746433,ZFP36;RFTN1;TGFBR2;SIDT2
GO_Biological_Process_2023,Anterograde Axonal Transport (GO:0008089),4/39,0.9789986790005668,0.9999963846351302,0,0,0.4197164258962012,0.0089084751746433,DLG2;KIF5A;KIF1C;MGARP
GO_Biological_Process_2023,Heterochromatin Organization (GO:0070828),4/39,0.9789986790005668,0.9999963846351302,0,0,0.4197164258962012,0.0089084751746433,MECOM;H1-9P;PRDM16;EZH1
GO_Biological_Process_2023,Positive Regulation Of Cytokinesis (GO:0032467),4/39,0.9789986790005668,0.9999963846351302,0,0,0.4197164258962012,0.0089084751746433,MRGPRX2;CDC14C;DRD2;CDC14B
GO_Biological_Process_2023,Positive Regulation Of Pattern Recognition Receptor Signaling Pathway (GO:0062208),4/39,0.9789986790005668,0.9999963846351302,0,0,0.4197164258962012,0.0089084751746433,CAV1;NR1H3;TLR3;LTF
GO_Biological_Process_2023,Proteoglycan Biosynthetic Process (GO:0030166),3/32,0.979013425063594,0.9999963846351302,0,0,0.3799720780845243,0.0080591787114513,CHST9;B3GAT1;IGF1
GO_Biological_Process_2023,Regulation Of NIK/NF-kappaB Signaling (GO:1901222),11/83,0.979073195711306,0.9999963846351302,0,0,0.5606747427380487,0.0118576391827357,C1QTNF4;ADGRG3;MYO1C;TCIM;NLRP3;CCN3;TLR4;TLR3;EGFR;SASH1;NR3C2
GO_Biological_Process_2023,Non-Membrane-Bounded Organelle Assembly (GO:0140694),20/135,0.979419820280066,0.9999963846351302,0,0,0.6378309905197777,0.0132636334207145,GOLGA8S;GOLGA8T;STARD9;TMOD2;GOLGA8K;LMOD1;GOLGA8J;GOLGA8M;GOLGA8O;GOLGA8N;GOLGA8Q;GOLGA8DP;GOLGA8G;GOLGA8H;GOLGA8IP;CAPN3;PGM5;MYOZ1;MYL9;GOLGA8A
GO_Biological_Process_2023,Positive Regulation Of Cell-Cell Adhesion (GO:0022409),5/46,0.9799481161522976,0.9999963846351302,0,0,0.4478016800772081,0.0090705147372795,CITED2;SERPINF2;PLPP3;CX3CL1;NODAL
GO_Biological_Process_2023,Regulation Of Epidermal Growth Factor Receptor Signaling Pathway (GO:0042058),5/46,0.9799481161522976,0.9999963846351302,0,0,0.4478016800772081,0.0090705147372795,GPER1;ITGA1;DAB2IP;CDH13;EGFR
GO_Biological_Process_2023,Regulation Of mRNA Catabolic Process (GO:0061013),5/46,0.9799481161522976,0.9999963846351302,0,0,0.4478016800772081,0.0090705147372795,ZFP36;PKP1;PRKCA;VIM;ZFP36L2
GO_Biological_Process_2023,Regulation Of Multicellular Organismal Development (GO:2000026),7/59,0.9802629465455414,0.9999963846351302,0,0,0.4941888750743283,0.0098513737867055,KAT2B;SPAAR;SOX17;TNN;PTN;ALOX15B;DUSP6
GO_Biological_Process_2023,Cholesterol Biosynthetic Process (GO:0006695),2/25,0.9809807214426176,0.9999963846351302,0,0,0.3194441618685276,0.0061341174314357,TM7SF2;CES1
GO_Biological_Process_2023,Negative Regulation Of TORC1 Signaling (GO:1904262),2/25,0.9809807214426176,0.9999963846351302,0,0,0.3194441618685276,0.0061341174314357,SPAAR;SESN3
GO_Biological_Process_2023,Negative Regulation Of Telomere Maintenance Via Telomere Lengthening (GO:1904357),2/25,0.9809807214426176,0.9999963846351302,0,0,0.3194441618685276,0.0061341174314357,TENM1;PINX1
GO_Biological_Process_2023,Positive Regulation Of T Cell Migration (GO:2000406),2/25,0.9809807214426176,0.9999963846351302,0,0,0.3194441618685276,0.0061341174314357,CXCL12;CCL21
GO_Biological_Process_2023,Positive Regulation Of Interleukin-2 Production (GO:0032743),2/25,0.9809807214426176,0.9999963846351302,0,0,0.3194441618685276,0.0061341174314357,PLCG2;SPTBN1
GO_Biological_Process_2023,Regulation Of Cell Cycle Phase Transition (GO:1901987),2/25,0.9809807214426176,0.9999963846351302,0,0,0.3194441618685276,0.0061341174314357,TCIM;NEK10
GO_Biological_Process_2023,Regulation Of Cell Size (GO:0008361),2/25,0.9809807214426176,0.9999963846351302,0,0,0.3194441618685276,0.0061341174314357,EDN1;CAV3
GO_Biological_Process_2023,Regulation Of Lysosomal Lumen pH (GO:0035751),2/25,0.9809807214426176,0.9999963846351302,0,0,0.3194441618685276,0.0061341174314357,OCA2;LRRK2
GO_Biological_Process_2023,"Wound Healing, Spreading Of Cells (GO:0044319)",2/25,0.9809807214426176,0.9999963846351302,0,0,0.3194441618685276,0.0061341174314357,TMEFF2;ARHGAP24
GO_Biological_Process_2023,Actin Polymerization Or Depolymerization (GO:0008154),6/53,0.9813485551150198,0.9999963846351302,0,0,0.468693009118541,0.0088243535288761,GSN;CFL2;FAM107A;ANG;ARHGAP6;WASF3
GO_Biological_Process_2023,Spermatid Development (GO:0007286),6/53,0.9813485551150198,0.9999963846351302,0,0,0.468693009118541,0.0088243535288761,IQCN;DPY19L2;DDX25;TSSK1B;JAM2;ADAD2
GO_Biological_Process_2023,Regulation Of Protein-Containing Complex Assembly (GO:0043254),17/119,0.9814436777332204,0.9999963846351302,0,0,0.611332863739532,0.0114506623813374,GSN;STXBP1;DAB2IP;NRG1;CLU;GFAP;SELP;CDH5;LGALS3;STX1B;TAL1;CDC42EP2;TPPP;CD36;CRYAB;NOP53;TRABD2B
GO_Biological_Process_2023,Response To Cytokine (GO:0034097),18/125,0.9820051024020816,0.9999963846351302,0,0,0.6169936304614074,0.011203848334516,CSF3;PID1;ANXA1;CITED1;MME;ADIPOQ;LIFR;PRKCA;IRAK3;AKAP6;SELE;SELP;CH25H;ALDH1A2;BCL2;IL6R;TIMP4;SNCA
GO_Biological_Process_2023,Regulation Of Protein Secretion (GO:0050708),14/102,0.9821162314003848,0.9999963846351302,0,0,0.5836568405784737,0.0105324470556994,MYOM1;KCNA5;IGF1;ADCY8;BMP6;GCK;G6PC2;IL6;RFX6;SAA1;ANG;APBB1;DRD2;MYH10
GO_Biological_Process_2023,Negative Regulation Of Immune Response (GO:0050777),8/66,0.98220830097589,0.9999963846351302,0,0,0.5062857512199851,0.0090887780147571,LGALS3;CR1;MYO1C;SPINK5;TYRO3;IRAK3;FYN;ENPP3
GO_Biological_Process_2023,Establishment Or Maintenance Of Epithelial Cell Apical/Basal Polarity (GO:0045197),4/40,0.9823026615893364,0.9999963846351302,0,0,0.4080316271327507,0.0072857347007438,CRB1;DLG2;LIN7A;PARD3B
GO_Biological_Process_2023,Regulation Of Autophagosome Assembly (GO:2000785),4/40,0.9823026615893364,0.9999963846351302,0,0,0.4080316271327507,0.0072857347007438,EFNB1;LRRK2;FEZ1;RNF186
GO_Biological_Process_2023,Regulation Of Cytokine-Mediated Signaling Pathway (GO:0001959),4/40,0.9823026615893364,0.9999963846351302,0,0,0.4080316271327507,0.0072857347007438,TSLP;IRAK3;GAS6;AGPAT2
GO_Biological_Process_2023,Water-Soluble Vitamin Metabolic Process (GO:0006767),4/40,0.9823026615893364,0.9999963846351302,0,0,0.4080316271327507,0.0072857347007438,CUBN;NNMT;SHMT1;SLC19A3
GO_Biological_Process_2023,Glycolipid Metabolic Process (GO:0006664),3/33,0.9825667415747036,0.9999963846351302,0,0,0.3672829393868476,0.0064594076957426,UGT8;ST6GALNAC3;ST6GALNAC6
GO_Biological_Process_2023,Negative Regulation Of Small Molecule Metabolic Process (GO:0062014),3/33,0.9825667415747036,0.9999963846351302,0,0,0.3672829393868476,0.0064594076957426,ADIPOQ;PPARA;GCK
GO_Biological_Process_2023,Positive Regulation Of RNA Metabolic Process (GO:0051254),3/33,0.9825667415747036,0.9999963846351302,0,0,0.3672829393868476,0.0064594076957426,HABP4;RBM20;PIK3R1
GO_Biological_Process_2023,Positive Regulation Of Establishment Of Protein Localization To Mitochondrion (GO:1903749),3/33,0.9825667415747036,0.9999963846351302,0,0,0.3672829393868476,0.0064594076957426,UBL4B;FZD5;RHOU
GO_Biological_Process_2023,Positive Regulation Of Telomerase Activity (GO:0051973),3/33,0.9825667415747036,0.9999963846351302,0,0,0.3672829393868476,0.0064594076957426,PARM1;MYC;KLF4
GO_Biological_Process_2023,Regulation Of Activated T Cell Proliferation (GO:0046006),3/33,0.9825667415747036,0.9999963846351302,0,0,0.3672829393868476,0.0064594076957426,PRNP;IGF2;IGF1
GO_Biological_Process_2023,Signal Transduction By P53 Class Mediator (GO:0072331),3/33,0.9825667415747036,0.9999963846351302,0,0,0.3672829393868476,0.0064594076957426,ZNF385B;PDK2;BOK
GO_Biological_Process_2023,Response To Endoplasmic Reticulum Stress (GO:0034976),16/114,0.982885164653464,0.9999963846351302,0,0,0.5988694069176966,0.0103382747670919,NIBAN1;PPP1R15A;PRKN;PDIA2;JUN;TMEM238L;RASGRF2;ITPR1;DAB2IP;PIK3R1;SEL1L2;BCL2;RNF186;ATF3;CFTR;MAP3K5
GO_Biological_Process_2023,Positive Regulation Of Lymphocyte Activation (GO:0051251),5/47,0.9829250818149252,0.9999963846351302,0,0,0.4371118618367506,0.0075281046460238,IL6;CCL2;SIRPA;SIRPB1;FGF10
GO_Biological_Process_2023,G Protein-Coupled Acetylcholine Receptor Signaling Pathway (GO:0007213),1/17,0.9832773060536316,0.9999963846351302,0,0,0.2296491228070175,0.0038728250449153,CHRM2
GO_Biological_Process_2023,Cellular Response To dsRNA (GO:0071359),1/17,0.9832773060536316,0.9999963846351302,0,0,0.2296491228070175,0.0038728250449153,COLEC12
GO_Biological_Process_2023,Detection Of Visible Light (GO:0009584),1/17,0.9832773060536316,0.9999963846351302,0,0,0.2296491228070175,0.0038728250449153,RPE65
GO_Biological_Process_2023,Diol Biosynthetic Process (GO:0034312),1/17,0.9832773060536316,0.9999963846351302,0,0,0.2296491228070175,0.0038728250449153,ACER2
GO_Biological_Process_2023,Intracellular Estrogen Receptor Signaling Pathway (GO:0030520),1/17,0.9832773060536316,0.9999963846351302,0,0,0.2296491228070175,0.0038728250449153,ESR2
GO_Biological_Process_2023,Negative Regulation Of Oxidative Stress-Induced Intrinsic Apoptotic Signaling Pathway (GO:1902176),1/17,0.9832773060536316,0.9999963846351302,0,0,0.2296491228070175,0.0038728250449153,PRKN
GO_Biological_Process_2023,Negative Regulation Of Ubiquitin-Protein Transferase Activity (GO:0051444),1/17,0.9832773060536316,0.9999963846351302,0,0,0.2296491228070175,0.0038728250449153,USP44
GO_Biological_Process_2023,"Nuclear-Transcribed mRNA Catabolic Process, Exonucleolytic (GO:0000291)",1/17,0.9832773060536316,0.9999963846351302,0,0,0.2296491228070175,0.0038728250449153,EXOSC7
GO_Biological_Process_2023,Peptidyl-Threonine Dephosphorylation (GO:0035970),1/17,0.9832773060536316,0.9999963846351302,0,0,0.2296491228070175,0.0038728250449153,PPM1F
GO_Biological_Process_2023,Peroxisomal Membrane Transport (GO:0015919),1/17,0.9832773060536316,0.9999963846351302,0,0,0.2296491228070175,0.0038728250449153,ABCD2
GO_Biological_Process_2023,Positive Regulation Of Transcription From RNA Polymerase II Promoter In Response To Stress (GO:0036003),1/17,0.9832773060536316,0.9999963846351302,0,0,0.2296491228070175,0.0038728250449153,KLF2
GO_Biological_Process_2023,Purine-Containing Compound Biosynthetic Process (GO:0072522),1/17,0.9832773060536316,0.9999963846351302,0,0,0.2296491228070175,0.0038728250449153,SHMT1
GO_Biological_Process_2023,rRNA Transcription (GO:0009303),1/17,0.9832773060536316,0.9999963846351302,0,0,0.2296491228070175,0.0038728250449153,CAVIN1
GO_Biological_Process_2023,Receptor Recycling (GO:0001881),1/17,0.9832773060536316,0.9999963846351302,0,0,0.2296491228070175,0.0038728250449153,NSG1
GO_Biological_Process_2023,Regulation Of Hematopoietic Progenitor Cell Differentiation (GO:1901532),1/17,0.9832773060536316,0.9999963846351302,0,0,0.2296491228070175,0.0038728250449153,FOXC1
GO_Biological_Process_2023,Regulation Of Inflammatory Response To Antigenic Stimulus (GO:0002861),1/17,0.9832773060536316,0.9999963846351302,0,0,0.2296491228070175,0.0038728250449153,FYN
GO_Biological_Process_2023,Regulation Of Protein Sumoylation (GO:0033233),1/17,0.9832773060536316,0.9999963846351302,0,0,0.2296491228070175,0.0038728250449153,EGR1
GO_Biological_Process_2023,Regulation Of Single Stranded Viral RNA Replication Via Double Stranded DNA Intermediate (GO:0045091),1/17,0.9832773060536316,0.9999963846351302,0,0,0.2296491228070175,0.0038728250449153,INPP5K
GO_Biological_Process_2023,Regulation Of Telomere Maintenance Via Telomere Lengthening (GO:1904356),1/17,0.9832773060536316,0.9999963846351302,0,0,0.2296491228070175,0.0038728250449153,PINX1
GO_Biological_Process_2023,Response To Acidic pH (GO:0010447),1/17,0.9832773060536316,0.9999963846351302,0,0,0.2296491228070175,0.0038728250449153,SCNN1B
GO_Biological_Process_2023,Response To Interferon-Alpha (GO:0035455),1/17,0.9832773060536316,0.9999963846351302,0,0,0.2296491228070175,0.0038728250449153,GAS6
GO_Biological_Process_2023,Positive Regulation Of Amide Metabolic Process (GO:0034250),11/85,0.9836912639175832,0.9999963846351302,0,0,0.5454516650296252,0.0089689639146171,PIWIL2;NIBAN1;EPHA4;IL6;LRRTM3;CHRNA7;SAMD4A;VIM;PLD1;CLU;LARP6
GO_Biological_Process_2023,Vesicle Fusion (GO:0006906),10/79,0.9837940881147856,0.9999963846351302,0,0,0.5318426112775774,0.0086895976594132,STX1B;SYT4;CAV2;STXBP1;IRAG2;PLA2G5;STXBP6;RAB7B;VAMP2;SNCA
GO_Biological_Process_2023,Cellular Response To Starvation (GO:0009267),18/126,0.9838046273498136,0.9999963846351302,0,0,0.6112415844684516,0.0099803226921229,GABARAPL3;KLF10;GABARAPL1;DAPL1;LRRK2;TSSK1B;INHBB;FOXO1;SFRP1;SESN3;MAP1LC3C;RRAGD;ALB;PDK4;PLIN2;PRKD1;PPARA;MAP3K5
GO_Biological_Process_2023,Regulation Of Defense Response (GO:0031347),13/97,0.983851843697635,0.9999963846351302,0,0,0.5677870491382103,0.0092435496614872,ANXA1;CMA1;PTGS2;SELE;NLRP14;BST1;NLRP13;NLRP8;BCL6;NLRP5;AGTR1;NLRP1;MGLL
GO_Biological_Process_2023,Endoplasmic Reticulum Organization (GO:0007029),6/54,0.983990051875795,0.9999963846351302,0,0,0.4588992974238876,0.0074064014768519,RNF112;CAV2;LRRK2;REEP2;SEC31B;TRDN
GO_Biological_Process_2023,"Wnt Signaling Pathway, Planar Cell Polarity Pathway (GO:0060071)",2/26,0.9845294493699516,0.9999963846351302,0,0,0.3061144907190766,0.0047727743869576,WNT11;PRICKLE2
GO_Biological_Process_2023,miRNA-mediated Gene Silencing (GO:0035195),2/26,0.9845294493699516,0.9999963846351302,0,0,0.3061144907190766,0.0047727743869576,ZFP36;WTIP
GO_Biological_Process_2023,Negative Regulation Of Receptor-Mediated Endocytosis (GO:0048261),2/26,0.9845294493699516,0.9999963846351302,0,0,0.3061144907190766,0.0047727743869576,ITGB3;ADIPOQ
GO_Biological_Process_2023,Organelle Fusion (GO:0048284),2/26,0.9845294493699516,0.9999963846351302,0,0,0.3061144907190766,0.0047727743869576,CIDEA;CIDEC
GO_Biological_Process_2023,Protein Export From Nucleus (GO:0006611),2/26,0.9845294493699516,0.9999963846351302,0,0,0.3061144907190766,0.0047727743869576,RANBP3L;EGR2
GO_Biological_Process_2023,Regulation Of Transcription By RNA Polymerase III (GO:0006359),2/26,0.9845294493699516,0.9999963846351302,0,0,0.3061144907190766,0.0047727743869576,TENM1;ZFP36L2
GO_Biological_Process_2023,Telomere Maintenance Via Telomere Lengthening (GO:0010833),2/26,0.9845294493699516,0.9999963846351302,0,0,0.3061144907190766,0.0047727743869576,PINX1;ZSCAN4
GO_Biological_Process_2023,Detection Of Chemical Stimulus Involved In Sensory Perception Of Bitter Taste (GO:0001580),4/41,0.9851100482405808,0.9999963846351302,0,0,0.3969784391132706,0.0059554387649007,PIGR;TAS2R10;PIP;CA6
GO_Biological_Process_2023,Response To Amino Acid Starvation (GO:1990928),4/41,0.9851100482405808,0.9999963846351302,0,0,0.3969784391132706,0.0059554387649007,SESN3;DAPL1;PRKD1;MAP3K5
GO_Biological_Process_2023,Negative Regulation Of Intrinsic Apoptotic Signaling Pathway (GO:2001243),7/61,0.9852505600785104,0.9999963846351302,0,0,0.4758248527281087,0.0070704215903842,PRKN;CXCL12;LRRK2;BCL2;CLU;YBX3;BCL2L2
GO_Biological_Process_2023,Positive Regulation Of Apoptotic Process (GO:0043065),44/270,0.9854577810626202,0.9999963846351302,0,0,0.7129748900078625,0.0104443644767231,CSRNP3;DCUN1D3;PRDM11;SLC6A2;CLU;FOXO1;ACVR1C;ADAMTSL4;AIFM2;RPS6KA2;GPER1;MAP3K20;TNFRSF8;EMILIN2;APBB1;SLIT2;HOXA5;TP63;MAP3K5;PHLDA3;BOK;SNCA;WNT10B;PRNP;EPHA7;JUN;PTGIS;DAPK2;ADIPOQ;FZD9;DAB2IP;ANO6;NRG1;SEPTIN4;DUSP6;BMP4;SFRP1;BMP2;IL6;BCL6;BIN1;KCNMA1;BCL2;GPLD1
GO_Biological_Process_2023,Cellular Response To Radiation (GO:0071478),5/48,0.9854824644283678,0.9999963846351302,0,0,0.4269192444446864,0.006243244030993,TRPM1;OPN4;GPR88;RGR;SLC6A2
GO_Biological_Process_2023,Cytoplasmic Microtubule Organization (GO:0031122),5/48,0.9854824644283678,0.9999963846351302,0,0,0.4269192444446864,0.006243244030993,CEP126;FYN;SLAIN1;TPPP;TRDN
GO_Biological_Process_2023,Regulation Of Tumor Necrosis Factor-Mediated Signaling Pathway (GO:0010803),5/48,0.9854824644283678,0.9999963846351302,0,0,0.4269192444446864,0.006243244030993,PRKN;GSTP1;ADIPOQ;CCDC3;GAS6
GO_Biological_Process_2023,"Retrograde Vesicle-Mediated Transport, Golgi To Endoplasmic Reticulum (GO:0006890)",5/48,0.9854824644283678,0.9999963846351302,0,0,0.4269192444446864,0.006243244030993,CCL13;KIF1C;COPZ2;PLPP3;RAB6B
GO_Biological_Process_2023,Purine Nucleotide Metabolic Process (GO:0006163),3/34,0.9855398176494744,0.9999963846351302,0,0,0.3554124547986985,0.0051768488587561,KRT17;ME1;FMO2
GO_Biological_Process_2023,Transcription Initiation-Coupled Chromatin Remodeling (GO:0045815),3/34,0.9855398176494744,0.9999963846351302,0,0,0.3554124547986985,0.0051768488587561,KAT2B;FAM47E;CTCFL
GO_Biological_Process_2023,Phosphate-Containing Compound Metabolic Process (GO:0006796),28/184,0.986477136712818,0.9999963846351302,0,0,0.6577816408324882,0.0089557825209303,ALK;PFKFB1;SLC22A3;PFKFB3;PLPPR1;INPP1;LRRK2;PLPPR4;LCAT;PLA2G5;HNMT;AGPAT2;INPP5K;ENPP3;EPHA7;PLA2G2A;PLAAT3;ALOX15B;GCK;G6PC2;PTPRB;ALPL;SLC29A4;ALDOC;ALDOB;COQ8A;PLPP3;PLPP1
GO_Biological_Process_2023,Protein Autophosphorylation (GO:0046777),24/162,0.9868284097818476,0.9999963846351302,0,0,0.6374902859012639,0.0084525505952023,ALK;EPHA4;PDGFRA;NTRK2;DAPK2;FLT4;LRRK2;BMX;EGFR;STK33;GRK5;FES;KIT;MYO3A;KDR;TYRO3;MAP3K20;FYN;PRKD1;SIK2;TEK;EPHB1;FGFR1;DDR2
GO_Biological_Process_2023,Establishment Of Vesicle Localization (GO:0051650),1/18,0.9868551899596224,0.9999963846351302,0,0,0.2161265909872721,0.0028597800664811,KIF5A
GO_Biological_Process_2023,Maintenance Of Protein Location In Nucleus (GO:0051457),1/18,0.9868551899596224,0.9999963846351302,0,0,0.2161265909872721,0.0028597800664811,SYNE1
GO_Biological_Process_2023,Mitotic Cytokinetic Process (GO:1902410),1/18,0.9868551899596224,0.9999963846351302,0,0,0.2161265909872721,0.0028597800664811,KLHDC8B
GO_Biological_Process_2023,ncRNA-mediated Post-Transcriptional Gene Silencing (GO:0035194),1/18,0.9868551899596224,0.9999963846351302,0,0,0.2161265909872721,0.0028597800664811,WTIP
GO_Biological_Process_2023,Negative Regulation Of Nervous System Development (GO:0051961),1/18,0.9868551899596224,0.9999963846351302,0,0,0.2161265909872721,0.0028597800664811,IL6
GO_Biological_Process_2023,Positive Regulation Of Epidermal Cell Differentiation (GO:0045606),1/18,0.9868551899596224,0.9999963846351302,0,0,0.2161265909872721,0.0028597800664811,FOXC1
GO_Biological_Process_2023,Positive Regulation Of Establishment Of Protein Localization (GO:1904951),1/18,0.9868551899596224,0.9999963846351302,0,0,0.2161265909872721,0.0028597800664811,CORO2B
GO_Biological_Process_2023,Protein Autoprocessing (GO:0016540),1/18,0.9868551899596224,0.9999963846351302,0,0,0.2161265909872721,0.0028597800664811,KLK6
GO_Biological_Process_2023,Regulation Of Exosomal Secretion (GO:1903541),1/18,0.9868551899596224,0.9999963846351302,0,0,0.2161265909872721,0.0028597800664811,PRKN
GO_Biological_Process_2023,Regulation Of Lymphocyte Activation (GO:0051249),1/18,0.9868551899596224,0.9999963846351302,0,0,0.2161265909872721,0.0028597800664811,LEP
GO_Biological_Process_2023,Regulation Of Mitochondrial Membrane Permeability (GO:0046902),1/18,0.9868551899596224,0.9999963846351302,0,0,0.2161265909872721,0.0028597800664811,BCL2
GO_Biological_Process_2023,Negative Regulation Of Kinase Activity (GO:0033673),7/62,0.9872771330373554,0.9999963846351302,0,0,0.4671436785280777,0.005981539242466,CDKN1C;CAV3;GSTP1;INPP5K;IRS2;PPM1F;SNCA
GO_Biological_Process_2023,Positive Regulation Of GTPase Activity (GO:0043547),37/234,0.9872824345037724,0.9999963846351302,0,0,0.6879543710026429,0.008805214656498,CCL14;CCL13;RASGRF2;AGAP11;ADRB1;RASGRP2;SLC6A2;CX3CL1;PREX2;DOCK11;SYDE1;ARHGAP42;CCL8;WNT11;RASGEF1C;NTF3;CCL2;CCL18;CCL16;RGS6;CCL24;ARHGEF10;CCL23;CCL21;ARHGEF15;ODAM;CAV2;NTRK3;ARHGAP29;ARHGAP24;SGSM1;SFRP1;TBC1D4;RGL1;FERMT2;RAPGEF3;EPHA2
GO_Biological_Process_2023,GPI Anchor Metabolic Process (GO:0006505),2/27,0.987430393914686,0.9999963846351302,0,0,0.2938511932615816,0.0037170036317728,PGAP4;GPLD1
GO_Biological_Process_2023,Chaperone Cofactor-Dependent Protein Refolding (GO:0051085),2/27,0.987430393914686,0.9999963846351302,0,0,0.2938511932615816,0.0037170036317728,DNAJB4;DNAJC18
GO_Biological_Process_2023,Peptidyl-Lysine Methylation (GO:0018022),2/27,0.987430393914686,0.9999963846351302,0,0,0.2938511932615816,0.0037170036317728,METTL21EP;SMYD1
GO_Biological_Process_2023,Positive Regulation Of Ubiquitin-Protein Transferase Activity (GO:0051443),2/27,0.987430393914686,0.9999963846351302,0,0,0.2938511932615816,0.0037170036317728,DCUN1D3;CDC14B
GO_Biological_Process_2023,Negative Regulation Of I-kappaB kinase/NF-kappaB Signaling (GO:0043124),4/42,0.987490737202698,0.9999963846351302,0,0,0.3865069978316578,0.004865412818309,PER1;NLRX1;GSTP1;DAB2IP
GO_Biological_Process_2023,Sensory Perception Of Bitter Taste (GO:0050913),4/42,0.987490737202698,0.9999963846351302,0,0,0.3865069978316578,0.004865412818309,PIGR;TAS2R10;PIP;CA6
GO_Biological_Process_2023,Endomembrane System Organization (GO:0010256),30/196,0.9875903879913492,0.9999963846351302,0,0,0.6621965960876005,0.0082690172605074,ANXA8L1;PLEKHF1;LRRK2;SYNE1;RNF112;GARIN4;GOLGA8IP;ANXA8;RAB6B;SEC31B;SPTBN1;GOLGA8S;ATP8B4;GOLGA8T;CR1;CAV3;CAV2;GOLGA8K;GOLGA8J;GOLGA8M;GOLGA8O;GOLGA8N;GOLGA8Q;GOLGA8DP;GOLGA8G;GOLGA8H;TLCD2;PRKD1;OPTN;GOLGA8A
GO_Biological_Process_2023,Autophagy Of Mitochondrion (GO:0000422),5/49,0.987675121427099,0.9999963846351302,0,0,0.4171899278431706,0.0051737641088438,GABARAPL3;PRKN;GABARAPL1;MAP1LC3C;SPATA18
GO_Biological_Process_2023,Proton Transmembrane Transport (GO:1902600),5/49,0.987675121427099,0.9999963846351302,0,0,0.4171899278431706,0.0051737641088438,SLC36A2;FXYD2;UCP1;ATP1A2;ATP6V1B1
GO_Biological_Process_2023,Cellular Response To Oxidative Stress (GO:0034599),16/117,0.9877537073881186,0.9999963846351302,0,0,0.5809696462604007,0.0071586477525727,PDGFRA;JUN;LRRK2;UCP1;FOS;PKD2;FOXO1;ZFP36L2;EGFR;MSRA;MGAT3;PRKD1;PLA2R1;PPARGC1A;PDK2;SNCA
GO_Biological_Process_2023,Protein Maturation (GO:0051604),16/117,0.9877537073881186,0.9999963846351302,0,0,0.5809696462604007,0.0071586477525727,PCSK2;CPM;MME;CPXM2;PTCH1;TESC;PCSK7;PCSK5;ADAMTS3;PRPH2;NNAT;CNTN1;NLRP3;CPE;CTSG;TLL1
GO_Biological_Process_2023,Positive Regulation Of NF-kappaB Transcription Factor Activity (GO:0051092),22/152,0.9883981225159678,0.9999963846351302,0,0,0.6203536942606054,0.0072393442279829,ALK;CX3CR1;EDA;CAV1;IRAK3;NTS;CLU;CX3CL1;EDA2R;IL6;SLCO3A1;PLCG2;TRIM68;CAPN3;NLRP3;S100A12;ROR1;PRKD1;CD36;RAB7B;TLR4;LTF
GO_Biological_Process_2023,Phosphatidylinositol Metabolic Process (GO:0046488),7/63,0.9890404271772948,0.9999963846351302,0,0,0.458772546263762,0.0050557062035788,SLC27A1;PIP4P2;PLCG2;INPP5K;PIP5K1B;BMX;FGF2
GO_Biological_Process_2023,Regulation Of Cellular Catabolic Process (GO:0031329),7/63,0.9890404271772948,0.9999963846351302,0,0,0.458772546263762,0.0050557062035788,PRKN;ACER2;LRRK2;DAPK2;ITPR1;DEPP1;BOK
GO_Biological_Process_2023,Lysosome Organization (GO:0007040),4/43,0.989505766962448,0.9999963846351302,0,0,0.3765725535388456,0.003972722120133,SRPX;LRRK2;CLVS2;CLVS1
GO_Biological_Process_2023,Regulation Of Interleukin-12 Production (GO:0032655),5/50,0.989551561492811,0.9999963846351302,0,0,0.4078930253128333,0.004284266320132,MAPK11;PLCG2;IRAK3;TLR4;TLR3
GO_Biological_Process_2023,Arp2/3 Complex-Mediated Actin Nucleation (GO:0034314),1/19,0.9896676005116574,0.9999963846351302,0,0,0.2041065627030539,0.0021198812315996,WIPF3
GO_Biological_Process_2023,DNA Catabolic Process (GO:0006308),1/19,0.9896676005116574,0.9999963846351302,0,0,0.2041065627030539,0.0021198812315996,DNASE1L3
GO_Biological_Process_2023,RNA-templated DNA Biosynthetic Process (GO:0006278),1/19,0.9896676005116574,0.9999963846351302,0,0,0.2041065627030539,0.0021198812315996,PINX1
GO_Biological_Process_2023,Cellular Response To Misfolded Protein (GO:0071218),1/19,0.9896676005116574,0.9999963846351302,0,0,0.2041065627030539,0.0021198812315996,DNAJC18
GO_Biological_Process_2023,Establishment Of Epithelial Cell Polarity (GO:0090162),1/19,0.9896676005116574,0.9999963846351302,0,0,0.2041065627030539,0.0021198812315996,FERMT1
GO_Biological_Process_2023,Heme Biosynthetic Process (GO:0006783),1/19,0.9896676005116574,0.9999963846351302,0,0,0.2041065627030539,0.0021198812315996,ALAS2
GO_Biological_Process_2023,Interleukin-1-Mediated Signaling Pathway (GO:0070498),1/19,0.9896676005116574,0.9999963846351302,0,0,0.2041065627030539,0.0021198812315996,IRAK3
GO_Biological_Process_2023,Negative Regulation Of RNA Splicing (GO:0033119),1/19,0.9896676005116574,0.9999963846351302,0,0,0.2041065627030539,0.0021198812315996,RBM20
GO_Biological_Process_2023,Negative Regulation Of Execution Phase Of Apoptosis (GO:1900118),1/19,0.9896676005116574,0.9999963846351302,0,0,0.2041065627030539,0.0021198812315996,CIDEA
GO_Biological_Process_2023,Negative Regulation Of Fatty Acid Metabolic Process (GO:0045922),1/19,0.9896676005116574,0.9999963846351302,0,0,0.2041065627030539,0.0021198812315996,ACADVL
GO_Biological_Process_2023,Pore Complex Assembly (GO:0046931),1/19,0.9896676005116574,0.9999963846351302,0,0,0.2041065627030539,0.0021198812315996,ANO6
GO_Biological_Process_2023,Positive Regulation Of Alpha-Beta T Cell Activation (GO:0046635),1/19,0.9896676005116574,0.9999963846351302,0,0,0.2041065627030539,0.0021198812315996,HLA-E
GO_Biological_Process_2023,Positive Regulation Of Histone Methylation (GO:0031062),1/19,0.9896676005116574,0.9999963846351302,0,0,0.2041065627030539,0.0021198812315996,FAM47E
GO_Biological_Process_2023,Protein Insertion Into Membrane (GO:0051205),1/19,0.9896676005116574,0.9999963846351302,0,0,0.2041065627030539,0.0021198812315996,EGFR
GO_Biological_Process_2023,rRNA Catabolic Process (GO:0016075),1/19,0.9896676005116574,0.9999963846351302,0,0,0.2041065627030539,0.0021198812315996,EXOSC7
GO_Biological_Process_2023,Regulation Of Protein-Containing Complex Disassembly (GO:0043244),1/19,0.9896676005116574,0.9999963846351302,0,0,0.2041065627030539,0.0021198812315996,IRAK3
GO_Biological_Process_2023,tRNA Metabolic Process (GO:0006399),1/19,0.9896676005116574,0.9999963846351302,0,0,0.2041065627030539,0.0021198812315996,ANG
GO_Biological_Process_2023,Telomere Maintenance Via Telomerase (GO:0007004),1/19,0.9896676005116574,0.9999963846351302,0,0,0.2041065627030539,0.0021198812315996,PINX1
GO_Biological_Process_2023,Negative Regulation Of G2/M Transition Of Mitotic Cell Cycle (GO:0010972),2/28,0.989798259706592,0.9999963846351302,0,0,0.2825312263777402,0.002897113250319,FHL1;PINX1
GO_Biological_Process_2023,Positive Regulation Of Protein Import Into Nucleus (GO:0042307),2/28,0.989798259706592,0.9999963846351302,0,0,0.2825312263777402,0.002897113250319,CHP2;PIK3R1
GO_Biological_Process_2023,Positive Regulation Of Protein Transport (GO:0051222),8/70,0.9899137851675448,0.9999963846351302,0,0,0.4735012244157571,0.0048000833085594,MYOM1;TENM1;ANG;APBB1;IGF1;MYH10;VAMP2;BMP6
GO_Biological_Process_2023,Endosome To Lysosome Transport (GO:0008333),6/57,0.98996251423308,0.9999963846351302,0,0,0.4318225650916104,0.0043563128249506,CCL14;PLEKHF1;BIN1;GPRASP1;RAB7B;RILP
GO_Biological_Process_2023,Visual Perception (GO:0007601),13/101,0.9900600233592106,0.9999963846351302,0,0,0.5418399334655493,0.0054128227373695,AOC2;CRYBG3;CRYGN;EYA4;POU6F2;ARRB1;TULP2;RPE65;DHRS3;TRPM1;EFEMP1;PRPH2;SFRP5
GO_Biological_Process_2023,Lytic Vacuole Organization (GO:0080171),3/36,0.990092373063172,0.9999963846351302,0,0,0.3338297555475182,0.0033239542535159,LRRK2;CLVS2;CLVS1
GO_Biological_Process_2023,Positive Regulation Of RNA Splicing (GO:0033120),3/36,0.990092373063172,0.9999963846351302,0,0,0.3338297555475182,0.0033239542535159,HABP4;RBM20;PIK3R1
GO_Biological_Process_2023,Cellular Response To Chemical Stress (GO:0062197),11/89,0.9902429892305232,0.9999963846351302,0,0,0.5173475215679202,0.0050725522524551,MSRA;LRRK2;CAV1;MGAT3;PRKD1;PKD2;PPARGC1A;FOXO1;ZFP36L2;STOX1;SNCA
GO_Biological_Process_2023,Positive Regulation Of Proteasomal Ubiquitin-Dependent Protein Catabolic Process (GO:0032436),10/83,0.9904687135147086,0.9999963846351302,0,0,0.5025721056586324,0.0048131330056283,PRKN;CEBPA;SH3RF2;LRRK2;RNF180;CAV1;RNF217;AXIN2;CLU;NOP53
GO_Biological_Process_2023,Positive Regulation Of Ubiquitin-Dependent Protein Catabolic Process (GO:2000060),10/83,0.9904687135147086,0.9999963846351302,0,0,0.5025721056586324,0.0048131330056283,PRKN;CEBPA;SH3RF2;CAV3;LRRK2;RNF180;RNF217;AXIN2;CLU;NOP53
GO_Biological_Process_2023,Regulation Of T Cell Proliferation (GO:0042129),9/77,0.9908067877064208,0.9999963846351302,0,0,0.4856146348860612,0.004485005971018,LGALS3;IL6;ANXA1;CR1;CD209;LEP;PLA2G2A;PLA2G5;TNFRSF1B
GO_Biological_Process_2023,Activation Of GTPase Activity (GO:0090630),13/102,0.9912203359535496,0.9999963846351302,0,0,0.5357175803293034,0.0047241892563359,ARHGEF10;ARHGEF15;CCL21;NTRK3;AGAP11;ARHGAP29;ARHGAP24;SGSM1;SYDE1;ARHGAP42;TBC1D4;NTF3;EPHA2
GO_Biological_Process_2023,Negative Regulation Of DNA-binding Transcription Factor Activity (GO:0043433),21/149,0.9912308615549018,0.9999963846351302,0,0,0.6013440070505288,0.0052965259260939,PRNP;PTGIS;PTCH1;LRRK2;DAB2IP;NR0B1;ARRB1;IRAK3;PROX1;PKD2;KLF4;MTURN;ADGRG3;TCEAL7;NWD1;SFRP5;ID1;NLRP3;ID3;GAS6;CD200
GO_Biological_Process_2023,Protein Autoubiquitination (GO:0051865),8/71,0.9912769121007338,0.9999963846351302,0,0,0.4659555793576412,0.004082403056381,RNF157;PRKN;RNF112;SH3RF2;TRIM68;ASB4;RNF186;RAG1
GO_Biological_Process_2023,Positive Regulation Of Intracellular Protein Transport (GO:0090316),17/126,0.9914318446030748,0.9999963846351302,0,0,0.5718166171582681,0.0049205237728343,PRNP;TENM1;UBL4B;FZD5;KCNB1;PDZK1;PIK3R1;SLC51B;ZDHHC2;MYO1C;CHP2;RHOU;FYN;CAMK1;GAS6;RAPGEF3;VAMP2
GO_Biological_Process_2023,Positive Regulation Of Proteasomal Protein Catabolic Process (GO:1901800),11/90,0.9914445484082598,0.9999963846351302,0,0,0.5107661715167614,0.0043886355187355,PRKN;CEBPA;SH3RF2;LRRK2;RNF180;RNF217;ECSCR;DAB2IP;AXIN2;CLU;NOP53
GO_Biological_Process_2023,RNA Biosynthetic Process (GO:0032774),2/29,0.9917283268529308,0.9999963846351302,0,0,0.2720497755593684,0.002259665367365,FOXE1;ZFP36L2
GO_Biological_Process_2023,RNA-mediated Gene Silencing (GO:0031047),2/29,0.9917283268529308,0.9999963846351302,0,0,0.2720497755593684,0.002259665367365,PIWIL2;PIWIL4
GO_Biological_Process_2023,Carbohydrate Derivative Biosynthetic Process (GO:1901137),2/29,0.9917283268529308,0.9999963846351302,0,0,0.2720497755593684,0.002259665367365,GCK;DDR2
GO_Biological_Process_2023,Positive Regulation Of Viral Genome Replication (GO:0045070),2/29,0.9917283268529308,0.9999963846351302,0,0,0.2720497755593684,0.002259665367365,NR5A2;PPARA
GO_Biological_Process_2023,Fc-gamma Receptor Signaling Pathway Involved In Phagocytosis (GO:0038096),1/20,0.9918782755310253,0.9999963846351302,0,0,0.1933518005540166,0.0015767617646114,FYN
GO_Biological_Process_2023,Cilium-Dependent Cell Motility (GO:0060285),1/20,0.9918782755310253,0.9999963846351302,0,0,0.1933518005540166,0.0015767617646114,DNAH1
GO_Biological_Process_2023,Glutamate Metabolic Process (GO:0006536),1/20,0.9918782755310253,0.9999963846351302,0,0,0.1933518005540166,0.0015767617646114,TAT
GO_Biological_Process_2023,Negative Regulation Of Stem Cell Population Maintenance (GO:1902455),1/20,0.9918782755310253,0.9999963846351302,0,0,0.1933518005540166,0.0015767617646114,WNT9B
GO_Biological_Process_2023,protein-DNA Complex Disassembly (GO:0032986),1/20,0.9918782755310253,0.9999963846351302,0,0,0.1933518005540166,0.0015767617646114,MYC
GO_Biological_Process_2023,Receptor Metabolic Process (GO:0043112),1/20,0.9918782755310253,0.9999963846351302,0,0,0.1933518005540166,0.0015767617646114,NSG1
GO_Biological_Process_2023,Regulation Of Phosphatase Activity (GO:0010921),1/20,0.9918782755310253,0.9999963846351302,0,0,0.1933518005540166,0.0015767617646114,CHP2
GO_Biological_Process_2023,Regulation Of Spindle Organization (GO:0090224),1/20,0.9918782755310253,0.9999963846351302,0,0,0.1933518005540166,0.0015767617646114,GNAI1
GO_Biological_Process_2023,Positive Regulation Of DNA Biosynthetic Process (GO:2000573),7/65,0.9919001543819812,0.9999963846351302,0,0,0.4428962609348874,0.0036019989293381,SMOC2;PARM1;RGCC;MYC;HGF;KLF4;FGF2
GO_Biological_Process_2023,Positive Regulation Of Protein Localization To Nucleus (GO:1900182),8/72,0.99246527102548,0.9999963846351302,0,0,0.4586457357075914,0.0034688562329826,YAP1;CARD10;NGFR;PINX1;CHP2;LIF;PIK3R1;FERMT2
GO_Biological_Process_2023,Negative Regulation Of Innate Immune Response (GO:0045824),5/52,0.9925214945982532,0.9999963846351302,0,0,0.3904860588730528,0.0029312264096648,CR1;MYO1C;TYRO3;SERPING1;IRAK3
GO_Biological_Process_2023,Positive Regulation Of Protein Metabolic Process (GO:0051247),29/196,0.9925704612659147,0.9999963846351302,0,0,0.6360995926677373,0.0047435697310748,PRKN;PIWIL2;CSF1;CHRNA7;C4BPA;ASB11;C4BPB;PLD1;CLU;FOXO1;GPC3;CAPN3;RILP;NIBAN1;TIPARP;TNFSF12;DAB2IP;SAMD4A;NR1H3;KLF4;LARP6;KLF2;IL6;ASPH;ASB9;AGTR1;ASB5;VIM;VIP
GO_Biological_Process_2023,I-kappaB kinase/NF-kappaB Signaling (GO:0007249),4/45,0.992644145772374,0.9999963846351302,0,0,0.3581574860692427,0.0026442917376369,DAB2IP;DEFB124;TLR4;TLR3
GO_Biological_Process_2023,Chromosome Organization (GO:0051276),4/45,0.992644145772374,0.9999963846351302,0,0,0.3581574860692427,0.0026442917376369,H1-9P;MYC;AXIN2;GEM
GO_Biological_Process_2023,Detection Of Chemical Stimulus Involved In Sensory Perception Of Taste (GO:0050912),4/45,0.992644145772374,0.9999963846351302,0,0,0.3581574860692427,0.0026442917376369,PIGR;TAS2R10;PIP;CA6
GO_Biological_Process_2023,Regulation Of Telomerase Activity (GO:0051972),4/45,0.992644145772374,0.9999963846351302,0,0,0.3581574860692427,0.0026442917376369,PARM1;MYC;PINX1;KLF4
GO_Biological_Process_2023,Negative Regulation Of Protein-Containing Complex Assembly (GO:0031333),6/59,0.9926973113982897,0.9999963846351302,0,0,0.4154743493438204,0.0030452124974421,PTGER4;THRA;CLU;CRYAB;NOP53;JAM3
GO_Biological_Process_2023,Regulation Of Cyclin-Dependent Protein Serine/Threonine Kinase Activity (GO:0000079),9/79,0.9930704730289184,0.9999963846351302,0,0,0.4716796678830895,0.0032798942082607,DIRAS3;CEBPA;MYOCD;CCND2;CDKN2C;RGCC;PROX1;PKD2;EGFR
GO_Biological_Process_2023,Lymphocyte Proliferation (GO:0046651),3/38,0.9932458631810184,0.9999963846351302,0,0,0.3147136504964729,0.0021328299022566,CR2;MEF2C;IFNE
GO_Biological_Process_2023,mRNA Transcription By RNA Polymerase II (GO:0042789),3/38,0.9932458631810184,0.9999963846351302,0,0,0.3147136504964729,0.0021328299022566,THRB;NR1H3;PPARG
GO_Biological_Process_2023,Negative Regulation Of Type I Interferon Production (GO:0032480),3/38,0.9932458631810184,0.9999963846351302,0,0,0.3147136504964729,0.0021328299022566,PTPRS;RNF125;SIRPA
GO_Biological_Process_2023,Positive Regulation Of Production Of Molecular Mediator Of Immune Response (GO:0002702),3/38,0.9932458631810184,0.9999963846351302,0,0,0.3147136504964729,0.0021328299022566,IL6;FFAR3;HLA-E
GO_Biological_Process_2023,Negative Regulation Of Macromolecule Biosynthetic Process (GO:0010558),12/98,0.993278503686314,0.9999963846351302,0,0,0.511736986779528,0.0034512500899777,ZNF540;EPHA4;BTG2;EDN1;TMEFF2;SHMT1;TRIM2;GSTP1;ADIPOQ;INPP5K;IGF2BP2;PF4
GO_Biological_Process_2023,Immunoglobulin Mediated Immune Response (GO:0016064),2/30,0.993299511485744,0.9999963846351302,0,0,0.2623169997994518,0.001763567044987,MPL;FCER1A
GO_Biological_Process_2023,Nucleic Acid Metabolic Process (GO:0090304),2/30,0.993299511485744,0.9999963846351302,0,0,0.2623169997994518,0.001763567044987,NT5E;DNASE1L3
GO_Biological_Process_2023,Regulation Of Arp2/3 Complex-Mediated Actin Nucleation (GO:0034315),2/30,0.993299511485744,0.9999963846351302,0,0,0.2623169997994518,0.001763567044987,GMFG;WASF3
GO_Biological_Process_2023,Antigen Processing And Presentation Of Endogenous Peptide Antigen (GO:0002483),1/21,0.9936159353946468,0.9999963846351302,0,0,0.183672514619883,0.0011763361104863,HLA-E
GO_Biological_Process_2023,"Maturation Of 5.8S rRNA From Tricistronic rRNA Transcript (SSU-rRNA, 5.8S rRNA, LSU-rRNA) (GO:0000466)",1/21,0.9936159353946468,0.9999963846351302,0,0,0.183672514619883,0.0011763361104863,EXOSC7
GO_Biological_Process_2023,Modulation By Host Of Viral Genome Replication (GO:0044827),1/21,0.9936159353946468,0.9999963846351302,0,0,0.183672514619883,0.0011763361104863,PRKN
GO_Biological_Process_2023,Modulation By Symbiont Of Entry Into Host (GO:0052372),1/21,0.9936159353946468,0.9999963846351302,0,0,0.183672514619883,0.0011763361104863,TRIM68
GO_Biological_Process_2023,Negative Regulation Of Double-Strand Break Repair Via Homologous Recombination (GO:2000042),1/21,0.9936159353946468,0.9999963846351302,0,0,0.183672514619883,0.0011763361104863,RADX
GO_Biological_Process_2023,Outer Dynein Arm Assembly (GO:0036158),1/21,0.9936159353946468,0.9999963846351302,0,0,0.183672514619883,0.0011763361104863,CLXN
GO_Biological_Process_2023,poly(A)+ mRNA Export From Nucleus (GO:0016973),1/21,0.9936159353946468,0.9999963846351302,0,0,0.183672514619883,0.0011763361104863,DDX25
GO_Biological_Process_2023,Positive Regulation Of G2/M Transition Of Mitotic Cell Cycle (GO:0010971),1/21,0.9936159353946468,0.9999963846351302,0,0,0.183672514619883,0.0011763361104863,STOX1
GO_Biological_Process_2023,Positive Regulation Of Natural Killer Cell Mediated Cytotoxicity (GO:0045954),1/21,0.9936159353946468,0.9999963846351302,0,0,0.183672514619883,0.0011763361104863,HLA-E
GO_Biological_Process_2023,Positive Regulation Of Translational Initiation (GO:0045948),1/21,0.9936159353946468,0.9999963846351302,0,0,0.183672514619883,0.0011763361104863,HABP4
GO_Biological_Process_2023,Regulation Of Histone Deacetylation (GO:0031063),1/21,0.9936159353946468,0.9999963846351302,0,0,0.183672514619883,0.0011763361104863,KAT2B
GO_Biological_Process_2023,Retrotransposon Silencing (GO:0010526),1/21,0.9936159353946468,0.9999963846351302,0,0,0.183672514619883,0.0011763361104863,TDRD9
GO_Biological_Process_2023,Zinc Ion Transmembrane Transport (GO:0071577),1/21,0.9936159353946468,0.9999963846351302,0,0,0.183672514619883,0.0011763361104863,SLC39A12
GO_Biological_Process_2023,mRNA Stabilization (GO:0048255),5/53,0.9936853150538654,0.9999963846351302,0,0,0.3823265433544057,0.0024219265929482,ZFP36;AXIN2;IGF2BP2;VIP;YBX3
GO_Biological_Process_2023,"Regulation Of Alternative mRNA Splicing, Via Spliceosome (GO:0000381)",5/53,0.9936853150538654,0.9999963846351302,0,0,0.3823265433544057,0.0024219265929482,KHDRBS2;NOVA1;CELF2;NOVA2;CELF6
GO_Biological_Process_2023,Regulation Of Cyclin-Dependent Protein Kinase Activity (GO:1904029),5/53,0.9936853150538654,0.9999963846351302,0,0,0.3823265433544057,0.0024219265929482,CDKN1C;DIRAS3;CCND2;CDKN2C;STOX1
GO_Biological_Process_2023,Regulation Of Macromolecule Biosynthetic Process (GO:0010556),5/53,0.9936853150538654,0.9999963846351302,0,0,0.3823265433544057,0.0024219265929482,DDX25;JADE1;PDGFA;MITF;TNFRSF1B
GO_Biological_Process_2023,Antiviral Innate Immune Response (GO:0140374),4/46,0.9938532609856536,0.9999963846351302,0,0,0.3496076333154985,0.002155578576733,NMB;USP44;NLRP1;NMBR
GO_Biological_Process_2023,Glycoprotein Biosynthetic Process (GO:0009101),9/80,0.9939944658716324,0.9999963846351302,0,0,0.4650065850929339,0.0028010322079317,FUT6;CHST9;ST6GALNAC1;FUT9;ST8SIA1;B3GALT2;ST8SIA2;IGF1;ST3GAL3
GO_Biological_Process_2023,Activation Of Cysteine-Type Endopeptidase Activity Involved In Apoptotic Process (GO:0006919),7/67,0.9940439778329202,0.9999963846351302,0,0,0.4280783946279378,0.0025572675611426,NGFR;COL4A3;CNTN1;PPARG;NLRP1;BOK;SNCA
GO_Biological_Process_2023,Protein Secretion (GO:0009306),7/67,0.9940439778329202,0.9999963846351302,0,0,0.4280783946279378,0.0025572675611426,RAB3C;ANXA1;PRF1;LTBP2;VIP;PCSK5;WLS
GO_Biological_Process_2023,Negative Regulation Of Protein Metabolic Process (GO:0051248),20/147,0.9941773805727168,0.9999963846351302,0,0,0.5771194719081167,0.0033701682017797,ZNF540;EPHA4;PRNP;BTG2;EDN1;CSTA;SHMT1;ITGB3;DAB2IP;PLAT;INHBB;IRAK3;FMN2;CLU;EGFR;EDNRB;TRIM2;IGF2BP2;CRYAB;RILP
GO_Biological_Process_2023,Axonal Transport (GO:0098930),3/39,0.9944330940131448,0.9999963846351302,0,0,0.305952102348077,0.001707965053898,DST;MGARP;SYBU
GO_Biological_Process_2023,Negative Regulation Of Lymphocyte Proliferation (GO:0050672),3/39,0.9944330940131448,0.9999963846351302,0,0,0.305952102348077,0.001707965053898,CR1;PLA2G2A;PLA2G5
GO_Biological_Process_2023,"Nuclear-Transcribed mRNA Catabolic Process, Deadenylation-Dependent Decay (GO:0000288)",3/39,0.9944330940131448,0.9999963846351302,0,0,0.305952102348077,0.001707965053898,EXOSC7;ZFP36;SAMD4A
GO_Biological_Process_2023,Positive Regulation Of Intracellular Transport (GO:0032388),3/39,0.9944330940131448,0.9999963846351302,0,0,0.305952102348077,0.001707965053898,TENM1;EHD2;VAMP2
GO_Biological_Process_2023,Protein Localization To Chromatin (GO:0071168),2/31,0.9945770059479434,0.9999963846351302,0,0,0.2532554499540122,0.001377140294759,FAM47E;CTCFL
GO_Biological_Process_2023,Regulation Of Response To Biotic Stimulus (GO:0002831),2/31,0.9945770059479434,0.9999963846351302,0,0,0.2532554499540122,0.001377140294759,CD36;CX3CL1
GO_Biological_Process_2023,Positive Regulation Of Cell Cycle Process (GO:0090068),15/118,0.9945971940811816,0.9999963846351302,0,0,0.5338894420608682,0.0028923214179173,EDN1;NPM2;EDN3;MRGPRX2;EGF;IGF2;LRP5;IGF1;CDC14C;OOEP;CDC14B;RGCC;SOX15;MAP3K20;DRD2
GO_Biological_Process_2023,Negative Regulation Of Protein Ubiquitination (GO:0031397),5/54,0.9946746008673198,0.9999963846351302,0,0,0.3745000692854993,0.0019996916608233,SH3RF2;CAV1;PINX1;SPRY2;ARRB1
GO_Biological_Process_2023,Golgi To Plasma Membrane Transport (GO:0006893),4/47,0.9948698060257456,0.9999963846351302,0,0,0.3414554481316958,0.0017562414739683,STEAP2;SPTBN1;OPTN;VAMP2
GO_Biological_Process_2023,Inositol Phosphate Metabolic Process (GO:0043647),1/22,0.994981769981558,0.9999963846351302,0,0,0.1749150654413812,0.0008799738389625299,NUDT11
GO_Biological_Process_2023,Membrane Protein Ectodomain Proteolysis (GO:0006509),1/22,0.994981769981558,0.9999963846351302,0,0,0.1749150654413812,0.0008799738389625299,MMP7
GO_Biological_Process_2023,Natural Killer Cell Mediated Immunity (GO:0002228),1/22,0.994981769981558,0.9999963846351302,0,0,0.1749150654413812,0.0008799738389625299,TUBB2A
GO_Biological_Process_2023,Negative Regulation Of Protein Localization To Nucleus (GO:1900181),1/22,0.994981769981558,0.9999963846351302,0,0,0.1749150654413812,0.0008799738389625299,MDFIC
GO_Biological_Process_2023,Organelle Fission (GO:0048285),1/22,0.994981769981558,0.9999963846351302,0,0,0.1749150654413812,0.0008799738389625299,PRKN
GO_Biological_Process_2023,Peptidyl-Glutamic Acid Modification (GO:0018200),1/22,0.994981769981558,0.9999963846351302,0,0,0.1749150654413812,0.0008799738389625299,TTLL10
GO_Biological_Process_2023,Protein Neddylation (GO:0045116),1/22,0.994981769981558,0.9999963846351302,0,0,0.1749150654413812,0.0008799738389625299,DCUN1D3
GO_Biological_Process_2023,Ribosomal Large Subunit Assembly (GO:0000027),1/22,0.994981769981558,0.9999963846351302,0,0,0.1749150654413812,0.0008799738389625299,NOP53
GO_Biological_Process_2023,snRNA 3'-End Processing (GO:0034472),1/22,0.994981769981558,0.9999963846351302,0,0,0.1749150654413812,0.0008799738389625299,EXOSC7
GO_Biological_Process_2023,Vesicle Organization (GO:0016050),11/94,0.9949988603277022,0.9999963846351302,0,0,0.4860266387943333,0.0024367855492011,SRPX;STX1B;SYT4;ANXA8L1;PLEKHF1;CAV2;CAV1;IRAG2;ANXA8;CD34;VAMP2
GO_Biological_Process_2023,Regulation Of Plasma Membrane Bounded Cell Projection Assembly (GO:0120032),8/75,0.9951790590302048,0.9999963846351302,0,0,0.438025430485809,0.0021168013405058,PPP1R16B;DMTN;DAAM2;CAV1;DCDC2;PLD1;CLU;EPHA2
GO_Biological_Process_2023,Negative Regulation Of Cellular Biosynthetic Process (GO:0031327),18/137,0.9952360173108182,0.9999963846351302,0,0,0.5543494993112322,0.002647222097236,ZNF540;ACVRL1;EPHA4;ACADVL;BTG2;PTGIS;SHMT1;CAV1;ADIPOQ;AKR1C3;PDGFA;PROX1;GCK;ACADL;TRIM2;SIRPA;FYN;IGF2BP2
GO_Biological_Process_2023,Negative Regulation Of Protein Localization (GO:1903828),3/40,0.9954166090704608,0.9999963846351302,0,0,0.2976641513968918,0.001367447343824,CAV3;CORO2B;GPM6B
GO_Biological_Process_2023,Positive Regulation Of Catalytic Activity (GO:0043085),3/40,0.9954166090704608,0.9999963846351302,0,0,0.2976641513968918,0.001367447343824,FTMT;CAV1;IGF2
GO_Biological_Process_2023,Regulation Of Protein Dephosphorylation (GO:0035304),3/40,0.9954166090704608,0.9999963846351302,0,0,0.2976641513968918,0.001367447343824,PPP1R15A;PPP1R16B;CDH5
GO_Biological_Process_2023,Regulation Of Embryonic Development (GO:0045995),6/62,0.9955105981092716,0.9999963846351302,0,0,0.393141518902643,0.0017689440063056,KAT2B;PHLDB1;SOX17;NLRP5;NPHP3;PHLDB2
GO_Biological_Process_2023,'De Novo' Post-Translational Protein Folding (GO:0051084),2/32,0.9956145384113816,0.9999963846351302,0,0,0.2447980034316019,0.0010759131570775,DNAJB4;DNAJC18
GO_Biological_Process_2023,NIK/NF-kappaB Signaling (GO:0038061),2/32,0.9956145384113816,0.9999963846351302,0,0,0.2447980034316019,0.0010759131570775,CARD10;TLR3
GO_Biological_Process_2023,Chromosome Condensation (GO:0030261),2/32,0.9956145384113816,0.9999963846351302,0,0,0.2447980034316019,0.0010759131570775,GPER1;H1-9P
GO_Biological_Process_2023,Heterochromatin Formation (GO:0031507),2/32,0.9956145384113816,0.9999963846351302,0,0,0.2447980034316019,0.0010759131570775,H1-9P;EZH1
GO_Biological_Process_2023,Regulation Of Metaphase/Anaphase Transition Of Cell Cycle (GO:1902099),2/32,0.9956145384113816,0.9999963846351302,0,0,0.2447980034316019,0.0010759131570775,MAP3K20;DPF3
GO_Biological_Process_2023,Regulation Of Natural Killer Cell Mediated Cytotoxicity (GO:0042269),2/32,0.9956145384113816,0.9999963846351302,0,0,0.2447980034316019,0.0010759131570775,LEP;HLA-E
GO_Biological_Process_2023,Regulation Of Ubiquitin-Protein Transferase Activity (GO:0051438),2/32,0.9956145384113816,0.9999963846351302,0,0,0.2447980034316019,0.0010759131570775,DCUN1D3;ARRDC3
GO_Biological_Process_2023,Cellular Defense Response (GO:0006968),4/48,0.9957231717180596,0.9999963846351302,0,0,0.3336738168198842,0.0014301260029611,CX3CR1;CXCR2;PRF1;DCDC2
GO_Biological_Process_2023,Protein-Containing Complex Organization (GO:0043933),16/126,0.995752538784784,0.9999963846351302,0,0,0.5331284677763551,0.0022692652165069,YAP1;CARD10;DMTN;MITF;LIN7A;LAMC1;JCHAIN;TSPAN4;CAPN3;DMD;APBA1;PALS2;PPARGC1A;TEAD1;VAMP2;WASF3
GO_Biological_Process_2023,Actin Filament Organization (GO:0007015),19/144,0.9957922810876368,0.9999963846351302,0,0,0.5569762743716232,0.0023485440824579,DMTN;GSN;TPM2;MYO7B;LMOD1;NEDD9;PROX1;OOEP;SHROOM4;EPS8;SPTA1;CNN1;ACTC1;MYO1C;NLRP5;NOSTRIN;CDC42EP2;MYO1H;GAS2L2
GO_Biological_Process_2023,Negative Regulation Of Protein Tyrosine Kinase Activity (GO:0061099),1/23,0.9960553264379548,0.9999963846351302,0,0,0.1669537480063795,0.0006598803995898236,SH3BP5
GO_Biological_Process_2023,Protein Targeting To ER (GO:0045047),1/23,0.9960553264379548,0.9999963846351302,0,0,0.1669537480063795,0.0006598803995898236,MAN1A1
GO_Biological_Process_2023,Mitotic DNA Damage Checkpoint Signaling (GO:0044773),5/56,0.9962258378599091,0.9999963846351302,0,0,0.3597678828028519,0.001360391108677,STK33;FOXN3;NOP53;CDC14B;FBXO31
GO_Biological_Process_2023,Negative Regulation Of DNA Recombination (GO:0045910),3/41,0.9962302523335766,0.9999963846351302,0,0,0.2898124083905058,0.0010945841018726,RADX;H1-9P;ZSCAN4
GO_Biological_Process_2023,Negative Regulation Of mRNA Catabolic Process (GO:1902373),3/41,0.9962302523335766,0.9999963846351302,0,0,0.2898124083905058,0.0010945841018726,PKP1;AXIN2;VIP
GO_Biological_Process_2023,Regulation Of Mitotic Metaphase/Anaphase Transition (GO:0030071),4/49,0.9964385255723806,0.9999963846351302,0,0,0.3262380357885976,0.0011639623653911,DUSP1;USP44;MAP3K20;DPF3
GO_Biological_Process_2023,intra-Golgi Vesicle-Mediated Transport (GO:0006891),2/33,0.99645629337695,0.9999963846351302,0,0,0.2368861986203148,0.0008409461057050528,COPZ2;RAB6B
GO_Biological_Process_2023,Negative Regulation Of Double-Strand Break Repair (GO:2000780),2/33,0.99645629337695,0.9999963846351302,0,0,0.2368861986203148,0.0008409461057050528,RADX;TWIST1
GO_Biological_Process_2023,Positive Regulation Of T Cell Mediated Cytotoxicity (GO:0001916),2/33,0.99645629337695,0.9999963846351302,0,0,0.2368861986203148,0.0008409461057050528,CD1C;HLA-E
GO_Biological_Process_2023,Cellular Component Assembly (GO:0022607),39/260,0.9965201382830718,0.9999963846351302,0,0,0.6456982604228853,0.0022508592719855,YAP1;NLGN1;RTN1;SYCP1;FAM107A;PDGFA;NEDD9;LIN7A;LAMC1;JCHAIN;EPS8;SYCE1;HAS1;TSPAN4;HAS3;CAPN3;DMD;JHY;PPARGC1A;TEAD1;GPM6B;SPTBN1;WASF3;NLGN4Y;CARD10;DMTN;GSN;NLGN4X;MYO7B;MITF;AIF1L;RP1L1;KRT14;PKP1;TLCD2;APBA1;GAS6;PALS2;VAMP2
GO_Biological_Process_2023,Positive Regulation Of Macroautophagy (GO:0016239),6/64,0.9967729629948292,0.9999963846351302,0,0,0.3795364612775579,0.0012267586694852,SESN3;HSPB8;KDR;LACRT;DCN;OPTN
GO_Biological_Process_2023,Regulation Of RNA Metabolic Process (GO:0051252),10/91,0.9968828583382598,0.9999963846351302,0,0,0.4527038368263559,0.0014133459361447,KAT2B;MBNL2;AHNAK;PCBP3;NOVA2;PDE3A;RBM20;MITF;TNFRSF1B;MBNL3
GO_Biological_Process_2023,Fc-gamma Receptor Signaling Pathway (GO:0038094),1/24,0.9968991369026016,0.9999963846351302,0,0,0.1596847190439868,0.0004959297556365775,FYN
GO_Biological_Process_2023,Early Endosome To Late Endosome Transport (GO:0045022),1/24,0.9968991369026016,0.9999963846351302,0,0,0.1596847190439868,0.0004959297556365775,RILP
GO_Biological_Process_2023,Endosome Transport Via Multivesicular Body Sorting Pathway (GO:0032509),1/24,0.9968991369026016,0.9999963846351302,0,0,0.1596847190439868,0.0004959297556365775,RILP
GO_Biological_Process_2023,Multivesicular Body Sorting Pathway (GO:0071985),1/24,0.9968991369026016,0.9999963846351302,0,0,0.1596847190439868,0.0004959297556365775,RILP
GO_Biological_Process_2023,Positive Regulation Of ERBB Signaling Pathway (GO:1901186),1/24,0.9968991369026016,0.9999963846351302,0,0,0.1596847190439868,0.0004959297556365775,GPER1
GO_Biological_Process_2023,Positive Regulation Of Cell Cycle G2/M Phase Transition (GO:1902751),1/24,0.9968991369026016,0.9999963846351302,0,0,0.1596847190439868,0.0004959297556365775,STOX1
GO_Biological_Process_2023,Positive Regulation Of Natural Killer Cell Mediated Immunity (GO:0002717),1/24,0.9968991369026016,0.9999963846351302,0,0,0.1596847190439868,0.0004959297556365775,HLA-E
GO_Biological_Process_2023,Protein K48-linked Deubiquitination (GO:0071108),1/24,0.9968991369026016,0.9999963846351302,0,0,0.1596847190439868,0.0004959297556365775,OTUD7A
GO_Biological_Process_2023,Protein Exit From Endoplasmic Reticulum (GO:0032527),1/24,0.9968991369026016,0.9999963846351302,0,0,0.1596847190439868,0.0004959297556365775,MAP1LC3C
GO_Biological_Process_2023,Regulation Of Actin Nucleation (GO:0051125),1/24,0.9968991369026016,0.9999963846351302,0,0,0.1596847190439868,0.0004959297556365775,GSN
GO_Biological_Process_2023,Regulation Of Heterotypic Cell-Cell Adhesion (GO:0034114),1/24,0.9968991369026016,0.9999963846351302,0,0,0.1596847190439868,0.0004959297556365775,KLF4
GO_Biological_Process_2023,Regulation Of Proteolysis Involved In Protein Catabolic Process (GO:1903050),1/24,0.9968991369026016,0.9999963846351302,0,0,0.1596847190439868,0.0004959297556365775,EPHA4
GO_Biological_Process_2023,Cellular Response To Glucose Starvation (GO:0042149),3/42,0.9969024909884154,0.9999963846351302,0,0,0.2823633188716268,0.0008759803046637684,SESN3;TSSK1B;PLIN2
GO_Biological_Process_2023,Protein Glycosylation (GO:0006486),19/147,0.9970320990221244,0.9999963846351302,0,0,0.5438175358233498,0.0016163964368966,GALNT12;ST6GALNAC1;GAL3ST1;GALNT16;ST8SIA1;ST8SIA2;GALNT17;FUT6;MGAT4C;FUT9;B3GALT2;A4GNT;EOGT;B3GALT1;B3GNT3;MGAT3;GCNT4;ST3GAL3;GALNT8
GO_Biological_Process_2023,Regulation Of Interferon-Beta Production (GO:0032648),4/50,0.9970373644362294,0.9999963846351302,0,0,0.3191255495847582,0.0009468559907141992,PTPRS;SIRPA;TLR4;TLR3
GO_Biological_Process_2023,DNA Damage Checkpoint Signaling (GO:0000077),2/34,0.997138535966288,0.9999963846351302,0,0,0.2294688816097332,0.0006575581904540505,STK33;MAP3K20
GO_Biological_Process_2023,Positive Regulation Of Immunoglobulin Production (GO:0002639),2/34,0.997138535966288,0.9999963846351302,0,0,0.2294688816097332,0.0006575581904540505,IL6;HLA-E
GO_Biological_Process_2023,Regulation Of T Cell Receptor Signaling Pathway (GO:0050856),2/34,0.997138535966288,0.9999963846351302,0,0,0.2294688816097332,0.0006575581904540505,LGALS3;PRNP
GO_Biological_Process_2023,Superoxide Metabolic Process (GO:0006801),2/34,0.997138535966288,0.9999963846351302,0,0,0.2294688816097332,0.0006575581904540505,NRROS;SOD3
GO_Biological_Process_2023,Cellular Response To Light Stimulus (GO:0071482),6/65,0.9972684803868834,0.9999963846351302,0,0,0.3730798237605684,0.0010204692070486,TRPM1;OPN4;DMBT1;MYC;GPR88;RGR
GO_Biological_Process_2023,Positive Regulation Of T Cell Proliferation (GO:0042102),6/65,0.9972684803868834,0.9999963846351302,0,0,0.3730798237605684,0.0010204692070486,IL6;ANXA1;CD209;LEP;IGF2;IGF1
GO_Biological_Process_2023,Peptidyl-Threonine Phosphorylation (GO:0018107),5/58,0.9973370150702962,0.9999963846351302,0,0,0.3461475594509703,0.0009230152683366396,HIPK4;LRRK2;PRKCA;PRKD1;TGFBR2
GO_Biological_Process_2023,Selective Autophagy (GO:0061912),5/58,0.9973370150702962,0.9999963846351302,0,0,0.3461475594509703,0.0009230152683366396,PRKN;MAP1LC3C;STBD1;PJVK;KLHL3
GO_Biological_Process_2023,Cellular Response To UV (GO:0034644),8/79,0.9973833019816232,0.9999963846351302,0,0,0.4132423406417889,0.0010827476442915,MAPK11;MFAP4;MME;HYAL1;MYC;MAP3K20;NLRP1;AQP1
GO_Biological_Process_2023,Protein Dephosphorylation (GO:0006470),15/124,0.99745596299322,0.9999963846351302,0,0,0.5043072544025285,0.0012846110607562,PTPRT;PPP1R15A;PTPRS;DUSP1;PTPRM;DUSP26;DUSP6;PPM1F;CDC14B;PTPRB;PDP2;PPP2R1B;PTPRZ1;PTPN5;TNS2
GO_Biological_Process_2023,SCF-dependent Proteasomal Ubiquitin-Dependent Protein Catabolic Process (GO:0031146),3/43,0.9974572144415632,0.9999963846351302,0,0,0.2752866838286917,0.0007008864842124324,FBXO27;FBXO17;FBXO31
GO_Biological_Process_2023,mRNA Transcription (GO:0009299),3/43,0.9974572144415632,0.9999963846351302,0,0,0.2752866838286917,0.0007008864842124324,THRB;NR1H3;PPARG
GO_Biological_Process_2023,Positive Regulation Of T Cell Mediated Immunity (GO:0002711),3/43,0.9974572144415632,0.9999963846351302,0,0,0.2752866838286917,0.0007008864842124324,FZD5;CD1C;HLA-E
GO_Biological_Process_2023,Regulation Of Cellular Component Size (GO:0032535),3/43,0.9974572144415632,0.9999963846351302,0,0,0.2752866838286917,0.0007008864842124324,PPP1R15A;EPS8;MYO3A
GO_Biological_Process_2023,Negative Regulation Of Binding (GO:0051100),9/86,0.9975133073002156,0.9999963846351302,0,0,0.4286079516920857,0.0010671436442846,JUN;PLN;SLPI;CFHR1;LRRK2;CAV1;HABP4;CAMK1;NES
GO_Biological_Process_2023,Regulation Of Mitotic Cell Cycle Phase Transition (GO:1901990),9/86,0.9975133073002156,0.9999963846351302,0,0,0.4286079516920857,0.0010671436442846,KCNH5;CDKN2C;NPM2;RGCC;MAP3K20;DPF3;CDC14C;ZFP36L2;CDC14B
GO_Biological_Process_2023,Negative Regulation Of Proteolysis Involved In Protein Catabolic Process (GO:1903051),1/25,0.9975623574497388,0.9999963846351302,0,0,0.1530214424951267,0.0003734669539547965,EPHA4
GO_Biological_Process_2023,Organophosphate Ester Transport (GO:0015748),1/25,0.9975623574497388,0.9999963846351302,0,0,0.1530214424951267,0.0003734669539547965,PLTP
GO_Biological_Process_2023,Positive Regulation Of Peptidase Activity (GO:0010952),1/25,0.9975623574497388,0.9999963846351302,0,0,0.1530214424951267,0.0003734669539547965,VSIR
GO_Biological_Process_2023,Positive Regulation Of Release Of Cytochrome C From Mitochondria (GO:0090200),1/25,0.9975623574497388,0.9999963846351302,0,0,0.1530214424951267,0.0003734669539547965,GPER1
GO_Biological_Process_2023,Vesicle Cargo Loading (GO:0035459),1/25,0.9975623574497388,0.9999963846351302,0,0,0.1530214424951267,0.0003734669539547965,SEC31B
GO_Biological_Process_2023,Vesicle-Mediated Transport Between Endosomal Compartments (GO:0098927),1/25,0.9975623574497388,0.9999963846351302,0,0,0.1530214424951267,0.0003734669539547965,RILP
GO_Biological_Process_2023,Negative Regulation Of Gene Expression (GO:0010629),52/336,0.9976141269479196,0.9999963846351302,0,0,0.6692808365343577,0.0015987270513434,ACVRL1;PIWIL2;BTG2;PIWIL4;CITED2;FGF2;ZFP36;TRIM2;GPER1;HEY2;KDR;FFAR4;ITGB8;CD34;SH3GL2;EPHA4;MEF2C;CLDN5;KAT2B;SFRP1;HAND2;CLDN19;APLNR;PPARG;PGR;RBMS3;PRKN;PTGER4;YAP1;LRP1;SHMT1;NTS;ZFP36L2;DLL4;STC2;ATOH8;ZNF503;IGF2BP2;STOX1;MARK1;ZNF540;TIPARP;CIDEA;IGF1;KLF4;BMP4;BMP2;RGCC;KRT17;CCDC3;LGR4;ASB1
GO_Biological_Process_2023,Peptidyl-Threonine Modification (GO:0018210),6/66,0.9976903051289366,0.9999963846351302,0,0,0.3668384074941452,0.0008482647822453394,HIPK4;GALNT16;LRRK2;PRKCA;PRKD1;TGFBR2
GO_Biological_Process_2023,Establishment Of Spindle Orientation (GO:0051294),2/35,0.997690977386139,0.9999963846351302,0,0,0.2225010989634293,0.0005143541255603479,INSC;KIF25
GO_Biological_Process_2023,Protein Methylation (GO:0006479),2/35,0.997690977386139,0.9999963846351302,0,0,0.2225010989634293,0.0005143541255603479,METTL21EP;BHMT
GO_Biological_Process_2023,Regulation Of Cellular Senescence (GO:2000772),2/35,0.997690977386139,0.9999963846351302,0,0,0.2225010989634293,0.0005143541255603479,TWIST1;WNT1
GO_Biological_Process_2023,Regulatory ncRNA Processing (GO:0070918),2/35,0.997690977386139,0.9999963846351302,0,0,0.2225010989634293,0.0005143541255603479,ANKRD34C;TDRD9
GO_Biological_Process_2023,Positive Regulation Of Immune Response (GO:0050778),8/80,0.9977598203218389,0.9999963846351302,0,0,0.4074768301572425,0.0009138452856578852,C6;MYO1C;C7;C9;NLRP3;NRG1;CFP;PCK1
GO_Biological_Process_2023,Regulation Of Protein Kinase Activity (GO:0045859),14/119,0.997825261870012,0.9999963846351302,0,0,0.4886281870796183,0.0010637955078793,CSF1;CAV3;CCL21;MMD;LRRK2;GSTP1;AXIN2;PPM1F;RELN;INPP5K;GAS6;MAP3K5;DDR2;SNCA
GO_Biological_Process_2023,Protein Complex Oligomerization (GO:0051259),11/100,0.9978334449845346,0.9999963846351302,0,0,0.4530869238773924,0.0009827026718838654,RNF112;GLRA3;KCNC2;C9;PRF1;LRRC8C;NLRP3;NLRP1;PKD2;BOK;SNCA
GO_Biological_Process_2023,Regulation Of Type II Interferon Production (GO:0032649),9/87,0.9978608469385556,0.9999963846351302,0,0,0.4230859367958032,0.0009060149751666088,PRNP;CR1;FZD5;SIRPA;GAS6;TLR4;VSIR;TLR3;CD244
GO_Biological_Process_2023,Nucleobase-Containing Compound Catabolic Process (GO:0034655),3/44,0.9979144270316244,0.9999963846351302,0,0,0.2685552504951682,0.0005606764402013211,EXOSC7;DNASE1L3;SIDT2
GO_Biological_Process_2023,Nucleus Organization (GO:0006997),3/44,0.9979144270316244,0.9999963846351302,0,0,0.2685552504951682,0.0005606764402013211,BIN1;IRAG2;SYNE1
GO_Biological_Process_2023,Regulation Of Viral Entry Into Host Cell (GO:0046596),3/44,0.9979144270316244,0.9999963846351302,0,0,0.2685552504951682,0.0005606764402013211,FCN1;GSN;TRIM68
GO_Biological_Process_2023,Regulation Of Macromolecule Metabolic Process (GO:0060255),21/162,0.9979255402871352,0.9999963846351302,0,0,0.5454459084431332,0.0011326808195946,EDN3;PEG3;DHH;NRG1;IGF1;PROX1;YBX3;NKAPL;PTHLH;AFF2;STX1B;PM20D2;RFPL4B;PCBP3;MYC;NOVA2;NFKBIZ;APLNR;SIRPA;IGF2BP2;STOX1
GO_Biological_Process_2023,Cellular Response To Ionizing Radiation (GO:0071479),4/52,0.9979560213703652,0.9999963846351302,0,0,0.3057896379525593,0.000625667128310044,YAP1;MAP3K20;SLC6A2;CRYAB
GO_Biological_Process_2023,Meiosis I (GO:0007127),1/26,0.9980836287976728,0.9999963846351302,0,0,0.1468912280701754,0.0002817681918875141,TDRD9
GO_Biological_Process_2023,Mitotic G1 DNA Damage Checkpoint Signaling (GO:0031571),1/26,0.9980836287976728,0.9999963846351302,0,0,0.1468912280701754,0.0002817681918875141,FBXO31
GO_Biological_Process_2023,Nuclear Membrane Organization (GO:0071763),1/26,0.9980836287976728,0.9999963846351302,0,0,0.1468912280701754,0.0002817681918875141,GPER1
GO_Biological_Process_2023,Protein Targeting To Lysosome (GO:0006622),1/26,0.9980836287976728,0.9999963846351302,0,0,0.1468912280701754,0.0002817681918875141,CLU
GO_Biological_Process_2023,Regulation Of Nucleotide-Excision Repair (GO:2000819),1/26,0.9980836287976728,0.9999963846351302,0,0,0.1468912280701754,0.0002817681918875141,DPF3
GO_Biological_Process_2023,protein-DNA Complex Organization (GO:0071824),5/60,0.9981287107348356,0.9999963846351302,0,0,0.3335178050701347,0.0006246929614479031,TCF7L1;SATB1;MYC;SOX15;PADI4
GO_Biological_Process_2023,Positive Regulation Of Interferon-Beta Production (GO:0032728),2/36,0.998137919156688,0.9999963846351302,0,0,0.215943185884555,0.0004024785098436463,TLR4;TLR3
GO_Biological_Process_2023,Regulation Of T Cell Mediated Cytotoxicity (GO:0001914),2/36,0.998137919156688,0.9999963846351302,0,0,0.215943185884555,0.0004024785098436463,CD1C;HLA-E
GO_Biological_Process_2023,Positive Regulation Of DNA Metabolic Process (GO:0051054),12/108,0.9982633715895992,0.9999963846351302,0,0,0.4581378986866792,0.0007963069356688581,SMOC2;RGCC;NPM2;EYA1;EGF;MYC;HGF;EYA4;GLI1;FGF2;EGFR;FGF10
GO_Biological_Process_2023,Establishment Of Protein Localization To Extracellular Region (GO:0035592),3/45,0.9982908462498564,0.9999963846351302,0,0,0.2621443616060981,0.0004484283444674052,RAB3C;PRF1;LTBP2
GO_Biological_Process_2023,Mitotic Nuclear Division (GO:0140014),3/45,0.9982908462498564,0.9999963846351302,0,0,0.2621443616060981,0.0004484283444674052,EPS8;KIF25;KLHDC8B
GO_Biological_Process_2023,Natural Killer Cell Activation (GO:0030101),3/45,0.9982908462498564,0.9999963846351302,0,0,0.2621443616060981,0.0004484283444674052,NFIL3;IFNE;CD244
GO_Biological_Process_2023,Positive Regulation Of Innate Immune Response (GO:0045089),3/45,0.9982908462498564,0.9999963846351302,0,0,0.2621443616060981,0.0004484283444674052,MYO1C;PLA2G5;HLA-E
GO_Biological_Process_2023,Positive Regulation Of mRNA Catabolic Process (GO:0061014),3/45,0.9982908462498564,0.9999963846351302,0,0,0.2621443616060981,0.0004484283444674052,BTG2;ZFP36;ZFP36L2
GO_Biological_Process_2023,Endosome Organization (GO:0007032),4/53,0.998304624546887,0.9999963846351302,0,0,0.2995299243292822,0.0005082466374583049,ANXA8L1;PLEKHF1;ANXA8;RILP
GO_Biological_Process_2023,Mitochondrial Transport (GO:0006839),4/53,0.998304624546887,0.9999963846351302,0,0,0.2995299243292822,0.0005082466374583049,PRKN;BCL2;MGARP;SLC25A20
GO_Biological_Process_2023,Negative Regulation Of Viral Genome Replication (GO:0045071),4/53,0.998304624546887,0.9999963846351302,0,0,0.2995299243292822,0.0005082466374583049,SLPI;INPP5K;PROX1;LTF
GO_Biological_Process_2023,Regulation Of DNA Replication (GO:0006275),7/75,0.9983355760116408,0.9999963846351302,0,0,0.3775233213454039,0.0006288823809767305,ACVRL1;NPM2;EGF;JADE1;GMNC;GLI1;EGFR
GO_Biological_Process_2023,Regulation Of Vesicle-Mediated Transport (GO:0060627),9/89,0.9984214675054072,0.9999963846351302,0,0,0.4124560581204593,0.000651589703502463,RAB3C;FES;LRRK2;LGI3;CDH13;GAS1;SEPTIN4;PLD1;VAMP2
GO_Biological_Process_2023,Negative Regulation Of Apoptotic Process (GO:0043066),78/482,0.9984489038700112,0.9999963846351302,0,0,0.7045787951829962,0.0010937178927274,CNTFR;CITED1;CITED2;FLT4;FMN2;CLU;CX3CL1;AQP1;RNF157;RPS6KA3;CCND2;MYC;KDR;PDK4;FFAR4;PROK2;CAPN3;SOX8;MEF2C;ANXA1;HGF;PRKCA;NGF;POU3F3;SFRP1;TMBIM1;CAT;TYRO3;ANGPTL4;GAS6;CRYAB;LTF;CX3CR1;PRKN;YAP1;GSTP1;NDNF;SEMA3E;PIK3R1;FSTL1;DLL1;EGFR;FOXO1;NTF4;SOCS2;SOCS3;PTPRZ1;GRK5;NTF3;FGF20;CCL2;WNT1;PPARGC1A;SNCA;ANGPT4;NTRK2;EGR3;TSLP;ANGPT1;CAV1;FZD9;CIDEA;IGF1;KLF4;MERTK;TNFRSF10D;BMP4;NR4A2;SH3RF2;IL6;TCIM;ALB;BCL2;SPRY2;TEK;VIP;LACRT;BCL2L2
GO_Biological_Process_2023,DNA Synthesis Involved In DNA Repair (GO:0000731),1/27,0.9984933253358308,0.9999963846351302,0,0,0.1412325686009896,0.00021295199787158616,SYCP1
GO_Biological_Process_2023,T Cell Activation Involved In Immune Response (GO:0002286),1/27,0.9984933253358308,0.9999963846351302,0,0,0.1412325686009896,0.00021295199787158616,IFNE
GO_Biological_Process_2023,Monoubiquitinated Histone H2A Deubiquitination (GO:0035522),1/27,0.9984933253358308,0.9999963846351302,0,0,0.1412325686009896,0.00021295199787158616,KAT2B
GO_Biological_Process_2023,Monoubiquitinated Histone Deubiquitination (GO:0035521),1/27,0.9984933253358308,0.9999963846351302,0,0,0.1412325686009896,0.00021295199787158616,KAT2B
GO_Biological_Process_2023,Peptidyl-Proline Modification (GO:0018208),1/27,0.9984933253358308,0.9999963846351302,0,0,0.1412325686009896,0.00021295199787158616,P3H2
GO_Biological_Process_2023,Positive Regulation Of TORC1 Signaling (GO:1904263),1/27,0.9984933253358308,0.9999963846351302,0,0,0.1412325686009896,0.00021295199787158616,RRAGD
GO_Biological_Process_2023,Regulation Of Chromatin Organization (GO:1902275),1/27,0.9984933253358308,0.9999963846351302,0,0,0.1412325686009896,0.00021295199787158616,TAL1
GO_Biological_Process_2023,Axonemal Dynein Complex Assembly (GO:0070286),2/37,0.9984992073407076,0.9999963846351302,0,0,0.2097600106959021,0.00031504275036643383,CLXN;DNAH1
GO_Biological_Process_2023,Positive Regulation Of Exocytosis (GO:0045921),2/37,0.9984992073407076,0.9999963846351302,0,0,0.2097600106959021,0.00031504275036643383,CFTR;SNCA
GO_Biological_Process_2023,Organelle Disassembly (GO:1903008),4/54,0.998595001108514,0.9999963846351302,0,0,0.2935205992509363,0.00041268609626512543,NEDD9;PLAAT3;PLIN2;PNPLA2
GO_Biological_Process_2023,Mitotic G2/M Transition Checkpoint (GO:0044818),3/46,0.9986004165845026,0.9999963846351302,0,0,0.2560316535955894,0.00035858865215566006,FOXN3;NOP53;CDC14B
GO_Biological_Process_2023,Regulation Of Immune Response (GO:0050776),7/77,0.9988018075236018,0.9999963846351302,0,0,0.3666900913562895,0.0004396287411860934,C6;C7;BCL6;C9;SPINK5;SPNS2;CFP
GO_Biological_Process_2023,Positive Regulation Of Protein Ubiquitination (GO:0031398),8/84,0.998807948893928,0.9999963846351302,0,0,0.3859320278202535,0.0004603251207085312,ANGPT1;LRRK2;DCUN1D3;CAV1;ARRDC3;MYCBP2;FAM107A;SEPTIN4
GO_Biological_Process_2023,Negative Regulation Of Mitotic Metaphase/Anaphase Transition (GO:0045841),1/28,0.9988153230393912,0.9999963846351302,0,0,0.1359930690924843,0.00016120336157526464,USP44
GO_Biological_Process_2023,Regulation Of Chromosome Segregation (GO:0051983),1/28,0.9988153230393912,0.9999963846351302,0,0,0.1359930690924843,0.00016120336157526464,IHO1
GO_Biological_Process_2023,Positive Regulation Of TOR Signaling (GO:0032008),3/47,0.9988547483595204,0.9999963846351302,0,0,0.2501967959491947,0.0002867024956098746,LEP;RRAGD;GAS6
GO_Biological_Process_2023,Regulation Of Signal Transduction By P53 Class Mediator (GO:1901796),3/47,0.9988547483595204,0.9999963846351302,0,0,0.2501967959491947,0.0002867024956098746,USP2;SGK1;NOP53
GO_Biological_Process_2023,Phosphatidylinositol Biosynthetic Process (GO:0006661),10/98,0.998888067976722,0.9999963846351302,0,0,0.4165068405574734,0.0004633849679930794,HYCC1;SOCS2;SOCS3;SLC27A1;PGAP4;PLCG2;INPP5K;PIP5K1B;PIK3R1;FGF2
GO_Biological_Process_2023,Protein Localization To Organelle (GO:0033365),16/137,0.998944842060674,0.9999963846351302,0,0,0.4843208008380864,0.0005113047392763252,ROPN1B;CEP68;PPP1R15A;TUB;LRRK2;ANK2;TULP2;BMP4;OBSCN;MSX1;ZNF423;RNF186;LACRT;OPTN;ROPN1;SGCG
GO_Biological_Process_2023,Regulation Of Protein Serine/Threonine Kinase Activity (GO:0071900),12/112,0.9990146040490416,0.9999963846351302,0,0,0.4396998123827392,0.00043349203049908,DIRAS3;SLC8A3;FGF16;SLC27A1;CCND2;CDKN2C;LRP5;DAB2IP;ADRB2;CAMK1;LTF;SNCA
GO_Biological_Process_2023,Regulation Of Stem Cell Population Maintenance (GO:2000036),4/56,0.999037408106672,0.9999963846351302,0,0,0.2821953327571305,0.00027176976232690326,MYC;WNT9B;PTN;NODAL
GO_Biological_Process_2023,Establishment Of Mitotic Spindle Orientation (GO:0000132),1/29,0.9990683896820728,0.9999963846351302,0,0,0.1311278195488721,0.00012221696779659343,INSC
GO_Biological_Process_2023,Protein K11-linked Ubiquitination (GO:0070979),1/29,0.9990683896820728,0.9999963846351302,0,0,0.1311278195488721,0.00012221696779659343,PRKN
GO_Biological_Process_2023,Protein Insertion Into ER Membrane (GO:0045048),1/29,0.9990683896820728,0.9999963846351302,0,0,0.1311278195488721,0.00012221696779659343,EMC3
GO_Biological_Process_2023,Tube Closure (GO:0060606),1/29,0.9990683896820728,0.9999963846351302,0,0,0.1311278195488721,0.00012221696779659343,FOLR1
GO_Biological_Process_2023,Vacuolar Acidification (GO:0007035),1/29,0.9990683896820728,0.9999963846351302,0,0,0.1311278195488721,0.00012221696779659343,ATP6V1B1
GO_Biological_Process_2023,Cellular Response To Virus (GO:0098586),5/64,0.9990860036129906,0.9999963846351302,0,0,0.3108270599113453,0.00028422471972275976,MAPK11;IL6;IFNE;NLRP3;VWCE
GO_Biological_Process_2023,Protein N-linked Glycosylation (GO:0006487),5/64,0.9990860036129906,0.9999963846351302,0,0,0.3108270599113453,0.00028422471972275976,FUT6;MGAT4C;GAL3ST1;FUT9;MGAT3
GO_Biological_Process_2023,Positive Regulation Of Protein Modification By Small Protein Conjugation Or Removal (GO:1903322),7/79,0.9991403715736163,0.9999963846351302,0,0,0.3564587074776815,0.00030655381785350057,ANGPT1;LRRK2;DCUN1D3;CAV1;MYCBP2;FAM107A;SEPTIN4
GO_Biological_Process_2023,Regulation Of Protein Ubiquitination (GO:0031396),12/113,0.9991464413745564,0.9999963846351302,0,0,0.4353184849441792,0.0003717285162584021,PRKN;SH3RF2;ANGPT1;CAV1;LRRK2;MYCBP2;PINX1;FAM107A;SPRY2;ARRB1;SEPTIN4;SASH1
GO_Biological_Process_2023,Protein Targeting To Membrane (GO:0006612),6/72,0.9991721860063012,0.9999963846351302,0,0,0.3333617202469661,0.00027607578245416654,GOLGA7B;ZDHHC19;MYO1C;NACAD;ZDHHC2;ZDHHC15
GO_Biological_Process_2023,RNA Catabolic Process (GO:0006401),4/57,0.9992041277858528,0.9999963846351302,0,0,0.2768532259204296,0.00022042751761511013,EXOSC7;ZFP36;ZFP36L2;SIDT2
GO_Biological_Process_2023,Cellular Response To Heat (GO:0034605),2/40,0.9992165245391336,0.9999963846351302,0,0,0.1931630667684654,0.0001513978387519821,TCIM;FGF1
GO_Biological_Process_2023,Protein Localization To Chromosome (GO:0034502),2/40,0.9992165245391336,0.9999963846351302,0,0,0.1931630667684654,0.0001513978387519821,PINX1;FAM47E
GO_Biological_Process_2023,Positive Regulation Of Autophagy (GO:0010508),11/107,0.9992165507920054,0.9999963846351302,0,0,0.4198612739351309,0.0003290689037563459,PRKN;PLEKHF1;SESN3;LRRK2;KDR;TRIM68;PRKD1;LACRT;OPTN;FOXO1;DCN
GO_Biological_Process_2023,Negative Regulation Of DNA Metabolic Process (GO:0051053),3/49,0.9992346594158148,0.9999963846351302,0,0,0.2392881490450655,0.00018320704861968863,H1-9P;ADIPOQ;GMNC
GO_Biological_Process_2023,GPI Anchor Biosynthetic Process (GO:0006506),1/30,0.9992672774395406,0.9999963846351302,0,0,0.1265981044565436,9.279528800042e-05,PGAP4
GO_Biological_Process_2023,Regulation Of Cytokinesis (GO:0032465),7/80,0.999272734858444,0.9999963846351302,0,0,0.3515532494536913,0.0002557654396500477,MRGPRX2;ANKRD53;KLHL21;KLHL13;CDC14C;DRD2;CDC14B
GO_Biological_Process_2023,Regulation Of Programmed Cell Death (GO:0043067),25/195,0.999277121834652,0.9999963846351302,0,0,0.5380740863741403,0.0003891026622387618,KANK2;PRKN;ALK;BEX1;CITED1;LRRK2;AMIGO2;CLU;MECOM;NTF3;MAP3K20;FYN;DAPK2;CIDEA;SEPTIN4;OLFM4;CIDEC;ACER2;BMP4;ALB;GAS1;SGK1;CRYAB;NOP53;BCL2L2
GO_Biological_Process_2023,Antigen Receptor-Mediated Signaling Pathway (GO:0050851),15/134,0.9993217674462476,0.9999963846351302,0,0,0.461632669965428,0.0003132005280532734,BTNL9;BTNL8;MEF2C;RFTN1;NFATC2;BTNL2;BMX;CD79B;NFKBIZ;PLCG2;BCL2;TRDC;FYN;IGHA1;IGHA2
GO_Biological_Process_2023,Positive Regulation Of Type II Interferon Production (GO:0032729),4/58,0.9993424089803522,0.9999963846351302,0,0,0.2717089748924955,0.00017873215461973409,FZD5;TLR4;TLR3;CD244
GO_Biological_Process_2023,Dephosphorylation (GO:0016311),17/147,0.9993529401578573,0.9999963846351302,0,0,0.4788014521285242,0.00030991346912875547,PTPRT;PTPRS;PLPPR1;PLPPR4;PTPRM;DUSP26;PPM1F;CDC14B;PTPRB;PDP2;PPP2R1B;PTPRZ1;INPP5K;ALPL;PLPP3;PTPN5;PLPP1
GO_Biological_Process_2023,Axoneme Assembly (GO:0035082),2/41,0.9993696361176578,0.9999963846351302,0,0,0.1881981690123945,0.00011867073527185244,RP1L1;JHY
GO_Biological_Process_2023,Regulation Of TORC1 Signaling (GO:1903432),3/50,0.9993748861353005,0.9999963846351302,0,0,0.2341819738984519,0.000146436173157727,SPAAR;SESN3;RRAGD
GO_Biological_Process_2023,Organelle Organization (GO:0006996),64/418,0.9993793808001408,0.9999963846351302,0,0,0.6597238988952736,0.0004095644231827122,ROPN1B;ABCD2;PLEKHF1;MAST4;LRRK2;PKD2;SYNE3;SYNE1;RNF112;GARIN4;DPYSL2;MYC;SH3D19;GOLGA8S;GOLGA8T;SEMA6A;DST;KRT4;GOLGA8K;KIF25;GOLGA8J;IRAG2;ARAP3;GOLGA8M;PLAAT3;GOLGA8O;GOLGA8N;ANK1;GOLGA8Q;GEM;MRAP;GOLGA8G;BIN1;GOLGA8H;RHOU;PRKD1;OPTN;GOLGA8A;ROPN1;PLIN5;PRKN;CCL13;NEDD9;FGD5;GOLGA8IP;CCL2;NDP;PPARGC1A;RAB6B;WASF3;SEC31B;MARK1;CHGA;CCL24;ATP8B4;DMTN;CAV2;CAV1;WTIP;CIDEC;GOLGA8DP;DES;KRT16;PYROXD2
GO_Biological_Process_2023,Peptidyl-Serine Modification (GO:0018209),20/166,0.9993820060865852,0.9999963846351302,0,0,0.501403337109898,0.00030995999706346175,HIPK4;GALNT16;MAST4;PKN3;LRRK2;PRKCA;NDNF;TGFBR2;RPS6KA3;MYO3A;MAP3K20;PRKD1;CAMK1;STK32A;PCK1;GAS6;SGK1;STK32B;SGK2;MARK1
GO_Biological_Process_2023,Macromolecule Modification (GO:0043412),7/81,0.9993851615238468,0.9999963846351302,0,0,0.3467803713762954,0.00021327948803538267,TGM1;MSRA;ST8SIA2;CPE;PLAT;PADI4;TGM5
GO_Biological_Process_2023,Regulation Of Cell Cycle G1/S Phase Transition (GO:1902806),6/74,0.9994157714576276,0.9999963846351302,0,0,0.3235156357625017,0.0001890623014918288,CDKN2C;TCIM;PLCG2;DPF3;APBB1;GLI1
GO_Biological_Process_2023,Regulation Of mRNA Stability (GO:0043488),6/74,0.9994157714576276,0.9999963846351302,0,0,0.3235156357625017,0.0001890623014918288,ZFP36;PRKCA;AXIN2;VIM;VIP;ZFP36L2
GO_Biological_Process_2023,Antigen Processing And Presentation Of Exogenous Peptide Antigen (GO:0002478),1/31,0.9994235819363578,0.9999963846351302,0,0,0.1223703703703703,7.055682900559135e-05,HLA-E
GO_Biological_Process_2023,Regulation Of Centrosome Duplication (GO:0010824),1/31,0.9994235819363578,0.9999963846351302,0,0,0.1223703703703703,7.055682900559135e-05,C10ORF90
GO_Biological_Process_2023,Cilium Movement (GO:0003341),4/59,0.9994569907973392,0.9999963846351302,0,0,0.2667517875383044,0.00014488801678388092,CLXN;DNAH1;SPAG6;DNAH9
GO_Biological_Process_2023,Phospholipid Transport (GO:0015914),4/59,0.9994569907973392,0.9999963846351302,0,0,0.2667517875383044,0.00014488801678388092,ATP8B4;ABCB1;ATP8A1;PLTP
GO_Biological_Process_2023,Regulation Of Viral Genome Replication (GO:0045069),5/67,0.9994702871726856,0.9999963846351302,0,0,0.2957303947855378,0.00015669368853800757,NR5A2;SLPI;PROX1;PPARA;LTF
GO_Biological_Process_2023,Regulation Of Ubiquitin-Dependent Protein Catabolic Process (GO:2000058),2/42,0.9994929635000076,0.9999963846351302,0,0,0.1834815161441272,9.305541900010384e-05,CAV3;CLU
GO_Biological_Process_2023,Histone Lysine Methylation (GO:0034968),1/32,0.9995464176559604,0.9999963846351302,0,0,0.1184153933220147,5.372331656856632e-05,SMYD1
GO_Biological_Process_2023,Intracellular pH Reduction (GO:0051452),1/32,0.9995464176559604,0.9999963846351302,0,0,0.1184153933220147,5.372331656856632e-05,ATP6V1B1
GO_Biological_Process_2023,Mitochondrial Membrane Organization (GO:0007006),1/32,0.9995464176559604,0.9999963846351302,0,0,0.1184153933220147,5.372331656856632e-05,BCL2
GO_Biological_Process_2023,Negative Regulation Of Proteasomal Ubiquitin-Dependent Protein Catabolic Process (GO:0032435),1/32,0.9995464176559604,0.9999963846351302,0,0,0.1184153933220147,5.372331656856632e-05,NOP53
GO_Biological_Process_2023,Neural Tube Closure (GO:0001843),1/32,0.9995464176559604,0.9999963846351302,0,0,0.1184153933220147,5.372331656856632e-05,FOLR1
GO_Biological_Process_2023,Regulation Of Transcription By RNA Polymerase I (GO:0006356),1/32,0.9995464176559604,0.9999963846351302,0,0,0.1184153933220147,5.372331656856632e-05,RASL11A
GO_Biological_Process_2023,Vesicle Budding From Membrane (GO:0006900),1/32,0.9995464176559604,0.9999963846351302,0,0,0.1184153933220147,5.372331656856632e-05,RILP
GO_Biological_Process_2023,RNA Metabolic Process (GO:0016070),11/111,0.9995690544110196,0.9999963846351302,0,0,0.4029636576787808,0.000173692839566275,EXOSC7;PCBP3;RBPMS;NOVA1;CELF2;ANG;ADARB2;RNASE1;RBMS2;SIDT2;ADAD2
GO_Biological_Process_2023,T Cell Activation (GO:0042110),11/111,0.9995690544110196,0.9999963846351302,0,0,0.4029636576787808,0.000173692839566275,DPP4;JAG2;DLL4;CCL21;IFNE;LEP;KIT;LEPR;TRDC;PIK3R1;CD1C
GO_Biological_Process_2023,Regulation Of Protein Binding (GO:0043393),12/118,0.9995880004486226,0.9999963846351302,0,0,0.4146518460830471,0.00017087157648797597,BMP4;PRKN;CLDN5;CSF3;BMP2;SLPI;LRP1;CFHR1;CAV1;LRRK2;CAMK1;NES
GO_Biological_Process_2023,Negative Regulation Of Nucleic Acid-Templated Transcription (GO:1903507),70/456,0.9995916639947144,0.9999963846351302,0,0,0.6613177819005172,0.00027009500979793604,CDKN1C;MESP1;CITED1;FOXE1;THRA;CITED2;PRDM5;BHLHE41;NR3C1;HEY1;MECOM;SOX18;HEY2;CAPN3;SOX8;HOXA7;SOX7;TP63;KLF10;TLE2;ADIPOQ;ARID5A;ARID5B;NRG1;PROX1;FOXP2;POU3F3;DKK3;RIPPLY1;SFRP1;MDFIC;CRY2;PPARG;GAS6;ZFPM2;CRYAB;CEBPA;TWIST2;TWIST1;PRDM11;ZBTB4;FOXO1;PPM1F;TCEAL7;WNT11;NFIL3;PRDM16;ATOH8;ZNF503;INPP5K;ALX1;ZNF423;BEND5;RUNX1T1;ZNF540;JUN;ZBTB16;DAB2IP;NR0B1;FOXN3;KLF4;BMP4;MLXIPL;PER1;BMP2;BCL6;ZNF219;ID1;ID4;ID3
GO_Biological_Process_2023,mRNA Catabolic Process (GO:0006402),2/43,0.999592239210006,0.9999963846351302,0,0,0.1789949439035803,7.300200442024434e-05,ZFP36;ZFP36L2
GO_Biological_Process_2023,mRNA Destabilization (GO:0061157),2/43,0.999592239210006,0.9999963846351302,0,0,0.1789949439035803,7.300200442024434e-05,ZFP36;ZFP36L2
GO_Biological_Process_2023,Protein Localization (GO:0008104),51/351,0.9996052055978588,0.9999963846351302,0,0,0.620610650887574,0.0002450619886139505,FCN1;LRRK2;ITSN1;DOC2B;FGF7;ARL5C;INSC;HEY2;CAPN3;TNS4;WLS;CEP68;GRID2;COPZ2;ANK2;AXIN2;ZDHHC15;PARD3B;STX1B;ARL4A;RRAGD;MAL;CCDC68;STXBP1;STX19;AKAP3;PHYHIP;SNX31;EGFR;STX11;FBLN5;WNT11;MGAT3;DMD;DRD2;RAB6B;SEC31B;GPIHBP1;JAM3;AKAIN1;NGFR;RIC3;CAV3;ANGPT1;CAV1;NR0B1;ID1;CPE;ESAM;FERMT2;FGF10
GO_Biological_Process_2023,Regulation Of Mitotic Cell Cycle (GO:0007346),13/125,0.9996100355001768,0.9999963846351302,0,0,0.4250779129385744,0.00016579762540047782,CDKN1C;BTG2;FOXC1;CAV2;USP2;PRKCA;MEIS2;TTC28;SMOC2;TAL1;CCDC8;GAS1;BRINP3
GO_Biological_Process_2023,Negative Regulation Of Viral Process (GO:0048525),4/61,0.9996302972374828,0.9999963846351302,0,0,0.2573592220251002,9.516400762434308e-05,ZFP36;SLPI;PROX1;LTF
GO_Biological_Process_2023,Monoubiquitinated Protein Deubiquitination (GO:0035520),1/33,0.9996429483838878,0.9999963846351302,0,0,0.1147076023391812,4.0963848334957255e-05,KAT2B
GO_Biological_Process_2023,Positive Regulation Of Chromosome Organization (GO:2001252),1/33,0.9996429483838878,0.9999963846351302,0,0,0.1147076023391812,4.0963848334957255e-05,TAL1
GO_Biological_Process_2023,Protein K63-linked Deubiquitination (GO:0070536),1/33,0.9996429483838878,0.9999963846351302,0,0,0.1147076023391812,4.0963848334957255e-05,OTUD7A
GO_Biological_Process_2023,Ubiquitin-Dependent Protein Catabolic Process Via The Multivesicular Body Sorting Pathway (GO:0043162),1/33,0.9996429483838878,0.9999963846351302,0,0,0.1147076023391812,4.0963848334957255e-05,UBAP1L
GO_Biological_Process_2023,Peptidyl-Serine Phosphorylation (GO:0018105),18/158,0.999650782984686,0.9999963846351302,0,0,0.4705629738978729,0.0001643572971149192,HIPK4;MAST4;PKN3;LRRK2;PRKCA;TGFBR2;RPS6KA3;MYO3A;MAP3K20;PRKD1;CAMK1;STK32A;PCK1;GAS6;SGK1;STK32B;SGK2;MARK1
GO_Biological_Process_2023,Regulation Of Proteasomal Protein Catabolic Process (GO:0061136),3/53,0.999660246716988,0.9999963846351302,0,0,0.2200889304937982,7.478864225278991e-05,PRKN;ECSCR;DAB2IP
GO_Biological_Process_2023,Autophagosome Maturation (GO:0097352),2/44,0.9996721065244156,0.9999963846351302,0,0,0.1747220179602023,5.729960432675279e-05,MAP1LC3C;LIX1L
GO_Biological_Process_2023,Macromolecule Catabolic Process (GO:0009057),7/85,0.9996878395492268,0.9999963846351302,0,0,0.3289126739583521,0.00010268955721109774,PRKN;EXOSC7;DAB2IP;CAPN3;DNASE1L3;ELANE;SIDT2
GO_Biological_Process_2023,Positive Regulation Of Transcription By RNA Polymerase II (GO:0045944),160/938,0.999689220060778,0.9999963846351302,0,0,0.7467753902883224,0.00023211888122065996,CSF3;PID1;PRDM5;FOXI1;NR3C1;FGF1;FGF2;ETS2;ABRA;HOXA10;RPS6KA3;SOX17;SOX18;MYC;SOX15;CHP2;SOX8;HOXA7;JUNB;TP63;HOXA5;OSR2;NKX2-8;MEF2C;MLIP;HGF;LMO3;SERPINF2;LMO2;MITF;NPAS4;RFX6;LMX1A;RFX4;HOXB4;PGR;PRKD1;ERG;ZFPM2;ATF3;BEX1;EPAS1;NOTCH4;TWIST1;FOXO4;PIK3R1;BHLHE22;FOXO1;GLIS1;MED12L;GALR1;NLRP3;CYTL1;ALX1;PPARGC1A;STAT5A;EGR1;STAT5B;JUN;EGR2;FZD5;NR2F1;IGF2;LIF;SMAD9;IGF1;BMP6;BMP5;BMP4;NR4A2;MLXIPL;NR4A1;BMP2;IL6;RGCC;NR4A3;MAFF;MYF6;HOXD4;HOXD3;MEIS3P1;ACVRL1;CSRNP1;MESP1;CALCOCO1;CSRNP3;THRB;CITED1;THRA;CITED2;TCF21;ADIRF;ARRB1;LDB2;GLI1;MEOX2;PKD2;CX3CL1;HEY1;GPER1;HEY2;NOS1;TEAD1;VENTX;KLF10;MYOCD;EDN1;PEG3;TCF15;ABHD14B;PAX3;FOS;PROX1;KLF15;DCN;RGMA;KAT2B;ZEB2;NR5A2;TAL1;HAND2;RARB;CDH13;PPARG;PPARA;MET;TLR4;RHOQ;TLR3;PRKN;YAP1;CEBPA;FOXC1;NFIX;LRP5;BARX2;DLL1;EGFR;PLAGL1;ATOH8;SHOX;APBB1;RXRG;IL33;SPAG8;DAB2IP;NR1H3;KLF4;MEIS2;KLF2;CTCFL;POMC;PER1;KLF6;MEIS1;NFIB;ASXL3;CAMK1;NEUROG2;PF4
GO_Biological_Process_2023,Protein Lipidation (GO:0006497),4/62,0.999695125744858,0.9999963846351302,0,0,0.2529058504455637,7.711623875095862e-05,PGAP4;ZDHHC2;GPLD1;ZDHHC15
GO_Biological_Process_2023,Protein-Containing Complex Disassembly (GO:0032984),4/62,0.999695125744858,0.9999963846351302,0,0,0.2529058504455637,7.711623875095862e-05,MAP1LC3C;MYC;LIX1L;GSPT2
GO_Biological_Process_2023,Establishment Of Mitotic Spindle Localization (GO:0040001),1/34,0.9997188050297252,0.9999963846351302,0,0,0.111224525961368,3.1280175391670045e-05,INSC
GO_Biological_Process_2023,Histone Deubiquitination (GO:0016578),1/34,0.9997188050297252,0.9999963846351302,0,0,0.111224525961368,3.1280175391670045e-05,KAT2B
GO_Biological_Process_2023,Membrane Protein Proteolysis (GO:0033619),1/34,0.9997188050297252,0.9999963846351302,0,0,0.111224525961368,3.1280175391670045e-05,MMP7
GO_Biological_Process_2023,Positive Regulation Of Transcription By RNA Polymerase I (GO:0045943),1/34,0.9997188050297252,0.9999963846351302,0,0,0.111224525961368,3.1280175391670045e-05,RASL11A
GO_Biological_Process_2023,Sister Chromatid Segregation (GO:0000819),1/34,0.9997188050297252,0.9999963846351302,0,0,0.111224525961368,3.1280175391670045e-05,KIF25
GO_Biological_Process_2023,Regulation Of Organelle Organization (GO:0033043),9/100,0.9997194961013344,0.9999963846351302,0,0,0.3623437729366953,0.00010165309867782153,PRKN;SYDE1;ZEB2;CAPN6;PDE2A;NEXN;PJVK;MGARP;STOX1
GO_Biological_Process_2023,Response To UV (GO:0009411),9/100,0.9997194961013344,0.9999963846351302,0,0,0.3623437729366953,0.00010165309867782153,MFAP4;SCARA3;SERPINB13;MYC;DCUN1D3;CAT;ELANE;EGFR;AQP1
GO_Biological_Process_2023,Negative Regulation Of Translation (GO:0017148),10/107,0.9997205929007984,0.9999963846351302,0,0,0.3776443806458161,0.00010553126470495578,ZNF540;EPHA4;ZFP36;CPEB1;BTG2;SHMT1;TRIM2;IGF2BP2;NMNAT2;C8ORF88
GO_Biological_Process_2023,Negative Regulation Of TOR Signaling (GO:0032007),3/54,0.9997228839538156,0.9999963846351302,0,0,0.2157596949381203,5.979875956784746e-05,SPAAR;SESN3;TSSK1B
GO_Biological_Process_2023,Nucleosome Assembly (GO:0006334),3/54,0.9997228839538156,0.9999963846351302,0,0,0.2157596949381203,5.979875956784746e-05,NAP1L3;NAP1L2;PADI4
GO_Biological_Process_2023,Regulation Of mRNA Processing (GO:0050684),1/35,0.999778413274478,0.9999963846351302,0,0,0.1079463364293085,2.3922125732099437e-05,RBM20
GO_Biological_Process_2023,Protein Sumoylation (GO:0016925),2/46,0.9997879280567796,0.9999963846351302,0,0,0.1667588377929978,3.536862125862263e-05,EGR2;EYA1
GO_Biological_Process_2023,Response To Ionizing Radiation (GO:0010212),5/72,0.9997887892519376,0.9999963846351302,0,0,0.2735735977103478,5.7787787138220056e-05,ANXA1;EYA1;MYC;DCUN1D3;SLC6A2
GO_Biological_Process_2023,Positive Regulation Of T Cell Differentiation (GO:0045582),4/64,0.9997928058204492,0.9999963846351302,0,0,0.2444444444444444,5.065271376736246e-05,CR1;BCL6;PCK1;VSIR
GO_Biological_Process_2023,Positive Regulation Of Type I Interferon Production (GO:0032481),4/64,0.9997928058204492,0.9999963846351302,0,0,0.2444444444444444,5.065271376736246e-05,NMB;NMBR;TLR4;TLR3
GO_Biological_Process_2023,Negative Regulation Of Programmed Cell Death (GO:0043069),55/381,0.9998005010911016,0.9999963846351302,0,0,0.6154518090238262,0.0001227942134428853,CITED2;FLT4;FMN2;CX3CL1;AQP1;RNF157;RPS6KA3;CCND2;MECOM;AIFM2;MYC;KDR;FFAR4;PROK2;CAPN3;SOX8;ANXA1;HGF;POU3F3;SFRP1;CAT;ANGPTL4;GAS6;CRYAB;MET;LTF;KANK2;GSTP1;AMIGO2;PIK3R1;FSTL1;EGFR;FOXO1;SOCS2;SOCS3;GRK5;WNT1;SNCA;ANGPT4;EGR3;TSLP;ANGPT1;IGF1;TNFRSF10D;BMP4;SH3RF2;IL6;TCIM;ALB;BCL2;SPRY2;TEK;VIP;LACRT;BCL2L2
GO_Biological_Process_2023,T Cell Receptor Signaling Pathway (GO:0050852),8/95,0.999802093634221,0.9999963846351302,0,0,0.3368990293981406,6.668106106354775e-05,BTNL9;BTNL8;NFKBIZ;RFTN1;PLCG2;FYN;TRDC;BTNL2
GO_Biological_Process_2023,Positive Regulation Of DNA-templated Transcription Initiation (GO:2000144),3/56,0.9998156616814152,0.9999963846351302,0,0,0.2075913259651431,3.827056345523934e-05,JUN;TWIST1;MITF
GO_Biological_Process_2023,COPII-coated Vesicle Budding (GO:0090114),1/36,0.9998252516813864,0.9999963846351302,0,0,0.1048554720133667,1.8324918602768853e-05,SEC31B
GO_Biological_Process_2023,Histone H3 Acetylation (GO:0043966),1/36,0.9998252516813864,0.9999963846351302,0,0,0.1048554720133667,1.8324918602768853e-05,KAT2B
GO_Biological_Process_2023,Positive Regulation Of Double-Strand Break Repair Via Homologous Recombination (GO:1905168),1/36,0.9998252516813864,0.9999963846351302,0,0,0.1048554720133667,1.8324918602768853e-05,OOEP
GO_Biological_Process_2023,tRNA Methylation (GO:0030488),1/36,0.9998252516813864,0.9999963846351302,0,0,0.1048554720133667,1.8324918602768853e-05,TRMT9B
GO_Biological_Process_2023,Protein Monoubiquitination (GO:0006513),2/47,0.9998293759225556,0.9999963846351302,0,0,0.1630426870483024,2.782138162795989e-05,PRKN;RAG1
GO_Biological_Process_2023,Regulation Of T Cell Differentiation (GO:0045580),2/47,0.9998293759225556,0.9999963846351302,0,0,0.1630426870483024,2.782138162795989e-05,TCF7;SPINK5
GO_Biological_Process_2023,Protein Phosphorylation (GO:0006468),76/500,0.999833756822953,0.9999963846351302,0,0,0.6529649595687331,0.00010855999330824292,ALK;EPHB6;ACVRL1;MAST4;GMFG;FLT4;LRRK2;TSSK1B;LIPE;RPS6KA3;EFEMP1;KDR;PDK4;CTSG;STK32A;STK32B;EPHB1;PDK2;MAP3K5;CDKL2;EPHA5;EPHA4;PDGFRA;EPHA7;EPHA6;DAPK2;PRKCA;IRAK3;TNNI3K;TGFBR2;TGFBR3;MYO3A;KIT;TYRO3;PRKD1;ERG;SIK2;GAS6;SGK1;SGK2;TLR4;EPHA3;TLR3;DDR2;PKDCC;PKN3;EGFR;STK33;GRK3;RELN;ACVR1C;WNT11;GRK5;MAP3K20;CCL2;FYN;PCK1;PAK3;MARK1;HIPK4;NTRK2;GLYCTK;DAB2IP;BMX;GDF6;DCLK1;GDF7;BMP4;MAPK10;BMP2;FES;NEK10;COQ8A;CAMK1;TEK;FGFR1
GO_Biological_Process_2023,Positive Regulation Of DNA Repair (GO:0045739),7/89,0.9998424840899314,0.9999963846351302,0,0,0.3127881665324032,4.927299345213706e-05,EYA1;EYA4;DPF3;FMN2;OOEP;EGFR;FGF10
GO_Biological_Process_2023,Signal Transduction In Response To DNA Damage (GO:0042770),3/57,0.9998496127099216,0.9999963846351302,0,0,0.2037340406167928,3.064131435498098e-05,ACER2;MAP3K20;WNT1
GO_Biological_Process_2023,Positive Regulation Of Nucleic Acid-Templated Transcription (GO:1903508),86/557,0.9998603468213324,0.9999963846351302,0,0,0.6646894587760769,9.283247807120804e-05,CDKN1C;ACVRL1;MESP1;CALCOCO1;CITED1;FOXE1;MSTN;CITED2;TGFB1I1;GLI1;FGF2;FGF7;SOX17;MECOM;SOX18;MYC;CAPN3;SOX8;NOS1;TEAD1;TP63;MAP3K5;OSR2;MEF2C;MYOCD;TESC;PAX3;MITF;FOS;SOX10;POU3F3;KAT2B;SFRP1;NR5A2;RFX6;MDFIC;TAL1;PPARG;PPARA;CREB5;YAP1;FOXC1;NOTCH4;LRP5;PRDM11;EGFR;FOXO1;NPAS3;CAND2;WNT11;NFIL3;PRDM16;ATOH8;HAS3;TNNI2;INPP5K;ALX1;NDP;APBB1;ZNF423;WNT1;PPARGC1A;EGR1;AFAP1L2;JUN;EGR2;FZD4;IRX6;EGF;ZBTB16;NFATC2;NR1H3;IGF1;KLF4;GDF6;FLI1;KLF2;ESR2;CTCFL;GDF7;BMP4;MLXIPL;KLF6;BMP2;IL6;NFIB
GO_Biological_Process_2023,RNA Stabilization (GO:0043489),1/37,0.9998620541096715,0.9999963846351302,0,0,0.1019363222871994,1.4062666700556274e-05,VIP
GO_Biological_Process_2023,Type I Interferon-Mediated Signaling Pathway (GO:0060337),1/37,0.9998620541096715,0.9999963846351302,0,0,0.1019363222871994,1.4062666700556274e-05,IFNE
GO_Biological_Process_2023,Post-Translational Protein Modification (GO:0043687),2/48,0.999862648969552,0.9999963846351302,0,0,0.1594881080751154,2.1907360522030912e-05,PRKCA;PADI4
GO_Biological_Process_2023,Epigenetic Regulation Of Gene Expression (GO:0040029),6/83,0.9998809127780868,0.9999963846351302,0,0,0.2855378813224246,3.400593791420493e-05,DIRAS3;ZDBF2;KAT2B;IGF2;FAM47E;CTCFL
GO_Biological_Process_2023,Nuclear Export (GO:0051168),2/49,0.9998893461232344,0.9999963846351302,0,0,0.1560847877816386,1.727234251562384e-05,RANBP3L;EGR2
GO_Biological_Process_2023,G2/M Transition Of Mitotic Cell Cycle (GO:0000086),1/38,0.9998909695990156,0.9999963846351302,0,0,0.0991749644381223,1.0813675660714e-05,NES
GO_Biological_Process_2023,RNA 3'-End Processing (GO:0031123),1/38,0.9998909695990156,0.9999963846351302,0,0,0.0991749644381223,1.0813675660714e-05,ELAC1
GO_Biological_Process_2023,Cellular Response To Type I Interferon (GO:0071357),1/38,0.9998909695990156,0.9999963846351302,0,0,0.0991749644381223,1.0813675660714e-05,IFNE
GO_Biological_Process_2023,Regulation Of Telomere Maintenance (GO:0032204),1/38,0.9998909695990156,0.9999963846351302,0,0,0.0991749644381223,1.0813675660714e-05,MYC
GO_Biological_Process_2023,Tumor Necrosis Factor-Mediated Signaling Pathway (GO:0033209),1/38,0.9998909695990156,0.9999963846351302,0,0,0.0991749644381223,1.0813675660714e-05,TNFRSF1B
GO_Biological_Process_2023,Mitotic Cytokinesis (GO:0000281),3/59,0.99989974764994,0.9999963846351302,0,0,0.1964327504931296,1.96938320586438e-05,KLHDC8B;MYH10;SPTBN1
GO_Biological_Process_2023,protein-DNA Complex Assembly (GO:0065004),3/59,0.99989974764994,0.9999963846351302,0,0,0.1964327504931296,1.96938320586438e-05,NAP1L3;NAP1L2;PADI4
GO_Biological_Process_2023,Positive Regulation Of Cytokine Production (GO:0001819),43/320,0.9999047363405618,0.9999963846351302,0,0,0.5664799780988469,5.396752632502917e-05,PTGER4;FCN1;FLT4;TWIST1;CLEC9A;PTGS2;AGPAT2;C3;C1QTNF4;PLCG2;FFAR3;NLRP3;DRD2;IL6R;LURAP1;ELANE;SPTBN1;CCBE1;EGR1;IL33;AFAP1L2;ANXA1;FZD5;TSLP;SERPINF2;RFTN1;ADIPOQ;ALOX15B;ADRA2A;HLA-E;MAPK11;IL6;RGCC;LEP;SAA1;CNTN1;RAB7B;PLA2R1;TLR4;CD200;NODAL;TLR3;CD244
GO_Biological_Process_2023,Nucleocytoplasmic Transport (GO:0006913),2/50,0.9999107567759292,0.9999963846351302,0,0,0.1528232725003899,1.3639050156422184e-05,CITED1;BACH2
GO_Biological_Process_2023,tRNA Processing (GO:0008033),2/50,0.9999107567759292,0.9999963846351302,0,0,0.1528232725003899,1.3639050156422184e-05,TRMT9B;ELAC1
GO_Biological_Process_2023,Histone H4 Acetylation (GO:0043967),1/39,0.9999136866318932,0.9999963846351302,0,0,0.0965589412126808,8.334687139519136e-06,JADE1
GO_Biological_Process_2023,Internal Peptidyl-Lysine Acetylation (GO:0018393),1/39,0.9999136866318932,0.9999963846351302,0,0,0.0965589412126808,8.334687139519136e-06,KAT2B
GO_Biological_Process_2023,Negative Regulation Of Proteasomal Protein Catabolic Process (GO:1901799),1/39,0.9999136866318932,0.9999963846351302,0,0,0.0965589412126808,8.334687139519136e-06,NOP53
GO_Biological_Process_2023,Negative Regulation Of Ubiquitin-Dependent Protein Catabolic Process (GO:2000059),1/39,0.9999136866318932,0.9999963846351302,0,0,0.0965589412126808,8.334687139519136e-06,NOP53
GO_Biological_Process_2023,Nuclear Transport (GO:0051169),1/39,0.9999136866318932,0.9999963846351302,0,0,0.0965589412126808,8.334687139519136e-06,CITED1
GO_Biological_Process_2023,Positive Regulation Of Lymphocyte Differentiation (GO:0045621),1/39,0.9999136866318932,0.9999963846351302,0,0,0.0965589412126808,8.334687139519136e-06,GAS6
GO_Biological_Process_2023,Regulation Of Mitotic Spindle Organization (GO:0060236),1/39,0.9999136866318932,0.9999963846351302,0,0,0.0965589412126808,8.334687139519136e-06,GNAI1
GO_Biological_Process_2023,mRNA Metabolic Process (GO:0016071),6/85,0.9999163165833488,0.9999963846351302,0,0,0.2782735007262917,2.32878517213604e-05,ZFP36;PCBP3;ANG;SRSF5;PPARGC1A;ZFP36L2
GO_Biological_Process_2023,Regulation Of Cell Cycle (GO:0051726),39/298,0.999917885450141,0.9999963846351302,0,0,0.5496121226590899,4.513300511273825e-05,PPP1R15A;BEX1;HPGD;CITED2;DCUN1D3;JADE1;PRDM11;PKD2;NUDT6;TTC28;TGM1;RNF112;BRINP2;BRINP1;MECOM;GRK5;SPATA22;MYC;RPS6KA2;PLAGL1;GPER1;JUNB;BRINP3;AFAP1L2;JUN;FZD9;DAB2IP;PROX1;ALOX15B;BMP4;KAT2B;NR4A1;SFRP1;BMP2;BIN1;LEP;GMNC;ANKK1;NOP53
GO_Biological_Process_2023,Protein Targeting (GO:0006605),12/129,0.999919680353594,0.9999963846351302,0,0,0.3754028960407947,3.0153438842761515e-05,GOLGA7B;NLGN1;ZDHHC19;MYO1C;LTBP2;RASSF9;NACAD;MAN1A1;AKAP6;MGARP;ZDHHC2;ZDHHC15
GO_Biological_Process_2023,Positive Regulation Of Translation (GO:0045727),9/108,0.9999223916253596,0.9999963846351302,0,0,0.3328930268231885,2.5836289310024303e-05,NIBAN1;PIWIL2;IL6;HABP4;SAMD4A;VIM;PLD1;YBX3;LARP6
GO_Biological_Process_2023,Metaphase Plate Congression (GO:0051310),2/51,0.9999279193263788,0.9999963846351302,0,0,0.1496948802918453,1.0790496706903828e-05,PINX1;GEM
GO_Biological_Process_2023,"Negative Regulation Of Gene Expression, Epigenetic (GO:0045814)",2/51,0.9999279193263788,0.9999963846351302,0,0,0.1496948802918453,1.0790496706903828e-05,H1-9P;EZH1
GO_Biological_Process_2023,Positive Regulation Of Leukocyte Mediated Cytotoxicity (GO:0001912),2/51,0.9999279193263788,0.9999963846351302,0,0,0.1496948802918453,1.0790496706903828e-05,CD1C;HLA-E
GO_Biological_Process_2023,Regulation Of Telomere Maintenance Via Telomerase (GO:0032210),2/51,0.9999279193263788,0.9999963846351302,0,0,0.1496948802918453,1.0790496706903828e-05,TENM1;PINX1
GO_Biological_Process_2023,Regulation Of TOR Signaling (GO:0032006),5/78,0.9999298663141312,0.9999963846351302,0,0,0.2509918757597431,1.760360268014936e-05,LEP;TSSK1B;RRAGD;GPAT3;GAS6
GO_Biological_Process_2023,Regulation Of Innate Immune Response (GO:0045088),5/78,0.9999298663141312,0.9999963846351302,0,0,0.2509918757597431,1.760360268014936e-05,MYO1C;CFH;TYRO3;IRAK3;HLA-E
GO_Biological_Process_2023,Cell Cycle G2/M Phase Transition (GO:0044839),1/40,0.9999315326732248,0.9999963846351302,0,0,0.0940770730244414,6.441426216944847e-06,NES
GO_Biological_Process_2023,Peptidyl-Lysine Modification (GO:0018205),7/94,0.9999327609109804,0.9999963846351302,0,0,0.2947175978653915,1.981720905149572e-05,KAT2B;METTL21EP;EGR2;EYA1;BCL11A;NNAT;LOXL4
GO_Biological_Process_2023,Autophagosome Organization (GO:1905037),3/61,0.9999328977081368,0.9999963846351302,0,0,0.1896349976193742,1.2725369913237322e-05,GABARAPL3;GABARAPL1;MAP1LC3C
GO_Biological_Process_2023,Regulation Of Proteasomal Ubiquitin-Dependent Protein Catabolic Process (GO:0032434),9/109,0.9999337896265617,0.9999963846351302,0,0,0.3295430044527771,2.1819887748279296e-05,PRKN;CEBPA;SH3RF2;RNF180;LRRK2;RNF217;AXIN2;CLU;NOP53
GO_Biological_Process_2023,Protein Catabolic Process (GO:0030163),8/102,0.9999376333501796,0.9999963846351302,0,0,0.3116712197651,1.943849598538928e-05,PRKN;CPA2;FBXO27;FBXO17;DAB2IP;CAPN3;SPATA18;ELANE
GO_Biological_Process_2023,Cell Cycle G1/S Phase Transition (GO:0044843),2/52,0.9999416701938436,0.9999963846351302,0,0,0.1466916237716425,8.556743538371475e-06,CCND2;MYC
GO_Biological_Process_2023,Spliceosomal Complex Assembly (GO:0000245),3/62,0.9999449665525832,0.9999963846351302,0,0,0.1864089454081005,1.0259009192060471e-05,CELF2;CELF6;SRSF5
GO_Biological_Process_2023,Protein Localization To Lysosome (GO:0061462),1/41,0.9999455508326756,0.9999963846351302,0,0,0.091719298245614,4.994175382635445e-06,RNF128
GO_Biological_Process_2023,Regulation Of Amide Metabolic Process (GO:0034248),1/41,0.9999455508326756,0.9999963846351302,0,0,0.091719298245614,4.994175382635445e-06,DDX25
GO_Biological_Process_2023,Regulation Of Organelle Assembly (GO:1902115),5/80,0.9999510576072632,0.9999963846351302,0,0,0.2442675407788964,1.195533047730248e-05,C10ORF90;EFNB1;GSN;DCDC2;RNF186
GO_Biological_Process_2023,Membrane Organization (GO:0061024),17/167,0.999955170187826,0.9999963846351302,0,0,0.4144290522031776,1.8579193023657472e-05,CR1;CAV3;ANK2;PLAAT3;SGCZ;EGFR;STX11;TRDN;DPP4;ACE2;BIN1;TTPA;LPCAT2;TLCD2;ESYT1;SPTBN1;VAMP2
GO_Biological_Process_2023,DNA Integrity Checkpoint Signaling (GO:0031570),1/42,0.9999565608922184,0.9999963846351302,0,0,0.0894765368706318,3.886865350629999e-06,MAP3K20
GO_Biological_Process_2023,DNA Recombination (GO:0006310),1/42,0.9999565608922184,0.9999963846351302,0,0,0.0894765368706318,3.886865350629999e-06,RAG1
GO_Biological_Process_2023,Lysosomal Transport (GO:0007041),8/105,0.9999614113604488,0.9999963846351302,0,0,0.3019739321152861,1.1652988058144518e-05,CCL14;PRKN;PLEKHF1;LRP1;BIN1;GPRASP1;RAB7B;RILP
GO_Biological_Process_2023,Protein K63-linked Ubiquitination (GO:0070534),2/54,0.9999614972565706,0.9999963846351302,0,0,0.1410316403297217,5.43020960270062e-06,PRKN;RNF186
GO_Biological_Process_2023,Endocytic Recycling (GO:0032456),3/64,0.9999627057234644,0.9999963846351302,0,0,0.180274157596498,6.723319657065456e-06,TRARG1;EHD2;WIPF3
GO_Biological_Process_2023,Protein Stabilization (GO:0050821),23/208,0.9999648874446228,0.9999963846351302,0,0,0.4542383436810899,1.5949749016833206e-05,PRKN;EPHA4;WNT10B;CRTAP;TESC;USP2;CSN3;ANK2;PIK3R1;IGF1;ATP1B2;CLU;C10ORF90;SOX17;TMEM88;DSG1;AHSP;MSX1;PLPP3;PPARGC1A;CRYAB;NOP53;GPIHBP1
GO_Biological_Process_2023,DNA-templated DNA Replication Maintenance Of Fidelity (GO:0045005),1/43,0.9999652072105204,0.9999963846351302,0,0,0.0873405736563631,3.038875058039544e-06,OOEP
GO_Biological_Process_2023,Regulation Of Chromosome Organization (GO:0033044),1/43,0.9999652072105204,0.9999963846351302,0,0,0.0873405736563631,3.038875058039544e-06,MYC
GO_Biological_Process_2023,Autophagosome Assembly (GO:0000045),3/65,0.9999691452056982,0.9999963846351302,0,0,0.1773551859764613,5.472342206084832e-06,GABARAPL3;GABARAPL1;MAP1LC3C
GO_Biological_Process_2023,Regulation Of Translational Initiation (GO:0006446),3/65,0.9999691452056982,0.9999963846351302,0,0,0.1773551859764613,5.472342206084832e-06,CTIF;HABP4;C8ORF88
GO_Biological_Process_2023,Establishment Of Protein Localization To Mitochondrion (GO:0072655),1/44,0.999971996026102,0.9999963846351302,0,0,0.0853039575683394,2.3888832504094965e-06,MGARP
GO_Biological_Process_2023,Mitotic Spindle Assembly (GO:0090307),1/44,0.999971996026102,0.9999963846351302,0,0,0.0853039575683394,2.3888832504094965e-06,ARHGEF10
GO_Biological_Process_2023,Regulation Of DNA Recombination (GO:0000018),1/44,0.999971996026102,0.9999963846351302,0,0,0.0853039575683394,2.3888832504094965e-06,H1-9P
GO_Biological_Process_2023,post-Golgi Vesicle-Mediated Transport (GO:0006892),2/56,0.9999741895316064,0.9999963846351302,0,0,0.1357909149205358,3.5048723490823143e-06,SORCS1;STEAP2
GO_Biological_Process_2023,Regulation Of Cell Cycle Process (GO:0010564),11/130,0.9999747835512418,0.9999963846351302,0,0,0.3382131281586492,8.528641547038554e-06,SFRP1;BIN1;CAV2;MYC;DCUN1D3;GPER1;CCDC8;KLHL21;DPF3;KLHL13;ANKK1
GO_Biological_Process_2023,Post-Transcriptional Regulation Of Gene Expression (GO:0010608),2/57,0.9999786970961072,0.9999963846351302,0,0,0.1333134810907389,2.8399945254477423e-06,PER1;DDX25
GO_Biological_Process_2023,Cellular Respiration (GO:0045333),5/85,0.9999790855501356,0.9999963846351302,0,0,0.2289276516038398,4.787945960872646e-06,NR4A3;COX4I2;ME3;ETFB;PPARGC1A
GO_Biological_Process_2023,Regulation Of RNA Splicing (GO:0043484),7/102,0.9999811248999207,0.9999963846351302,0,0,0.2697611914536869,5.091817540590648e-06,KAT2B;MBNL2;AHNAK;HABP4;RBM20;PIK3R1;MBNL3
GO_Biological_Process_2023,"Regulation Of mRNA Splicing, Via Spliceosome (GO:0048024)",6/94,0.9999812101563436,0.9999963846351302,0,0,0.2496700021290185,4.691304380255916e-06,KHDRBS2;NOVA1;CELF2;NOVA2;RBM20;CELF6
GO_Biological_Process_2023,Replication Fork Processing (GO:0031297),1/46,0.99998150761446,0.9999963846351302,0,0,0.0815022742040285,1.5071854127350577e-06,OOEP
GO_Biological_Process_2023,Vacuolar Transport (GO:0007034),1/46,0.99998150761446,0.9999963846351302,0,0,0.0815022742040285,1.5071854127350577e-06,LRP1
GO_Biological_Process_2023,mRNA Transport (GO:0051028),2/58,0.999982297871745,0.9999963846351302,0,0,0.1309245270405775,2.3176632832477984e-06,ZFP36;DDX25
GO_Biological_Process_2023,DNA-templated Transcription Initiation (GO:0006352),2/59,0.9999851726351592,0.9999963846351302,0,0,0.1286193959395447,1.9071008478906657e-06,PPARGC1A;ZFP36L2
GO_Biological_Process_2023,Macroautophagy (GO:0016236),7/104,0.9999856668234148,0.9999963846351302,0,0,0.2641652962015779,3.786354973413254e-06,GABARAPL3;PRKN;GABARAPL1;MAP1LC3C;LIX1L;TMEM74;KLHL3
GO_Biological_Process_2023,Regulation Of Macroautophagy (GO:0016241),6/96,0.9999858747115836,0.9999963846351302,0,0,0.2440905542544886,3.4478738297216364e-06,SESN3;LRRK2;KDR;LACRT;DCN;ATP6V1B1
GO_Biological_Process_2023,Protein K48-linked Ubiquitination (GO:0070936),3/70,0.9999869938451512,0.9999963846351302,0,0,0.1640673300942048,2.133898977771897e-06,PRKN;MYCBP2;KLHL3
GO_Biological_Process_2023,ERAD Pathway (GO:0036503),5/89,0.9999883396536744,0.9999963846351302,0,0,0.2179705879073708,2.5416273619276357e-06,PRKN;FBXO27;FBXO17;MAN1A1;SEL1L2
GO_Biological_Process_2023,Negative Regulation Of Transcription By RNA Polymerase II (GO:0000122),116/763,0.99998849861136,0.9999963846351302,0,0,0.6497934252764237,7.473569698068043e-06,PRDM5;ZBTB20;NR3C1;BACH2;ETS2;ZFP36;EDNRB;ZNF608;SOX18;MYC;SOX15;SOX8;HOXA7;MYOZ1;MYOZ2;OSR2;MEF2C;MLIP;FST;USP2;ARID5A;ARID5B;MITF;SOX10;MAF;BIN1;ZFPM2;ATF3;MAGEB4;NOTCH4;TWIST1;ZBTB4;GLIS1;PRDM16;NDN;ALX1;ELANE;CBX7;JUN;BCL11A;MAGEE2;ZBTB16;CAV1;PTCH1;PDE2A;NR2F1;IGF2;NR0B1;BMP6;ESR2;POU6F1;BMP4;NR4A2;BMP2;NR4A3;BCL6;MAFF;ID1;ID4;ZNF536;ID3;HOXD9;EZH1;TENM2;THRB;FOXE1;THRA;CITED2;TCF23;BHLHE41;TCF21;LDB2;TRO;HEY1;HEY2;ZNF366;KLF10;EDN1;PEG3;NOG;PROX1;DUSP26;RIPPLY1;ZEB2;MYH2;RIPPLY2;CRY2;RARB;PPARG;PPARA;KANK2;PRKN;YAP1;CEBPA;FOXC1;NFIX;SATB1;DLL4;CUX2;NFIL3;DNAJB4;APBB1;SNCA;IRX1;IL33;DAB2IP;NR1H3;KLF4;MEIS2;KLF2;KLF8;PER1;BCL6B;ZNF219;FOSB;NOP53
GO_Biological_Process_2023,Interferon-Mediated Signaling Pathway (GO:0140888),1/49,0.9999893789831654,0.9999963846351302,0,0,0.0763937621832358,8.113837430726999e-07,IFNE
GO_Biological_Process_2023,Cytoskeleton-Dependent Cytokinesis (GO:0061640),4/81,0.9999896104870964,0.9999963846351302,0,0,0.190269468359356,1.9768173657952742e-06,ROPN1B;SEPTIN4;MYH10;SPTBN1
GO_Biological_Process_2023,Positive Regulation Of T Cell Activation (GO:0050870),7/107,0.9999900030969268,0.9999963846351302,0,0,0.2561911454673226,2.561130851140328e-06,IL6;ANXA1;CD209;LEP;SIRPA;CCL2;SIRPB1
GO_Biological_Process_2023,Regulation Of Cellular Response To Stress (GO:0080135),7/107,0.9999900030969268,0.9999963846351302,0,0,0.2561911454673226,2.561130851140328e-06,PRKN;CRHBP;KAT2B;RADX;AIFM2;ADCY8;CORO2B
GO_Biological_Process_2023,Positive Regulation Of I-kappaB kinase/NF-kappaB Signaling (GO:0043123),16/175,0.9999908243834662,0.9999963846351302,0,0,0.3676735465202114,3.373646950159446e-06,PRKN;CCL21;PELI2;S100B;CX3CL1;EDA2R;EDAR;GPRC5B;TRIM68;S100A12;ROR1;S100A4;PRKD1;LURAP1;WLS;LTF
GO_Biological_Process_2023,Mitotic Metaphase Plate Congression (GO:0007080),1/50,0.9999909589872988,0.9999963846351302,0,0,0.0748299319727891,6.765414237074006e-07,PINX1
GO_Biological_Process_2023,Ribosome Assembly (GO:0042255),1/50,0.9999909589872988,0.9999963846351302,0,0,0.0748299319727891,6.765414237074006e-07,NOP53
GO_Biological_Process_2023,Regulation Of Transcription By RNA Polymerase II (GO:0006357),289/2028,0.9999910218702872,0.9999963846351302,0,0,0.5829274353840898,5.23362162212377e-06,PID1;FOXI2;FOXI1;BACH2;ABRA;RPS6KA3;HOXA9;EDNRB;ZNF608;SOX17;SOX18;MYC;SOX15;NKX1-2;HOXA3;DPF3;SOX8;HOXA7;MYOZ1;SOX6;HOXA6;JUNB;MYOZ2;TP63;HOXA5;PKNOX2;HOXA4;SOX5;NKX2-8;MEF2C;SERPINF2;EBF1;EBF2;SOX10;RFX6;BIN1;RFX4;HOXB4;ZSCAN23;PRKD1;HOXB8;ZFPM2;ATF3;MAGEB4;BEX1;EPAS1;TSHZ2;TWIST2;TWIST1;PIK3R1;ZBTB4;MED12L;GALR1;PRDM16;ALX4;ALX1;PPARGC1A;ELANE;STAT5A;EGR1;STAT5B;JUN;EGR2;EGR3;FZD5;MAGEE2;BCL11A;PDE2A;NR2F1;IGF2;POU6F2;LIF;NFATC2;NR0B1;IGF1;FLI1;POU6F1;ID1;ID4;CYP1A1;ID3;HOXD4;MKX;HOXD3;MEIS3P1;SIM1;HOXD9;EZH1;ACVRL1;CSRNP1;MESP1;TENM2;CSRNP3;CITED1;FOXE1;CITED2;TCF23;BHLHE41;TCF21;ADIRF;HIF3A;MEOX2;GLI1;MEOX1;CX3CL1;MECOM;HEY1;HEY2;TEAD1;ZNF366;VENTX;EDN1;TCF15;NOG;PAX3;FOS;PROX1;PAX5;RGMA;RIPPLY1;KAT2B;ZEB2;NR5A2;RIPPLY2;TAL1;RARB;PPARG;PPARA;TLR4;VGLL1;TLR3;RHOQ;VGLL3;YAP1;KANK2;PRKN;FOXC1;NFIX;SATB1;EGFR;CUX2;NFIL3;PLAGL1;GSC;SHOX;MSX1;APBB1;RXRG;IL33;DMRT2;DAB2IP;NR1H3;DMRT3;PER1;NFIB;ZNF219;FOSB;CAMK1;NEUROG2;PF4;CSF3;PRDM5;JADE1;ZBTB20;NR3C1;FGF1;FGF2;HOXA13;ETS2;NR3C2;HOXA10;ZFP36;CHP2;OSR2;MLIP;FST;HGF;LMO3;USP2;LMO2;ARID5A;ARID5B;MITF;POU3F3;FOXP2;NPAS4;MAF;LMX1A;PGR;ERG;NOTCH4;TCF7;BHLHE22;FOXO4;FOXO1;GLIS1;NPAS3;NLRP3;NDN;CYTL1;ZNF662;CBX7;ZNF660;CAV1;ZBTB16;PTCH1;SMAD9;ZFHX4;BMP6;ESR2;BMP5;BMP4;NR4A2;MLXIPL;NR4A1;BMP2;IL6;RGCC;NR4A3;BCL6;MAFF;MYF6;ZSCAN4;LHX6;ZNF536;SP9;CALCOCO1;THRB;RHOXF1;THRA;ARRB1;LDB2;PKD2;TRO;GPER1;NOS1;KLF10;MYOCD;KLF13;PEG3;FIGLA;ABHD14B;DUSP26;KLF15;DCN;ADRA2A;MYH2;ETV3L;HAND2;ELF5;DMRTA1;CRY2;CDH13;MET;CREB5;CEBPA;CEBPD;ZBTB47;DBX2;LRP5;BARX2;DLL1;DLL4;DNAJB4;ATOH8;SNCA;IRX1;TCF7L1;SPAG8;IRX6;IRX4;KLF4;TBX4;MEIS2;TBX18;KLF2;CTCFL;KLF8;POMC;TBX15;KLF6;DPRX;MEIS1;TEF;ASXL3;BCL6B;KLF9;ZNF853;NOP53
GO_Biological_Process_2023,Regulation Of DNA-templated Transcription (GO:0006355),254/1922,0.9999911192344472,0.9999963846351302,0,0,0.5321785336524415,4.726173775609984e-06,FOXI2;FOXI1;BACH2;RPS6KA3;HOXA9;ZNF608;SOX17;ZNF727;SOX18;MYC;SOX15;NKX1-2;HOXA3;DPF3;SOX8;HOXA7;SOX6;HOXA6;JUNB;SOX7;TP63;HOXA5;PKNOX2;HOXA4;SOX5;NKX2-8;MEF2C;EBF1;EBF2;SOX10;DKK3;SFRP1;RFX6;RFX4;HOXB4;ZSCAN23;HOXB8;ZFPM2;ATF3;EPAS1;IGSF1;TSHZ2;TWIST2;TWIST1;PRDM11;ZBTB4;PRDM16;ALX4;INPP5K;ALX1;PPARGC1A;STAT5A;EGR1;STAT5B;JUN;EGR2;AFAP1L2;EGR3;FZD4;BCL11A;IGF2;POU6F2;NFATC2;NR0B1;IGF1;GDF6;FLI1;POU6F1;GDF7;ID1;ID4;CYP1A1;ID3;HOXD4;MKX;HOXD3;SIM1;HOXD9;CDKN1C;ACVRL1;CSRNP1;MESP1;TENM1;CSRNP3;MSTN;CITED1;FOXE1;CITED2;TGFB1I1;TCF23;BHLHE41;TCF21;HIF3A;MEOX2;GLI1;MEOX1;MECOM;HEY1;H1-9P;HEY2;ZNF488;TEAD1;VENTX;TCF15;TESC;PAX3;FOS;PROX1;PAX5;RIPPLY1;KAT2B;ZEB2;NR5A2;MDFIC;TAL1;PPARG;PPARA;GAS6;CRYAB;VGLL1;VGLL3;YAP1;FOXC1;NFIX;SATB1;EGFR;TCEAL7;NFIL3;GSC;SHOX;HAS3;MSX1;APBB1;ZIM2;RUNX1T1;DMRT2;DAB2IP;NR1H3;DMRT3;WTIP;PER1;NFIB;ZNF219;FOSB;PRDM8;PRDM5;JADE1;NR3C1;FGF2;HOXA13;ETS2;NR3C2;HOXA10;FGF7;EFEMP1;CAPN3;MAP3K5;OSR2;TLE2;ADIPOQ;ARID5A;ARID5B;MITF;POU3F3;FOXP2;NPAS4;MAF;LMX1A;PGR;ERG;ZNF676;NOTCH4;TCF7;FOXO4;FOXO1;GLIS1;ZFP36L2;NPAS3;NDP;ZNF423;WNT1;ZNF662;ZNF540;ZNF660;ZBTB16;SMAD9;FOXN3;ZFHX4;ESR2;BMP4;NR4A2;MLXIPL;NR4A1;BMP2;IL6;NR4A3;BCL6;MAFF;MYF6;ZSCAN4;LHX6;ZNF536;SP9;CALCOCO1;RHOXF1;THRA;ARRB1;NOS1;KLF10;MYOCD;KLF13;FIGLA;NRG1;KLF15;ADRA2A;MYH2;ETV3L;HAND2;ELF5;DMRTA1;CRY2;CREB5;CEBPA;CEBPD;ZBTB47;DBX2;LRP5;BARX2;PPM1F;CAND2;WNT11;ATOH8;TNNI2;ZNF503;ZNF502;BEND5;IRX1;TCF7L1;EGF;IRX6;IRX4;KLF4;TBX4;TBX18;KLF2;CTCFL;KLF8;TBX15;KLF6;DPRX;TCIM;TEF;KLF9;ZNF853
GO_Biological_Process_2023,Ubiquitin-Dependent ERAD Pathway (GO:0030433),3/73,0.9999914183130616,0.9999963846351302,0,0,0.1570057838253485,1.3473802656963e-06,FBXO27;FBXO17;MAN1A1
GO_Biological_Process_2023,Positive Regulation Of DNA-templated Transcription (GO:0045893),198/1243,0.999991668184028,0.9999963846351302,0,0,0.6820216308303864,5.682502389844509e-06,PID1;FOXI1;ABRA;RPS6KA3;SOX17;SOX18;MYC;SOX15;SOX8;HOXA7;JUNB;TP63;HOXA5;NKX2-8;MEF2C;SERPINF2;SOX10;SFRP1;RFX6;RFX4;HOXB4;PRKD1;ZFPM2;ATF3;BEX1;EPAS1;TWIST1;PIK3R1;PRDM11;MED12L;GALR1;PRDM16;INPP5K;ALX1;PPARGC1A;STAT5A;NGFR;EGR1;STAT5B;JUN;EGR2;AFAP1L2;FZD5;FZD4;NR2F1;IGF2;LIF;NFATC2;IGF1;GDF6;FLI1;GDF7;HOXD4;HOXD3;MEIS3P1;CDKN1C;ACVRL1;CSRNP1;MESP1;CSRNP3;FOXE1;MSTN;CITED1;CITED2;TGFB1I1;TCF21;ADIRF;PRL;GLI1;MEOX2;CX3CL1;HEY1;MECOM;HEY2;TEAD1;VENTX;EDN1;TCF15;TESC;PAX3;FOS;PROX1;RGMA;KAT2B;ZEB2;NR5A2;MDFIC;TAL1;RARB;PPARG;PPARA;TLR4;RHOQ;TLR3;PRKN;YAP1;FOXC1;NFIX;EGFR;NFIL3;PLAGL1;HAS3;SHOX;APBB1;RXRG;IL33;DAB2IP;NR1H3;PER1;NFIB;CAMK1;NEUROG2;PF4;CSF3;RASL11A;PRDM5;NR3C1;FGF1;FGF2;ETS2;HOXA10;FGF7;CHP2;CAPN3;MAP3K5;OSR2;MLIP;HGF;LMO3;LMO2;MITF;POU3F3;NPAS4;LMX1A;PGR;ERG;NOTCH4;FOXO4;BHLHE22;FOXO1;GLIS1;NPAS3;NLRP3;CYTL1;NDP;ZNF423;WNT1;ZBTB16;BMP6;ESR2;BMP5;BMP4;NR4A2;MLXIPL;NR4A1;BMP2;IL6;RGCC;NR4A3;MAFF;MYF6;CALCOCO1;THRB;THRA;ARRB1;LDB2;PKD2;GPER1;NOS1;KLF10;MYOCD;PEG3;ABHD14B;KLF15;DCN;HAND2;CDH13;MET;CREB5;CEBPA;LRP5;BARX2;DLL1;CAND2;WNT11;ATOH8;TNNI2;SPAG8;EGF;IRX6;KLF4;MEIS2;KLF2;CTCFL;POMC;KLF6;MEIS1;ASXL3
GO_Biological_Process_2023,G1/S Transition Of Mitotic Cell Cycle (GO:0000082),2/63,0.999991910941022,0.9999963846351302,0,0,0.1201546522242764,9.719419993873335e-07,CCND2;MYC
GO_Biological_Process_2023,Regulation Of Gene Expression (GO:0010468),168/1127,0.999992081623576,0.9999963846351302,0,0,0.6296420017199837,4.985762121505652e-06,PRDM8;PID1;CSF1;JADE1;ZBTB20;NR3C1;FGF1;CLU;FGF2;ACTG2;CDH5;FGF7;EFEMP1;FGF8;SOX17;FGF9;ZNF727;MYC;SOX15;KDR;SIRPA;SOX6;SOX7;SH3GL2;HOXA5;RAG1;OSR2;MEF2C;MBNL2;ANK2;MITF;POU3F3;ACE2;CLDN5;STX1B;SFRP1;APLNR;PKP1;PGR;ZNF676;DHH;IGSF1;TCF7;TWIST1;FOXO4;NTS;ZBTB4;NKAPL;WNT6;CALCR;RFPL4B;PCBP3;STC2;FGF20;PLCG2;ZNF423;PPARGC1A;MARK1;BTNL9;EGR1;BTNL8;TIPARP;PDE2A;IGF2;POU6F2;NFATC2;FOXN3;IGF1;BTNL2;BMP6;ESR2;BMP4;FGF17;MLXIPL;FGF16;BMP2;IL6;RGCC;BCL6;PIP;CNTN1;ZNF536;HOXD3;FGF10;ACVRL1;MYOM1;CALCOCO1;RHOXF1;CITED1;CITED2;TCF23;YBX3;VSIR;AFF2;EPB41L4B;C1QTNF1;GPER1;H1-9P;HEY2;NFKBIZ;ITGB8;CD36;ZNF488;CD34;PEG3;EDN3;TESC;AVPR2;NOG;NRG1;PROX1;NGF;ACTA2;KAT2B;NR5A2;HAND2;CLDN19;RBM20;PPARG;GAS6;TLR4;VGLL1;TLR3;LTF;RBMS3;PRKN;YAP1;CEBPA;FOXC1;RAMP2;RAMP3;LRP1;AHNAK;DLL1;PPM1F;PTHLH;DLL4;NWD1;CUX2;NFIL3;ATOH8;ZNF503;ZNF502;IGF2BP2;APBB1;MBNL3;ZIM2;STOX1;NTRK2;IL33;TCF7L1;GSN;ANGPT1;ODAM;EGF;NTRK3;WTIP;KLF4;CTCFL;PER1;MAPK11;ACTC1;KRT17;BCL6B;ZNF219;SPRY2;CCDC3;PF4
GO_Biological_Process_2023,RNA Modification (GO:0009451),1/51,0.9999921955405898,0.9999963846351302,0,0,0.0733286549707602,5.722927445428036e-07,TRMT9B
GO_Biological_Process_2023,Positive Regulation Of DNA Recombination (GO:0045911),1/51,0.9999921955405898,0.9999963846351302,0,0,0.0733286549707602,5.722927445428036e-07,OOEP
GO_Biological_Process_2023,Negative Regulation Of DNA-templated Transcription (GO:0045892),149/1025,0.999992253113752,0.9999963846351302,0,0,0.6119495957681511,4.740722270897894e-06,PRDM5;ZBTB20;NR3C1;ETS2;BACH2;ZFP36;EDNRB;ZNF608;SOX18;MYC;SOX15;CAPN3;SOX8;HOXA7;MYOZ1;MYOZ2;SOX7;TP63;OSR2;MEF2C;TLE2;MLIP;FST;ADIPOQ;USP2;ARID5A;ARID5B;MITF;SOX10;FOXP2;POU3F3;DKK3;SFRP1;MAF;BIN1;ZFPM2;ATF3;MAGEB4;NOTCH4;TWIST2;TWIST1;PRDM11;ZBTB4;FOXO1;GLIS1;PRDM16;NDN;INPP5K;ALX1;ZNF423;ELANE;ZNF540;CBX7;JUN;BCL11A;MAGEE2;ZBTB16;CAV1;PTCH1;PDE2A;NR2F1;IGF2;NR0B1;FOXN3;BMP6;ESR2;POU6F1;BMP4;NR4A2;MLXIPL;BMP2;NR4A3;BCL6;ID1;MAFF;ID4;ID3;ZNF536;HOXD9;EZH1;CDKN1C;MESP1;TENM2;THRB;FOXE1;CITED1;THRA;CITED2;TCF23;BHLHE41;TCF21;LDB2;TRO;HEY1;MECOM;HEY2;ZNF366;KLF10;EDN1;PEG3;NOG;NRG1;PROX1;DUSP26;RIPPLY1;ZEB2;MYH2;RIPPLY2;MDFIC;CRY2;RARB;PPARG;PPARA;GAS6;CRYAB;KANK2;PRKN;YAP1;CEBPA;FOXC1;NFIX;SATB1;PPM1F;DLL4;TCEAL7;CUX2;WNT11;NFIL3;DNAJB4;ATOH8;ZNF503;APBB1;BEND5;RUNX1T1;SNCA;IRX1;IL33;DAB2IP;NR1H3;KLF4;MEIS2;KLF2;KLF8;PER1;NFIB;BCL6B;ZNF219;FOSB;NOP53
GO_Biological_Process_2023,Vesicle-Mediated Transport (GO:0016192),52/411,0.9999924272981046,0.9999963846351302,0,0,0.5268870811175825,3.989973905323514e-06,ANXA8L1;TINAGL1;PLEKHF1;EQTN;LRRK2;ITSN1;WIPF3;STAB2;FMN2;DOC2B;ARL5C;DPYSL2;DNER;KIF5A;KIF1C;ANXA8;GPRASP1;SCARA5;IRAG2;ARAP3;PRSS12;ANK1;STX1B;ARL4A;TBC1D4;BIN1;RHOJ;RHOU;PRKD1;RAB7B;STEAP2;VAMP2;RHOQ;CCL14;STXBP1;STX19;ADRB2;STX11;NCALD;CCL8;ALS2CL;NLRP5;RILP;SYT4;RPH3AL;CAV3;CAV2;RASSF9;NSG1;DCLK1;EHD2;OSBPL1A
GO_Biological_Process_2023,Sensory Perception Of Chemical Stimulus (GO:0007606),7/110,0.9999924860841868,0.9999963846351302,0,0,0.2486815083680723,1.8685789383628683e-06,SLC24A4;OBP2B;OR1E1;CD36;DRD2;OR10A3;OR3A2
GO_Biological_Process_2023,Regulation Of Apoptotic Process (GO:0042981),99/705,0.9999927619431754,0.9999963846351302,0,0,0.5912789746774534,4.2797263063560615e-06,CLU;AQP1;RPS6KA3;CCND2;MYC;RPS6KA2;KDR;PROK2;TNFRSF8;CAPN3;SOX8;HOXA5;MAP3K5;PHLDA3;MEF2C;DAPK2;HGF;OLFM4;POU3F3;SFRP1;BIN1;GPLD1;BEX1;DCUN1D3;PIK3R1;FOXO1;SOCS2;SOCS3;GRK5;MAP3K20;WNT1;WNT10B;EGR1;JUN;EGR3;TSLP;FZD9;CIDEA;IGF1;CIDEC;TNFRSF10D;ACER2;BMP4;BMP2;IL6;BCL6;ALB;BCL2;LACRT;BCL2L2;ALK;CSRNP3;CITED1;CITED2;FLT4;FMN2;SLC6A2;CX3CL1;RNF157;ADAMTSL4;AIFM2;TRIM2;GPER1;FFAR4;EMILIN2;BOK;GRID2;ANXA1;NRG1;ANO6;DUSP6;KCNMA1;CAT;GAS1;ANGPTL4;GAS6;SGK1;CRYAB;LTF;PRKN;GSTP1;FSTL1;EGFR;ACVR1C;NTF3;FYN;APBB1;SLIT2;SNCA;ANGPT4;ANGPT1;DAB2IP;SEPTIN4;SH3RF2;TCIM;SPRY2;TEK;VIP;NOP53
GO_Biological_Process_2023,Regulation Of Autophagy (GO:0010506),25/241,0.9999927844741328,0.9999963846351302,0,0,0.4222318060238549,3.0466355098430707e-06,PRKN;PLEKHF1;DAPL1;LRRK2;ITPR1;RASIP1;FOXO1;DEPP1;LEPR;TRIM68;BOK;FZD5;DAPK2;HGF;KIF25;DCN;GFAP;ACER2;LEP;RRAGD;BCL2;PRKD1;MET;OPTN;ATP6V1B1
GO_Biological_Process_2023,Protein Modification Process (GO:0036211),79/711,0.9999929038627882,0.9999963846351302,0,0,0.4494877293304741,3.189637919433743e-06,EPHB6;ACVRL1;PTPRT;ST6GALNAC1;PTPRS;GMFG;LRRK2;TSSK1B;JADE1;F13A1;PTPRM;PLAT;CDC14B;TGM1;LIPE;PPP2R1B;B3GALT2;PDK4;CTSG;TGM5;EPHB1;PDK2;MAP3K5;CDKL2;EPHA5;EPHA4;EPHA7;ANXA1;EPHA6;DAPK2;PRKCA;IRAK3;TNNI3K;DUSP26;TGFBR2;PADI4;ERG;SIK2;CHST4;GAS6;SGK1;SGK2;EPHA3;SPRR2E;CSTA;EPB42;PKN3;PPM1F;FUT6;GRK3;ACVR1C;WNT11;PTPRZ1;GRK5;FUT9;MAP3K20;CCL2;FYN;PI3;PAK3;ST3GAL3;MARK1;ST8SIA1;GLYCTK;ST8SIA2;BMX;DCLK1;MAPK10;MSRA;PTPRB;BMP2;PDP2;UST;NEK10;CPE;COQ8A;CAMK1;PTPN5;FGFR1
GO_Biological_Process_2023,Plasma Membrane Bounded Cell Projection Assembly (GO:0120031),30/275,0.9999929713907152,0.9999963846351302,0,0,0.4463937247060859,3.1375381043778874e-06,CEP126;CDC14C;MYLK;CDC14B;FGD5;ABLIM1;ABLIM3;DZIP1L;S1PR1;INPP5K;NPHP3;RILP;P2RY12;TTC36;DMTN;GSN;CCL21;SPAG6;EMP1;DCDC2;ANO6;AIF1L;MRAP;EHD2;KIT;CFAP58;PMP22;ARHGEF4;CDH13;ARHGEF6
GO_Biological_Process_2023,Nucleosome Organization (GO:0034728),3/75,0.999993118165312,0.9999963846351302,0,0,0.1526250097511506,1.0503437004947903e-06,NAP1L3;NAP1L2;PADI4
GO_Biological_Process_2023,Nuclear-Transcribed mRNA Catabolic Process (GO:0000956),4/85,0.9999932741686284,0.9999963846351302,0,0,0.1808272067323253,1.216217389944505e-06,EXOSC7;CTIF;ZFP36;SAMD4A
GO_Biological_Process_2023,Regulation Of Nucleic Acid-Templated Transcription (GO:1903506),42/452,0.9999936765422572,0.9999963846351302,0,0,0.3705128057421339,2.342929477937343e-06,ACVRL1;PRDM8;CEBPA;FOXC1;RHOXF1;IGSF1;TCF7;JADE1;FOXO4;NR3C1;ZBTB4;EFEMP1;SOX17;NFIL3;ZNF727;SOX15;H1-9P;ZNF502;APBB1;ZNF423;SOX6;PPARGC1A;ZNF488;SOX7;ZIM2;MEF2C;TCF7L1;POU6F2;IGF2;NFATC2;MITF;FOXN3;WTIP;ESR2;KAT2B;MLXIPL;BMP2;NR5A2;ZNF219;ZNF536;ZNF676;VGLL1
GO_Biological_Process_2023,Regulation Of I-kappaB kinase/NF-kappaB Signaling (GO:0043122),23/232,0.9999937025553168,0.9999963846351302,0,0,0.4014559944739261,2.5281548784362696e-06,PRKN;NLRX1;CCL21;GSTP1;PELI2;DAB2IP;S100B;CX3CL1;EDA2R;EDAR;PER1;GPRC5B;PLCG2;TRIM68;S100A12;CAPN3;ROR1;S100A4;PRKD1;LURAP1;OPTN;WLS;LTF
GO_Biological_Process_2023,Phosphorylation (GO:0016310),50/429,0.9999937244084188,0.9999963846351302,0,0,0.4790360464869441,3.0062440133483423e-06,ALK;EPHB6;ACVRL1;DGKB;GMFG;LRRK2;TSSK1B;LIPE;PDK4;CTSG;EPHB1;PDK2;MAP3K5;CDKL2;EPHA5;EPHA4;EPHA7;EPHA6;DAPK2;PRKCA;IRAK3;TNNI3K;TGFBR2;ERG;SIK2;GAS6;SGK1;SGK2;DGKI;EPHA3;PKN3;GRK3;ACVR1C;WNT11;GRK5;MAP3K20;CCL2;FYN;PAK3;MARK1;GLYCTK;BMX;DCLK1;GCK;MAPK10;BMP2;NEK10;COQ8A;CAMK1;FGFR1
GO_Biological_Process_2023,Protein Ubiquitination (GO:0016567),35/434,0.9999937440976914,0.9999963846351302,0,0,0.3169767143631302,1.982981561841325e-06,PRKN;TRIM50;TRIM74;HERC2P3;PELI2;MYCBP2;DTX1;ARRB1;ASB11;KLHL13;RNF157;C10ORF90;CAND2;RNF112;RFPL4B;TRIM2;RNF217;TRIM68;SASH1;RAG1;TRIM61;TRIM63;KLHL21;KLHL3;SH3RF2;RNF125;ASB9;BCL2;RNF182;ASB4;ASB5;RNF186;PDZRN3;TRIM55;ASB1
GO_Biological_Process_2023,DNA Damage Response (GO:0006974),21/384,0.9999939456534016,0.9999963846351302,0,0,0.2088490934340736,1.2644486260960933e-06,YAP1;PPP1R15A;BTG2;FOXE1;NFATC2;FMN2;TNFRSF1B;ZBTB4;FOXO1;FBXO31;ACER2;BCL6;MYC;BCL2;APBB1;SPATA18;WNT1;NOP53;BCL2L2;EPHA2;BOK
GO_Biological_Process_2023,Protein-Containing Complex Assembly (GO:0065003),36/328,0.9999939889445572,0.9999963846351302,0,0,0.4487205996381494,2.697292509567089e-06,YAP1;STXBP1;LRRK2;LIN7A;ADRB2;LAMC1;ADCY8;CLU;COX7A1;CX3CL1;JCHAIN;CAND2;TSPAN4;CAPN3;DMD;STXBP6;PPARGC1A;TEAD1;WASF3;BOK;SNCA;CARD10;DMTN;ANGPT1;ANO6;MITF;NRG1;NSG1;CXCL12;CASQ2;APBA1;FMOD;PALS2;FERMT2;VAMP2;TMEM35A
GO_Biological_Process_2023,Ubiquitin-Dependent Protein Catabolic Process (GO:0006511),16/367,0.99999401944341,0.9999963846351302,0,0,0.1644984818693738,9.837954216068888e-07,PRKN;TGFB1I1;USP44;OTUD7A;KLHL3;ARRB1;AXIN2;TRIM9;RNF125;RNF128;UBQLNL;TRIM2;RNF217;UBAP1L;RNF150;RNF186
GO_Biological_Process_2023,Protein Modification By Small Protein Conjugation (GO:0032446),28/364,0.9999940328014812,0.9999963846351302,0,0,0.3018675455116133,1.801308944859276e-06,PRKN;TRIM50;TRIM74;DCUN1D3;HERC2P3;MYCBP2;DTX1;ARRB1;ASB11;KLHL13;RNF157;C10ORF90;CAND2;RFPL4B;TRIM61;EGR2;TRIM63;EYA1;BCL11A;KLHL21;KLHL3;SH3RF2;ASB9;RNF182;ASB5;PDZRN3;TRIM55;ASB1
GO_Biological_Process_2023,Intracellular Protein Transport (GO:0006886),21/325,0.9999942155785037,0.9999963846351302,0,0,0.2503401570907291,1.448077174250573e-06,TRARG1;NGFR;EGR2;NLGN1;STXBP1;STX19;COPZ2;RASSF9;AKAP6;LTBP2;SNX31;STX11;STX1B;RANBP3L;ARL4A;ARL5C;MAP1LC3C;RAB6B;SEC31B;WLS;GPIHBP1
GO_Biological_Process_2023,Organelle Assembly (GO:0070925),19/322,0.9999942304446162,0.9999963846351302,0,0,0.2271537231242504,1.3105797669328557e-06,GABARAPL3;TTC36;SRPX;CEP126;GABARAPL1;GSN;DCDC2;CDC14C;CDC14B;EHD2;ABLIM1;ABLIM3;MAP1LC3C;DZIP1L;CFAP58;NPHP3;SYNPO;CD34;RILP
GO_Biological_Process_2023,Proteasome-Mediated Ubiquitin-Dependent Protein Catabolic Process (GO:0043161),13/319,0.9999942453955736,0.9999963846351302,0,0,0.1536507323235807,8.842017284703336e-07,PRKN;FBXO27;USP44;FBXO17;KLHDC1;ARRB1;AXIN2;ECRG4;FBXO31;TRIM9;TRIM2;MAN1A1;RNF186
GO_Biological_Process_2023,Protein Transport (GO:0015031),31/313,0.9999942570001246,0.9999963846351302,0,0,0.3998880618834006,2.2965636841732904e-06,RAB3C;RAMP2;RAMP3;LRP1;STXBP1;STX19;PRF1;LTBP2;VLDLR;SNX31;CLU;STX11;ARL5C;CD36;APOB;RAB6B;RILP;SEC31B;SPTBN1;WLS;GPIHBP1;NGFR;ARRDC3;COPZ2;LRP1B;STX1B;ARL4A;TXNIP;PPARG;OPTN;VAMP2
GO_Biological_Process_2023,Gene Expression (GO:0010467),13/296,0.999994364457986,0.9999963846351302,0,0,0.1663860865413547,9.376784234040132e-07,RBPMS;DDX25;TESC;CELF2;ABCC6;ADARB2;GSPT2;EXOSC7;PRPH2;NOVA1;NLRP3;RBMS2;ADAD2
GO_Biological_Process_2023,DNA Repair (GO:0006281),5/291,0.9999943914125756,0.9999963846351302,0,0,0.0631924853418648,3.544215725066401e-07,BTG2;FOXE1;EYA1;USP44;NOP53
GO_Biological_Process_2023,DNA Metabolic Process (GO:0006259),7/288,0.9999944077614517,0.9999963846351302,0,0,0.0901150310648063,5.039461596009314e-07,BTG2;NT5E;FOXE1;AXIN2;DNASE1L3;NOP53;RAG1
GO_Biological_Process_2023,Ribosomal Large Subunit Biogenesis (GO:0042273),1/54,0.9999945060339384,0.9999963846351302,0,0,0.0691647357387178,3.799897546296834e-07,NOP53
GO_Biological_Process_2023,Chromatin Organization (GO:0006325),14/268,0.999994520738779,0.9999963846351302,0,0,0.200065031758407,1.096211573402336e-06,TCF7L1;NPM2;SATB1;KDM4E;NAP1L3;NAP1L2;KAT2B;PER1;MYC;SOX15;H1-9P;DPF3;PADI4;EZH1
GO_Biological_Process_2023,Regulation Of Double-Strand Break Repair (GO:2000779),4/88,0.9999945745900114,0.9999963846351302,0,0,0.1743356518637417,9.458449527916276e-07,DPF3;TWIST1;FMN2;OOEP
GO_Biological_Process_2023,Cilium Assembly (GO:0060271),15/243,0.9999946729042078,0.9999963846351302,0,0,0.2392569078175372,1.2745478617002488e-06,TTC36;CEP126;GSN;DCDC2;CDC14C;CDC14B;RP1L1;EHD2;ABLIM1;ABLIM3;DZIP1L;CFAP58;NPHP3;JHY;RILP
GO_Biological_Process_2023,Translation (GO:0006412),1/234,0.9999947309590904,0.9999963846351302,0,0,0.0155520417639234,8.194456016647252e-08,GSPT2
GO_Biological_Process_2023,Sensory Perception Of Smell (GO:0007608),9/230,0.9999947573905322,0.9999963846351302,0,0,0.1479596651986676,7.756967749580849e-07,OR2A1;OR2C1;SLC24A4;OR2L13;OBP2B;OR1E1;OR2A42;DRD2;OR10A3
GO_Biological_Process_2023,Cilium Organization (GO:0044782),17/228,0.9999947683865008,0.9999963846351302,0,0,0.2934638551870641,1.5352934823230535e-06,ROPN1B;TTC36;CEP126;GSN;NEDD9;DCDC2;CDC14C;PKD2;CDC14B;EHD2;ABLIM1;ABLIM3;DZIP1L;CFAP58;NPHP3;RILP;ROPN1
GO_Biological_Process_2023,Chromatin Remodeling (GO:0006338),12/228,0.9999947707382452,0.9999963846351302,0,0,0.202053366687513,1.0565927054346557e-06,KAT2B;PER1;NPM2;MECOM;SATB1;KDM4E;MYC;H1-9P;PRDM16;DPF3;PADI4;EZH1
GO_Biological_Process_2023,Protein Polyubiquitination (GO:0000209),12/226,0.9999947842231898,0.9999963846351302,0,0,0.2039680173940488,1.0638544295685351e-06,PRKN;C10ORF90;RNF125;TRIM2;MYCBP2;RNF217;PELI2;BCL2;TRIM68;KLHL3;RNF186;SASH1
GO_Biological_Process_2023,Proteasomal Protein Catabolic Process (GO:0010498),8/220,0.999994825248259,0.9999963846351302,0,0,0.1371505366837014,7.097218148016768e-07,PRKN;TRIM9;TRIM2;USP44;ARRB1;AXIN2;SEL1L2;RNF186
GO_Biological_Process_2023,mRNA Processing (GO:0006397),4/214,0.9999948672374268,0.9999963846351302,0,0,0.0691724629926877,3.550467403380117e-07,NOVA1;NOVA2;SRSF5;PPARGC1A
GO_Biological_Process_2023,"mRNA Splicing, Via Spliceosome (GO:0000398)",3/211,0.9999948886340226,0.9999963846351302,0,0,0.0523726799762371,2.676966187220641e-07,NOVA1;NOVA2;SRSF5
GO_Biological_Process_2023,Regulation Of Translation (GO:0006417),16/202,0.9999948992673672,0.9999963846351302,0,0,0.3137563733656419,1.6003914539355455e-06,NIBAN1;ZNF540;PIWIL2;EPHA4;BTG2;DDX25;SHMT1;SAMD4A;PLD1;LARP6;RPS6KA3;CTIF;IL6;TRIM2;IGF2BP2;VIM
GO_Biological_Process_2023,Mitochondrion Organization (GO:0007005),12/162,0.9999949638013912,0.9999963846351302,0,0,0.2921951219512195,1.4715563722323936e-06,PRKN;MYH7B;PID1;ATCAY;CAV2;AIFM2;LRRK2;PYROXD2;MGARP;SPATA18;COX7A1;PPARGC1A
GO_Biological_Process_2023,Telomere Maintenance (GO:0000723),2/68,0.999994967011855,0.9999963846351302,0,0,0.1110165766225663,5.587465201262516e-07,TENM1;ZSCAN4
GO_Biological_Process_2023,DNA-templated Transcription (GO:0006351),14/199,0.9999949698964288,0.9999963846351302,0,0,0.275909039024947,1.3878545330613523e-06,NKX2-8;NFIX;THRB;KLF13;FOXE1;THRA;CEBPD;DTX1;PAX5;ZFP36L2;NR4A2;MAF;HOXD3;SOX5
GO_Biological_Process_2023,Golgi Vesicle Transport (GO:0048193),8/197,0.9999949919783664,0.9999963846351302,0,0,0.1540689169555149,7.715824012156307e-07,CCL13;KIF1C;COPZ2;SORCS1;PRKD1;PLPP3;RAB7B;RAB6B
GO_Biological_Process_2023,Transcription By RNA Polymerase II (GO:0006366),14/192,0.9999950066310792,0.9999963846351302,0,0,0.2868885737033307,1.432544064305744e-06,NKX2-8;THRB;KLF13;NFIX;FOXE1;THRA;CEBPD;DTX1;NR1H3;PAX5;MAF;PPARG;PPARGC1A;SOX5
GO_Biological_Process_2023,Modification-Dependent Protein Catabolic Process (GO:0019941),8/192,0.9999950304531228,0.9999963846351302,0,0,0.1583065074772829,7.867135646681694e-07,PRKN;RNF125;RNF128;UBQLNL;RNF217;ARRB1;KLHL3;RNF150
GO_Biological_Process_2023,Defense Response To Virus (GO:0051607),11/189,0.9999950533939724,0.9999963846351302,0,0,0.2252538957018849,1.1142450340797955e-06,NMB;IL6;USP44;IFNE;PRF1;BCL2;OPRK1;NLRP1;NMBR;RNASE1;TLR3
GO_Biological_Process_2023,Endosomal Transport (GO:0016197),13/180,0.9999950748997898,0.9999963846351302,0,0,0.2840778681904312,1.399115413737603e-06,ANXA8L1;TINAGL1;ITSN1;WIPF3;DENND2A;RASSF9;NSG1;DCLK1;EHD2;ALS2CL;ANXA8;RAB6B;RILP
GO_Biological_Process_2023,RNA Processing (GO:0006396),9/183,0.9999951017657952,0.9999963846351302,0,0,0.1884955108571798,9.232974199758608e-07,EXOSC7;RBPMS;NOVA1;CELF2;SRSF5;ADARB2;PPARGC1A;RBMS2;ADAD2
GO_Biological_Process_2023,Macromolecule Biosynthetic Process (GO:0009059),3/183,0.9999951018287816,0.9999963846351302,0,0,0.0606287541929947,2.969707461031768e-07,ALAS2;FUT9;GSPT2
GO_Biological_Process_2023,"RNA Splicing, Via Transesterification Reactions With Bulged Adenosine As Nucleophile (GO:0000377)",3/180,0.99999512629626,0.9999963846351302,0,0,0.0616682599055163,3.005535613475777e-07,NOVA1;NOVA2;SRSF5
GO_Biological_Process_2023,Regulation Of DNA Repair (GO:0006282),8/129,0.999995175001688,0.9999963846351302,0,0,0.24170649151479,1.1662362271320414e-06,KAT2B;EYA1;RADX;EYA4;DPF3;AXIN2;EGFR;FGF10
GO_Biological_Process_2023,Double-Strand Break Repair (GO:0006302),1/168,0.99999522781709,0.9999963846351302,0,0,0.0217908043561998,1.0398995227490005e-07,EYA1
GO_Biological_Process_2023,Peptide Biosynthetic Process (GO:0043043),4/158,0.9999953171892876,0.9999963846351302,0,0,0.0946665693856705,4.433066631991581e-07,DMD;GSPT2;PCSK5;GGTA1
GO_Biological_Process_2023,Nucleotide-Excision Repair (GO:0006289),1/56,0.9999953194397838,0.9999963846351302,0,0,0.0666411483253588,3.119186375901708e-07,USP44
GO_Biological_Process_2023,Ribosome Biogenesis (GO:0042254),2/155,0.9999953449334548,0.9999963846351302,0,0,0.0476234168601148,2.2169069058810478e-07,EXOSC7;NOP53
GO_Biological_Process_2023,protein-RNA Complex Assembly (GO:0022618),4/150,0.9999953922069992,0.9999963846351302,0,0,0.0999050843979272,4.603430092187109e-07,CELF2;CELF6;SRSF5;NOP53
GO_Biological_Process_2023,Defense Response To Symbiont (GO:0140546),8/148,0.9999954002426208,0.9999963846351302,0,0,0.208649082875887,9.597373658815784e-07,IL6;IFNE;PRF1;BCL2;OPRK1;NLRP1;RNASE1;TLR3
GO_Biological_Process_2023,Regulation Of DNA Metabolic Process (GO:0051052),7/124,0.999995432375287,0.9999963846351302,0,0,0.2187285398810346,9.990721658972675e-07,ACVRL1;KAT2B;RADX;MYC;JADE1;PDGFA;STOX1
GO_Biological_Process_2023,Detection Of Chemical Stimulus Involved In Sensory Perception (GO:0050907),6/141,0.9999954795121588,0.9999963846351302,0,0,0.1622586520947176,7.334899217852507e-07,OR2A1;OR2C1;SLC24A4;OR2L13;OR2A42;OR10A3
GO_Biological_Process_2023,Detection Of Chemical Stimulus Involved In Sensory Perception Of Smell (GO:0050911),6/139,0.9999954992015704,0.9999963846351302,0,0,0.1647197619341092,7.413721142246625e-07,OR2A1;OR2C1;SLC24A4;OR2L13;OR2A42;OR10A3
GO_Biological_Process_2023,Regulation Of Transcription Initiation By RNA Polymerase II (GO:0060260),1/57,0.9999955942066954,0.9999963846351302,0,0,0.0654469507101086,2.883463724447261e-07,HEY2
GO_Biological_Process_2023,"Retrograde Transport, Endosome To Golgi (GO:0042147)",4/94,0.9999955988160828,0.9999963846351302,0,0,0.1626508531002913,7.158578940784119e-07,WIPF3;DENND2A;RAB7B;RAB6B
GO_Biological_Process_2023,Cytosolic Transport (GO:0016482),4/127,0.9999956282218332,0.9999963846351302,0,0,0.1187616089644042,5.192005440416488e-07,WIPF3;DENND2A;RAB6B;RILP
GO_Biological_Process_2023,Vesicle-Mediated Transport To The Plasma Membrane (GO:0098876),3/83,0.9999956384899537,0.9999963846351302,0,0,0.137292300491458,5.98803053738513e-07,EHD2;WIPF3;STEAP2
GO_Biological_Process_2023,Regulation Of Cilium Assembly (GO:1902017),2/71,0.9999956518152128,0.9999963846351302,0,0,0.1061694234773114,4.616452756930678e-07,YAP1;DCDC2
GO_Biological_Process_2023,Regulation Of Double-Strand Break Repair Via Homologous Recombination (GO:0010569),2/71,0.9999956518152128,0.9999963846351302,0,0,0.1061694234773114,4.616452756930678e-07,RADX;OOEP
GO_Biological_Process_2023,Protein Localization To Nucleus (GO:0034504),4/122,0.9999956836304594,0.9999963846351302,0,0,0.1238335555132355,5.345125406953477e-07,BMP4;PINX1;MSX1;NOP53
GO_Biological_Process_2023,Positive Regulation Of Double-Strand Break Repair (GO:2000781),3/84,0.9999957340088302,0.9999963846351302,0,0,0.1355886661292699,5.784212861980206e-07,DPF3;FMN2;OOEP
GO_Biological_Process_2023,Protein Modification By Small Protein Removal (GO:0070646),4/114,0.9999957724729556,0.9999963846351302,0,0,0.1329077289751447,5.618722063074394e-07,PRKN;USP44;USP2;OTUD7A
GO_Biological_Process_2023,Protein Deubiquitination (GO:0016579),4/112,0.9999957934433836,0.9999963846351302,0,0,0.1353863226522402,5.695114291607553e-07,PRKN;USP44;USP2;OTUD7A
GO_Biological_Process_2023,Mitotic Cell Cycle Phase Transition (GO:0044772),4/111,0.9999958035170636,0.9999963846351302,0,0,0.1366603661311211,5.734940978620154e-07,EPS8;CCND2;MYC;NES
GO_Biological_Process_2023,Mitotic Sister Chromatid Segregation (GO:0000070),4/111,0.9999958035170636,0.9999963846351302,0,0,0.1366603661311211,5.734940978620154e-07,ARHGEF10;PINX1;KIF25;ANKRD53
GO_Biological_Process_2023,rRNA Processing (GO:0006364),2/101,0.999995943032327,0.9999963846351302,0,0,0.0738550691756119,2.99628235926099e-07,EXOSC7;NOP53
GO_Biological_Process_2023,ncRNA Processing (GO:0034470),2/100,0.9999959562995944,0.9999963846351302,0,0,0.0746134672867743,3.0171511794800266e-07,EXOSC7;NOP53
GO_Biological_Process_2023,Aerobic Respiration (GO:0009060),1/59,0.999995967761436,0.9999963846351302,0,0,0.0631820931639443,2.547657862442568e-07,ME3
GO_Biological_Process_2023,Microtubule Cytoskeleton Organization Involved In Mitosis (GO:1902850),1/59,0.999995967761436,0.9999963846351302,0,0,0.0631820931639443,2.547657862442568e-07,CEP126
GO_Biological_Process_2023,Protein Targeting To Mitochondrion (GO:0006626),1/59,0.999995967761436,0.9999963846351302,0,0,0.0631820931639443,2.547657862442568e-07,MGARP
GO_Biological_Process_2023,Regulation Of Type I Interferon Production (GO:0032479),1/59,0.999995967761436,0.9999963846351302,0,0,0.0631820931639443,2.547657862442568e-07,RNF125
GO_Biological_Process_2023,RNA Splicing (GO:0008380),2/98,0.999995982909357,0.9999963846351302,0,0,0.0761776633910466,3.060131934567693e-07,NOVA1;PPARGC1A
GO_Biological_Process_2023,rRNA Metabolic Process (GO:0016072),3/91,0.9999959856287584,0.9999963846351302,0,0,0.1247473565517094,5.007832057779603e-07,EXOSC7;CAVIN1;NOP53
GO_Biological_Process_2023,Histone Acetylation (GO:0016573),1/60,0.9999960907320724,0.9999963846351302,0,0,0.0621072455149172,2.427943375438832e-07,KAT2B
GO_Biological_Process_2023,Proteolysis Involved In Protein Catabolic Process (GO:0051603),2/78,0.9999961333127876,0.9999963846351302,0,0,0.0963475605250843,3.725466005016771e-07,PRKN;OTUD7A
GO_Biological_Process_2023,Mitotic Spindle Organization (GO:0007052),2/85,0.9999961430863068,0.9999963846351302,0,0,0.0881823973479317,3.401125517233264e-07,CEP126;ARHGEF10
GO_Biological_Process_2023,Histone Modification (GO:0016570),2/81,0.999996160101113,0.9999963846351302,0,0,0.0926710223133103,3.5584803864596493e-07,KAT2B;JADE1
GO_Biological_Process_2023,Establishment Of Protein Localization To Organelle (GO:0072594),1/85,0.9999961722818737,0.9999963846351302,0,0,0.043553327763854,1.6671018120930865e-07,ZDHHC15
GO_Biological_Process_2023,RNA Methylation (GO:0001510),1/62,0.9999962517295248,0.9999963846351302,0,0,0.0600632729364394,2.251338145244201e-07,TRMT9B
GO_Biological_Process_2023,mRNA Export From Nucleus (GO:0006406),1/62,0.9999962517295248,0.9999963846351302,0,0,0.0600632729364394,2.251338145244201e-07,DDX25
GO_Biological_Process_2023,Telomere Organization (GO:0032200),1/63,0.99999630151124,0.9999963846351302,0,0,0.0590907375966798,2.185468329633274e-07,EZH1
GO_Biological_Process_2023,Transcription Initiation At RNA Polymerase II Promoter (GO:0006367),1/76,0.9999963080330224,0.9999963846351302,0,0,0.0488077972709551,1.801971084193669e-07,PPARGC1A
GO_Biological_Process_2023,Import Into Nucleus (GO:0051170),1/74,0.9999963353701946,0.9999963846351302,0,0,0.0501514059120403,1.8378667364268406e-07,BACH2
GO_Biological_Process_2023,RNA Export From Nucleus (GO:0006405),1/65,0.9999963602447824,0.9999963846351302,0,0,0.0572368421052631,2.083284738279061e-07,DDX25
GO_Biological_Process_2023,Mitochondrial ATP Synthesis Coupled Electron Transport (GO:0042775),1/70,0.999996377164478,0.9999963846351302,0,0,0.0530722942622256,1.9227254118036002e-07,COX4I2
GO_Biological_Process_2023,tRNA Modification (GO:0006400),1/67,0.9999963824710733,0.9999963846351302,0,0,0.0554953039163565,2.0075623033699281e-07,TRMT9B
GO_Biological_Process_2023,Aerobic Electron Transport Chain (GO:0019646),1/68,0.9999963846351302,0.9999963846351302,0,0,0.0546635244828489,1.976289433260613e-07,COX4I2
